gene_symbol,ensembl_id,tier,metabolic_category_memberships,pathway_memberships,OXPHOS_member,respiratory_submodule_membership,source_databases,evidence_levels
A4GALT,ENSG00000128274,Tier 1,sphingolipid,KEGG_GLYCOSPHINGOLIPID_BIOSYNTHESIS_GLOBO_SERIES;REACTOME_GLYCOSPHINGOLIPID_BIOSYNTHESIS;REACTOME_GLYCOSPHINGOLIPID_METABOLISM;REACTOME_SPHINGOLIPID_METABOLISM,No,NA,KEGG;Reactome,standard_curated
AADAT,ENSG00000109576,Tier 1,tryptophan,KEGG_TRYPTOPHAN_METABOLISM;REACTOME_TRYPTOPHAN_CATABOLISM,No,NA,KEGG;Reactome,standard_curated
AANAT,ENSG00000129673,Tier 1,tryptophan,KEGG_TRYPTOPHAN_METABOLISM,No,NA,KEGG,standard_curated
ABAT,ENSG00000183044,Tier 1,BCAA;glutamine/glutamate,KEGG_ALANINE_ASPARTATE_AND_GLUTAMATE_METABOLISM;KEGG_VALINE_LEUCINE_AND_ISOLEUCINE_DEGRADATION,No,NA,KEGG,standard_curated
ABCA1,ENSG00000165029,Tier 2,cholesterol/isoprenoid,REACTOME_NR1H3_NR1H2_REGULATE_GENE_EXPRESSION_LINKED_TO_CHOLESTEROL_TRANSPORT_AND_EFFLUX,No,NA,Reactome,standard_curated
ABCA2,ENSG00000107331,Tier 2,cholesterol/isoprenoid,HALLMARK_CHOLESTEROL_HOMEOSTASIS,No,NA,MSigDB,hallmark_curated
ABCB11,ENSG00000073734,Tier 1,cholesterol/isoprenoid,REACTOME_SYNTHESIS_OF_BILE_ACIDS_AND_BILE_SALTS_VIA_7ALPHA_HYDROXYCHOLESTEROL,No,NA,Reactome,standard_curated
ABCB6,ENSG00000115657,Tier 2,glycolysis,HALLMARK_GLYCOLYSIS,No,NA,MSigDB,hallmark_curated
ABCB7,ENSG00000131269,Tier 1;Tier 2,OXPHOS;iron,HALLMARK_OXIDATIVE_PHOSPHORYLATION;REACTOME_CYTOSOLIC_IRON_SULFUR_CLUSTER_ASSEMBLY,Yes,FeS_biogenesis,MSigDB;Reactome,hallmark_curated;standard_curated
ABCC1,ENSG00000103222,Tier 1,sphingolipid;vitamin B12,REACTOME_COBALAMIN_CBL_VITAMIN_B12_TRANSPORT_AND_METABOLISM;REACTOME_SPHINGOLIPID_DE_NOVO_BIOSYNTHESIS;REACTOME_SPHINGOLIPID_METABOLISM,No,NA,Reactome,standard_curated
ABCD1,ENSG00000101986,Tier 1,fatty-acid oxidation,REACTOME_BETA_OXIDATION_OF_VERY_LONG_CHAIN_FATTY_ACIDS,No,NA,Reactome,standard_curated
ABCD4,ENSG00000119688,Tier 1,vitamin B12,REACTOME_COBALAMIN_CBL_VITAMIN_B12_TRANSPORT_AND_METABOLISM;REACTOME_DEFECTS_IN_COBALAMIN_B12_METABOLISM;REACTOME_UPTAKE_OF_DIETARY_COBALAMINS_INTO_ENTEROCYTES,No,NA,Reactome,standard_curated
ABCG1,ENSG00000160179,Tier 2,cholesterol/isoprenoid,REACTOME_NR1H3_NR1H2_REGULATE_GENE_EXPRESSION_LINKED_TO_CHOLESTEROL_TRANSPORT_AND_EFFLUX,No,NA,Reactome,standard_curated
ABCG2,ENSG00000118777,Tier 1,iron;sphingolipid,REACTOME_IRON_UPTAKE_AND_TRANSPORT;REACTOME_SPHINGOLIPID_DE_NOVO_BIOSYNTHESIS;REACTOME_SPHINGOLIPID_METABOLISM,No,NA,Reactome,standard_curated
ABCG5,ENSG00000138075,Tier 2,cholesterol/isoprenoid,REACTOME_NR1H3_NR1H2_REGULATE_GENE_EXPRESSION_LINKED_TO_CHOLESTEROL_TRANSPORT_AND_EFFLUX,No,NA,Reactome,standard_curated
ABCG8,ENSG00000143921,Tier 2,cholesterol/isoprenoid,REACTOME_NR1H3_NR1H2_REGULATE_GENE_EXPRESSION_LINKED_TO_CHOLESTEROL_TRANSPORT_AND_EFFLUX,No,NA,Reactome,standard_curated
ACAA1,ENSG00000060971,Tier 1;Tier 2,BCAA;OXPHOS;fatty-acid oxidation,HALLMARK_OXIDATIVE_PHOSPHORYLATION;KEGG_MEDICUS_REFERENCE_BETA_OXIDATION_PEROXISOME_VLCFA;KEGG_VALINE_LEUCINE_AND_ISOLEUCINE_DEGRADATION;REACTOME_BETA_OXIDATION_OF_VERY_LONG_CHAIN_FATTY_ACIDS,Yes,NA,KEGG;MSigDB;Reactome,hallmark_curated;standard_curated
ACACA,ENSG00000278540,Tier 2,cholesterol/isoprenoid,REACTOME_REGULATION_OF_CHOLESTEROL_BIOSYNTHESIS_BY_SREBP_SREBF,No,NA,Reactome,standard_curated
ACACB,ENSG00000076555,Tier 2,cholesterol/isoprenoid,REACTOME_REGULATION_OF_CHOLESTEROL_BIOSYNTHESIS_BY_SREBP_SREBF,No,NA,Reactome,standard_curated
ACAD10,ENSG00000111271,Tier 1,fatty-acid oxidation,REACTOME_MITOCHONDRIAL_FATTY_ACID_BETA_OXIDATION,No,NA,Reactome,standard_curated
ACAD11,ENSG00000240303,Tier 1,fatty-acid oxidation,REACTOME_MITOCHONDRIAL_FATTY_ACID_BETA_OXIDATION,No,NA,Reactome,standard_curated
ACAD8,ENSG00000151498,Tier 1,BCAA,KEGG_VALINE_LEUCINE_AND_ISOLEUCINE_DEGRADATION;REACTOME_BRANCHED_CHAIN_AMINO_ACID_CATABOLISM,No,NA,KEGG;Reactome,standard_curated
ACAD9,ENSG00000177646,Tier 1,OXPHOS,REACTOME_AEROBIC_RESPIRATION_AND_RESPIRATORY_ELECTRON_TRANSPORT;REACTOME_RESPIRATORY_ELECTRON_TRANSPORT,Yes,CI_assembly,Reactome,standard_curated
ACADL,ENSG00000115361,Tier 1,fatty-acid oxidation,KEGG_MEDICUS_REFERENCE_BETA_OXIDATION;REACTOME_BETA_OXIDATION_OF_LAUROYL_COA_TO_DECANOYL_COA_COA;REACTOME_MITOCHONDRIAL_FATTY_ACID_BETA_OXIDATION;REACTOME_MITOCHONDRIAL_FATTY_ACID_BETA_OXIDATION_OF_SATURATED_FATTY_ACIDS;REACTOME_MITOCHONDRIAL_FATTY_ACID_BETA_OXIDATION_OF_UNSATURATED_FATTY_ACIDS,No,NA,KEGG;Reactome,standard_curated
ACADM,ENSG00000117054,Tier 1;Tier 2,BCAA;OXPHOS;fatty-acid oxidation,HALLMARK_OXIDATIVE_PHOSPHORYLATION;KEGG_MEDICUS_REFERENCE_BETA_OXIDATION;KEGG_VALINE_LEUCINE_AND_ISOLEUCINE_DEGRADATION;REACTOME_BETA_OXIDATION_OF_DECANOYL_COA_TO_OCTANOYL_COA_COA;REACTOME_BETA_OXIDATION_OF_OCTANOYL_COA_TO_HEXANOYL_COA;REACTOME_MITOCHONDRIAL_FATTY_ACID_BETA_OXIDATION;REACTOME_MITOCHONDRIAL_FATTY_ACID_BETA_OXIDATION_OF_SATURATED_FATTY_ACIDS;REACTOME_MITOCHONDRIAL_FATTY_ACID_BETA_OXIDATION_OF_UNSATURATED_FATTY_ACIDS,Yes,NA,KEGG;MSigDB;Reactome,hallmark_curated;standard_curated
ACADS,ENSG00000122971,Tier 1,BCAA;fatty-acid oxidation,KEGG_MEDICUS_REFERENCE_BETA_OXIDATION;KEGG_VALINE_LEUCINE_AND_ISOLEUCINE_DEGRADATION;REACTOME_BETA_OXIDATION_OF_BUTANOYL_COA_TO_ACETYL_COA;REACTOME_BETA_OXIDATION_OF_HEXANOYL_COA_TO_BUTANOYL_COA;REACTOME_MITOCHONDRIAL_FATTY_ACID_BETA_OXIDATION;REACTOME_MITOCHONDRIAL_FATTY_ACID_BETA_OXIDATION_OF_SATURATED_FATTY_ACIDS,No,NA,KEGG;Reactome,standard_curated
ACADSB,ENSG00000196177,Tier 1;Tier 2,BCAA;OXPHOS;fatty-acid oxidation,HALLMARK_OXIDATIVE_PHOSPHORYLATION;KEGG_MEDICUS_REFERENCE_BETA_OXIDATION;KEGG_VALINE_LEUCINE_AND_ISOLEUCINE_DEGRADATION;REACTOME_BRANCHED_CHAIN_AMINO_ACID_CATABOLISM,Yes,NA,KEGG;MSigDB;Reactome,hallmark_curated;standard_curated
ACADVL,ENSG00000072778,Tier 1;Tier 2,OXPHOS;fatty-acid oxidation,HALLMARK_OXIDATIVE_PHOSPHORYLATION;KEGG_MEDICUS_REFERENCE_BETA_OXIDATION;REACTOME_MITOCHONDRIAL_FATTY_ACID_BETA_OXIDATION;REACTOME_MITOCHONDRIAL_FATTY_ACID_BETA_OXIDATION_OF_SATURATED_FATTY_ACIDS,Yes,NA,KEGG;MSigDB;Reactome,hallmark_curated;standard_curated
ACAT1,ENSG00000075239,Tier 1;Tier 2,BCAA;OXPHOS;TCA;cholesterol/isoprenoid;fatty-acid oxidation;tryptophan,HALLMARK_OXIDATIVE_PHOSPHORYLATION;KEGG_MEDICUS_REFERENCE_BETA_OXIDATION;KEGG_MEDICUS_REFERENCE_MEVALONATE_PATHWAY;KEGG_TERPENOID_BACKBONE_BIOSYNTHESIS;KEGG_TRYPTOPHAN_METABOLISM;KEGG_VALINE_LEUCINE_AND_ISOLEUCINE_DEGRADATION;REACTOME_AEROBIC_RESPIRATION_AND_RESPIRATORY_ELECTRON_TRANSPORT;REACTOME_BRANCHED_CHAIN_AMINO_ACID_CATABOLISM;REACTOME_CITRIC_ACID_CYCLE_TCA_CYCLE;REACTOME_DISEASES_OF_BRANCHED_CHAIN_AMINO_ACID_CATABOLISM;REACTOME_MATURATION_OF_TCA_ENZYMES_AND_REGULATION_OF_TCA_CYCLE,Yes,TCA_respiratory,KEGG;MSigDB;Reactome,hallmark_curated;standard_curated
ACAT2,ENSG00000120437,Tier 1;Tier 2,BCAA;cholesterol/isoprenoid;tryptophan,HALLMARK_CHOLESTEROL_HOMEOSTASIS;KEGG_MEDICUS_REFERENCE_MEVALONATE_PATHWAY;KEGG_TERPENOID_BACKBONE_BIOSYNTHESIS;KEGG_TRYPTOPHAN_METABOLISM;KEGG_VALINE_LEUCINE_AND_ISOLEUCINE_DEGRADATION;REACTOME_CHOLESTEROL_BIOSYNTHESIS,No,NA,KEGG;MSigDB;Reactome,hallmark_curated;standard_curated
ACBD6,ENSG00000230124,Tier 1,fatty-acid oxidation,REACTOME_MITOCHONDRIAL_FATTY_ACID_BETA_OXIDATION,No,NA,Reactome,standard_curated
ACBD7,ENSG00000176244,Tier 1,fatty-acid oxidation,REACTOME_MITOCHONDRIAL_FATTY_ACID_BETA_OXIDATION,No,NA,Reactome,standard_curated
ACER1,ENSG00000167769,Tier 1,sphingolipid,KEGG_SPHINGOLIPID_METABOLISM;REACTOME_SPHINGOLIPID_CATABOLISM;REACTOME_SPHINGOLIPID_METABOLISM,No,NA,KEGG;Reactome,standard_curated
ACER2,ENSG00000177076,Tier 1,sphingolipid,KEGG_SPHINGOLIPID_METABOLISM;REACTOME_SPHINGOLIPID_CATABOLISM;REACTOME_SPHINGOLIPID_METABOLISM,No,NA,KEGG;Reactome,standard_curated
ACER3,ENSG00000078124,Tier 1,sphingolipid,KEGG_SPHINGOLIPID_METABOLISM;REACTOME_SPHINGOLIPID_CATABOLISM;REACTOME_SPHINGOLIPID_METABOLISM,No,NA,KEGG;Reactome,standard_curated
ACLY,ENSG00000131473,Tier 1,TCA,KEGG_CITRATE_CYCLE_TCA_CYCLE,No,NA,KEGG,standard_curated
ACMSD,ENSG00000153086,Tier 1,tryptophan,KEGG_TRYPTOPHAN_METABOLISM;REACTOME_TRYPTOPHAN_CATABOLISM,No,NA,KEGG;Reactome,standard_curated
ACO1,ENSG00000122729,Tier 1,TCA;iron,KEGG_CITRATE_CYCLE_TCA_CYCLE;REACTOME_IRON_UPTAKE_AND_TRANSPORT,No,NA,KEGG;Reactome,standard_curated
ACO2,ENSG00000100412,Tier 1;Tier 2,OXPHOS;TCA,HALLMARK_OXIDATIVE_PHOSPHORYLATION;KEGG_CITRATE_CYCLE_TCA_CYCLE;REACTOME_AEROBIC_RESPIRATION_AND_RESPIRATORY_ELECTRON_TRANSPORT;REACTOME_CITRIC_ACID_CYCLE_TCA_CYCLE;REACTOME_MATURATION_OF_TCA_ENZYMES_AND_REGULATION_OF_TCA_CYCLE,Yes,TCA_respiratory,KEGG;MSigDB;Reactome,hallmark_curated;standard_curated
ACOT11,ENSG00000162390,Tier 1,fatty-acid oxidation,REACTOME_MITOCHONDRIAL_FATTY_ACID_BETA_OXIDATION,No,NA,Reactome,standard_curated
ACOT12,ENSG00000172497,Tier 1,fatty-acid oxidation,REACTOME_MITOCHONDRIAL_FATTY_ACID_BETA_OXIDATION,No,NA,Reactome,standard_curated
ACOT13,ENSG00000112304,Tier 1,fatty-acid oxidation,REACTOME_MITOCHONDRIAL_FATTY_ACID_BETA_OXIDATION,No,NA,Reactome,standard_curated
ACOT4,ENSG00000177465,Tier 1,fatty-acid oxidation,REACTOME_BETA_OXIDATION_OF_VERY_LONG_CHAIN_FATTY_ACIDS,No,NA,Reactome,standard_curated
ACOT7,ENSG00000097021,Tier 1,fatty-acid oxidation,REACTOME_MITOCHONDRIAL_FATTY_ACID_BETA_OXIDATION,No,NA,Reactome,standard_curated
ACOT8,ENSG00000101473,Tier 1,cholesterol/isoprenoid;fatty-acid oxidation,REACTOME_BETA_OXIDATION_OF_PRISTANOYL_COA;REACTOME_BETA_OXIDATION_OF_VERY_LONG_CHAIN_FATTY_ACIDS;REACTOME_SYNTHESIS_OF_BILE_ACIDS_AND_BILE_SALTS_VIA_7ALPHA_HYDROXYCHOLESTEROL,No,NA,Reactome,standard_curated
ACOT9,ENSG00000123130,Tier 1,fatty-acid oxidation,REACTOME_MITOCHONDRIAL_FATTY_ACID_BETA_OXIDATION,No,NA,Reactome,standard_curated
ACOX1,ENSG00000161533,Tier 1,fatty-acid oxidation,KEGG_MEDICUS_REFERENCE_BETA_OXIDATION_PEROXISOME_VLCFA;REACTOME_BETA_OXIDATION_OF_VERY_LONG_CHAIN_FATTY_ACIDS,No,NA,KEGG;Reactome,standard_curated
ACOX2,ENSG00000168306,Tier 1,cholesterol/isoprenoid;fatty-acid oxidation,REACTOME_BETA_OXIDATION_OF_PRISTANOYL_COA;REACTOME_SYNTHESIS_OF_BILE_ACIDS_AND_BILE_SALTS_VIA_7ALPHA_HYDROXYCHOLESTEROL,No,NA,Reactome,standard_curated
ACOX3,ENSG00000087008,Tier 1,fatty-acid oxidation,KEGG_MEDICUS_REFERENCE_BETA_OXIDATION_PEROXISOME_VLCFA;REACTOME_BETA_OXIDATION_OF_PRISTANOYL_COA,No,NA,KEGG;Reactome,standard_curated
ACOXL,ENSG00000153093,Tier 1,fatty-acid oxidation,REACTOME_BETA_OXIDATION_OF_PRISTANOYL_COA,No,NA,Reactome,standard_curated
ACP1,ENSG00000143727,Tier 1,riboflavin,KEGG_RIBOFLAVIN_METABOLISM,No,NA,KEGG,standard_curated
ACP2,ENSG00000134575,Tier 1,riboflavin,KEGG_RIBOFLAVIN_METABOLISM,No,NA,KEGG,standard_curated
ACP3,ENSG00000014257,Tier 1,riboflavin,KEGG_RIBOFLAVIN_METABOLISM,No,NA,KEGG,standard_curated
ACP4,ENSG00000142513,Tier 1,riboflavin,KEGG_RIBOFLAVIN_METABOLISM,No,NA,KEGG,standard_curated
ACP5,ENSG00000102575,Tier 1,riboflavin,KEGG_RIBOFLAVIN_METABOLISM;REACTOME_VITAMIN_B2_RIBOFLAVIN_METABOLISM,No,NA,KEGG;Reactome,standard_curated
ACP6,ENSG00000162836,Tier 1,riboflavin,KEGG_RIBOFLAVIN_METABOLISM,No,NA,KEGG,standard_curated
ACSBG1,ENSG00000103740,Tier 1,fatty-acid oxidation,KEGG_MEDICUS_REFERENCE_BETA_OXIDATION_ACYL_COA_SYNTHESIS,No,NA,KEGG,standard_curated
ACSBG2,ENSG00000130377,Tier 1,fatty-acid oxidation,KEGG_MEDICUS_REFERENCE_BETA_OXIDATION_ACYL_COA_SYNTHESIS,No,NA,KEGG,standard_curated
ACSF2,ENSG00000167107,Tier 1,fatty-acid oxidation,REACTOME_MITOCHONDRIAL_FATTY_ACID_BETA_OXIDATION,No,NA,Reactome,standard_curated
ACSL1,ENSG00000151726,Tier 1,fatty-acid oxidation,KEGG_MEDICUS_REFERENCE_BETA_OXIDATION_ACYL_COA_SYNTHESIS,No,NA,KEGG,standard_curated
ACSL3,ENSG00000123983,Tier 1,fatty-acid oxidation,KEGG_MEDICUS_REFERENCE_BETA_OXIDATION_ACYL_COA_SYNTHESIS,No,NA,KEGG,standard_curated
ACSL4,ENSG00000068366,Tier 1,fatty-acid oxidation,KEGG_MEDICUS_REFERENCE_BETA_OXIDATION_ACYL_COA_SYNTHESIS,No,NA,KEGG,standard_curated
ACSL5,ENSG00000197142,Tier 1,fatty-acid oxidation,KEGG_MEDICUS_REFERENCE_BETA_OXIDATION_ACYL_COA_SYNTHESIS,No,NA,KEGG,standard_curated
ACSL6,ENSG00000164398,Tier 1,fatty-acid oxidation,KEGG_MEDICUS_REFERENCE_BETA_OXIDATION_ACYL_COA_SYNTHESIS,No,NA,KEGG,standard_curated
ACSM1,ENSG00000166743,Tier 1,serine/glycine/one-carbon,REACTOME_CONJUGATION_OF_BENZOATE_WITH_GLYCINE,No,NA,Reactome,standard_curated
ACSM3,ENSG00000005187,Tier 1,fatty-acid oxidation,REACTOME_BETA_OXIDATION_OF_BUTANOYL_COA_TO_ACETYL_COA;REACTOME_MITOCHONDRIAL_FATTY_ACID_BETA_OXIDATION;REACTOME_MITOCHONDRIAL_FATTY_ACID_BETA_OXIDATION_OF_SATURATED_FATTY_ACIDS,No,NA,Reactome,standard_curated
ACSM6,ENSG00000173124,Tier 1,fatty-acid oxidation,REACTOME_BETA_OXIDATION_OF_BUTANOYL_COA_TO_ACETYL_COA;REACTOME_MITOCHONDRIAL_FATTY_ACID_BETA_OXIDATION;REACTOME_MITOCHONDRIAL_FATTY_ACID_BETA_OXIDATION_OF_SATURATED_FATTY_ACIDS,No,NA,Reactome,standard_curated
ACSS1,ENSG00000154930,Tier 1,glycolysis,KEGG_GLYCOLYSIS_GLUCONEOGENESIS,No,NA,KEGG,standard_curated
ACSS2,ENSG00000131069,Tier 1;Tier 2,cholesterol/isoprenoid;glycolysis,HALLMARK_CHOLESTEROL_HOMEOSTASIS;KEGG_GLYCOLYSIS_GLUCONEOGENESIS,No,NA,KEGG;MSigDB,hallmark_curated;standard_curated
ACTG1,ENSG00000184009,Tier 2,cholesterol/isoprenoid,HALLMARK_CHOLESTEROL_HOMEOSTASIS,No,NA,MSigDB,hallmark_curated
ACTL6A,ENSG00000136518,Tier 2,arginine,REACTOME_RMTS_METHYLATE_HISTONE_ARGININES,No,NA,Reactome,standard_curated
ACTL6B,ENSG00000077080,Tier 2,arginine,REACTOME_RMTS_METHYLATE_HISTONE_ARGININES,No,NA,Reactome,standard_curated
ACTN2,ENSG00000077522,Tier 1,glutamine/glutamate,REACTOME_UNBLOCKING_OF_NMDA_RECEPTORS_GLUTAMATE_BINDING_AND_ACTIVATION,No,NA,Reactome,standard_curated
ACY1,ENSG00000243989,Tier 1,arginine,KEGG_ARGININE_AND_PROLINE_METABOLISM,No,NA,KEGG,standard_curated
ACY3,ENSG00000132744,Tier 1,glutamine/glutamate,KEGG_ALANINE_ASPARTATE_AND_GLUTAMATE_METABOLISM,No,NA,KEGG,standard_curated
ADH1A,ENSG00000187758,Tier 1,glycolysis,KEGG_GLYCOLYSIS_GLUCONEOGENESIS,No,NA,KEGG,standard_curated
ADH4,ENSG00000198099,Tier 1;Tier 2,cholesterol/isoprenoid;glycolysis,HALLMARK_CHOLESTEROL_HOMEOSTASIS;KEGG_GLYCOLYSIS_GLUCONEOGENESIS,No,NA,KEGG;MSigDB,hallmark_curated;standard_curated
ADH6,ENSG00000172955,Tier 1,glycolysis,KEGG_GLYCOLYSIS_GLUCONEOGENESIS,No,NA,KEGG,standard_curated
ADH7,ENSG00000196344,Tier 1,glycolysis,KEGG_GLYCOLYSIS_GLUCONEOGENESIS,No,NA,KEGG,standard_curated
ADHFE1,ENSG00000147576,Tier 1,OXPHOS,REACTOME_AEROBIC_RESPIRATION_AND_RESPIRATORY_ELECTRON_TRANSPORT,Yes,NA,Reactome,standard_curated
ADI1,ENSG00000182551,Tier 1,methionine,KEGG_CYSTEINE_AND_METHIONINE_METABOLISM;REACTOME_METHIONINE_SALVAGE_PATHWAY,No,NA,KEGG;Reactome,standard_curated
ADORA2B,ENSG00000170425,Tier 2,glycolysis,HALLMARK_GLYCOLYSIS,No,NA,MSigDB,hallmark_curated
ADSL,ENSG00000239900,Tier 1,glutamine/glutamate,KEGG_ALANINE_ASPARTATE_AND_GLUTAMATE_METABOLISM,No,NA,KEGG,standard_curated
ADSS1,ENSG00000185100,Tier 1,glutamine/glutamate,KEGG_ALANINE_ASPARTATE_AND_GLUTAMATE_METABOLISM,No,NA,KEGG,standard_curated
AFG3L2,ENSG00000141385,Tier 2,OXPHOS,HALLMARK_OXIDATIVE_PHOSPHORYLATION,Yes,mito_proteostasis,MSigDB,hallmark_curated
AFMID,ENSG00000183077,Tier 1,NAD;tryptophan,KEGG_MEDICUS_REFERENCE_NAD_BIOSYNTHESIS;KEGG_TRYPTOPHAN_METABOLISM;REACTOME_TRYPTOPHAN_CATABOLISM,No,NA,KEGG;Reactome,standard_curated
AGL,ENSG00000162688,Tier 2,glycolysis,HALLMARK_GLYCOLYSIS,No,NA,MSigDB,hallmark_curated
AGMAT,ENSG00000116771,Tier 1,arginine,KEGG_ARGININE_AND_PROLINE_METABOLISM,No,NA,KEGG,standard_curated
AGO1,ENSG00000092847,Tier 2,cholesterol/isoprenoid,REACTOME_NR1H3_NR1H2_REGULATE_GENE_EXPRESSION_LINKED_TO_CHOLESTEROL_TRANSPORT_AND_EFFLUX,No,NA,Reactome,standard_curated
AGO2,ENSG00000123908,Tier 2,cholesterol/isoprenoid,REACTOME_NR1H3_NR1H2_REGULATE_GENE_EXPRESSION_LINKED_TO_CHOLESTEROL_TRANSPORT_AND_EFFLUX,No,NA,Reactome,standard_curated
AGO3,ENSG00000126070,Tier 2,cholesterol/isoprenoid,REACTOME_NR1H3_NR1H2_REGULATE_GENE_EXPRESSION_LINKED_TO_CHOLESTEROL_TRANSPORT_AND_EFFLUX,No,NA,Reactome,standard_curated
AGO4,ENSG00000134698,Tier 2,cholesterol/isoprenoid,REACTOME_NR1H3_NR1H2_REGULATE_GENE_EXPRESSION_LINKED_TO_CHOLESTEROL_TRANSPORT_AND_EFFLUX,No,NA,Reactome,standard_curated
AGRN,ENSG00000188157,Tier 2,glycolysis,HALLMARK_GLYCOLYSIS,No,NA,MSigDB,hallmark_curated
AGXT,ENSG00000172482,Tier 1,glutamine/glutamate;serine/glycine/one-carbon,KEGG_ALANINE_ASPARTATE_AND_GLUTAMATE_METABOLISM;KEGG_GLYCINE_SERINE_AND_THREONINE_METABOLISM;REACTOME_GLYOXYLATE_METABOLISM_AND_GLYCINE_DEGRADATION,No,NA,KEGG;Reactome,standard_curated
AGXT2,ENSG00000113492,Tier 1,glutamine/glutamate;serine/glycine/one-carbon,KEGG_ALANINE_ASPARTATE_AND_GLUTAMATE_METABOLISM;KEGG_GLYCINE_SERINE_AND_THREONINE_METABOLISM;REACTOME_GLYOXYLATE_METABOLISM_AND_GLYCINE_DEGRADATION,No,NA,KEGG;Reactome,standard_curated
AHCY,ENSG00000101444,Tier 1,methionine,KEGG_CYSTEINE_AND_METHIONINE_METABOLISM;KEGG_MEDICUS_REFERENCE_METHIONINE_DEGRADATION,No,NA,KEGG,standard_curated
AHCYL1,ENSG00000168710,Tier 1,methionine,KEGG_CYSTEINE_AND_METHIONINE_METABOLISM;KEGG_MEDICUS_REFERENCE_METHIONINE_DEGRADATION,No,NA,KEGG,standard_curated
AHCYL2,ENSG00000158467,Tier 1,methionine,KEGG_CYSTEINE_AND_METHIONINE_METABOLISM;KEGG_MEDICUS_REFERENCE_METHIONINE_DEGRADATION,No,NA,KEGG,standard_curated
AHR,ENSG00000106546,Tier 1,cholesterol/isoprenoid,REACTOME_ENDOGENOUS_STEROLS,No,NA,Reactome,standard_curated
AIFM1,ENSG00000156709,Tier 2,OXPHOS,HALLMARK_OXIDATIVE_PHOSPHORYLATION,Yes,NA,MSigDB,hallmark_curated
AKR1A1,ENSG00000117448,Tier 1;Tier 2,glycolysis,HALLMARK_GLYCOLYSIS;KEGG_GLYCOLYSIS_GLUCONEOGENESIS,No,NA,KEGG;MSigDB,hallmark_curated;standard_curated
AKR1C1,ENSG00000187134,Tier 1,cholesterol/isoprenoid,REACTOME_SYNTHESIS_OF_BILE_ACIDS_AND_BILE_SALTS_VIA_24_HYDROXYCHOLESTEROL;REACTOME_SYNTHESIS_OF_BILE_ACIDS_AND_BILE_SALTS_VIA_27_HYDROXYCHOLESTEROL;REACTOME_SYNTHESIS_OF_BILE_ACIDS_AND_BILE_SALTS_VIA_7ALPHA_HYDROXYCHOLESTEROL,No,NA,Reactome,standard_curated
AKR1C2,ENSG00000151632,Tier 1,cholesterol/isoprenoid,REACTOME_SYNTHESIS_OF_BILE_ACIDS_AND_BILE_SALTS_VIA_24_HYDROXYCHOLESTEROL;REACTOME_SYNTHESIS_OF_BILE_ACIDS_AND_BILE_SALTS_VIA_27_HYDROXYCHOLESTEROL;REACTOME_SYNTHESIS_OF_BILE_ACIDS_AND_BILE_SALTS_VIA_7ALPHA_HYDROXYCHOLESTEROL,No,NA,Reactome,standard_curated
AKR1C3,ENSG00000196139,Tier 1,cholesterol/isoprenoid,REACTOME_SYNTHESIS_OF_BILE_ACIDS_AND_BILE_SALTS_VIA_24_HYDROXYCHOLESTEROL;REACTOME_SYNTHESIS_OF_BILE_ACIDS_AND_BILE_SALTS_VIA_27_HYDROXYCHOLESTEROL;REACTOME_SYNTHESIS_OF_BILE_ACIDS_AND_BILE_SALTS_VIA_7ALPHA_HYDROXYCHOLESTEROL,No,NA,Reactome,standard_curated
AKR1C4,ENSG00000198610,Tier 1,cholesterol/isoprenoid,REACTOME_SYNTHESIS_OF_BILE_ACIDS_AND_BILE_SALTS_VIA_24_HYDROXYCHOLESTEROL;REACTOME_SYNTHESIS_OF_BILE_ACIDS_AND_BILE_SALTS_VIA_27_HYDROXYCHOLESTEROL;REACTOME_SYNTHESIS_OF_BILE_ACIDS_AND_BILE_SALTS_VIA_7ALPHA_HYDROXYCHOLESTEROL,No,NA,Reactome,standard_curated
AKR1D1,ENSG00000122787,Tier 1,cholesterol/isoprenoid,REACTOME_SYNTHESIS_OF_BILE_ACIDS_AND_BILE_SALTS_VIA_24_HYDROXYCHOLESTEROL;REACTOME_SYNTHESIS_OF_BILE_ACIDS_AND_BILE_SALTS_VIA_27_HYDROXYCHOLESTEROL;REACTOME_SYNTHESIS_OF_BILE_ACIDS_AND_BILE_SALTS_VIA_7ALPHA_HYDROXYCHOLESTEROL,No,NA,Reactome,standard_curated
ALAS1,ENSG00000023330,Tier 1;Tier 2,OXPHOS;serine/glycine/one-carbon,HALLMARK_OXIDATIVE_PHOSPHORYLATION;KEGG_GLYCINE_SERINE_AND_THREONINE_METABOLISM,Yes,NA,KEGG;MSigDB,hallmark_curated;standard_curated
ALAS2,ENSG00000158578,Tier 1,serine/glycine/one-carbon,KEGG_GLYCINE_SERINE_AND_THREONINE_METABOLISM,No,NA,KEGG,standard_curated
ALCAM,ENSG00000170017,Tier 2,cholesterol/isoprenoid,HALLMARK_CHOLESTEROL_HOMEOSTASIS,No,NA,MSigDB,hallmark_curated
ALDH18A1,ENSG00000059573,Tier 1,arginine;glutamine/glutamate,KEGG_ARGININE_AND_PROLINE_METABOLISM;REACTOME_GLUTAMATE_AND_GLUTAMINE_METABOLISM,No,NA,KEGG;Reactome,standard_curated
ALDH1A3,ENSG00000184254,Tier 1,glycolysis,KEGG_GLYCOLYSIS_GLUCONEOGENESIS,No,NA,KEGG,standard_curated
ALDH1B1,ENSG00000137124,Tier 1,BCAA;arginine;glycolysis;tryptophan,KEGG_ARGININE_AND_PROLINE_METABOLISM;KEGG_GLYCOLYSIS_GLUCONEOGENESIS;KEGG_TRYPTOPHAN_METABOLISM;KEGG_VALINE_LEUCINE_AND_ISOLEUCINE_DEGRADATION,No,NA,KEGG,standard_curated
ALDH1L1,ENSG00000144908,Tier 1,folate;serine/glycine/one-carbon,KEGG_ONE_CARBON_POOL_BY_FOLATE;REACTOME_METABOLISM_OF_FOLATE_AND_PTERINES,No,NA,KEGG;Reactome,standard_curated
ALDH1L2,ENSG00000136010,Tier 1,folate,REACTOME_METABOLISM_OF_FOLATE_AND_PTERINES,No,NA,Reactome,standard_curated
ALDH2,ENSG00000111275,Tier 1,BCAA;arginine;glycolysis;tryptophan,KEGG_ARGININE_AND_PROLINE_METABOLISM;KEGG_GLYCOLYSIS_GLUCONEOGENESIS;KEGG_TRYPTOPHAN_METABOLISM;KEGG_VALINE_LEUCINE_AND_ISOLEUCINE_DEGRADATION,No,NA,KEGG,standard_curated
ALDH3A1,ENSG00000108602,Tier 1,glycolysis,KEGG_GLYCOLYSIS_GLUCONEOGENESIS,No,NA,KEGG,standard_curated
ALDH3A2,ENSG00000072210,Tier 1,BCAA;arginine;glycolysis;sphingolipid;tryptophan,KEGG_ARGININE_AND_PROLINE_METABOLISM;KEGG_GLYCOLYSIS_GLUCONEOGENESIS;KEGG_TRYPTOPHAN_METABOLISM;KEGG_VALINE_LEUCINE_AND_ISOLEUCINE_DEGRADATION;REACTOME_SPHINGOLIPID_CATABOLISM;REACTOME_SPHINGOLIPID_METABOLISM,No,NA,KEGG;Reactome,standard_curated
ALDH3B2,ENSG00000132746,Tier 1,glycolysis;sphingolipid,KEGG_GLYCOLYSIS_GLUCONEOGENESIS;REACTOME_SPHINGOLIPID_CATABOLISM;REACTOME_SPHINGOLIPID_METABOLISM,No,NA,KEGG;Reactome,standard_curated
ALDH4A1,ENSG00000159423,Tier 1,arginine;glutamine/glutamate;serine/glycine/one-carbon,KEGG_ALANINE_ASPARTATE_AND_GLUTAMATE_METABOLISM;KEGG_ARGININE_AND_PROLINE_METABOLISM;REACTOME_GLYOXYLATE_METABOLISM_AND_GLYCINE_DEGRADATION,No,NA,KEGG;Reactome,standard_curated
ALDH5A1,ENSG00000112294,Tier 1,glutamine/glutamate,KEGG_ALANINE_ASPARTATE_AND_GLUTAMATE_METABOLISM,No,NA,KEGG,standard_curated
ALDH6A1,ENSG00000119711,Tier 1;Tier 2,BCAA;OXPHOS,HALLMARK_OXIDATIVE_PHOSPHORYLATION;KEGG_VALINE_LEUCINE_AND_ISOLEUCINE_DEGRADATION;REACTOME_BRANCHED_CHAIN_AMINO_ACID_CATABOLISM,Yes,NA,KEGG;MSigDB;Reactome,hallmark_curated;standard_curated
ALDH7A1,ENSG00000164904,Tier 1;Tier 2,BCAA;arginine;glycolysis;tryptophan,HALLMARK_GLYCOLYSIS;KEGG_ARGININE_AND_PROLINE_METABOLISM;KEGG_GLYCOLYSIS_GLUCONEOGENESIS;KEGG_TRYPTOPHAN_METABOLISM;KEGG_VALINE_LEUCINE_AND_ISOLEUCINE_DEGRADATION,No,NA,KEGG;MSigDB,hallmark_curated;standard_curated
ALDH9A1,ENSG00000143149,Tier 1;Tier 2,BCAA;arginine;glycolysis;tryptophan,HALLMARK_GLYCOLYSIS;KEGG_ARGININE_AND_PROLINE_METABOLISM;KEGG_GLYCOLYSIS_GLUCONEOGENESIS;KEGG_TRYPTOPHAN_METABOLISM;KEGG_VALINE_LEUCINE_AND_ISOLEUCINE_DEGRADATION,No,NA,KEGG;MSigDB,hallmark_curated;standard_curated
ALDOA,ENSG00000149925,Tier 1;Tier 2,PPP;glycolysis,HALLMARK_GLYCOLYSIS;KEGG_GLYCOLYSIS_GLUCONEOGENESIS;KEGG_MEDICUS_REFERENCE_GLYCOLYSIS;KEGG_PENTOSE_PHOSPHATE_PATHWAY;REACTOME_GLUCONEOGENESIS,No,NA,KEGG;MSigDB;Reactome,hallmark_curated;standard_curated
ALDOB,ENSG00000136872,Tier 1;Tier 2,PPP;glycolysis,HALLMARK_GLYCOLYSIS;KEGG_GLYCOLYSIS_GLUCONEOGENESIS;KEGG_MEDICUS_REFERENCE_GLYCOLYSIS;KEGG_PENTOSE_PHOSPHATE_PATHWAY;REACTOME_GLUCONEOGENESIS,No,NA,KEGG;MSigDB;Reactome,hallmark_curated;standard_curated
ALDOC,ENSG00000109107,Tier 1;Tier 2,PPP;cholesterol/isoprenoid;glycolysis,HALLMARK_CHOLESTEROL_HOMEOSTASIS;KEGG_GLYCOLYSIS_GLUCONEOGENESIS;KEGG_MEDICUS_REFERENCE_GLYCOLYSIS;KEGG_PENTOSE_PHOSPHATE_PATHWAY;REACTOME_GLUCONEOGENESIS,No,NA,KEGG;MSigDB;Reactome,hallmark_curated;standard_curated
ALG1,ENSG00000033011,Tier 2,glycolysis,HALLMARK_GLYCOLYSIS,No,NA,MSigDB,hallmark_curated
ALPI,ENSG00000163295,Tier 1,folate,KEGG_FOLATE_BIOSYNTHESIS,No,NA,KEGG,standard_curated
ALPL,ENSG00000162551,Tier 1,folate,KEGG_FOLATE_BIOSYNTHESIS,No,NA,KEGG,standard_curated
ALPP,ENSG00000163283,Tier 1,folate,KEGG_FOLATE_BIOSYNTHESIS,No,NA,KEGG,standard_curated
AMACR,ENSG00000242110,Tier 1,cholesterol/isoprenoid;fatty-acid oxidation,REACTOME_BETA_OXIDATION_OF_PRISTANOYL_COA;REACTOME_SYNTHESIS_OF_BILE_ACIDS_AND_BILE_SALTS_VIA_24_HYDROXYCHOLESTEROL;REACTOME_SYNTHESIS_OF_BILE_ACIDS_AND_BILE_SALTS_VIA_7ALPHA_HYDROXYCHOLESTEROL,No,NA,Reactome,standard_curated
AMN,ENSG00000166126,Tier 1,vitamin B12,REACTOME_COBALAMIN_CBL_VITAMIN_B12_TRANSPORT_AND_METABOLISM;REACTOME_DEFECTS_IN_COBALAMIN_B12_METABOLISM;REACTOME_UPTAKE_OF_DIETARY_COBALAMINS_INTO_ENTEROCYTES,No,NA,Reactome,standard_curated
AMT,ENSG00000145020,Tier 1,folate;serine/glycine/one-carbon,KEGG_GLYCINE_SERINE_AND_THREONINE_METABOLISM;KEGG_ONE_CARBON_POOL_BY_FOLATE;REACTOME_GLYCINE_DEGRADATION;REACTOME_GLYOXYLATE_METABOLISM_AND_GLYCINE_DEGRADATION,No,NA,KEGG;Reactome,standard_curated
ANG,ENSG00000214274,Tier 2,glycolysis,HALLMARK_GLYCOLYSIS,No,NA,MSigDB,hallmark_curated
ANGPTL3,ENSG00000132855,Tier 2,fatty-acid synthesis,REACTOME_NR1H2_NR1H3_REGULATE_GENE_EXPRESSION_LINKED_TO_LIPOGENESIS,No,NA,Reactome,standard_curated
ANGPTL4,ENSG00000167772,Tier 2,glycolysis,HALLMARK_GLYCOLYSIS,No,NA,MSigDB,hallmark_curated
ANTXR2,ENSG00000163297,Tier 2,cholesterol/isoprenoid,HALLMARK_CHOLESTEROL_HOMEOSTASIS,No,NA,MSigDB,hallmark_curated
ANXA13,ENSG00000104537,Tier 2,cholesterol/isoprenoid,HALLMARK_CHOLESTEROL_HOMEOSTASIS,No,NA,MSigDB,hallmark_curated
ANXA5,ENSG00000164111,Tier 2,cholesterol/isoprenoid,HALLMARK_CHOLESTEROL_HOMEOSTASIS,No,NA,MSigDB,hallmark_curated
AOC1,ENSG00000002726,Tier 1,arginine;tryptophan,KEGG_ARGININE_AND_PROLINE_METABOLISM;KEGG_TRYPTOPHAN_METABOLISM,No,NA,KEGG,standard_curated
AOC2,ENSG00000131480,Tier 1,serine/glycine/one-carbon,KEGG_GLYCINE_SERINE_AND_THREONINE_METABOLISM,No,NA,KEGG,standard_curated
AOC3,ENSG00000131471,Tier 1,serine/glycine/one-carbon,KEGG_GLYCINE_SERINE_AND_THREONINE_METABOLISM,No,NA,KEGG,standard_curated
AOX1,ENSG00000138356,Tier 1,BCAA;NAD;tryptophan,KEGG_NICOTINATE_AND_NICOTINAMIDE_METABOLISM;KEGG_TRYPTOPHAN_METABOLISM;KEGG_VALINE_LEUCINE_AND_ISOLEUCINE_DEGRADATION,No,NA,KEGG,standard_curated
APIP,ENSG00000149089,Tier 1,methionine,KEGG_CYSTEINE_AND_METHIONINE_METABOLISM;REACTOME_METHIONINE_SALVAGE_PATHWAY,No,NA,KEGG;Reactome,standard_curated
APOC1,ENSG00000130208,Tier 2,cholesterol/isoprenoid,REACTOME_NR1H3_NR1H2_REGULATE_GENE_EXPRESSION_LINKED_TO_CHOLESTEROL_TRANSPORT_AND_EFFLUX,No,NA,Reactome,standard_curated
APOC2,ENSG00000234906,Tier 2,cholesterol/isoprenoid,REACTOME_NR1H3_NR1H2_REGULATE_GENE_EXPRESSION_LINKED_TO_CHOLESTEROL_TRANSPORT_AND_EFFLUX,No,NA,Reactome,standard_curated
APOC4,ENSG00000267467,Tier 2,cholesterol/isoprenoid,REACTOME_NR1H3_NR1H2_REGULATE_GENE_EXPRESSION_LINKED_TO_CHOLESTEROL_TRANSPORT_AND_EFFLUX,No,NA,Reactome,standard_curated
APOD,ENSG00000189058,Tier 2,cholesterol/isoprenoid,REACTOME_NR1H3_NR1H2_REGULATE_GENE_EXPRESSION_LINKED_TO_CHOLESTEROL_TRANSPORT_AND_EFFLUX,No,NA,Reactome,standard_curated
APOE,ENSG00000130203,Tier 2,cholesterol/isoprenoid,REACTOME_NR1H3_NR1H2_REGULATE_GENE_EXPRESSION_LINKED_TO_CHOLESTEROL_TRANSPORT_AND_EFFLUX,No,NA,Reactome,standard_curated
ARF1,ENSG00000143761,Tier 1,sphingolipid,REACTOME_GLYCOSPHINGOLIPID_TRANSPORT,No,NA,Reactome,standard_curated
ARG1,ENSG00000118520,Tier 1,arginine,KEGG_ARGININE_AND_PROLINE_METABOLISM;KEGG_MEDICUS_REFERENCE_UREA_CYCLE;REACTOME_UREA_CYCLE,No,NA,KEGG;Reactome,standard_curated
ARG2,ENSG00000081181,Tier 1,arginine,KEGG_ARGININE_AND_PROLINE_METABOLISM;KEGG_MEDICUS_REFERENCE_UREA_CYCLE;REACTOME_UREA_CYCLE,No,NA,KEGG;Reactome,standard_curated
ARID1A,ENSG00000117713,Tier 2,arginine,REACTOME_RMTS_METHYLATE_HISTONE_ARGININES,No,NA,Reactome,standard_curated
ARID1B,ENSG00000049618,Tier 2,arginine,REACTOME_RMTS_METHYLATE_HISTONE_ARGININES,No,NA,Reactome,standard_curated
ARID2,ENSG00000189079,Tier 2,arginine,REACTOME_RMTS_METHYLATE_HISTONE_ARGININES,No,NA,Reactome,standard_curated
ARL4C,ENSG00000188042,Tier 2,cholesterol/isoprenoid,REACTOME_NR1H3_NR1H2_REGULATE_GENE_EXPRESSION_LINKED_TO_CHOLESTEROL_TRANSPORT_AND_EFFLUX,No,NA,Reactome,standard_curated
ARL6IP5,ENSG00000144746,Tier 1,glutamine/glutamate,REACTOME_GLUTAMATE_NEUROTRANSMITTER_RELEASE_CYCLE,No,NA,Reactome,standard_curated
ARMC8,ENSG00000114098,Tier 1,OXPHOS,REACTOME_AEROBIC_RESPIRATION_AND_RESPIRATORY_ELECTRON_TRANSPORT,Yes,NA,Reactome,standard_curated
ARNT,ENSG00000143437,Tier 1,cholesterol/isoprenoid,REACTOME_ENDOGENOUS_STEROLS,No,NA,Reactome,standard_curated
ARNT2,ENSG00000172379,Tier 1,cholesterol/isoprenoid,REACTOME_ENDOGENOUS_STEROLS,No,NA,Reactome,standard_curated
ARSA,ENSG00000100299,Tier 1,sphingolipid,KEGG_SPHINGOLIPID_METABOLISM;REACTOME_GLYCOSPHINGOLIPID_CATABOLISM;REACTOME_GLYCOSPHINGOLIPID_METABOLISM;REACTOME_SPHINGOLIPID_METABOLISM,No,NA,KEGG;Reactome,standard_curated
ARSB,ENSG00000113273,Tier 1,sphingolipid,REACTOME_GLYCOSPHINGOLIPID_CATABOLISM;REACTOME_GLYCOSPHINGOLIPID_METABOLISM;REACTOME_SPHINGOLIPID_METABOLISM,No,NA,Reactome,standard_curated
ARSF,ENSG00000062096,Tier 1,sphingolipid,REACTOME_GLYCOSPHINGOLIPID_CATABOLISM;REACTOME_GLYCOSPHINGOLIPID_METABOLISM;REACTOME_SPHINGOLIPID_METABOLISM,No,NA,Reactome,standard_curated
ARSG,ENSG00000141337,Tier 1,sphingolipid,REACTOME_GLYCOSPHINGOLIPID_CATABOLISM;REACTOME_GLYCOSPHINGOLIPID_METABOLISM;REACTOME_SPHINGOLIPID_METABOLISM,No,NA,Reactome,standard_curated
ARSH,ENSG00000205667,Tier 1,sphingolipid,REACTOME_GLYCOSPHINGOLIPID_CATABOLISM;REACTOME_GLYCOSPHINGOLIPID_METABOLISM;REACTOME_SPHINGOLIPID_METABOLISM,No,NA,Reactome,standard_curated
ARSI,ENSG00000183876,Tier 1,sphingolipid,REACTOME_GLYCOSPHINGOLIPID_CATABOLISM;REACTOME_GLYCOSPHINGOLIPID_METABOLISM;REACTOME_SPHINGOLIPID_METABOLISM,No,NA,Reactome,standard_curated
ARSJ,ENSG00000180801,Tier 1,sphingolipid,REACTOME_GLYCOSPHINGOLIPID_CATABOLISM;REACTOME_GLYCOSPHINGOLIPID_METABOLISM;REACTOME_SPHINGOLIPID_METABOLISM,No,NA,Reactome,standard_curated
ARSK,ENSG00000164291,Tier 1,sphingolipid,REACTOME_GLYCOSPHINGOLIPID_CATABOLISM;REACTOME_GLYCOSPHINGOLIPID_METABOLISM;REACTOME_SPHINGOLIPID_METABOLISM,No,NA,Reactome,standard_curated
ARSL,ENSG00000157399,Tier 1,sphingolipid,REACTOME_GLYCOSPHINGOLIPID_CATABOLISM;REACTOME_GLYCOSPHINGOLIPID_METABOLISM;REACTOME_SPHINGOLIPID_METABOLISM,No,NA,Reactome,standard_curated
ARTN,ENSG00000117407,Tier 2,glycolysis,HALLMARK_GLYCOLYSIS,No,NA,MSigDB,hallmark_curated
ARV1,ENSG00000173409,Tier 1,cholesterol/isoprenoid,REACTOME_CHOLESTEROL_BIOSYNTHESIS,No,NA,Reactome,standard_curated
ASAH1,ENSG00000104763,Tier 1,sphingolipid,KEGG_SPHINGOLIPID_METABOLISM;REACTOME_GLYCOSPHINGOLIPID_CATABOLISM;REACTOME_GLYCOSPHINGOLIPID_METABOLISM;REACTOME_SPHINGOLIPID_METABOLISM,No,NA,KEGG;Reactome,standard_curated
ASAH2,ENSG00000188611,Tier 1,sphingolipid,KEGG_SPHINGOLIPID_METABOLISM;REACTOME_GLYCOSPHINGOLIPID_CATABOLISM;REACTOME_GLYCOSPHINGOLIPID_METABOLISM;REACTOME_SPHINGOLIPID_METABOLISM,No,NA,KEGG;Reactome,standard_curated
ASL,ENSG00000126522,Tier 1,arginine;glutamine/glutamate,KEGG_ALANINE_ASPARTATE_AND_GLUTAMATE_METABOLISM;KEGG_ARGININE_AND_PROLINE_METABOLISM;KEGG_MEDICUS_REFERENCE_UREA_CYCLE;REACTOME_UREA_CYCLE,No,NA,KEGG;Reactome,standard_curated
ASMT,ENSG00000196433,Tier 1,tryptophan,KEGG_TRYPTOPHAN_METABOLISM,No,NA,KEGG,standard_curated
ASPA,ENSG00000108381,Tier 1,glutamine/glutamate,KEGG_ALANINE_ASPARTATE_AND_GLUTAMATE_METABOLISM,No,NA,KEGG,standard_curated
ASS1,ENSG00000130707,Tier 1,arginine;glutamine/glutamate,KEGG_ALANINE_ASPARTATE_AND_GLUTAMATE_METABOLISM;KEGG_ARGININE_AND_PROLINE_METABOLISM;KEGG_MEDICUS_REFERENCE_UREA_CYCLE;REACTOME_UREA_CYCLE,No,NA,KEGG;Reactome,standard_curated
ATF3,ENSG00000162772,Tier 2,cholesterol/isoprenoid,HALLMARK_CHOLESTEROL_HOMEOSTASIS,No,NA,MSigDB,hallmark_curated
ATF5,ENSG00000169136,Tier 2,cholesterol/isoprenoid,HALLMARK_CHOLESTEROL_HOMEOSTASIS,No,NA,MSigDB,hallmark_curated
ATIC,ENSG00000138363,Tier 1,folate;serine/glycine/one-carbon,KEGG_ONE_CARBON_POOL_BY_FOLATE,No,NA,KEGG,standard_curated
ATP12A,ENSG00000075673,Tier 1,OXPHOS,KEGG_OXIDATIVE_PHOSPHORYLATION,Yes,NA,KEGG,standard_curated
ATP4A,ENSG00000105675,Tier 1,OXPHOS,KEGG_OXIDATIVE_PHOSPHORYLATION,Yes,NA,KEGG,standard_curated
ATP4B,ENSG00000186009,Tier 1,OXPHOS,KEGG_OXIDATIVE_PHOSPHORYLATION,Yes,NA,KEGG,standard_curated
ATP5F1A,ENSG00000152234,Tier 1;Tier 2,OXPHOS,HALLMARK_OXIDATIVE_PHOSPHORYLATION;KEGG_OXIDATIVE_PHOSPHORYLATION;REACTOME_AEROBIC_RESPIRATION_AND_RESPIRATORY_ELECTRON_TRANSPORT,Yes,CV_structural,KEGG;MSigDB;Reactome,hallmark_curated;standard_curated
ATP5F1B,ENSG00000110955,Tier 1;Tier 2,OXPHOS,HALLMARK_OXIDATIVE_PHOSPHORYLATION;KEGG_OXIDATIVE_PHOSPHORYLATION;REACTOME_AEROBIC_RESPIRATION_AND_RESPIRATORY_ELECTRON_TRANSPORT,Yes,CV_structural,KEGG;MSigDB;Reactome,hallmark_curated;standard_curated
ATP5F1C,ENSG00000165629,Tier 1;Tier 2,OXPHOS,HALLMARK_OXIDATIVE_PHOSPHORYLATION;KEGG_OXIDATIVE_PHOSPHORYLATION;REACTOME_AEROBIC_RESPIRATION_AND_RESPIRATORY_ELECTRON_TRANSPORT,Yes,CV_structural,KEGG;MSigDB;Reactome,hallmark_curated;standard_curated
ATP5F1D,ENSG00000099624,Tier 1;Tier 2,OXPHOS,HALLMARK_OXIDATIVE_PHOSPHORYLATION;KEGG_OXIDATIVE_PHOSPHORYLATION;REACTOME_AEROBIC_RESPIRATION_AND_RESPIRATORY_ELECTRON_TRANSPORT,Yes,CV_structural,KEGG;MSigDB;Reactome,hallmark_curated;standard_curated
ATP5MC3,ENSG00000154518,Tier 1;Tier 2,OXPHOS,HALLMARK_OXIDATIVE_PHOSPHORYLATION;KEGG_OXIDATIVE_PHOSPHORYLATION;REACTOME_AEROBIC_RESPIRATION_AND_RESPIRATORY_ELECTRON_TRANSPORT,Yes,CV_structural,KEGG;MSigDB;Reactome,hallmark_curated;standard_curated
ATP5ME,ENSG00000169020,Tier 1;Tier 2,OXPHOS,HALLMARK_OXIDATIVE_PHOSPHORYLATION;KEGG_OXIDATIVE_PHOSPHORYLATION;REACTOME_AEROBIC_RESPIRATION_AND_RESPIRATORY_ELECTRON_TRANSPORT,Yes,CV_structural,KEGG;MSigDB;Reactome,hallmark_curated;standard_curated
ATP5MJ,ENSG00000156411,Tier 1,OXPHOS,REACTOME_AEROBIC_RESPIRATION_AND_RESPIRATORY_ELECTRON_TRANSPORT,Yes,CV_structural,Reactome,standard_curated
ATP5MK,ENSG00000173915,Tier 1,OXPHOS,REACTOME_AEROBIC_RESPIRATION_AND_RESPIRATORY_ELECTRON_TRANSPORT,Yes,CV_structural,Reactome,standard_curated
ATP5PF,ENSG00000154723,Tier 1;Tier 2,OXPHOS,HALLMARK_OXIDATIVE_PHOSPHORYLATION;KEGG_OXIDATIVE_PHOSPHORYLATION;REACTOME_AEROBIC_RESPIRATION_AND_RESPIRATORY_ELECTRON_TRANSPORT,Yes,CV_structural,KEGG;MSigDB;Reactome,hallmark_curated;standard_curated
ATP5PO,ENSG00000241837,Tier 1;Tier 2,OXPHOS,HALLMARK_OXIDATIVE_PHOSPHORYLATION;KEGG_OXIDATIVE_PHOSPHORYLATION;REACTOME_AEROBIC_RESPIRATION_AND_RESPIRATORY_ELECTRON_TRANSPORT,Yes,CV_structural,KEGG;MSigDB;Reactome,hallmark_curated;standard_curated
ATP6AP1,ENSG00000071553,Tier 1;Tier 2,OXPHOS;iron,HALLMARK_OXIDATIVE_PHOSPHORYLATION;KEGG_OXIDATIVE_PHOSPHORYLATION;REACTOME_IRON_UPTAKE_AND_TRANSPORT,Yes,NA,KEGG;MSigDB;Reactome,hallmark_curated;standard_curated
ATP6V0A1,ENSG00000033627,Tier 1,OXPHOS;iron,KEGG_OXIDATIVE_PHOSPHORYLATION;REACTOME_IRON_UPTAKE_AND_TRANSPORT,Yes,NA,KEGG;Reactome,standard_curated
ATP6V0A2,ENSG00000185344,Tier 1,OXPHOS;iron,KEGG_OXIDATIVE_PHOSPHORYLATION;REACTOME_IRON_UPTAKE_AND_TRANSPORT,Yes,NA,KEGG;Reactome,standard_curated
ATP6V0A4,ENSG00000105929,Tier 1,OXPHOS;iron,KEGG_OXIDATIVE_PHOSPHORYLATION;REACTOME_IRON_UPTAKE_AND_TRANSPORT,Yes,NA,KEGG;Reactome,standard_curated
ATP6V0B,ENSG00000117410,Tier 1;Tier 2,OXPHOS;iron,HALLMARK_OXIDATIVE_PHOSPHORYLATION;KEGG_OXIDATIVE_PHOSPHORYLATION;REACTOME_IRON_UPTAKE_AND_TRANSPORT,Yes,NA,KEGG;MSigDB;Reactome,hallmark_curated;standard_curated
ATP6V0C,ENSG00000185883,Tier 1;Tier 2,OXPHOS;iron,HALLMARK_OXIDATIVE_PHOSPHORYLATION;KEGG_OXIDATIVE_PHOSPHORYLATION;REACTOME_IRON_UPTAKE_AND_TRANSPORT,Yes,NA,KEGG;MSigDB;Reactome,hallmark_curated;standard_curated
ATP6V0D1,ENSG00000159720,Tier 1,OXPHOS;iron,KEGG_OXIDATIVE_PHOSPHORYLATION;REACTOME_IRON_UPTAKE_AND_TRANSPORT,Yes,NA,KEGG;Reactome,standard_curated
ATP6V0D2,ENSG00000147614,Tier 1,OXPHOS;iron,KEGG_OXIDATIVE_PHOSPHORYLATION;REACTOME_IRON_UPTAKE_AND_TRANSPORT,Yes,NA,KEGG;Reactome,standard_curated
ATP6V0E1,ENSG00000113732,Tier 1;Tier 2,OXPHOS;iron,HALLMARK_OXIDATIVE_PHOSPHORYLATION;KEGG_OXIDATIVE_PHOSPHORYLATION;REACTOME_IRON_UPTAKE_AND_TRANSPORT,Yes,NA,KEGG;MSigDB;Reactome,hallmark_curated;standard_curated
ATP6V0E2,ENSG00000171130,Tier 1,OXPHOS;iron,KEGG_OXIDATIVE_PHOSPHORYLATION;REACTOME_IRON_UPTAKE_AND_TRANSPORT,Yes,NA,KEGG;Reactome,standard_curated
ATP6V1A,ENSG00000114573,Tier 1,OXPHOS;iron,KEGG_OXIDATIVE_PHOSPHORYLATION;REACTOME_IRON_UPTAKE_AND_TRANSPORT,Yes,NA,KEGG;Reactome,standard_curated
ATP6V1B1,ENSG00000116039,Tier 1,OXPHOS;iron,KEGG_OXIDATIVE_PHOSPHORYLATION;REACTOME_IRON_UPTAKE_AND_TRANSPORT,Yes,NA,KEGG;Reactome,standard_curated
ATP6V1B2,ENSG00000147416,Tier 1,OXPHOS;iron,KEGG_OXIDATIVE_PHOSPHORYLATION;REACTOME_IRON_UPTAKE_AND_TRANSPORT,Yes,NA,KEGG;Reactome,standard_curated
ATP6V1C1,ENSG00000155097,Tier 1;Tier 2,OXPHOS;iron,HALLMARK_OXIDATIVE_PHOSPHORYLATION;KEGG_OXIDATIVE_PHOSPHORYLATION;REACTOME_IRON_UPTAKE_AND_TRANSPORT,Yes,NA,KEGG;MSigDB;Reactome,hallmark_curated;standard_curated
ATP6V1C2,ENSG00000143882,Tier 1,OXPHOS;iron,KEGG_OXIDATIVE_PHOSPHORYLATION;REACTOME_IRON_UPTAKE_AND_TRANSPORT,Yes,NA,KEGG;Reactome,standard_curated
ATP6V1D,ENSG00000100554,Tier 1;Tier 2,OXPHOS;iron,HALLMARK_OXIDATIVE_PHOSPHORYLATION;KEGG_OXIDATIVE_PHOSPHORYLATION;REACTOME_IRON_UPTAKE_AND_TRANSPORT,Yes,NA,KEGG;MSigDB;Reactome,hallmark_curated;standard_curated
ATP6V1E1,ENSG00000131100,Tier 1;Tier 2,OXPHOS;iron,HALLMARK_OXIDATIVE_PHOSPHORYLATION;KEGG_OXIDATIVE_PHOSPHORYLATION;REACTOME_IRON_UPTAKE_AND_TRANSPORT,Yes,NA,KEGG;MSigDB;Reactome,hallmark_curated;standard_curated
ATP6V1E2,ENSG00000250565,Tier 1,OXPHOS;iron,KEGG_OXIDATIVE_PHOSPHORYLATION;REACTOME_IRON_UPTAKE_AND_TRANSPORT,Yes,NA,KEGG;Reactome,standard_curated
ATP6V1G1,ENSG00000136888,Tier 1;Tier 2,OXPHOS;iron,HALLMARK_OXIDATIVE_PHOSPHORYLATION;KEGG_OXIDATIVE_PHOSPHORYLATION;REACTOME_IRON_UPTAKE_AND_TRANSPORT,Yes,NA,KEGG;MSigDB;Reactome,hallmark_curated;standard_curated
ATP6V1G2,ENSG00000213760,Tier 1,OXPHOS;iron,KEGG_OXIDATIVE_PHOSPHORYLATION;REACTOME_IRON_UPTAKE_AND_TRANSPORT,Yes,NA,KEGG;Reactome,standard_curated
ATP6V1G3,ENSG00000151418,Tier 1,OXPHOS;iron,KEGG_OXIDATIVE_PHOSPHORYLATION;REACTOME_IRON_UPTAKE_AND_TRANSPORT,Yes,NA,KEGG;Reactome,standard_curated
ATP6V1H,ENSG00000047249,Tier 1;Tier 2,OXPHOS;iron,HALLMARK_OXIDATIVE_PHOSPHORYLATION;KEGG_OXIDATIVE_PHOSPHORYLATION;REACTOME_IRON_UPTAKE_AND_TRANSPORT,Yes,NA,KEGG;MSigDB;Reactome,hallmark_curated;standard_curated
ATXN2,ENSG00000204842,Tier 2,cholesterol/isoprenoid,HALLMARK_CHOLESTEROL_HOMEOSTASIS,No,NA,MSigDB,hallmark_curated
AUH,ENSG00000148090,Tier 1;Tier 2,BCAA,KEGG_VALINE_LEUCINE_AND_ISOLEUCINE_DEGRADATION;REACTOME_BRANCHED_CHAIN_AMINO_ACID_CATABOLISM;REACTOME_DISEASES_OF_BRANCHED_CHAIN_AMINO_ACID_CATABOLISM,No,NA,KEGG;Reactome,standard_curated
AURKA,ENSG00000087586,Tier 2,glycolysis,HALLMARK_GLYCOLYSIS,No,NA,MSigDB,hallmark_curated
AVPR1A,ENSG00000166148,Tier 2,cholesterol/isoprenoid,HALLMARK_CHOLESTEROL_HOMEOSTASIS,No,NA,MSigDB,hallmark_curated
AZIN2,ENSG00000142920,Tier 1,arginine,KEGG_ARGININE_AND_PROLINE_METABOLISM,No,NA,KEGG,standard_curated
B3GALT1,ENSG00000172318,Tier 1,sphingolipid,KEGG_GLYCOSPHINGOLIPID_BIOSYNTHESIS_LACTO_AND_NEOLACTO_SERIES,No,NA,KEGG,standard_curated
B3GALT2,ENSG00000162630,Tier 1,sphingolipid,KEGG_GLYCOSPHINGOLIPID_BIOSYNTHESIS_LACTO_AND_NEOLACTO_SERIES,No,NA,KEGG,standard_curated
B3GALT4,ENSG00000235863,Tier 1,sphingolipid,KEGG_GLYCOSPHINGOLIPID_BIOSYNTHESIS_GANGLIO_SERIES;REACTOME_GLYCOSPHINGOLIPID_BIOSYNTHESIS;REACTOME_GLYCOSPHINGOLIPID_METABOLISM;REACTOME_SPHINGOLIPID_METABOLISM,No,NA,KEGG;Reactome,standard_curated
B3GALT5,ENSG00000183778,Tier 1,sphingolipid,KEGG_GLYCOSPHINGOLIPID_BIOSYNTHESIS_GLOBO_SERIES;KEGG_GLYCOSPHINGOLIPID_BIOSYNTHESIS_LACTO_AND_NEOLACTO_SERIES,No,NA,KEGG,standard_curated
B3GALT6,ENSG00000176022,Tier 2,glycolysis,HALLMARK_GLYCOLYSIS,No,NA,MSigDB,hallmark_curated
B3GAT1,ENSG00000109956,Tier 2,glycolysis,HALLMARK_GLYCOLYSIS,No,NA,MSigDB,hallmark_curated
B3GAT3,ENSG00000149541,Tier 2,glycolysis,HALLMARK_GLYCOLYSIS,No,NA,MSigDB,hallmark_curated
B3GNT2,ENSG00000170340,Tier 1,sphingolipid,KEGG_GLYCOSPHINGOLIPID_BIOSYNTHESIS_LACTO_AND_NEOLACTO_SERIES,No,NA,KEGG,standard_curated
B3GNT3,ENSG00000179913,Tier 1;Tier 2,glycolysis;sphingolipid,HALLMARK_GLYCOLYSIS;KEGG_GLYCOSPHINGOLIPID_BIOSYNTHESIS_LACTO_AND_NEOLACTO_SERIES,No,NA,KEGG;MSigDB,hallmark_curated;standard_curated
B3GNT4,ENSG00000176383,Tier 1,sphingolipid,KEGG_GLYCOSPHINGOLIPID_BIOSYNTHESIS_LACTO_AND_NEOLACTO_SERIES,No,NA,KEGG,standard_curated
B3GNT5,ENSG00000176597,Tier 1,sphingolipid,KEGG_GLYCOSPHINGOLIPID_BIOSYNTHESIS_LACTO_AND_NEOLACTO_SERIES;REACTOME_GLYCOSPHINGOLIPID_BIOSYNTHESIS;REACTOME_GLYCOSPHINGOLIPID_METABOLISM;REACTOME_SPHINGOLIPID_METABOLISM,No,NA,KEGG;Reactome,standard_curated
B4GALNT1,ENSG00000135454,Tier 1,sphingolipid,KEGG_GLYCOSPHINGOLIPID_BIOSYNTHESIS_GANGLIO_SERIES;REACTOME_GLYCOSPHINGOLIPID_BIOSYNTHESIS;REACTOME_GLYCOSPHINGOLIPID_METABOLISM;REACTOME_SPHINGOLIPID_METABOLISM,No,NA,KEGG;Reactome,standard_curated
B4GALT1,ENSG00000086062,Tier 1;Tier 2,glycolysis;sphingolipid,HALLMARK_GLYCOLYSIS;KEGG_GLYCOSPHINGOLIPID_BIOSYNTHESIS_LACTO_AND_NEOLACTO_SERIES,No,NA,KEGG;MSigDB,hallmark_curated;standard_curated
B4GALT2,ENSG00000117411,Tier 1;Tier 2,glycolysis;sphingolipid,HALLMARK_GLYCOLYSIS;KEGG_GLYCOSPHINGOLIPID_BIOSYNTHESIS_LACTO_AND_NEOLACTO_SERIES,No,NA,KEGG;MSigDB,hallmark_curated;standard_curated
B4GALT3,ENSG00000158850,Tier 1,sphingolipid,KEGG_GLYCOSPHINGOLIPID_BIOSYNTHESIS_LACTO_AND_NEOLACTO_SERIES,No,NA,KEGG,standard_curated
B4GALT4,ENSG00000121578,Tier 1;Tier 2,glycolysis;sphingolipid,HALLMARK_GLYCOLYSIS;KEGG_GLYCOSPHINGOLIPID_BIOSYNTHESIS_LACTO_AND_NEOLACTO_SERIES,No,NA,KEGG;MSigDB,hallmark_curated;standard_curated
B4GALT5,ENSG00000158470,Tier 1,sphingolipid,REACTOME_GLYCOSPHINGOLIPID_BIOSYNTHESIS;REACTOME_GLYCOSPHINGOLIPID_METABOLISM;REACTOME_SPHINGOLIPID_METABOLISM,No,NA,Reactome,standard_curated
B4GALT6,ENSG00000118276,Tier 1,sphingolipid,KEGG_SPHINGOLIPID_METABOLISM;REACTOME_GLYCOSPHINGOLIPID_BIOSYNTHESIS;REACTOME_GLYCOSPHINGOLIPID_METABOLISM;REACTOME_SPHINGOLIPID_METABOLISM,No,NA,KEGG;Reactome,standard_curated
B4GALT7,ENSG00000027847,Tier 2,glycolysis,HALLMARK_GLYCOLYSIS,No,NA,MSigDB,hallmark_curated
B4GAT1,ENSG00000174684,Tier 1,sphingolipid,KEGG_GLYCOSPHINGOLIPID_BIOSYNTHESIS_LACTO_AND_NEOLACTO_SERIES,No,NA,KEGG,standard_curated
BAAT,ENSG00000136881,Tier 1,cholesterol/isoprenoid,REACTOME_SYNTHESIS_OF_BILE_ACIDS_AND_BILE_SALTS_VIA_7ALPHA_HYDROXYCHOLESTEROL,No,NA,Reactome,standard_curated
BAX,ENSG00000087088,Tier 2,OXPHOS,HALLMARK_OXIDATIVE_PHOSPHORYLATION,Yes,NA,MSigDB,hallmark_curated
BCAT1,ENSG00000060982,Tier 1,BCAA,KEGG_VALINE_LEUCINE_AND_ISOLEUCINE_BIOSYNTHESIS;KEGG_VALINE_LEUCINE_AND_ISOLEUCINE_DEGRADATION;REACTOME_BRANCHED_CHAIN_AMINO_ACID_CATABOLISM,No,NA,KEGG;Reactome,standard_curated
BCAT2,ENSG00000105552,Tier 1,BCAA,KEGG_VALINE_LEUCINE_AND_ISOLEUCINE_BIOSYNTHESIS;KEGG_VALINE_LEUCINE_AND_ISOLEUCINE_DEGRADATION;REACTOME_BRANCHED_CHAIN_AMINO_ACID_CATABOLISM,No,NA,KEGG;Reactome,standard_curated
BCKDHA,ENSG00000248098,Tier 1;Tier 2,BCAA;OXPHOS,HALLMARK_OXIDATIVE_PHOSPHORYLATION;KEGG_VALINE_LEUCINE_AND_ISOLEUCINE_DEGRADATION;REACTOME_BRANCHED_CHAIN_AMINO_ACID_CATABOLISM;REACTOME_DISEASES_OF_BRANCHED_CHAIN_AMINO_ACID_CATABOLISM,Yes,NA,KEGG;MSigDB;Reactome,hallmark_curated;standard_curated
BCKDHB,ENSG00000083123,Tier 1;Tier 2,BCAA,KEGG_VALINE_LEUCINE_AND_ISOLEUCINE_DEGRADATION;REACTOME_BRANCHED_CHAIN_AMINO_ACID_CATABOLISM;REACTOME_DISEASES_OF_BRANCHED_CHAIN_AMINO_ACID_CATABOLISM,No,NA,KEGG;Reactome,standard_curated
BCKDK,ENSG00000103507,Tier 1;Tier 2,BCAA,REACTOME_BRANCHED_CHAIN_AMINO_ACID_CATABOLISM;REACTOME_DISEASES_OF_BRANCHED_CHAIN_AMINO_ACID_CATABOLISM,No,NA,Reactome,standard_curated
BCS1L,ENSG00000074582,Tier 1,OXPHOS,REACTOME_AEROBIC_RESPIRATION_AND_RESPIRATORY_ELECTRON_TRANSPORT;REACTOME_RESPIRATORY_ELECTRON_TRANSPORT,Yes,CIII_assembly;mito_import,Reactome,standard_curated
BDH2,ENSG00000164039,Tier 2,OXPHOS,HALLMARK_OXIDATIVE_PHOSPHORYLATION,Yes,NA,MSigDB,hallmark_curated
BHMT,ENSG00000145692,Tier 1,methionine;serine/glycine/one-carbon,KEGG_CYSTEINE_AND_METHIONINE_METABOLISM;KEGG_GLYCINE_SERINE_AND_THREONINE_METABOLISM,No,NA,KEGG,standard_curated
BIK,ENSG00000100290,Tier 2,glycolysis,HALLMARK_GLYCOLYSIS,No,NA,MSigDB,hallmark_curated
BPGM,ENSG00000172331,Tier 1,glycolysis,KEGG_GLYCOLYSIS_GLUCONEOGENESIS;KEGG_MEDICUS_REFERENCE_GLYCOLYSIS,No,NA,KEGG,standard_curated
BPNT1,ENSG00000162813,Tier 2,glycolysis,HALLMARK_GLYCOLYSIS,No,NA,MSigDB,hallmark_curated
BRIP1,ENSG00000136492,Tier 1,iron,REACTOME_CYTOSOLIC_IRON_SULFUR_CLUSTER_ASSEMBLY,No,NA,Reactome,standard_curated
BST1,ENSG00000109743,Tier 1,NAD,KEGG_NICOTINATE_AND_NICOTINAMIDE_METABOLISM;REACTOME_NICOTINATE_METABOLISM,No,NA,KEGG;Reactome,standard_curated
CACNA1H,ENSG00000196557,Tier 2,glycolysis,HALLMARK_GLYCOLYSIS,No,NA,MSigDB,hallmark_curated
CAD,ENSG00000084774,Tier 1,glutamine/glutamate,KEGG_ALANINE_ASPARTATE_AND_GLUTAMATE_METABOLISM,No,NA,KEGG,standard_curated
CALM1,ENSG00000198668,Tier 1,glutamine/glutamate,REACTOME_ACTIVATION_OF_KAINATE_RECEPTORS_UPON_GLUTAMATE_BINDING;REACTOME_UNBLOCKING_OF_NMDA_RECEPTORS_GLUTAMATE_BINDING_AND_ACTIVATION,No,NA,Reactome,standard_curated
CAMK2A,ENSG00000070808,Tier 1,glutamine/glutamate,REACTOME_UNBLOCKING_OF_NMDA_RECEPTORS_GLUTAMATE_BINDING_AND_ACTIVATION,No,NA,Reactome,standard_curated
CAMK2B,ENSG00000058404,Tier 1,glutamine/glutamate,REACTOME_UNBLOCKING_OF_NMDA_RECEPTORS_GLUTAMATE_BINDING_AND_ACTIVATION,No,NA,Reactome,standard_curated
CAMK2D,ENSG00000145349,Tier 1,glutamine/glutamate,REACTOME_UNBLOCKING_OF_NMDA_RECEPTORS_GLUTAMATE_BINDING_AND_ACTIVATION,No,NA,Reactome,standard_curated
CAMK2G,ENSG00000148660,Tier 1,glutamine/glutamate,REACTOME_UNBLOCKING_OF_NMDA_RECEPTORS_GLUTAMATE_BINDING_AND_ACTIVATION,No,NA,Reactome,standard_curated
CAND1,ENSG00000111530,Tier 1,iron,REACTOME_IRON_UPTAKE_AND_TRANSPORT,No,NA,Reactome,standard_curated
CAPN5,ENSG00000149260,Tier 2,glycolysis,HALLMARK_GLYCOLYSIS,No,NA,MSigDB,hallmark_curated
CARM1,ENSG00000142453,Tier 2,arginine;cholesterol/isoprenoid,REACTOME_REGULATION_OF_CHOLESTEROL_BIOSYNTHESIS_BY_SREBP_SREBF;REACTOME_RMTS_METHYLATE_HISTONE_ARGININES,No,NA,Reactome,standard_curated
CASP6,ENSG00000138794,Tier 2,glycolysis,HALLMARK_GLYCOLYSIS,No,NA,MSigDB,hallmark_curated
CASP7,ENSG00000165806,Tier 2,OXPHOS,HALLMARK_OXIDATIVE_PHOSPHORYLATION,Yes,NA,MSigDB,hallmark_curated
CASR,ENSG00000036828,Tier 1,glutamine/glutamate,REACTOME_CLASS_C_3_METABOTROPIC_GLUTAMATE_PHEROMONE_RECEPTORS,No,NA,Reactome,standard_curated
CAT,ENSG00000121691,Tier 1,tryptophan,KEGG_TRYPTOPHAN_METABOLISM,No,NA,KEGG,standard_curated
CBLIF,ENSG00000134812,Tier 1,vitamin B12,REACTOME_COBALAMIN_CBL_VITAMIN_B12_TRANSPORT_AND_METABOLISM;REACTOME_DEFECTS_IN_COBALAMIN_B12_METABOLISM;REACTOME_UPTAKE_OF_DIETARY_COBALAMINS_INTO_ENTEROCYTES,No,NA,Reactome,standard_curated
CCND1,ENSG00000110092,Tier 2,arginine,REACTOME_RMTS_METHYLATE_HISTONE_ARGININES,No,NA,Reactome,standard_curated
CD320,ENSG00000167775,Tier 1,vitamin B12,REACTOME_COBALAMIN_CBL_VITAMIN_B12_TRANSPORT_AND_METABOLISM;REACTOME_DEFECTS_IN_COBALAMIN_B12_METABOLISM,No,NA,Reactome,standard_curated
CD38,ENSG00000004468,Tier 1,NAD,KEGG_NICOTINATE_AND_NICOTINAMIDE_METABOLISM;REACTOME_NICOTINATE_METABOLISM,No,NA,KEGG;Reactome,standard_curated
CD44,ENSG00000026508,Tier 2,glycolysis,HALLMARK_GLYCOLYSIS,No,NA,MSigDB,hallmark_curated
CD9,ENSG00000010278,Tier 2,cholesterol/isoprenoid,HALLMARK_CHOLESTEROL_HOMEOSTASIS,No,NA,MSigDB,hallmark_curated
CDK1,ENSG00000170312,Tier 2,glycolysis,HALLMARK_GLYCOLYSIS,No,NA,MSigDB,hallmark_curated
CDK4,ENSG00000135446,Tier 2,arginine,REACTOME_RMTS_METHYLATE_HISTONE_ARGININES,No,NA,Reactome,standard_curated
CDK5,ENSG00000164885,Tier 1,iron,KEGG_MEDICUS_ENV_FACTOR_IRON_TO_ANTEROGRADE_AXONAL_TRANSPORT,No,NA,KEGG,standard_curated
CDO1,ENSG00000129596,Tier 1,methionine,KEGG_CYSTEINE_AND_METHIONINE_METABOLISM,No,NA,KEGG,standard_curated
CENPA,ENSG00000115163,Tier 2,glycolysis,HALLMARK_GLYCOLYSIS,No,NA,MSigDB,hallmark_curated
CERK,ENSG00000100422,Tier 1,sphingolipid,KEGG_SPHINGOLIPID_METABOLISM;REACTOME_GLYCOSPHINGOLIPID_BIOSYNTHESIS;REACTOME_GLYCOSPHINGOLIPID_METABOLISM;REACTOME_SPHINGOLIPID_METABOLISM,No,NA,KEGG;Reactome,standard_curated
CERS1,ENSG00000223802,Tier 1,sphingolipid,REACTOME_SPHINGOLIPID_DE_NOVO_BIOSYNTHESIS;REACTOME_SPHINGOLIPID_METABOLISM,No,NA,Reactome,standard_curated
CERS2,ENSG00000143418,Tier 1,sphingolipid,REACTOME_SPHINGOLIPID_DE_NOVO_BIOSYNTHESIS;REACTOME_SPHINGOLIPID_METABOLISM,No,NA,Reactome,standard_curated
CERS3,ENSG00000154227,Tier 1,sphingolipid,REACTOME_SPHINGOLIPID_DE_NOVO_BIOSYNTHESIS;REACTOME_SPHINGOLIPID_METABOLISM,No,NA,Reactome,standard_curated
CERS4,ENSG00000090661,Tier 1,sphingolipid,REACTOME_SPHINGOLIPID_DE_NOVO_BIOSYNTHESIS;REACTOME_SPHINGOLIPID_METABOLISM,No,NA,Reactome,standard_curated
CERS5,ENSG00000139624,Tier 1,sphingolipid,REACTOME_SPHINGOLIPID_DE_NOVO_BIOSYNTHESIS;REACTOME_SPHINGOLIPID_METABOLISM,No,NA,Reactome,standard_curated
CERS6,ENSG00000172292,Tier 1,sphingolipid,REACTOME_SPHINGOLIPID_DE_NOVO_BIOSYNTHESIS;REACTOME_SPHINGOLIPID_METABOLISM,No,NA,Reactome,standard_curated
CERT1,ENSG00000113163,Tier 1,sphingolipid,REACTOME_SPHINGOLIPID_DE_NOVO_BIOSYNTHESIS;REACTOME_SPHINGOLIPID_METABOLISM,No,NA,Reactome,standard_curated
CETP,ENSG00000087237,Tier 2,cholesterol/isoprenoid,REACTOME_NR1H3_NR1H2_REGULATE_GENE_EXPRESSION_LINKED_TO_CHOLESTEROL_TRANSPORT_AND_EFFLUX,No,NA,Reactome,standard_curated
CHD9,ENSG00000177200,Tier 2,cholesterol/isoprenoid,REACTOME_REGULATION_OF_CHOLESTEROL_BIOSYNTHESIS_BY_SREBP_SREBF,No,NA,Reactome,standard_curated
CHDH,ENSG00000016391,Tier 1,serine/glycine/one-carbon,KEGG_GLYCINE_SERINE_AND_THREONINE_METABOLISM,No,NA,KEGG,standard_curated
CHKA,ENSG00000110721,Tier 2,cholesterol/isoprenoid,HALLMARK_CHOLESTEROL_HOMEOSTASIS,No,NA,MSigDB,hallmark_curated
CHPF,ENSG00000123989,Tier 2,glycolysis,HALLMARK_GLYCOLYSIS,No,NA,MSigDB,hallmark_curated
CHPF2,ENSG00000033100,Tier 2,glycolysis,HALLMARK_GLYCOLYSIS,No,NA,MSigDB,hallmark_curated
CHST1,ENSG00000175264,Tier 2,glycolysis,HALLMARK_GLYCOLYSIS,No,NA,MSigDB,hallmark_curated
CHST12,ENSG00000136213,Tier 2,glycolysis,HALLMARK_GLYCOLYSIS,No,NA,MSigDB,hallmark_curated
CHST2,ENSG00000175040,Tier 2,glycolysis,HALLMARK_GLYCOLYSIS,No,NA,MSigDB,hallmark_curated
CHST6,ENSG00000183196,Tier 2,glycolysis,HALLMARK_GLYCOLYSIS,No,NA,MSigDB,hallmark_curated
CIAO1,ENSG00000144021,Tier 1,iron,REACTOME_CYTOSOLIC_IRON_SULFUR_CLUSTER_ASSEMBLY,No,NA,Reactome,standard_curated
CIAO2B,ENSG00000166595,Tier 1,iron,REACTOME_CYTOSOLIC_IRON_SULFUR_CLUSTER_ASSEMBLY,No,NA,Reactome,standard_curated
CIAO3,ENSG00000103245,Tier 1,iron,REACTOME_CYTOSOLIC_IRON_SULFUR_CLUSTER_ASSEMBLY,No,NA,Reactome,standard_curated
CITED2,ENSG00000164442,Tier 2,glycolysis,HALLMARK_GLYCOLYSIS,No,NA,MSigDB,hallmark_curated
CKB,ENSG00000166165,Tier 1,arginine,KEGG_ARGININE_AND_PROLINE_METABOLISM,No,NA,KEGG,standard_curated
CKM,ENSG00000104879,Tier 1,arginine,KEGG_ARGININE_AND_PROLINE_METABOLISM,No,NA,KEGG,standard_curated
CKMT2,ENSG00000131730,Tier 1,arginine,KEGG_ARGININE_AND_PROLINE_METABOLISM,No,NA,KEGG,standard_curated
CLDN3,ENSG00000165215,Tier 2,glycolysis,HALLMARK_GLYCOLYSIS,No,NA,MSigDB,hallmark_curated
CLDN9,ENSG00000213937,Tier 2,glycolysis,HALLMARK_GLYCOLYSIS,No,NA,MSigDB,hallmark_curated
CLN3,ENSG00000188603,Tier 1,sphingolipid,REACTOME_GLYCOSPHINGOLIPID_TRANSPORT,No,NA,Reactome,standard_curated
CLN6,ENSG00000128973,Tier 2,glycolysis,HALLMARK_GLYCOLYSIS,No,NA,MSigDB,hallmark_curated
CLU,ENSG00000120885,Tier 2,cholesterol/isoprenoid,HALLMARK_CHOLESTEROL_HOMEOSTASIS,No,NA,MSigDB,hallmark_curated
COA1,ENSG00000106603,Tier 1,OXPHOS,REACTOME_AEROBIC_RESPIRATION_AND_RESPIRATORY_ELECTRON_TRANSPORT;REACTOME_RESPIRATORY_ELECTRON_TRANSPORT,Yes,NA,Reactome,standard_curated
COA3,ENSG00000183978,Tier 1,OXPHOS,REACTOME_AEROBIC_RESPIRATION_AND_RESPIRATORY_ELECTRON_TRANSPORT;REACTOME_RESPIRATORY_ELECTRON_TRANSPORT,Yes,CIV_assembly,Reactome,standard_curated
COA5,ENSG00000183513,Tier 1,OXPHOS,REACTOME_AEROBIC_RESPIRATION_AND_RESPIRATORY_ELECTRON_TRANSPORT;REACTOME_RESPIRATORY_ELECTRON_TRANSPORT,Yes,CIV_assembly,Reactome,standard_curated
COG2,ENSG00000135775,Tier 2,glycolysis,HALLMARK_GLYCOLYSIS,No,NA,MSigDB,hallmark_curated
COL5A1,ENSG00000130635,Tier 2,glycolysis,HALLMARK_GLYCOLYSIS,No,NA,MSigDB,hallmark_curated
COPB2,ENSG00000184432,Tier 2,glycolysis,HALLMARK_GLYCOLYSIS,No,NA,MSigDB,hallmark_curated
COPRS,ENSG00000172301,Tier 2,arginine,REACTOME_RMTS_METHYLATE_HISTONE_ARGININES,No,NA,Reactome,standard_curated
COQ10A,ENSG00000135469,Tier 1,OXPHOS,REACTOME_AEROBIC_RESPIRATION_AND_RESPIRATORY_ELECTRON_TRANSPORT;REACTOME_RESPIRATORY_ELECTRON_TRANSPORT,Yes,CIV_assembly;CoQ_biosynthesis,Reactome,standard_curated
COQ10B,ENSG00000115520,Tier 1,OXPHOS,REACTOME_AEROBIC_RESPIRATION_AND_RESPIRATORY_ELECTRON_TRANSPORT;REACTOME_RESPIRATORY_ELECTRON_TRANSPORT,Yes,CIV_assembly;CoQ_biosynthesis,Reactome,standard_curated
COX10,ENSG00000006695,Tier 1;Tier 2,OXPHOS,HALLMARK_OXIDATIVE_PHOSPHORYLATION;KEGG_OXIDATIVE_PHOSPHORYLATION,Yes,CIV_assembly,KEGG;MSigDB,hallmark_curated;standard_curated
COX11,ENSG00000166260,Tier 1;Tier 2,OXPHOS,HALLMARK_OXIDATIVE_PHOSPHORYLATION;KEGG_OXIDATIVE_PHOSPHORYLATION;REACTOME_AEROBIC_RESPIRATION_AND_RESPIRATORY_ELECTRON_TRANSPORT;REACTOME_RESPIRATORY_ELECTRON_TRANSPORT,Yes,CIV_assembly,KEGG;MSigDB;Reactome,hallmark_curated;standard_curated
COX14,ENSG00000178449,Tier 1,OXPHOS,REACTOME_AEROBIC_RESPIRATION_AND_RESPIRATORY_ELECTRON_TRANSPORT;REACTOME_RESPIRATORY_ELECTRON_TRANSPORT,Yes,CIV_assembly,Reactome,standard_curated
COX15,ENSG00000014919,Tier 1;Tier 2,OXPHOS,HALLMARK_OXIDATIVE_PHOSPHORYLATION;KEGG_OXIDATIVE_PHOSPHORYLATION;REACTOME_AEROBIC_RESPIRATION_AND_RESPIRATORY_ELECTRON_TRANSPORT;REACTOME_RESPIRATORY_ELECTRON_TRANSPORT,Yes,CIV_assembly,KEGG;MSigDB;Reactome,hallmark_curated;standard_curated
COX16,ENSG00000133983,Tier 1,OXPHOS,REACTOME_AEROBIC_RESPIRATION_AND_RESPIRATORY_ELECTRON_TRANSPORT;REACTOME_RESPIRATORY_ELECTRON_TRANSPORT,Yes,CIV_assembly,Reactome,standard_curated
COX17,ENSG00000138495,Tier 1;Tier 2,OXPHOS,HALLMARK_OXIDATIVE_PHOSPHORYLATION;KEGG_OXIDATIVE_PHOSPHORYLATION;REACTOME_AEROBIC_RESPIRATION_AND_RESPIRATORY_ELECTRON_TRANSPORT;REACTOME_RESPIRATORY_ELECTRON_TRANSPORT,Yes,CIV_assembly,KEGG;MSigDB;Reactome,hallmark_curated;standard_curated
COX18,ENSG00000163626,Tier 1,OXPHOS,REACTOME_AEROBIC_RESPIRATION_AND_RESPIRATORY_ELECTRON_TRANSPORT;REACTOME_RESPIRATORY_ELECTRON_TRANSPORT,Yes,CIV_assembly,Reactome,standard_curated
COX19,ENSG00000240230,Tier 1,OXPHOS,REACTOME_AEROBIC_RESPIRATION_AND_RESPIRATORY_ELECTRON_TRANSPORT;REACTOME_RESPIRATORY_ELECTRON_TRANSPORT,Yes,CIV_assembly,Reactome,standard_curated
COX4I1,ENSG00000131143,Tier 1;Tier 2,OXPHOS,HALLMARK_OXIDATIVE_PHOSPHORYLATION;KEGG_OXIDATIVE_PHOSPHORYLATION;REACTOME_AEROBIC_RESPIRATION_AND_RESPIRATORY_ELECTRON_TRANSPORT;REACTOME_RESPIRATORY_ELECTRON_TRANSPORT,Yes,CIV_structural,KEGG;MSigDB;Reactome,hallmark_curated;standard_curated
COX4I2,ENSG00000131055,Tier 1,OXPHOS,KEGG_OXIDATIVE_PHOSPHORYLATION;REACTOME_AEROBIC_RESPIRATION_AND_RESPIRATORY_ELECTRON_TRANSPORT;REACTOME_RESPIRATORY_ELECTRON_TRANSPORT,Yes,CIV_structural,KEGG;Reactome,standard_curated
COX5A,ENSG00000178741,Tier 1;Tier 2,OXPHOS,HALLMARK_OXIDATIVE_PHOSPHORYLATION;KEGG_OXIDATIVE_PHOSPHORYLATION;REACTOME_AEROBIC_RESPIRATION_AND_RESPIRATORY_ELECTRON_TRANSPORT;REACTOME_RESPIRATORY_ELECTRON_TRANSPORT,Yes,CIV_structural,KEGG;MSigDB;Reactome,hallmark_curated;standard_curated
COX5B,ENSG00000135940,Tier 1;Tier 2,OXPHOS,HALLMARK_OXIDATIVE_PHOSPHORYLATION;KEGG_OXIDATIVE_PHOSPHORYLATION;REACTOME_AEROBIC_RESPIRATION_AND_RESPIRATORY_ELECTRON_TRANSPORT;REACTOME_RESPIRATORY_ELECTRON_TRANSPORT,Yes,CIV_structural,KEGG;MSigDB;Reactome,hallmark_curated;standard_curated
COX6A1,ENSG00000111775,Tier 1;Tier 2,OXPHOS,HALLMARK_OXIDATIVE_PHOSPHORYLATION;KEGG_OXIDATIVE_PHOSPHORYLATION;REACTOME_AEROBIC_RESPIRATION_AND_RESPIRATORY_ELECTRON_TRANSPORT;REACTOME_RESPIRATORY_ELECTRON_TRANSPORT,Yes,CIV_structural,KEGG;MSigDB;Reactome,hallmark_curated;standard_curated
COX6A2,ENSG00000156885,Tier 1,OXPHOS,KEGG_OXIDATIVE_PHOSPHORYLATION;REACTOME_AEROBIC_RESPIRATION_AND_RESPIRATORY_ELECTRON_TRANSPORT;REACTOME_RESPIRATORY_ELECTRON_TRANSPORT,Yes,CIV_structural,KEGG;Reactome,standard_curated
COX6B1,ENSG00000126267,Tier 1;Tier 2,OXPHOS,HALLMARK_OXIDATIVE_PHOSPHORYLATION;KEGG_OXIDATIVE_PHOSPHORYLATION;REACTOME_AEROBIC_RESPIRATION_AND_RESPIRATORY_ELECTRON_TRANSPORT;REACTOME_RESPIRATORY_ELECTRON_TRANSPORT,Yes,CIV_structural,KEGG;MSigDB;Reactome,hallmark_curated;standard_curated
COX6B2,ENSG00000160471,Tier 1,OXPHOS,KEGG_OXIDATIVE_PHOSPHORYLATION;REACTOME_AEROBIC_RESPIRATION_AND_RESPIRATORY_ELECTRON_TRANSPORT;REACTOME_RESPIRATORY_ELECTRON_TRANSPORT,Yes,CIV_structural,KEGG;Reactome,standard_curated
COX6C,ENSG00000164919,Tier 1;Tier 2,OXPHOS,HALLMARK_OXIDATIVE_PHOSPHORYLATION;KEGG_OXIDATIVE_PHOSPHORYLATION;REACTOME_AEROBIC_RESPIRATION_AND_RESPIRATORY_ELECTRON_TRANSPORT;REACTOME_RESPIRATORY_ELECTRON_TRANSPORT,Yes,CIV_structural,KEGG;MSigDB;Reactome,hallmark_curated;standard_curated
COX7A1,ENSG00000161281,Tier 1,OXPHOS,KEGG_OXIDATIVE_PHOSPHORYLATION;REACTOME_AEROBIC_RESPIRATION_AND_RESPIRATORY_ELECTRON_TRANSPORT;REACTOME_RESPIRATORY_ELECTRON_TRANSPORT,Yes,CIV_structural,KEGG;Reactome,standard_curated
COX7A2,ENSG00000112695,Tier 1;Tier 2,OXPHOS,HALLMARK_OXIDATIVE_PHOSPHORYLATION;KEGG_OXIDATIVE_PHOSPHORYLATION;REACTOME_AEROBIC_RESPIRATION_AND_RESPIRATORY_ELECTRON_TRANSPORT;REACTOME_RESPIRATORY_ELECTRON_TRANSPORT,Yes,CIV_structural,KEGG;MSigDB;Reactome,hallmark_curated;standard_curated
COX7A2L,ENSG00000115944,Tier 1;Tier 2,OXPHOS,HALLMARK_OXIDATIVE_PHOSPHORYLATION;KEGG_OXIDATIVE_PHOSPHORYLATION;REACTOME_AEROBIC_RESPIRATION_AND_RESPIRATORY_ELECTRON_TRANSPORT;REACTOME_RESPIRATORY_ELECTRON_TRANSPORT,Yes,CIV_structural,KEGG;MSigDB;Reactome,hallmark_curated;standard_curated
COX7B2,ENSG00000170516,Tier 1,OXPHOS,KEGG_OXIDATIVE_PHOSPHORYLATION,Yes,CIV_structural,KEGG,standard_curated
COX8A,ENSG00000176340,Tier 1;Tier 2,OXPHOS,HALLMARK_OXIDATIVE_PHOSPHORYLATION;KEGG_OXIDATIVE_PHOSPHORYLATION;REACTOME_AEROBIC_RESPIRATION_AND_RESPIRATORY_ELECTRON_TRANSPORT;REACTOME_RESPIRATORY_ELECTRON_TRANSPORT,Yes,CIV_structural,KEGG;MSigDB;Reactome,hallmark_curated;standard_curated
COX8C,ENSG00000187581,Tier 1,OXPHOS,KEGG_OXIDATIVE_PHOSPHORYLATION;REACTOME_AEROBIC_RESPIRATION_AND_RESPIRATORY_ELECTRON_TRANSPORT;REACTOME_RESPIRATORY_ELECTRON_TRANSPORT,Yes,CIV_structural,KEGG;Reactome,standard_curated
CP,ENSG00000047457,Tier 1,iron,REACTOME_IRON_UPTAKE_AND_TRANSPORT,No,NA,Reactome,standard_curated
CPEB2,ENSG00000137449,Tier 2,cholesterol/isoprenoid,HALLMARK_CHOLESTEROL_HOMEOSTASIS,No,NA,MSigDB,hallmark_curated
CPLX1,ENSG00000168993,Tier 1,glutamine/glutamate,REACTOME_GLUTAMATE_NEUROTRANSMITTER_RELEASE_CYCLE,No,NA,Reactome,standard_curated
CPS1,ENSG00000021826,Tier 1,arginine;glutamine/glutamate,KEGG_ALANINE_ASPARTATE_AND_GLUTAMATE_METABOLISM;KEGG_ARGININE_AND_PROLINE_METABOLISM;KEGG_MEDICUS_REFERENCE_UREA_CYCLE;REACTOME_UREA_CYCLE,No,NA,KEGG;Reactome,standard_curated
CPT1A,ENSG00000110090,Tier 1;Tier 2,OXPHOS;fatty-acid oxidation,HALLMARK_OXIDATIVE_PHOSPHORYLATION;KEGG_MEDICUS_REFERENCE_BETA_OXIDATION_ACYL_COA_SYNTHESIS,Yes,NA,KEGG;MSigDB,hallmark_curated;standard_curated
CPT1B,ENSG00000205560,Tier 1,fatty-acid oxidation,KEGG_MEDICUS_REFERENCE_BETA_OXIDATION_ACYL_COA_SYNTHESIS,No,NA,KEGG,standard_curated
CPT1C,ENSG00000169169,Tier 1,fatty-acid oxidation,KEGG_MEDICUS_REFERENCE_BETA_OXIDATION_ACYL_COA_SYNTHESIS,No,NA,KEGG,standard_curated
CPT2,ENSG00000157184,Tier 1,fatty-acid oxidation,KEGG_MEDICUS_REFERENCE_BETA_OXIDATION_ACYL_COA_SYNTHESIS,No,NA,KEGG,standard_curated
CPTP,ENSG00000224051,Tier 1,sphingolipid,REACTOME_GLYCOSPHINGOLIPID_TRANSPORT,No,NA,Reactome,standard_curated
CRAT,ENSG00000095321,Tier 1,fatty-acid oxidation,REACTOME_BETA_OXIDATION_OF_PRISTANOYL_COA,No,NA,Reactome,standard_curated
CREBBP,ENSG00000005339,Tier 2,PPP;cholesterol/isoprenoid,REACTOME_NFE2L2_REGULATES_PENTOSE_PHOSPHATE_PATHWAY_GENES;REACTOME_REGULATION_OF_CHOLESTEROL_BIOSYNTHESIS_BY_SREBP_SREBF,No,NA,Reactome,standard_curated
CROT,ENSG00000005469,Tier 1,fatty-acid oxidation,REACTOME_BETA_OXIDATION_OF_PRISTANOYL_COA,No,NA,Reactome,standard_curated
CS,ENSG00000062485,Tier 1;Tier 2,OXPHOS;TCA,HALLMARK_OXIDATIVE_PHOSPHORYLATION;KEGG_CITRATE_CYCLE_TCA_CYCLE;REACTOME_AEROBIC_RESPIRATION_AND_RESPIRATORY_ELECTRON_TRANSPORT;REACTOME_CITRIC_ACID_CYCLE_TCA_CYCLE;REACTOME_MATURATION_OF_TCA_ENZYMES_AND_REGULATION_OF_TCA_CYCLE,Yes,TCA_respiratory,KEGG;MSigDB;Reactome,hallmark_curated;standard_curated
CSKMT,ENSG00000214756,Tier 1;Tier 2,OXPHOS;TCA,REACTOME_AEROBIC_RESPIRATION_AND_RESPIRATORY_ELECTRON_TRANSPORT;REACTOME_CITRIC_ACID_CYCLE_TCA_CYCLE;REACTOME_MATURATION_OF_TCA_ENZYMES_AND_REGULATION_OF_TCA_CYCLE,Yes,TCA_respiratory,Reactome,standard_curated
CSNK1G2,ENSG00000133275,Tier 1,sphingolipid,REACTOME_SPHINGOLIPID_DE_NOVO_BIOSYNTHESIS;REACTOME_SPHINGOLIPID_METABOLISM,No,NA,Reactome,standard_curated
CTH,ENSG00000116761,Tier 1;Tier 2,glycolysis;methionine;serine/glycine/one-carbon,HALLMARK_GLYCOLYSIS;KEGG_CYSTEINE_AND_METHIONINE_METABOLISM;KEGG_GLYCINE_SERINE_AND_THREONINE_METABOLISM,No,NA,KEGG;MSigDB,hallmark_curated;standard_curated
CTNNB1,ENSG00000168036,Tier 2,cholesterol/isoprenoid,HALLMARK_CHOLESTEROL_HOMEOSTASIS,No,NA,MSigDB,hallmark_curated
CTSA,ENSG00000064601,Tier 1,sphingolipid,REACTOME_GLYCOSPHINGOLIPID_CATABOLISM;REACTOME_GLYCOSPHINGOLIPID_METABOLISM;REACTOME_SPHINGOLIPID_METABOLISM,No,NA,Reactome,standard_curated
CUBN,ENSG00000107611,Tier 1,vitamin B12,REACTOME_COBALAMIN_CBL_VITAMIN_B12_TRANSPORT_AND_METABOLISM;REACTOME_DEFECTS_IN_COBALAMIN_B12_METABOLISM;REACTOME_UPTAKE_OF_DIETARY_COBALAMINS_INTO_ENTEROCYTES,No,NA,Reactome,standard_curated
CXCL16,ENSG00000161921,Tier 2,cholesterol/isoprenoid,HALLMARK_CHOLESTEROL_HOMEOSTASIS,No,NA,MSigDB,hallmark_curated
CXCR4,ENSG00000121966,Tier 2,glycolysis,HALLMARK_GLYCOLYSIS,No,NA,MSigDB,hallmark_curated
CYB5A,ENSG00000166347,Tier 2,OXPHOS;glycolysis,HALLMARK_GLYCOLYSIS;HALLMARK_OXIDATIVE_PHOSPHORYLATION,Yes,NA,MSigDB,hallmark_curated
CYB5B,ENSG00000103018,Tier 1,sphingolipid,REACTOME_SPHINGOLIPID_DE_NOVO_BIOSYNTHESIS;REACTOME_SPHINGOLIPID_METABOLISM,No,NA,Reactome,standard_curated
CYB5R3,ENSG00000100243,Tier 2,OXPHOS,HALLMARK_OXIDATIVE_PHOSPHORYLATION,Yes,NA,MSigDB,hallmark_curated
CYBRD1,ENSG00000071967,Tier 1,iron,REACTOME_IRON_UPTAKE_AND_TRANSPORT,No,NA,Reactome,standard_curated
CYC1,ENSG00000179091,Tier 1;Tier 2,OXPHOS,HALLMARK_OXIDATIVE_PHOSPHORYLATION;KEGG_OXIDATIVE_PHOSPHORYLATION;REACTOME_AEROBIC_RESPIRATION_AND_RESPIRATORY_ELECTRON_TRANSPORT;REACTOME_RESPIRATORY_ELECTRON_TRANSPORT,Yes,CIII_structural;mito_import,KEGG;MSigDB;Reactome,hallmark_curated;standard_curated
CYCS,ENSG00000172115,Tier 1;Tier 2,OXPHOS,HALLMARK_OXIDATIVE_PHOSPHORYLATION;REACTOME_AEROBIC_RESPIRATION_AND_RESPIRATORY_ELECTRON_TRANSPORT;REACTOME_RESPIRATORY_ELECTRON_TRANSPORT,Yes,NA,MSigDB;Reactome,hallmark_curated;standard_curated
CYP11A1,ENSG00000140459,Tier 1,cholesterol/isoprenoid,REACTOME_ENDOGENOUS_STEROLS,No,NA,Reactome,standard_curated
CYP11B1,ENSG00000160882,Tier 1,cholesterol/isoprenoid,REACTOME_ENDOGENOUS_STEROLS,No,NA,Reactome,standard_curated
CYP11B2,ENSG00000179142,Tier 1,cholesterol/isoprenoid,REACTOME_ENDOGENOUS_STEROLS,No,NA,Reactome,standard_curated
CYP19A1,ENSG00000137869,Tier 1,cholesterol/isoprenoid,REACTOME_ENDOGENOUS_STEROLS,No,NA,Reactome,standard_curated
CYP1A1,ENSG00000140465,Tier 1,tryptophan,KEGG_TRYPTOPHAN_METABOLISM,No,NA,KEGG,standard_curated
CYP1A2,ENSG00000140505,Tier 1,tryptophan,KEGG_TRYPTOPHAN_METABOLISM,No,NA,KEGG,standard_curated
CYP1B1,ENSG00000138061,Tier 1,cholesterol/isoprenoid;tryptophan,KEGG_TRYPTOPHAN_METABOLISM;REACTOME_ENDOGENOUS_STEROLS,No,NA,KEGG;Reactome,standard_curated
CYP27A1,ENSG00000135929,Tier 1,cholesterol/isoprenoid,REACTOME_ENDOGENOUS_STEROLS;REACTOME_SYNTHESIS_OF_BILE_ACIDS_AND_BILE_SALTS_VIA_24_HYDROXYCHOLESTEROL;REACTOME_SYNTHESIS_OF_BILE_ACIDS_AND_BILE_SALTS_VIA_27_HYDROXYCHOLESTEROL;REACTOME_SYNTHESIS_OF_BILE_ACIDS_AND_BILE_SALTS_VIA_7ALPHA_HYDROXYCHOLESTEROL,No,NA,Reactome,standard_curated
CYP39A1,ENSG00000146233,Tier 1,cholesterol/isoprenoid,REACTOME_ENDOGENOUS_STEROLS;REACTOME_SYNTHESIS_OF_BILE_ACIDS_AND_BILE_SALTS_VIA_24_HYDROXYCHOLESTEROL,No,NA,Reactome,standard_curated
CYP46A1,ENSG00000036530,Tier 1,cholesterol/isoprenoid,REACTOME_ENDOGENOUS_STEROLS;REACTOME_SYNTHESIS_OF_BILE_ACIDS_AND_BILE_SALTS_VIA_24_HYDROXYCHOLESTEROL,No,NA,Reactome,standard_curated
CYP4V2,ENSG00000145476,Tier 1,cholesterol/isoprenoid,REACTOME_ENDOGENOUS_STEROLS,No,NA,Reactome,standard_curated
CYP51A1,ENSG00000001630,Tier 1;Tier 2,cholesterol/isoprenoid,HALLMARK_CHOLESTEROL_HOMEOSTASIS;KEGG_MEDICUS_REFERENCE_CHOLESTEROL_BIOSYNTHESIS;REACTOME_CHOLESTEROL_BIOSYNTHESIS;REACTOME_ENDOGENOUS_STEROLS;REACTOME_REGULATION_OF_CHOLESTEROL_BIOSYNTHESIS_BY_SREBP_SREBF,No,NA,KEGG;MSigDB;Reactome,hallmark_curated;standard_curated
CYP7A1,ENSG00000167910,Tier 1,cholesterol/isoprenoid,REACTOME_ENDOGENOUS_STEROLS;REACTOME_SYNTHESIS_OF_BILE_ACIDS_AND_BILE_SALTS_VIA_27_HYDROXYCHOLESTEROL;REACTOME_SYNTHESIS_OF_BILE_ACIDS_AND_BILE_SALTS_VIA_7ALPHA_HYDROXYCHOLESTEROL,No,NA,Reactome,standard_curated
CYP7B1,ENSG00000172817,Tier 1,cholesterol/isoprenoid,REACTOME_ENDOGENOUS_STEROLS;REACTOME_SYNTHESIS_OF_BILE_ACIDS_AND_BILE_SALTS_VIA_27_HYDROXYCHOLESTEROL;REACTOME_SYNTHESIS_OF_BILE_ACIDS_AND_BILE_SALTS_VIA_7ALPHA_HYDROXYCHOLESTEROL,No,NA,Reactome,standard_curated
CYP8B1,ENSG00000180432,Tier 1,cholesterol/isoprenoid,REACTOME_ENDOGENOUS_STEROLS;REACTOME_SYNTHESIS_OF_BILE_ACIDS_AND_BILE_SALTS_VIA_24_HYDROXYCHOLESTEROL;REACTOME_SYNTHESIS_OF_BILE_ACIDS_AND_BILE_SALTS_VIA_27_HYDROXYCHOLESTEROL;REACTOME_SYNTHESIS_OF_BILE_ACIDS_AND_BILE_SALTS_VIA_7ALPHA_HYDROXYCHOLESTEROL,No,NA,Reactome,standard_curated
D2HGDH,ENSG00000180902,Tier 1,OXPHOS,REACTOME_AEROBIC_RESPIRATION_AND_RESPIRATORY_ELECTRON_TRANSPORT,Yes,NA,Reactome,standard_curated
DAO,ENSG00000110887,Tier 1,arginine;serine/glycine/one-carbon,KEGG_ARGININE_AND_PROLINE_METABOLISM;KEGG_GLYCINE_SERINE_AND_THREONINE_METABOLISM;REACTOME_GLYOXYLATE_METABOLISM_AND_GLYCINE_DEGRADATION,No,NA,KEGG;Reactome,standard_curated
DBI,ENSG00000155368,Tier 1,fatty-acid oxidation,REACTOME_MITOCHONDRIAL_FATTY_ACID_BETA_OXIDATION,No,NA,Reactome,standard_curated
DBT,ENSG00000137992,Tier 1;Tier 2,BCAA,KEGG_VALINE_LEUCINE_AND_ISOLEUCINE_DEGRADATION;REACTOME_BRANCHED_CHAIN_AMINO_ACID_CATABOLISM;REACTOME_DISEASES_OF_BRANCHED_CHAIN_AMINO_ACID_CATABOLISM,No,NA,KEGG;Reactome,standard_curated
DCN,ENSG00000011465,Tier 2,glycolysis,HALLMARK_GLYCOLYSIS,No,NA,MSigDB,hallmark_curated
DDC,ENSG00000132437,Tier 1,tryptophan,KEGG_TRYPTOPHAN_METABOLISM,No,NA,KEGG,standard_curated
DDIT4,ENSG00000168209,Tier 2,glycolysis,HALLMARK_GLYCOLYSIS,No,NA,MSigDB,hallmark_curated
DDO,ENSG00000203797,Tier 1,glutamine/glutamate;serine/glycine/one-carbon,KEGG_ALANINE_ASPARTATE_AND_GLUTAMATE_METABOLISM;REACTOME_GLYOXYLATE_METABOLISM_AND_GLYCINE_DEGRADATION,No,NA,KEGG;Reactome,standard_curated
DECR1,ENSG00000104325,Tier 1;Tier 2,OXPHOS;fatty-acid oxidation,HALLMARK_OXIDATIVE_PHOSPHORYLATION;REACTOME_MITOCHONDRIAL_FATTY_ACID_BETA_OXIDATION;REACTOME_MITOCHONDRIAL_FATTY_ACID_BETA_OXIDATION_OF_UNSATURATED_FATTY_ACIDS,Yes,NA,MSigDB;Reactome,hallmark_curated;standard_curated
DECR2,ENSG00000242612,Tier 1,fatty-acid oxidation,REACTOME_BETA_OXIDATION_OF_VERY_LONG_CHAIN_FATTY_ACIDS,No,NA,Reactome,standard_curated
DEGS1,ENSG00000143753,Tier 1,sphingolipid,KEGG_SPHINGOLIPID_METABOLISM;REACTOME_SPHINGOLIPID_DE_NOVO_BIOSYNTHESIS;REACTOME_SPHINGOLIPID_METABOLISM,No,NA,KEGG;Reactome,standard_curated
DEGS2,ENSG00000168350,Tier 1,sphingolipid,KEGG_SPHINGOLIPID_METABOLISM;REACTOME_SPHINGOLIPID_DE_NOVO_BIOSYNTHESIS;REACTOME_SPHINGOLIPID_METABOLISM,No,NA,KEGG;Reactome,standard_curated
DEPDC1,ENSG00000024526,Tier 2,glycolysis,HALLMARK_GLYCOLYSIS,No,NA,MSigDB,hallmark_curated
DERA,ENSG00000023697,Tier 1,PPP,KEGG_PENTOSE_PHOSPHATE_PATHWAY;REACTOME_PENTOSE_PHOSPHATE_PATHWAY,No,NA,KEGG;Reactome,standard_curated
DHCR24,ENSG00000116133,Tier 1,cholesterol/isoprenoid,KEGG_MEDICUS_REFERENCE_CHOLESTEROL_BIOSYNTHESIS;REACTOME_CHOLESTEROL_BIOSYNTHESIS,No,NA,KEGG;Reactome,standard_curated
DHCR7,ENSG00000172893,Tier 1;Tier 2,cholesterol/isoprenoid,HALLMARK_CHOLESTEROL_HOMEOSTASIS;KEGG_MEDICUS_REFERENCE_CHOLESTEROL_BIOSYNTHESIS;REACTOME_CHOLESTEROL_BIOSYNTHESIS;REACTOME_REGULATION_OF_CHOLESTEROL_BIOSYNTHESIS_BY_SREBP_SREBF,No,NA,KEGG;MSigDB;Reactome,hallmark_curated;standard_curated
DHDDS,ENSG00000117682,Tier 1,cholesterol/isoprenoid,KEGG_TERPENOID_BACKBONE_BIOSYNTHESIS,No,NA,KEGG,standard_curated
DHFR,ENSG00000228716,Tier 1,folate;serine/glycine/one-carbon,KEGG_FOLATE_BIOSYNTHESIS;KEGG_ONE_CARBON_POOL_BY_FOLATE;REACTOME_METABOLISM_OF_FOLATE_AND_PTERINES,No,NA,KEGG;Reactome,standard_curated
DLAT,ENSG00000150768,Tier 1;Tier 2,OXPHOS;TCA;glycolysis,HALLMARK_OXIDATIVE_PHOSPHORYLATION;KEGG_CITRATE_CYCLE_TCA_CYCLE;KEGG_GLYCOLYSIS_GLUCONEOGENESIS;REACTOME_AEROBIC_RESPIRATION_AND_RESPIRATORY_ELECTRON_TRANSPORT,Yes,TCA_respiratory,KEGG;MSigDB;Reactome,hallmark_curated;standard_curated
DLD,ENSG00000091140,Tier 1;Tier 2,BCAA;OXPHOS;TCA;glycolysis;serine/glycine/one-carbon,HALLMARK_GLYCOLYSIS;HALLMARK_OXIDATIVE_PHOSPHORYLATION;KEGG_CITRATE_CYCLE_TCA_CYCLE;KEGG_GLYCINE_SERINE_AND_THREONINE_METABOLISM;KEGG_GLYCOLYSIS_GLUCONEOGENESIS;KEGG_VALINE_LEUCINE_AND_ISOLEUCINE_DEGRADATION;REACTOME_AEROBIC_RESPIRATION_AND_RESPIRATORY_ELECTRON_TRANSPORT;REACTOME_BRANCHED_CHAIN_AMINO_ACID_CATABOLISM;REACTOME_CITRIC_ACID_CYCLE_TCA_CYCLE;REACTOME_DISEASES_OF_BRANCHED_CHAIN_AMINO_ACID_CATABOLISM;REACTOME_GLYCINE_DEGRADATION;REACTOME_GLYOXYLATE_METABOLISM_AND_GLYCINE_DEGRADATION,Yes,TCA_respiratory,KEGG;MSigDB;Reactome,hallmark_curated;standard_curated
DLG1,ENSG00000075711,Tier 1,glutamine/glutamate,REACTOME_ACTIVATION_OF_KAINATE_RECEPTORS_UPON_GLUTAMATE_BINDING;REACTOME_UNBLOCKING_OF_NMDA_RECEPTORS_GLUTAMATE_BINDING_AND_ACTIVATION,No,NA,Reactome,standard_curated
DLG2,ENSG00000150672,Tier 1,glutamine/glutamate,REACTOME_UNBLOCKING_OF_NMDA_RECEPTORS_GLUTAMATE_BINDING_AND_ACTIVATION,No,NA,Reactome,standard_curated
DLG3,ENSG00000082458,Tier 1,glutamine/glutamate,REACTOME_ACTIVATION_OF_KAINATE_RECEPTORS_UPON_GLUTAMATE_BINDING;REACTOME_UNBLOCKING_OF_NMDA_RECEPTORS_GLUTAMATE_BINDING_AND_ACTIVATION,No,NA,Reactome,standard_curated
DLG4,ENSG00000132535,Tier 1,glutamine/glutamate,REACTOME_ACTIVATION_OF_KAINATE_RECEPTORS_UPON_GLUTAMATE_BINDING;REACTOME_UNBLOCKING_OF_NMDA_RECEPTORS_GLUTAMATE_BINDING_AND_ACTIVATION,No,NA,Reactome,standard_curated
DLST,ENSG00000119689,Tier 1;Tier 2,OXPHOS;TCA;serine/glycine/one-carbon,HALLMARK_OXIDATIVE_PHOSPHORYLATION;KEGG_CITRATE_CYCLE_TCA_CYCLE;REACTOME_AEROBIC_RESPIRATION_AND_RESPIRATORY_ELECTRON_TRANSPORT;REACTOME_CITRIC_ACID_CYCLE_TCA_CYCLE;REACTOME_GLYCINE_DEGRADATION;REACTOME_GLYOXYLATE_METABOLISM_AND_GLYCINE_DEGRADATION,Yes,TCA_respiratory,KEGG;MSigDB;Reactome,hallmark_curated;standard_curated
DMAC1,ENSG00000137038,Tier 1,OXPHOS,REACTOME_AEROBIC_RESPIRATION_AND_RESPIRATORY_ELECTRON_TRANSPORT;REACTOME_RESPIRATORY_ELECTRON_TRANSPORT,Yes,CI_assembly,Reactome,standard_curated
DMAC2,ENSG00000105341,Tier 1,OXPHOS,REACTOME_AEROBIC_RESPIRATION_AND_RESPIRATORY_ELECTRON_TRANSPORT;REACTOME_RESPIRATORY_ELECTRON_TRANSPORT,Yes,CI_assembly,Reactome,standard_curated
DMAC2L,ENSG00000125375,Tier 1,OXPHOS,REACTOME_AEROBIC_RESPIRATION_AND_RESPIRATORY_ELECTRON_TRANSPORT,Yes,CV_assembly;CV_structural,Reactome,standard_curated
DMGDH,ENSG00000132837,Tier 1,serine/glycine/one-carbon,KEGG_GLYCINE_SERINE_AND_THREONINE_METABOLISM,No,NA,KEGG,standard_curated
DNMT1,ENSG00000130816,Tier 1,methionine,KEGG_CYSTEINE_AND_METHIONINE_METABOLISM;KEGG_MEDICUS_REFERENCE_METHIONINE_DEGRADATION,No,NA,KEGG,standard_curated
DNMT3B,ENSG00000088305,Tier 1,methionine,KEGG_CYSTEINE_AND_METHIONINE_METABOLISM;KEGG_MEDICUS_REFERENCE_METHIONINE_DEGRADATION,No,NA,KEGG,standard_curated
DNMT3L,ENSG00000142182,Tier 1,methionine,KEGG_CYSTEINE_AND_METHIONINE_METABOLISM,No,NA,KEGG,standard_curated
DPYSL4,ENSG00000151640,Tier 2,glycolysis,HALLMARK_GLYCOLYSIS,No,NA,MSigDB,hallmark_curated
DSC2,ENSG00000134755,Tier 2,glycolysis,HALLMARK_GLYCOLYSIS,No,NA,MSigDB,hallmark_curated
EBP,ENSG00000147155,Tier 1;Tier 2,cholesterol/isoprenoid,HALLMARK_CHOLESTEROL_HOMEOSTASIS;KEGG_MEDICUS_REFERENCE_CHOLESTEROL_BIOSYNTHESIS;REACTOME_CHOLESTEROL_BIOSYNTHESIS,No,NA,KEGG;MSigDB;Reactome,hallmark_curated;standard_curated
ECD,ENSG00000122882,Tier 2,glycolysis,HALLMARK_GLYCOLYSIS,No,NA,MSigDB,hallmark_curated
ECH1,ENSG00000104823,Tier 2,OXPHOS;cholesterol/isoprenoid,HALLMARK_CHOLESTEROL_HOMEOSTASIS;HALLMARK_OXIDATIVE_PHOSPHORYLATION,Yes,NA,MSigDB,hallmark_curated
ECHS1,ENSG00000127884,Tier 1;Tier 2,BCAA;OXPHOS;fatty-acid oxidation;tryptophan,HALLMARK_OXIDATIVE_PHOSPHORYLATION;KEGG_MEDICUS_REFERENCE_BETA_OXIDATION;KEGG_TRYPTOPHAN_METABOLISM;KEGG_VALINE_LEUCINE_AND_ISOLEUCINE_DEGRADATION;REACTOME_BETA_OXIDATION_OF_BUTANOYL_COA_TO_ACETYL_COA;REACTOME_BETA_OXIDATION_OF_DECANOYL_COA_TO_OCTANOYL_COA_COA;REACTOME_BETA_OXIDATION_OF_HEXANOYL_COA_TO_BUTANOYL_COA;REACTOME_BETA_OXIDATION_OF_LAUROYL_COA_TO_DECANOYL_COA_COA;REACTOME_BETA_OXIDATION_OF_OCTANOYL_COA_TO_HEXANOYL_COA;REACTOME_BRANCHED_CHAIN_AMINO_ACID_CATABOLISM;REACTOME_DISEASES_OF_BRANCHED_CHAIN_AMINO_ACID_CATABOLISM;REACTOME_MITOCHONDRIAL_FATTY_ACID_BETA_OXIDATION;REACTOME_MITOCHONDRIAL_FATTY_ACID_BETA_OXIDATION_OF_SATURATED_FATTY_ACIDS,Yes,NA,KEGG;MSigDB;Reactome,hallmark_curated;standard_curated
ECI2,ENSG00000198721,Tier 1,fatty-acid oxidation,REACTOME_BETA_OXIDATION_OF_VERY_LONG_CHAIN_FATTY_ACIDS,No,NA,Reactome,standard_curated
ECSIT,ENSG00000130159,Tier 1,OXPHOS,REACTOME_AEROBIC_RESPIRATION_AND_RESPIRATORY_ELECTRON_TRANSPORT;REACTOME_RESPIRATORY_ELECTRON_TRANSPORT,Yes,CI_assembly,Reactome,standard_curated
EEPD1,ENSG00000122547,Tier 2,cholesterol/isoprenoid,REACTOME_NR1H3_NR1H2_REGULATE_GENE_EXPRESSION_LINKED_TO_CHOLESTEROL_TRANSPORT_AND_EFFLUX,No,NA,Reactome,standard_curated
EFNA3,ENSG00000143590,Tier 2,glycolysis,HALLMARK_GLYCOLYSIS,No,NA,MSigDB,hallmark_curated
EGFR,ENSG00000146648,Tier 2,glycolysis,HALLMARK_GLYCOLYSIS,No,NA,MSigDB,hallmark_curated
EGLN3,ENSG00000129521,Tier 2,glycolysis,HALLMARK_GLYCOLYSIS,No,NA,MSigDB,hallmark_curated
EHHADH,ENSG00000113790,Tier 1,BCAA;fatty-acid oxidation;tryptophan,KEGG_TRYPTOPHAN_METABOLISM;KEGG_VALINE_LEUCINE_AND_ISOLEUCINE_DEGRADATION;REACTOME_BETA_OXIDATION_OF_VERY_LONG_CHAIN_FATTY_ACIDS,No,NA,KEGG;Reactome,standard_curated
ELF3,ENSG00000163435,Tier 2,glycolysis,HALLMARK_GLYCOLYSIS,No,NA,MSigDB,hallmark_curated
ELOVL6,ENSG00000170522,Tier 2,cholesterol/isoprenoid,REACTOME_REGULATION_OF_CHOLESTEROL_BIOSYNTHESIS_BY_SREBP_SREBF,No,NA,Reactome,standard_curated
ENO1,ENSG00000074800,Tier 1;Tier 2,glycolysis,HALLMARK_GLYCOLYSIS;KEGG_GLYCOLYSIS_GLUCONEOGENESIS;KEGG_MEDICUS_REFERENCE_GLYCOLYSIS;REACTOME_GLUCONEOGENESIS,No,NA,KEGG;MSigDB;Reactome,hallmark_curated;standard_curated
ENO2,ENSG00000111674,Tier 1;Tier 2,glycolysis,HALLMARK_GLYCOLYSIS;KEGG_GLYCOLYSIS_GLUCONEOGENESIS;KEGG_MEDICUS_REFERENCE_GLYCOLYSIS;REACTOME_GLUCONEOGENESIS,No,NA,KEGG;MSigDB;Reactome,hallmark_curated;standard_curated
ENO3,ENSG00000108515,Tier 1,glycolysis,KEGG_GLYCOLYSIS_GLUCONEOGENESIS;KEGG_MEDICUS_REFERENCE_GLYCOLYSIS;REACTOME_GLUCONEOGENESIS,No,NA,KEGG;Reactome,standard_curated
ENOPH1,ENSG00000145293,Tier 1,methionine,KEGG_CYSTEINE_AND_METHIONINE_METABOLISM;REACTOME_METHIONINE_SALVAGE_PATHWAY,No,NA,KEGG;Reactome,standard_curated
ENPP1,ENSG00000197594,Tier 1,NAD;riboflavin,KEGG_NICOTINATE_AND_NICOTINAMIDE_METABOLISM;KEGG_RIBOFLAVIN_METABOLISM;REACTOME_VITAMIN_B2_RIBOFLAVIN_METABOLISM,No,NA,KEGG;Reactome,standard_curated
ENPP3,ENSG00000154269,Tier 1,NAD;riboflavin,KEGG_NICOTINATE_AND_NICOTINAMIDE_METABOLISM;KEGG_RIBOFLAVIN_METABOLISM,No,NA,KEGG,standard_curated
ENPP7,ENSG00000182156,Tier 1,sphingolipid,KEGG_SPHINGOLIPID_METABOLISM;REACTOME_GLYCOSPHINGOLIPID_CATABOLISM;REACTOME_GLYCOSPHINGOLIPID_METABOLISM;REACTOME_SPHINGOLIPID_METABOLISM,No,NA,KEGG;Reactome,standard_curated
EP300,ENSG00000100393,Tier 2,PPP;cholesterol/isoprenoid,REACTOME_NFE2L2_REGULATES_PENTOSE_PHOSPHATE_PATHWAY_GENES;REACTOME_NR1H3_NR1H2_REGULATE_GENE_EXPRESSION_LINKED_TO_CHOLESTEROL_TRANSPORT_AND_EFFLUX,No,NA,Reactome,standard_curated
ERCC2,ENSG00000104884,Tier 1,iron,REACTOME_CYTOSOLIC_IRON_SULFUR_CLUSTER_ASSEMBLY,No,NA,Reactome,standard_curated
ERO1A,ENSG00000197930,Tier 2,glycolysis,HALLMARK_GLYCOLYSIS,No,NA,MSigDB,hallmark_curated
ERRFI1,ENSG00000116285,Tier 2,cholesterol/isoprenoid,HALLMARK_CHOLESTEROL_HOMEOSTASIS,No,NA,MSigDB,hallmark_curated
ESYT1,ENSG00000139641,Tier 1,sphingolipid,REACTOME_GLYCOSPHINGOLIPID_TRANSPORT,No,NA,Reactome,standard_curated
ESYT2,ENSG00000117868,Tier 1,sphingolipid,REACTOME_GLYCOSPHINGOLIPID_TRANSPORT,No,NA,Reactome,standard_curated
ESYT3,ENSG00000158220,Tier 1,sphingolipid,REACTOME_GLYCOSPHINGOLIPID_TRANSPORT,No,NA,Reactome,standard_curated
ETFA,ENSG00000140374,Tier 1;Tier 2,OXPHOS,HALLMARK_OXIDATIVE_PHOSPHORYLATION;REACTOME_AEROBIC_RESPIRATION_AND_RESPIRATORY_ELECTRON_TRANSPORT;REACTOME_RESPIRATORY_ELECTRON_TRANSPORT,Yes,NA,MSigDB;Reactome,hallmark_curated;standard_curated
ETFB,ENSG00000105379,Tier 1;Tier 2,OXPHOS,HALLMARK_OXIDATIVE_PHOSPHORYLATION;REACTOME_AEROBIC_RESPIRATION_AND_RESPIRATORY_ELECTRON_TRANSPORT;REACTOME_RESPIRATORY_ELECTRON_TRANSPORT,Yes,NA,MSigDB;Reactome,hallmark_curated;standard_curated
ETFDH,ENSG00000171503,Tier 1;Tier 2,OXPHOS,HALLMARK_OXIDATIVE_PHOSPHORYLATION;REACTOME_AEROBIC_RESPIRATION_AND_RESPIRATORY_ELECTRON_TRANSPORT;REACTOME_RESPIRATORY_ELECTRON_TRANSPORT,Yes,NA,MSigDB;Reactome,hallmark_curated;standard_curated
ETHE1,ENSG00000105755,Tier 2,cholesterol/isoprenoid,HALLMARK_CHOLESTEROL_HOMEOSTASIS,No,NA,MSigDB,hallmark_curated
EXT1,ENSG00000182197,Tier 2,glycolysis,HALLMARK_GLYCOLYSIS,No,NA,MSigDB,hallmark_curated
EXT2,ENSG00000151348,Tier 2,glycolysis,HALLMARK_GLYCOLYSIS,No,NA,MSigDB,hallmark_curated
FA2H,ENSG00000103089,Tier 1,sphingolipid,REACTOME_SPHINGOLIPID_DE_NOVO_BIOSYNTHESIS;REACTOME_SPHINGOLIPID_METABOLISM,No,NA,Reactome,standard_curated
FADS2,ENSG00000134824,Tier 2,cholesterol/isoprenoid,HALLMARK_CHOLESTEROL_HOMEOSTASIS,No,NA,MSigDB,hallmark_curated
FAHD1,ENSG00000180185,Tier 1,OXPHOS,REACTOME_AEROBIC_RESPIRATION_AND_RESPIRATORY_ELECTRON_TRANSPORT,Yes,NA,Reactome,standard_curated
FAM162A,ENSG00000114023,Tier 2,glycolysis,HALLMARK_GLYCOLYSIS,No,NA,MSigDB,hallmark_curated
FASN,ENSG00000169710,Tier 2,cholesterol/isoprenoid;fatty-acid synthesis,HALLMARK_CHOLESTEROL_HOMEOSTASIS;REACTOME_NR1H2_NR1H3_REGULATE_GENE_EXPRESSION_LINKED_TO_LIPOGENESIS;REACTOME_REGULATION_OF_CHOLESTEROL_BIOSYNTHESIS_BY_SREBP_SREBF,No,NA,MSigDB;Reactome,hallmark_curated;standard_curated
FBP1,ENSG00000165140,Tier 1,PPP;glycolysis,KEGG_GLYCOLYSIS_GLUCONEOGENESIS;KEGG_PENTOSE_PHOSPHATE_PATHWAY;REACTOME_GLUCONEOGENESIS,No,NA,KEGG;Reactome,standard_curated
FBP2,ENSG00000130957,Tier 1;Tier 2,PPP;glycolysis,HALLMARK_GLYCOLYSIS;KEGG_GLYCOLYSIS_GLUCONEOGENESIS;KEGG_PENTOSE_PHOSPHATE_PATHWAY;REACTOME_GLUCONEOGENESIS,No,NA,KEGG;MSigDB;Reactome,hallmark_curated;standard_curated
FBXL5,ENSG00000118564,Tier 1,iron,REACTOME_IRON_UPTAKE_AND_TRANSPORT,No,NA,Reactome,standard_curated
FBXO6,ENSG00000116663,Tier 2,cholesterol/isoprenoid,HALLMARK_CHOLESTEROL_HOMEOSTASIS,No,NA,MSigDB,hallmark_curated
FDFT1,ENSG00000079459,Tier 1;Tier 2,cholesterol/isoprenoid,HALLMARK_CHOLESTEROL_HOMEOSTASIS;KEGG_MEDICUS_REFERENCE_CHOLESTEROL_BIOSYNTHESIS;REACTOME_CHOLESTEROL_BIOSYNTHESIS;REACTOME_REGULATION_OF_CHOLESTEROL_BIOSYNTHESIS_BY_SREBP_SREBF,No,NA,KEGG;MSigDB;Reactome,hallmark_curated;standard_curated
FDPS,ENSG00000160752,Tier 1;Tier 2,cholesterol/isoprenoid,HALLMARK_CHOLESTEROL_HOMEOSTASIS;KEGG_MEDICUS_REFERENCE_MEVALONATE_PATHWAY;KEGG_TERPENOID_BACKBONE_BIOSYNTHESIS;REACTOME_CHOLESTEROL_BIOSYNTHESIS;REACTOME_REGULATION_OF_CHOLESTEROL_BIOSYNTHESIS_BY_SREBP_SREBF,No,NA,KEGG;MSigDB;Reactome,hallmark_curated;standard_curated
FDX2,ENSG00000267673,Tier 1,cholesterol/isoprenoid;iron,REACTOME_ENDOGENOUS_STEROLS;REACTOME_MITOCHONDRIAL_IRON_SULFUR_CLUSTER_BIOGENESIS,No,FeS_biogenesis,Reactome,standard_curated
FDXR,ENSG00000161513,Tier 1,cholesterol/isoprenoid;iron,REACTOME_ENDOGENOUS_STEROLS;REACTOME_MITOCHONDRIAL_IRON_SULFUR_CLUSTER_BIOGENESIS,No,FeS_biogenesis,Reactome,standard_curated
FGF21,ENSG00000105550,Tier 1,glucose transport,REACTOME_CELLULAR_HEXOSE_TRANSPORT,No,NA,Reactome,standard_curated
FH,ENSG00000091483,Tier 1;Tier 2,OXPHOS;TCA,HALLMARK_OXIDATIVE_PHOSPHORYLATION;KEGG_CITRATE_CYCLE_TCA_CYCLE;REACTOME_AEROBIC_RESPIRATION_AND_RESPIRATORY_ELECTRON_TRANSPORT;REACTOME_CITRIC_ACID_CYCLE_TCA_CYCLE,Yes,TCA_respiratory,KEGG;MSigDB;Reactome,hallmark_curated;standard_curated
FKBP4,ENSG00000004478,Tier 2,glycolysis,HALLMARK_GLYCOLYSIS,No,NA,MSigDB,hallmark_curated
FLAD1,ENSG00000160688,Tier 1,riboflavin,KEGG_RIBOFLAVIN_METABOLISM;REACTOME_VITAMIN_B2_RIBOFLAVIN_METABOLISM,No,NA,KEGG;Reactome,standard_curated
FLVCR1,ENSG00000162769,Tier 1,iron,REACTOME_IRON_UPTAKE_AND_TRANSPORT,No,NA,Reactome,standard_curated
FOLR2,ENSG00000165457,Tier 1,folate,REACTOME_METABOLISM_OF_FOLATE_AND_PTERINES,No,NA,Reactome,standard_curated
FOXRED1,ENSG00000110074,Tier 1,OXPHOS,REACTOME_AEROBIC_RESPIRATION_AND_RESPIRATORY_ELECTRON_TRANSPORT;REACTOME_RESPIRATORY_ELECTRON_TRANSPORT,Yes,CI_assembly,Reactome,standard_curated
FPGS,ENSG00000136877,Tier 1,folate,KEGG_FOLATE_BIOSYNTHESIS;REACTOME_METABOLISM_OF_FOLATE_AND_PTERINES,No,NA,KEGG;Reactome,standard_curated
FTCD,ENSG00000160282,Tier 1,folate;serine/glycine/one-carbon,KEGG_ONE_CARBON_POOL_BY_FOLATE,No,NA,KEGG,standard_curated
FTMT,ENSG00000181867,Tier 1,iron,REACTOME_IRON_UPTAKE_AND_TRANSPORT,No,NA,Reactome,standard_curated
FUT1,ENSG00000174951,Tier 1,sphingolipid,KEGG_GLYCOSPHINGOLIPID_BIOSYNTHESIS_GLOBO_SERIES;KEGG_GLYCOSPHINGOLIPID_BIOSYNTHESIS_LACTO_AND_NEOLACTO_SERIES;REACTOME_GLYCOSPHINGOLIPID_BIOSYNTHESIS;REACTOME_GLYCOSPHINGOLIPID_METABOLISM;REACTOME_SPHINGOLIPID_METABOLISM,No,NA,KEGG;Reactome,standard_curated
FUT2,ENSG00000176920,Tier 1,sphingolipid,KEGG_GLYCOSPHINGOLIPID_BIOSYNTHESIS_GLOBO_SERIES;KEGG_GLYCOSPHINGOLIPID_BIOSYNTHESIS_LACTO_AND_NEOLACTO_SERIES;REACTOME_GLYCOSPHINGOLIPID_BIOSYNTHESIS;REACTOME_GLYCOSPHINGOLIPID_METABOLISM;REACTOME_SPHINGOLIPID_METABOLISM,No,NA,KEGG;Reactome,standard_curated
FUT4,ENSG00000196371,Tier 1,sphingolipid,KEGG_GLYCOSPHINGOLIPID_BIOSYNTHESIS_LACTO_AND_NEOLACTO_SERIES,No,NA,KEGG,standard_curated
FUT5,ENSG00000130383,Tier 1,sphingolipid,KEGG_GLYCOSPHINGOLIPID_BIOSYNTHESIS_LACTO_AND_NEOLACTO_SERIES,No,NA,KEGG,standard_curated
FUT6,ENSG00000156413,Tier 1,sphingolipid,KEGG_GLYCOSPHINGOLIPID_BIOSYNTHESIS_LACTO_AND_NEOLACTO_SERIES,No,NA,KEGG,standard_curated
FUT7,ENSG00000180549,Tier 1,sphingolipid,KEGG_GLYCOSPHINGOLIPID_BIOSYNTHESIS_LACTO_AND_NEOLACTO_SERIES,No,NA,KEGG,standard_curated
FUT8,ENSG00000033170,Tier 2,glycolysis,HALLMARK_GLYCOLYSIS,No,NA,MSigDB,hallmark_curated
FUT9,ENSG00000172461,Tier 1,sphingolipid,KEGG_GLYCOSPHINGOLIPID_BIOSYNTHESIS_GLOBO_SERIES;KEGG_GLYCOSPHINGOLIPID_BIOSYNTHESIS_LACTO_AND_NEOLACTO_SERIES,No,NA,KEGG,standard_curated
FXN,ENSG00000165060,Tier 1;Tier 2,OXPHOS;TCA;iron,HALLMARK_OXIDATIVE_PHOSPHORYLATION;REACTOME_AEROBIC_RESPIRATION_AND_RESPIRATORY_ELECTRON_TRANSPORT;REACTOME_CITRIC_ACID_CYCLE_TCA_CYCLE;REACTOME_MATURATION_OF_TCA_ENZYMES_AND_REGULATION_OF_TCA_CYCLE;REACTOME_MITOCHONDRIAL_IRON_SULFUR_CLUSTER_BIOGENESIS;REACTOME_RESPIRATORY_ELECTRON_TRANSPORT,Yes,FeS_biogenesis;CIII_assembly;TCA_respiratory;mito_import,MSigDB;Reactome,hallmark_curated;standard_curated
G6PC1,ENSG00000131482,Tier 1,glycolysis,KEGG_GLYCOLYSIS_GLUCONEOGENESIS;REACTOME_GLUCONEOGENESIS,No,NA,KEGG;Reactome,standard_curated
G6PC2,ENSG00000152254,Tier 1,glycolysis,KEGG_GLYCOLYSIS_GLUCONEOGENESIS;REACTOME_GLUCONEOGENESIS,No,NA,KEGG;Reactome,standard_curated
G6PC3,ENSG00000141349,Tier 1,glycolysis,REACTOME_GLUCONEOGENESIS,No,NA,Reactome,standard_curated
G6PD,ENSG00000160211,Tier 1;Tier 2,PPP;glycolysis,HALLMARK_GLYCOLYSIS;KEGG_PENTOSE_PHOSPHATE_PATHWAY;REACTOME_NFE2L2_REGULATES_PENTOSE_PHOSPHATE_PATHWAY_GENES;REACTOME_PENTOSE_PHOSPHATE_PATHWAY,No,NA,KEGG;MSigDB;Reactome,hallmark_curated;standard_curated
GABBR1,ENSG00000204681,Tier 1,glutamine/glutamate,REACTOME_CLASS_C_3_METABOTROPIC_GLUTAMATE_PHEROMONE_RECEPTORS,No,NA,Reactome,standard_curated
GABBR2,ENSG00000136928,Tier 1,glutamine/glutamate,REACTOME_CLASS_C_3_METABOTROPIC_GLUTAMATE_PHEROMONE_RECEPTORS,No,NA,Reactome,standard_curated
GAD1,ENSG00000128683,Tier 1,glutamine/glutamate,KEGG_ALANINE_ASPARTATE_AND_GLUTAMATE_METABOLISM,No,NA,KEGG,standard_curated
GAD2,ENSG00000136750,Tier 1,glutamine/glutamate,KEGG_ALANINE_ASPARTATE_AND_GLUTAMATE_METABOLISM,No,NA,KEGG,standard_curated
GAL3ST1,ENSG00000128242,Tier 1;Tier 2,glycolysis;sphingolipid,HALLMARK_GLYCOLYSIS;KEGG_SPHINGOLIPID_METABOLISM;REACTOME_GLYCOSPHINGOLIPID_BIOSYNTHESIS;REACTOME_GLYCOSPHINGOLIPID_METABOLISM;REACTOME_SPHINGOLIPID_METABOLISM,No,NA,KEGG;MSigDB;Reactome,hallmark_curated;standard_curated
GALC,ENSG00000054983,Tier 1,sphingolipid,KEGG_SPHINGOLIPID_METABOLISM;REACTOME_GLYCOSPHINGOLIPID_CATABOLISM;REACTOME_GLYCOSPHINGOLIPID_METABOLISM;REACTOME_SPHINGOLIPID_METABOLISM,No,NA,KEGG;Reactome,standard_curated
GALE,ENSG00000117308,Tier 2,glycolysis,HALLMARK_GLYCOLYSIS,No,NA,MSigDB,hallmark_curated
GALK1,ENSG00000108479,Tier 2,glycolysis,HALLMARK_GLYCOLYSIS,No,NA,MSigDB,hallmark_curated
GALK2,ENSG00000156958,Tier 2,glycolysis,HALLMARK_GLYCOLYSIS,No,NA,MSigDB,hallmark_curated
GALM,ENSG00000143891,Tier 1,glycolysis,KEGG_GLYCOLYSIS_GLUCONEOGENESIS,No,NA,KEGG,standard_curated
GAMT,ENSG00000130005,Tier 1,arginine;serine/glycine/one-carbon,KEGG_ARGININE_AND_PROLINE_METABOLISM;KEGG_GLYCINE_SERINE_AND_THREONINE_METABOLISM,No,NA,KEGG,standard_curated
GAPDHS,ENSG00000105679,Tier 1;Tier 2,glycolysis,HALLMARK_GLYCOLYSIS;REACTOME_GLUCONEOGENESIS,No,NA,MSigDB;Reactome,hallmark_curated;standard_curated
GART,ENSG00000159131,Tier 1,folate;serine/glycine/one-carbon,KEGG_ONE_CARBON_POOL_BY_FOLATE,No,NA,KEGG,standard_curated
GATM,ENSG00000171766,Tier 1,arginine;serine/glycine/one-carbon,KEGG_ARGININE_AND_PROLINE_METABOLISM;KEGG_GLYCINE_SERINE_AND_THREONINE_METABOLISM,No,NA,KEGG,standard_curated
GBA1,ENSG00000177628,Tier 1,sphingolipid,KEGG_SPHINGOLIPID_METABOLISM;REACTOME_GLYCOSPHINGOLIPID_CATABOLISM;REACTOME_GLYCOSPHINGOLIPID_METABOLISM;REACTOME_SPHINGOLIPID_METABOLISM,No,NA,KEGG;Reactome,standard_curated
GBA2,ENSG00000070610,Tier 1,sphingolipid,REACTOME_GLYCOSPHINGOLIPID_CATABOLISM;REACTOME_GLYCOSPHINGOLIPID_METABOLISM;REACTOME_SPHINGOLIPID_METABOLISM,No,NA,Reactome,standard_curated
GBGT1,ENSG00000148288,Tier 1,sphingolipid,KEGG_GLYCOSPHINGOLIPID_BIOSYNTHESIS_GLOBO_SERIES,No,NA,KEGG,standard_curated
GCAT,ENSG00000100116,Tier 1,serine/glycine/one-carbon,KEGG_GLYCINE_SERINE_AND_THREONINE_METABOLISM,No,NA,KEGG,standard_curated
GCDH,ENSG00000105607,Tier 1,tryptophan,KEGG_TRYPTOPHAN_METABOLISM,No,NA,KEGG,standard_curated
GCH1,ENSG00000131979,Tier 1,folate,KEGG_FOLATE_BIOSYNTHESIS,No,NA,KEGG,standard_curated
GCK,ENSG00000106633,Tier 1,glycolysis,KEGG_GLYCOLYSIS_GLUCONEOGENESIS,No,NA,KEGG,standard_curated
GCLC,ENSG00000001084,Tier 2,glycolysis,HALLMARK_GLYCOLYSIS,No,NA,MSigDB,hallmark_curated
GCNT2,ENSG00000111846,Tier 1,sphingolipid,KEGG_GLYCOSPHINGOLIPID_BIOSYNTHESIS_LACTO_AND_NEOLACTO_SERIES,No,NA,KEGG,standard_curated
GFPT1,ENSG00000198380,Tier 1;Tier 2,glutamine/glutamate;glycolysis,HALLMARK_GLYCOLYSIS;KEGG_ALANINE_ASPARTATE_AND_GLUTAMATE_METABOLISM,No,NA,KEGG;MSigDB,hallmark_curated;standard_curated
GFPT2,ENSG00000131459,Tier 1,glutamine/glutamate,KEGG_ALANINE_ASPARTATE_AND_GLUTAMATE_METABOLISM,No,NA,KEGG,standard_curated
GFUS,ENSG00000104522,Tier 2,glycolysis,HALLMARK_GLYCOLYSIS,No,NA,MSigDB,hallmark_curated
GGH,ENSG00000137563,Tier 1,folate,KEGG_FOLATE_BIOSYNTHESIS,No,NA,KEGG,standard_curated
GGPS1,ENSG00000152904,Tier 1;Tier 2,cholesterol/isoprenoid,KEGG_MEDICUS_REFERENCE_MEVALONATE_PATHWAY;KEGG_TERPENOID_BACKBONE_BIOSYNTHESIS;REACTOME_CHOLESTEROL_BIOSYNTHESIS;REACTOME_REGULATION_OF_CHOLESTEROL_BIOSYNTHESIS_BY_SREBP_SREBF,No,NA,KEGG;Reactome,standard_curated
GID4,ENSG00000141034,Tier 1,OXPHOS,REACTOME_AEROBIC_RESPIRATION_AND_RESPIRATORY_ELECTRON_TRANSPORT,Yes,NA,Reactome,standard_curated
GID8,ENSG00000101193,Tier 1,OXPHOS,REACTOME_AEROBIC_RESPIRATION_AND_RESPIRATORY_ELECTRON_TRANSPORT,Yes,NA,Reactome,standard_curated
GLA,ENSG00000102393,Tier 1,sphingolipid,KEGG_GLYCOSPHINGOLIPID_BIOSYNTHESIS_GLOBO_SERIES;KEGG_SPHINGOLIPID_METABOLISM;REACTOME_GLYCOSPHINGOLIPID_CATABOLISM;REACTOME_GLYCOSPHINGOLIPID_METABOLISM;REACTOME_SPHINGOLIPID_METABOLISM,No,NA,KEGG;Reactome,standard_curated
GLB1,ENSG00000170266,Tier 1,sphingolipid,KEGG_GLYCOSPHINGOLIPID_BIOSYNTHESIS_GANGLIO_SERIES;KEGG_SPHINGOLIPID_METABOLISM;REACTOME_GLYCOSPHINGOLIPID_CATABOLISM;REACTOME_GLYCOSPHINGOLIPID_METABOLISM;REACTOME_SPHINGOLIPID_METABOLISM,No,NA,KEGG;Reactome,standard_curated
GLB1L,ENSG00000163521,Tier 1,sphingolipid,REACTOME_GLYCOSPHINGOLIPID_CATABOLISM;REACTOME_GLYCOSPHINGOLIPID_METABOLISM;REACTOME_SPHINGOLIPID_METABOLISM,No,NA,Reactome,standard_curated
GLB1L2,ENSG00000149328,Tier 1,sphingolipid,REACTOME_GLYCOSPHINGOLIPID_CATABOLISM;REACTOME_GLYCOSPHINGOLIPID_METABOLISM;REACTOME_SPHINGOLIPID_METABOLISM,No,NA,Reactome,standard_curated
GLB1L3,ENSG00000166105,Tier 1,sphingolipid,REACTOME_GLYCOSPHINGOLIPID_CATABOLISM;REACTOME_GLYCOSPHINGOLIPID_METABOLISM;REACTOME_SPHINGOLIPID_METABOLISM,No,NA,Reactome,standard_curated
GLCE,ENSG00000138604,Tier 2,glycolysis,HALLMARK_GLYCOLYSIS,No,NA,MSigDB,hallmark_curated
GLDC,ENSG00000178445,Tier 1;Tier 2,cholesterol/isoprenoid;serine/glycine/one-carbon,HALLMARK_CHOLESTEROL_HOMEOSTASIS;KEGG_GLYCINE_SERINE_AND_THREONINE_METABOLISM;REACTOME_GLYCINE_DEGRADATION;REACTOME_GLYOXYLATE_METABOLISM_AND_GLYCINE_DEGRADATION,No,NA,KEGG;MSigDB;Reactome,hallmark_curated;standard_curated
GLO1,ENSG00000124767,Tier 1,OXPHOS,REACTOME_AEROBIC_RESPIRATION_AND_RESPIRATORY_ELECTRON_TRANSPORT,Yes,NA,Reactome,standard_curated
GLRX3,ENSG00000108010,Tier 1,iron,REACTOME_IRON_UPTAKE_AND_TRANSPORT,No,NA,Reactome,standard_curated
GLRX5,ENSG00000182512,Tier 1,iron,REACTOME_MITOCHONDRIAL_IRON_SULFUR_CLUSTER_BIOGENESIS,No,FeS_biogenesis,Reactome,standard_curated
GLS,ENSG00000115419,Tier 1,arginine;glutamine/glutamate,KEGG_ALANINE_ASPARTATE_AND_GLUTAMATE_METABOLISM;KEGG_ARGININE_AND_PROLINE_METABOLISM;REACTOME_GLUTAMATE_AND_GLUTAMINE_METABOLISM;REACTOME_GLUTAMATE_NEUROTRANSMITTER_RELEASE_CYCLE,No,NA,KEGG;Reactome,standard_curated
GLS2,ENSG00000135423,Tier 1,arginine;glutamine/glutamate,KEGG_ALANINE_ASPARTATE_AND_GLUTAMATE_METABOLISM;KEGG_ARGININE_AND_PROLINE_METABOLISM;REACTOME_GLUTAMATE_AND_GLUTAMINE_METABOLISM;REACTOME_GLUTAMATE_NEUROTRANSMITTER_RELEASE_CYCLE,No,NA,KEGG;Reactome,standard_curated
GLTP,ENSG00000139433,Tier 1,sphingolipid,REACTOME_GLYCOSPHINGOLIPID_TRANSPORT,No,NA,Reactome,standard_curated
GLUD1,ENSG00000148672,Tier 1;Tier 2,OXPHOS;arginine;glutamine/glutamate,HALLMARK_OXIDATIVE_PHOSPHORYLATION;KEGG_ALANINE_ASPARTATE_AND_GLUTAMATE_METABOLISM;KEGG_ARGININE_AND_PROLINE_METABOLISM;REACTOME_GLUTAMATE_AND_GLUTAMINE_METABOLISM,Yes,NA,KEGG;MSigDB;Reactome,hallmark_curated;standard_curated
GLUD2,ENSG00000182890,Tier 1,arginine;glutamine/glutamate,KEGG_ALANINE_ASPARTATE_AND_GLUTAMATE_METABOLISM;KEGG_ARGININE_AND_PROLINE_METABOLISM;REACTOME_GLUTAMATE_AND_GLUTAMINE_METABOLISM,No,NA,KEGG;Reactome,standard_curated
GLYAT,ENSG00000149124,Tier 1,serine/glycine/one-carbon,REACTOME_CONJUGATION_OF_BENZOATE_WITH_GLYCINE,No,NA,Reactome,standard_curated
GLYATL1,ENSG00000166840,Tier 1,serine/glycine/one-carbon,REACTOME_CONJUGATION_OF_BENZOATE_WITH_GLYCINE,No,NA,Reactome,standard_curated
GLYATL2,ENSG00000156689,Tier 1,serine/glycine/one-carbon,REACTOME_CONJUGATION_OF_BENZOATE_WITH_GLYCINE,No,NA,Reactome,standard_curated
GLYATL3,ENSG00000203972,Tier 1,serine/glycine/one-carbon,REACTOME_CONJUGATION_OF_BENZOATE_WITH_GLYCINE,No,NA,Reactome,standard_curated
GLYCTK,ENSG00000168237,Tier 1,serine/glycine/one-carbon,KEGG_GLYCINE_SERINE_AND_THREONINE_METABOLISM,No,NA,KEGG,standard_curated
GM2A,ENSG00000196743,Tier 1,sphingolipid,REACTOME_GLYCOSPHINGOLIPID_CATABOLISM;REACTOME_GLYCOSPHINGOLIPID_METABOLISM;REACTOME_SPHINGOLIPID_METABOLISM,No,NA,Reactome,standard_curated
GMPPA,ENSG00000144591,Tier 2,glycolysis,HALLMARK_GLYCOLYSIS,No,NA,MSigDB,hallmark_curated
GMPPB,ENSG00000173540,Tier 2,glycolysis,HALLMARK_GLYCOLYSIS,No,NA,MSigDB,hallmark_curated
GNAI1,ENSG00000127955,Tier 2,cholesterol/isoprenoid,HALLMARK_CHOLESTEROL_HOMEOSTASIS,No,NA,MSigDB,hallmark_curated
GNB1,ENSG00000078369,Tier 1,glutamine/glutamate,REACTOME_ACTIVATION_OF_KAINATE_RECEPTORS_UPON_GLUTAMATE_BINDING,No,NA,Reactome,standard_curated
GNB2,ENSG00000172354,Tier 1,glutamine/glutamate,REACTOME_ACTIVATION_OF_KAINATE_RECEPTORS_UPON_GLUTAMATE_BINDING,No,NA,Reactome,standard_curated
GNB3,ENSG00000111664,Tier 1,glutamine/glutamate,REACTOME_ACTIVATION_OF_KAINATE_RECEPTORS_UPON_GLUTAMATE_BINDING,No,NA,Reactome,standard_curated
GNB4,ENSG00000114450,Tier 1,glutamine/glutamate,REACTOME_ACTIVATION_OF_KAINATE_RECEPTORS_UPON_GLUTAMATE_BINDING,No,NA,Reactome,standard_curated
GNB5,ENSG00000069966,Tier 1,glutamine/glutamate,REACTOME_ACTIVATION_OF_KAINATE_RECEPTORS_UPON_GLUTAMATE_BINDING,No,NA,Reactome,standard_curated
GNE,ENSG00000159921,Tier 2,glycolysis,HALLMARK_GLYCOLYSIS,No,NA,MSigDB,hallmark_curated
GNG12,ENSG00000172380,Tier 1,glutamine/glutamate,REACTOME_ACTIVATION_OF_KAINATE_RECEPTORS_UPON_GLUTAMATE_BINDING,No,NA,Reactome,standard_curated
GNG13,ENSG00000127588,Tier 1,glutamine/glutamate,REACTOME_ACTIVATION_OF_KAINATE_RECEPTORS_UPON_GLUTAMATE_BINDING,No,NA,Reactome,standard_curated
GNG2,ENSG00000186469,Tier 1,glutamine/glutamate,REACTOME_ACTIVATION_OF_KAINATE_RECEPTORS_UPON_GLUTAMATE_BINDING,No,NA,Reactome,standard_curated
GNG3,ENSG00000162188,Tier 1,glutamine/glutamate,REACTOME_ACTIVATION_OF_KAINATE_RECEPTORS_UPON_GLUTAMATE_BINDING,No,NA,Reactome,standard_curated
GNG4,ENSG00000168243,Tier 1,glutamine/glutamate,REACTOME_ACTIVATION_OF_KAINATE_RECEPTORS_UPON_GLUTAMATE_BINDING,No,NA,Reactome,standard_curated
GNG7,ENSG00000176533,Tier 1,glutamine/glutamate,REACTOME_ACTIVATION_OF_KAINATE_RECEPTORS_UPON_GLUTAMATE_BINDING,No,NA,Reactome,standard_curated
GNG8,ENSG00000167414,Tier 1,glutamine/glutamate,REACTOME_ACTIVATION_OF_KAINATE_RECEPTORS_UPON_GLUTAMATE_BINDING,No,NA,Reactome,standard_curated
GNGT2,ENSG00000167083,Tier 1,glutamine/glutamate,REACTOME_ACTIVATION_OF_KAINATE_RECEPTORS_UPON_GLUTAMATE_BINDING,No,NA,Reactome,standard_curated
GNMT,ENSG00000124713,Tier 1,methionine;serine/glycine/one-carbon,KEGG_GLYCINE_SERINE_AND_THREONINE_METABOLISM;KEGG_MEDICUS_REFERENCE_METHIONINE_DEGRADATION;REACTOME_GLYOXYLATE_METABOLISM_AND_GLYCINE_DEGRADATION,No,NA,KEGG;Reactome,standard_curated
GNPDA1,ENSG00000113552,Tier 2,glycolysis,HALLMARK_GLYCOLYSIS,No,NA,MSigDB,hallmark_curated
GOT1,ENSG00000120053,Tier 1;Tier 2,OXPHOS;arginine;glutamine/glutamate;glycolysis;methionine,HALLMARK_GLYCOLYSIS;KEGG_ALANINE_ASPARTATE_AND_GLUTAMATE_METABOLISM;KEGG_ARGININE_AND_PROLINE_METABOLISM;KEGG_CYSTEINE_AND_METHIONINE_METABOLISM;REACTOME_AEROBIC_RESPIRATION_AND_RESPIRATORY_ELECTRON_TRANSPORT;REACTOME_METHIONINE_SALVAGE_PATHWAY;REACTOME_RESPIRATORY_ELECTRON_TRANSPORT,Yes,NA,KEGG;MSigDB;Reactome,hallmark_curated;standard_curated
GPAM,ENSG00000119927,Tier 2,cholesterol/isoprenoid,REACTOME_REGULATION_OF_CHOLESTEROL_BIOSYNTHESIS_BY_SREBP_SREBF,No,NA,Reactome,standard_curated
GPC1,ENSG00000063660,Tier 2,glycolysis,HALLMARK_GLYCOLYSIS,No,NA,MSigDB,hallmark_curated
GPC3,ENSG00000147257,Tier 2,glycolysis,HALLMARK_GLYCOLYSIS,No,NA,MSigDB,hallmark_curated
GPC4,ENSG00000076716,Tier 2,glycolysis,HALLMARK_GLYCOLYSIS,No,NA,MSigDB,hallmark_curated
GPI,ENSG00000105220,Tier 1;Tier 2,OXPHOS;PPP;glycolysis,HALLMARK_OXIDATIVE_PHOSPHORYLATION;KEGG_GLYCOLYSIS_GLUCONEOGENESIS;KEGG_MEDICUS_REFERENCE_GLYCOLYSIS;KEGG_PENTOSE_PHOSPHATE_PATHWAY;REACTOME_GLUCONEOGENESIS,Yes,NA,KEGG;MSigDB;Reactome,hallmark_curated;standard_curated
GPR87,ENSG00000138271,Tier 2,glycolysis,HALLMARK_GLYCOLYSIS,No,NA,MSigDB,hallmark_curated
GPRC6A,ENSG00000173612,Tier 1,glutamine/glutamate,REACTOME_CLASS_C_3_METABOTROPIC_GLUTAMATE_PHEROMONE_RECEPTORS,No,NA,Reactome,standard_curated
GPS2,ENSG00000132522,Tier 2,cholesterol/isoprenoid,REACTOME_NR1H3_NR1H2_REGULATE_GENE_EXPRESSION_LINKED_TO_CHOLESTEROL_TRANSPORT_AND_EFFLUX,No,NA,Reactome,standard_curated
GPT,ENSG00000167701,Tier 1,OXPHOS;glutamine/glutamate,KEGG_ALANINE_ASPARTATE_AND_GLUTAMATE_METABOLISM;REACTOME_AEROBIC_RESPIRATION_AND_RESPIRATORY_ELECTRON_TRANSPORT,Yes,NA,KEGG;Reactome,standard_curated
GPT2,ENSG00000166123,Tier 1,glutamine/glutamate,KEGG_ALANINE_ASPARTATE_AND_GLUTAMATE_METABOLISM,No,NA,KEGG,standard_curated
GPX4,ENSG00000167468,Tier 2,OXPHOS,HALLMARK_OXIDATIVE_PHOSPHORYLATION,Yes,NA,MSigDB,hallmark_curated
GPX8,ENSG00000164294,Tier 2,cholesterol/isoprenoid,HALLMARK_CHOLESTEROL_HOMEOSTASIS,No,NA,MSigDB,hallmark_curated
GRHPR,ENSG00000137106,Tier 1,serine/glycine/one-carbon,REACTOME_GLYOXYLATE_METABOLISM_AND_GLYCINE_DEGRADATION,No,NA,Reactome,standard_curated
GRIA1,ENSG00000155511,Tier 1,glutamine/glutamate,REACTOME_UNBLOCKING_OF_NMDA_RECEPTORS_GLUTAMATE_BINDING_AND_ACTIVATION,No,NA,Reactome,standard_curated
GRIA2,ENSG00000120251,Tier 1,glutamine/glutamate,REACTOME_UNBLOCKING_OF_NMDA_RECEPTORS_GLUTAMATE_BINDING_AND_ACTIVATION,No,NA,Reactome,standard_curated
GRIA3,ENSG00000125675,Tier 1,glutamine/glutamate,REACTOME_UNBLOCKING_OF_NMDA_RECEPTORS_GLUTAMATE_BINDING_AND_ACTIVATION,No,NA,Reactome,standard_curated
GRIA4,ENSG00000152578,Tier 1,glutamine/glutamate,REACTOME_UNBLOCKING_OF_NMDA_RECEPTORS_GLUTAMATE_BINDING_AND_ACTIVATION,No,NA,Reactome,standard_curated
GRIK1,ENSG00000171189,Tier 1,glutamine/glutamate,REACTOME_ACTIVATION_OF_KAINATE_RECEPTORS_UPON_GLUTAMATE_BINDING,No,NA,Reactome,standard_curated
GRIK2,ENSG00000164418,Tier 1,glutamine/glutamate,REACTOME_ACTIVATION_OF_KAINATE_RECEPTORS_UPON_GLUTAMATE_BINDING,No,NA,Reactome,standard_curated
GRIK3,ENSG00000163873,Tier 1,glutamine/glutamate,REACTOME_ACTIVATION_OF_KAINATE_RECEPTORS_UPON_GLUTAMATE_BINDING,No,NA,Reactome,standard_curated
GRIK4,ENSG00000149403,Tier 1,glutamine/glutamate,REACTOME_ACTIVATION_OF_KAINATE_RECEPTORS_UPON_GLUTAMATE_BINDING,No,NA,Reactome,standard_curated
GRIK5,ENSG00000105737,Tier 1,glutamine/glutamate,REACTOME_ACTIVATION_OF_KAINATE_RECEPTORS_UPON_GLUTAMATE_BINDING,No,NA,Reactome,standard_curated
GRIN1,ENSG00000176884,Tier 1,glutamine/glutamate,REACTOME_UNBLOCKING_OF_NMDA_RECEPTORS_GLUTAMATE_BINDING_AND_ACTIVATION,No,NA,Reactome,standard_curated
GRIN2A,ENSG00000183454,Tier 1,glutamine/glutamate,REACTOME_UNBLOCKING_OF_NMDA_RECEPTORS_GLUTAMATE_BINDING_AND_ACTIVATION,No,NA,Reactome,standard_curated
GRIN2B,ENSG00000273079,Tier 1,glutamine/glutamate,REACTOME_UNBLOCKING_OF_NMDA_RECEPTORS_GLUTAMATE_BINDING_AND_ACTIVATION,No,NA,Reactome,standard_curated
GRIN2C,ENSG00000161509,Tier 1,glutamine/glutamate,REACTOME_UNBLOCKING_OF_NMDA_RECEPTORS_GLUTAMATE_BINDING_AND_ACTIVATION,No,NA,Reactome,standard_curated
GRIN2D,ENSG00000105464,Tier 1,glutamine/glutamate,REACTOME_UNBLOCKING_OF_NMDA_RECEPTORS_GLUTAMATE_BINDING_AND_ACTIVATION,No,NA,Reactome,standard_curated
GRM1,ENSG00000152822,Tier 1,glutamine/glutamate,REACTOME_CLASS_C_3_METABOTROPIC_GLUTAMATE_PHEROMONE_RECEPTORS,No,NA,Reactome,standard_curated
GRM2,ENSG00000164082,Tier 1,glutamine/glutamate,REACTOME_CLASS_C_3_METABOTROPIC_GLUTAMATE_PHEROMONE_RECEPTORS,No,NA,Reactome,standard_curated
GRM3,ENSG00000198822,Tier 1,glutamine/glutamate,REACTOME_CLASS_C_3_METABOTROPIC_GLUTAMATE_PHEROMONE_RECEPTORS,No,NA,Reactome,standard_curated
GRM4,ENSG00000124493,Tier 1,glutamine/glutamate,REACTOME_CLASS_C_3_METABOTROPIC_GLUTAMATE_PHEROMONE_RECEPTORS,No,NA,Reactome,standard_curated
GRM5,ENSG00000168959,Tier 1,glutamine/glutamate,REACTOME_CLASS_C_3_METABOTROPIC_GLUTAMATE_PHEROMONE_RECEPTORS,No,NA,Reactome,standard_curated
GRM6,ENSG00000113262,Tier 1,glutamine/glutamate,REACTOME_CLASS_C_3_METABOTROPIC_GLUTAMATE_PHEROMONE_RECEPTORS,No,NA,Reactome,standard_curated
GRM7,ENSG00000196277,Tier 1,glutamine/glutamate,REACTOME_CLASS_C_3_METABOTROPIC_GLUTAMATE_PHEROMONE_RECEPTORS,No,NA,Reactome,standard_curated
GRPEL1,ENSG00000109519,Tier 2,OXPHOS,HALLMARK_OXIDATIVE_PHOSPHORYLATION,Yes,mito_import,MSigDB,hallmark_curated
GSTM2,ENSG00000213366,Tier 2,cholesterol/isoprenoid,HALLMARK_CHOLESTEROL_HOMEOSTASIS,No,NA,MSigDB,hallmark_curated
GSTZ1,ENSG00000100577,Tier 1,OXPHOS,REACTOME_AEROBIC_RESPIRATION_AND_RESPIRATORY_ELECTRON_TRANSPORT,Yes,NA,Reactome,standard_curated
GUSB,ENSG00000169919,Tier 2,cholesterol/isoprenoid;glycolysis,HALLMARK_CHOLESTEROL_HOMEOSTASIS;HALLMARK_GLYCOLYSIS,No,NA,MSigDB,hallmark_curated
GYS1,ENSG00000104812,Tier 2,glycolysis,HALLMARK_GLYCOLYSIS,No,NA,MSigDB,hallmark_curated
GYS2,ENSG00000111713,Tier 2,glycolysis,HALLMARK_GLYCOLYSIS,No,NA,MSigDB,hallmark_curated
H2AC1,ENSG00000164508,Tier 2,arginine,REACTOME_RMTS_METHYLATE_HISTONE_ARGININES,No,NA,Reactome,standard_curated
H2AC15,ENSG00000275221,Tier 2,arginine,REACTOME_RMTS_METHYLATE_HISTONE_ARGININES,No,NA,Reactome,standard_curated
H2AC18,ENSG00000288825,Tier 2,arginine,REACTOME_RMTS_METHYLATE_HISTONE_ARGININES,No,NA,Reactome,standard_curated
H2AC21,ENSG00000184270,Tier 2,arginine,REACTOME_RMTS_METHYLATE_HISTONE_ARGININES,No,NA,Reactome,standard_curated
H2AC4,ENSG00000278463,Tier 2,arginine,REACTOME_RMTS_METHYLATE_HISTONE_ARGININES,No,NA,Reactome,standard_curated
H2AC8,ENSG00000277075,Tier 2,arginine,REACTOME_RMTS_METHYLATE_HISTONE_ARGININES,No,NA,Reactome,standard_curated
H2AJ,ENSG00000246705,Tier 2,arginine,REACTOME_RMTS_METHYLATE_HISTONE_ARGININES,No,NA,Reactome,standard_curated
H2AZ2,ENSG00000105968,Tier 2,arginine,REACTOME_RMTS_METHYLATE_HISTONE_ARGININES,No,NA,Reactome,standard_curated
H3C10,ENSG00000278828,Tier 2,arginine,REACTOME_RMTS_METHYLATE_HISTONE_ARGININES,No,NA,Reactome,standard_curated
H3C2,ENSG00000286522,Tier 2,arginine,REACTOME_RMTS_METHYLATE_HISTONE_ARGININES,No,NA,Reactome,standard_curated
H3C3,ENSG00000287080,Tier 2,arginine,REACTOME_RMTS_METHYLATE_HISTONE_ARGININES,No,NA,Reactome,standard_curated
H4C1,ENSG00000278637,Tier 2,arginine,REACTOME_RMTS_METHYLATE_HISTONE_ARGININES,No,NA,Reactome,standard_curated
H4C12,ENSG00000273542,Tier 2,arginine,REACTOME_RMTS_METHYLATE_HISTONE_ARGININES,No,NA,Reactome,standard_curated
H4C13,ENSG00000275126,Tier 2,arginine,REACTOME_RMTS_METHYLATE_HISTONE_ARGININES,No,NA,Reactome,standard_curated
H4C14,ENSG00000270882,Tier 2,arginine,REACTOME_RMTS_METHYLATE_HISTONE_ARGININES,No,NA,Reactome,standard_curated
H4C16,ENSG00000197837,Tier 2,arginine,REACTOME_RMTS_METHYLATE_HISTONE_ARGININES,No,NA,Reactome,standard_curated
H4C2,ENSG00000278705,Tier 2,arginine,REACTOME_RMTS_METHYLATE_HISTONE_ARGININES,No,NA,Reactome,standard_curated
H4C3,ENSG00000197061,Tier 2,arginine,REACTOME_RMTS_METHYLATE_HISTONE_ARGININES,No,NA,Reactome,standard_curated
H4C4,ENSG00000277157,Tier 2,arginine,REACTOME_RMTS_METHYLATE_HISTONE_ARGININES,No,NA,Reactome,standard_curated
H4C6,ENSG00000274618,Tier 2,arginine,REACTOME_RMTS_METHYLATE_HISTONE_ARGININES,No,NA,Reactome,standard_curated
H4C8,ENSG00000158406,Tier 2,arginine,REACTOME_RMTS_METHYLATE_HISTONE_ARGININES,No,NA,Reactome,standard_curated
H6PD,ENSG00000049239,Tier 1,PPP,KEGG_PENTOSE_PHOSPHATE_PATHWAY,No,NA,KEGG,standard_curated
HAAO,ENSG00000162882,Tier 1,NAD;tryptophan,KEGG_MEDICUS_REFERENCE_NAD_BIOSYNTHESIS;KEGG_TRYPTOPHAN_METABOLISM;REACTOME_TRYPTOPHAN_CATABOLISM,No,NA,KEGG;Reactome,standard_curated
HADH,ENSG00000138796,Tier 1,BCAA;fatty-acid oxidation;tryptophan,KEGG_MEDICUS_REFERENCE_BETA_OXIDATION;KEGG_TRYPTOPHAN_METABOLISM;KEGG_VALINE_LEUCINE_AND_ISOLEUCINE_DEGRADATION;REACTOME_BETA_OXIDATION_OF_BUTANOYL_COA_TO_ACETYL_COA;REACTOME_BETA_OXIDATION_OF_DECANOYL_COA_TO_OCTANOYL_COA_COA;REACTOME_BETA_OXIDATION_OF_HEXANOYL_COA_TO_BUTANOYL_COA;REACTOME_BETA_OXIDATION_OF_LAUROYL_COA_TO_DECANOYL_COA_COA;REACTOME_BETA_OXIDATION_OF_OCTANOYL_COA_TO_HEXANOYL_COA;REACTOME_MITOCHONDRIAL_FATTY_ACID_BETA_OXIDATION;REACTOME_MITOCHONDRIAL_FATTY_ACID_BETA_OXIDATION_OF_SATURATED_FATTY_ACIDS,No,NA,KEGG;Reactome,standard_curated
HADHA,ENSG00000084754,Tier 1;Tier 2,BCAA;OXPHOS;fatty-acid oxidation;tryptophan,HALLMARK_OXIDATIVE_PHOSPHORYLATION;KEGG_MEDICUS_REFERENCE_BETA_OXIDATION;KEGG_TRYPTOPHAN_METABOLISM;KEGG_VALINE_LEUCINE_AND_ISOLEUCINE_DEGRADATION;REACTOME_BETA_OXIDATION_OF_DECANOYL_COA_TO_OCTANOYL_COA_COA;REACTOME_BETA_OXIDATION_OF_HEXANOYL_COA_TO_BUTANOYL_COA;REACTOME_BETA_OXIDATION_OF_LAUROYL_COA_TO_DECANOYL_COA_COA;REACTOME_BETA_OXIDATION_OF_OCTANOYL_COA_TO_HEXANOYL_COA;REACTOME_MITOCHONDRIAL_FATTY_ACID_BETA_OXIDATION;REACTOME_MITOCHONDRIAL_FATTY_ACID_BETA_OXIDATION_OF_SATURATED_FATTY_ACIDS;REACTOME_MITOCHONDRIAL_FATTY_ACID_BETA_OXIDATION_OF_UNSATURATED_FATTY_ACIDS,Yes,NA,KEGG;MSigDB;Reactome,hallmark_curated;standard_curated
HAGH,ENSG00000063854,Tier 1,OXPHOS,REACTOME_AEROBIC_RESPIRATION_AND_RESPIRATORY_ELECTRON_TRANSPORT,Yes,NA,Reactome,standard_curated
HAO1,ENSG00000101323,Tier 1,serine/glycine/one-carbon,REACTOME_GLYOXYLATE_METABOLISM_AND_GLYCINE_DEGRADATION,No,NA,Reactome,standard_curated
HAX1,ENSG00000143575,Tier 2,glycolysis,HALLMARK_GLYCOLYSIS,No,NA,MSigDB,hallmark_curated
HCCS,ENSG00000004961,Tier 1;Tier 2,OXPHOS,HALLMARK_OXIDATIVE_PHOSPHORYLATION;REACTOME_AEROBIC_RESPIRATION_AND_RESPIRATORY_ELECTRON_TRANSPORT;REACTOME_RESPIRATORY_ELECTRON_TRANSPORT,Yes,NA,MSigDB;Reactome,hallmark_curated;standard_curated
HDAC3,ENSG00000171720,Tier 2,cholesterol/isoprenoid,REACTOME_NR1H3_NR1H2_REGULATE_GENE_EXPRESSION_LINKED_TO_CHOLESTEROL_TRANSPORT_AND_EFFLUX,No,NA,Reactome,standard_curated
HDLBP,ENSG00000115677,Tier 2,glycolysis,HALLMARK_GLYCOLYSIS,No,NA,MSigDB,hallmark_curated
HELZ2,ENSG00000130589,Tier 2,cholesterol/isoprenoid,REACTOME_REGULATION_OF_CHOLESTEROL_BIOSYNTHESIS_BY_SREBP_SREBF,No,NA,Reactome,standard_curated
HEPH,ENSG00000089472,Tier 1,iron,REACTOME_IRON_UPTAKE_AND_TRANSPORT,No,NA,Reactome,standard_curated
HEXA,ENSG00000213614,Tier 1,sphingolipid,KEGG_GLYCOSPHINGOLIPID_BIOSYNTHESIS_GANGLIO_SERIES;KEGG_GLYCOSPHINGOLIPID_BIOSYNTHESIS_GLOBO_SERIES;REACTOME_GLYCOSPHINGOLIPID_CATABOLISM;REACTOME_GLYCOSPHINGOLIPID_METABOLISM;REACTOME_SPHINGOLIPID_METABOLISM,No,NA,KEGG;Reactome,standard_curated
HEXB,ENSG00000049860,Tier 1,sphingolipid,KEGG_GLYCOSPHINGOLIPID_BIOSYNTHESIS_GANGLIO_SERIES;KEGG_GLYCOSPHINGOLIPID_BIOSYNTHESIS_GLOBO_SERIES;REACTOME_GLYCOSPHINGOLIPID_CATABOLISM;REACTOME_GLYCOSPHINGOLIPID_METABOLISM;REACTOME_SPHINGOLIPID_METABOLISM,No,NA,KEGG;Reactome,standard_curated
HFE,ENSG00000010704,Tier 1,iron,REACTOME_IRON_UPTAKE_AND_TRANSPORT,No,NA,Reactome,standard_curated
HIBADH,ENSG00000106049,Tier 1,BCAA,KEGG_VALINE_LEUCINE_AND_ISOLEUCINE_DEGRADATION;REACTOME_BRANCHED_CHAIN_AMINO_ACID_CATABOLISM,No,NA,KEGG;Reactome,standard_curated
HIBCH,ENSG00000198130,Tier 1;Tier 2,BCAA,KEGG_VALINE_LEUCINE_AND_ISOLEUCINE_DEGRADATION;REACTOME_BRANCHED_CHAIN_AMINO_ACID_CATABOLISM;REACTOME_DISEASES_OF_BRANCHED_CHAIN_AMINO_ACID_CATABOLISM,No,NA,KEGG;Reactome,standard_curated
HIGD1A,ENSG00000181061,Tier 1,OXPHOS,REACTOME_AEROBIC_RESPIRATION_AND_RESPIRATORY_ELECTRON_TRANSPORT;REACTOME_RESPIRATORY_ELECTRON_TRANSPORT,Yes,CIV_assembly,Reactome,standard_curated
HIGD1C,ENSG00000214511,Tier 1,OXPHOS,REACTOME_AEROBIC_RESPIRATION_AND_RESPIRATORY_ELECTRON_TRANSPORT;REACTOME_RESPIRATORY_ELECTRON_TRANSPORT,Yes,NA,Reactome,standard_curated
HIGD2A,ENSG00000146066,Tier 1,OXPHOS,REACTOME_AEROBIC_RESPIRATION_AND_RESPIRATORY_ELECTRON_TRANSPORT;REACTOME_RESPIRATORY_ELECTRON_TRANSPORT,Yes,CIV_assembly,Reactome,standard_curated
HK1,ENSG00000156515,Tier 1,glycolysis,KEGG_GLYCOLYSIS_GLUCONEOGENESIS,No,NA,KEGG,standard_curated
HK2,ENSG00000159399,Tier 1;Tier 2,glycolysis,HALLMARK_GLYCOLYSIS;KEGG_GLYCOLYSIS_GLUCONEOGENESIS,No,NA,KEGG;MSigDB,hallmark_curated;standard_curated
HK3,ENSG00000160883,Tier 1,glycolysis,KEGG_GLYCOLYSIS_GLUCONEOGENESIS,No,NA,KEGG,standard_curated
HMGCL,ENSG00000117305,Tier 1,BCAA,KEGG_VALINE_LEUCINE_AND_ISOLEUCINE_DEGRADATION,No,NA,KEGG,standard_curated
HMGCR,ENSG00000113161,Tier 1;Tier 2,cholesterol/isoprenoid,HALLMARK_CHOLESTEROL_HOMEOSTASIS;KEGG_MEDICUS_REFERENCE_MEVALONATE_PATHWAY;KEGG_TERPENOID_BACKBONE_BIOSYNTHESIS;REACTOME_CHOLESTEROL_BIOSYNTHESIS;REACTOME_REGULATION_OF_CHOLESTEROL_BIOSYNTHESIS_BY_SREBP_SREBF,No,NA,KEGG;MSigDB;Reactome,hallmark_curated;standard_curated
HMGCS1,ENSG00000112972,Tier 1;Tier 2,BCAA;cholesterol/isoprenoid,HALLMARK_CHOLESTEROL_HOMEOSTASIS;KEGG_MEDICUS_REFERENCE_MEVALONATE_PATHWAY;KEGG_TERPENOID_BACKBONE_BIOSYNTHESIS;KEGG_VALINE_LEUCINE_AND_ISOLEUCINE_DEGRADATION;REACTOME_CHOLESTEROL_BIOSYNTHESIS;REACTOME_REGULATION_OF_CHOLESTEROL_BIOSYNTHESIS_BY_SREBP_SREBF,No,NA,KEGG;MSigDB;Reactome,hallmark_curated;standard_curated
HMGCS2,ENSG00000134240,Tier 1,BCAA;cholesterol/isoprenoid,KEGG_MEDICUS_REFERENCE_MEVALONATE_PATHWAY;KEGG_TERPENOID_BACKBONE_BIOSYNTHESIS;KEGG_VALINE_LEUCINE_AND_ISOLEUCINE_DEGRADATION,No,NA,KEGG,standard_curated
HMMR,ENSG00000072571,Tier 2,glycolysis,HALLMARK_GLYCOLYSIS,No,NA,MSigDB,hallmark_curated
HMOX1,ENSG00000100292,Tier 1,iron,REACTOME_IRON_UPTAKE_AND_TRANSPORT,No,NA,Reactome,standard_curated
HMOX2,ENSG00000103415,Tier 1,iron,REACTOME_IRON_UPTAKE_AND_TRANSPORT,No,NA,Reactome,standard_curated
HOGA1,ENSG00000241935,Tier 1,serine/glycine/one-carbon,REACTOME_GLYOXYLATE_METABOLISM_AND_GLYCINE_DEGRADATION,No,NA,Reactome,standard_curated
HOMER1,ENSG00000152413,Tier 2,glycolysis,HALLMARK_GLYCOLYSIS,No,NA,MSigDB,hallmark_curated
HS2ST1,ENSG00000153936,Tier 2,glycolysis,HALLMARK_GLYCOLYSIS,No,NA,MSigDB,hallmark_curated
HS6ST2,ENSG00000171004,Tier 2,glycolysis,HALLMARK_GLYCOLYSIS,No,NA,MSigDB,hallmark_curated
HSCB,ENSG00000100209,Tier 1,OXPHOS;iron,REACTOME_AEROBIC_RESPIRATION_AND_RESPIRATORY_ELECTRON_TRANSPORT;REACTOME_MITOCHONDRIAL_IRON_SULFUR_CLUSTER_BIOGENESIS;REACTOME_RESPIRATORY_ELECTRON_TRANSPORT,Yes,FeS_biogenesis;CIII_assembly,Reactome,standard_curated
HSD17B10,ENSG00000072506,Tier 1;Tier 2,BCAA;OXPHOS,HALLMARK_OXIDATIVE_PHOSPHORYLATION;KEGG_VALINE_LEUCINE_AND_ISOLEUCINE_DEGRADATION;REACTOME_BRANCHED_CHAIN_AMINO_ACID_CATABOLISM,Yes,mito_translation,KEGG;MSigDB;Reactome,hallmark_curated;standard_curated
HSD3B7,ENSG00000099377,Tier 1,cholesterol/isoprenoid,REACTOME_SYNTHESIS_OF_BILE_ACIDS_AND_BILE_SALTS_VIA_24_HYDROXYCHOLESTEROL;REACTOME_SYNTHESIS_OF_BILE_ACIDS_AND_BILE_SALTS_VIA_27_HYDROXYCHOLESTEROL;REACTOME_SYNTHESIS_OF_BILE_ACIDS_AND_BILE_SALTS_VIA_7ALPHA_HYDROXYCHOLESTEROL,No,NA,Reactome,standard_curated
HTRA2,ENSG00000115317,Tier 2,OXPHOS,HALLMARK_OXIDATIVE_PHOSPHORYLATION,Yes,mito_proteostasis,MSigDB,hallmark_curated
IARS1,ENSG00000196305,Tier 1,BCAA,KEGG_VALINE_LEUCINE_AND_ISOLEUCINE_BIOSYNTHESIS,No,NA,KEGG,standard_curated
IDH1,ENSG00000138413,Tier 1;Tier 2,OXPHOS;TCA;glycolysis,HALLMARK_GLYCOLYSIS;HALLMARK_OXIDATIVE_PHOSPHORYLATION;KEGG_CITRATE_CYCLE_TCA_CYCLE,Yes,TCA_respiratory,KEGG;MSigDB,hallmark_curated;standard_curated
IDH2,ENSG00000182054,Tier 1;Tier 2,OXPHOS;TCA,HALLMARK_OXIDATIVE_PHOSPHORYLATION;KEGG_CITRATE_CYCLE_TCA_CYCLE;REACTOME_AEROBIC_RESPIRATION_AND_RESPIRATORY_ELECTRON_TRANSPORT;REACTOME_CITRIC_ACID_CYCLE_TCA_CYCLE;REACTOME_MATURATION_OF_TCA_ENZYMES_AND_REGULATION_OF_TCA_CYCLE,Yes,TCA_respiratory,KEGG;MSigDB;Reactome,hallmark_curated;standard_curated
IDH3A,ENSG00000166411,Tier 1;Tier 2,OXPHOS;TCA,HALLMARK_OXIDATIVE_PHOSPHORYLATION;KEGG_CITRATE_CYCLE_TCA_CYCLE;REACTOME_AEROBIC_RESPIRATION_AND_RESPIRATORY_ELECTRON_TRANSPORT;REACTOME_CITRIC_ACID_CYCLE_TCA_CYCLE,Yes,TCA_respiratory,KEGG;MSigDB;Reactome,hallmark_curated;standard_curated
IDH3B,ENSG00000101365,Tier 1;Tier 2,OXPHOS;TCA,HALLMARK_OXIDATIVE_PHOSPHORYLATION;KEGG_CITRATE_CYCLE_TCA_CYCLE;REACTOME_AEROBIC_RESPIRATION_AND_RESPIRATORY_ELECTRON_TRANSPORT;REACTOME_CITRIC_ACID_CYCLE_TCA_CYCLE,Yes,TCA_respiratory,KEGG;MSigDB;Reactome,hallmark_curated;standard_curated
IDH3G,ENSG00000067829,Tier 1;Tier 2,OXPHOS;TCA,HALLMARK_OXIDATIVE_PHOSPHORYLATION;KEGG_CITRATE_CYCLE_TCA_CYCLE;REACTOME_AEROBIC_RESPIRATION_AND_RESPIRATORY_ELECTRON_TRANSPORT;REACTOME_CITRIC_ACID_CYCLE_TCA_CYCLE,Yes,TCA_respiratory,KEGG;MSigDB;Reactome,hallmark_curated;standard_curated
IDI1,ENSG00000067064,Tier 1;Tier 2,cholesterol/isoprenoid,HALLMARK_CHOLESTEROL_HOMEOSTASIS;KEGG_MEDICUS_REFERENCE_MEVALONATE_PATHWAY;KEGG_TERPENOID_BACKBONE_BIOSYNTHESIS;REACTOME_CHOLESTEROL_BIOSYNTHESIS;REACTOME_REGULATION_OF_CHOLESTEROL_BIOSYNTHESIS_BY_SREBP_SREBF,No,NA,KEGG;MSigDB;Reactome,hallmark_curated;standard_curated
IDI2,ENSG00000148377,Tier 1,cholesterol/isoprenoid,KEGG_MEDICUS_REFERENCE_MEVALONATE_PATHWAY;KEGG_TERPENOID_BACKBONE_BIOSYNTHESIS;REACTOME_CHOLESTEROL_BIOSYNTHESIS,No,NA,KEGG;Reactome,standard_curated
IDO1,ENSG00000131203,Tier 1,NAD;tryptophan,KEGG_MEDICUS_REFERENCE_NAD_BIOSYNTHESIS;KEGG_TRYPTOPHAN_METABOLISM;REACTOME_TRYPTOPHAN_CATABOLISM,No,NA,KEGG;Reactome,standard_curated
IDUA,ENSG00000127415,Tier 2,glycolysis,HALLMARK_GLYCOLYSIS,No,NA,MSigDB,hallmark_curated
IER3,ENSG00000137331,Tier 2,glycolysis,HALLMARK_GLYCOLYSIS,No,NA,MSigDB,hallmark_curated
IGFBP3,ENSG00000146674,Tier 2,glycolysis,HALLMARK_GLYCOLYSIS,No,NA,MSigDB,hallmark_curated
IL13RA1,ENSG00000131724,Tier 2,glycolysis,HALLMARK_GLYCOLYSIS,No,NA,MSigDB,hallmark_curated
IL4I1,ENSG00000104951,Tier 1,BCAA;glutamine/glutamate;methionine;tryptophan,KEGG_ALANINE_ASPARTATE_AND_GLUTAMATE_METABOLISM;KEGG_CYSTEINE_AND_METHIONINE_METABOLISM;KEGG_TRYPTOPHAN_METABOLISM;KEGG_VALINE_LEUCINE_AND_ISOLEUCINE_DEGRADATION,No,NA,KEGG,standard_curated
IMMT,ENSG00000132305,Tier 2,OXPHOS,HALLMARK_OXIDATIVE_PHOSPHORYLATION,Yes,mito_membrane_organization,MSigDB,hallmark_curated
INMT,ENSG00000241644,Tier 1,tryptophan,KEGG_TRYPTOPHAN_METABOLISM,No,NA,KEGG,standard_curated
INSIG1,ENSG00000186480,Tier 2,cholesterol/isoprenoid,REACTOME_REGULATION_OF_CHOLESTEROL_BIOSYNTHESIS_BY_SREBP_SREBF,No,NA,Reactome,standard_curated
INSIG2,ENSG00000125629,Tier 2,cholesterol/isoprenoid,REACTOME_REGULATION_OF_CHOLESTEROL_BIOSYNTHESIS_BY_SREBP_SREBF,No,NA,Reactome,standard_curated
IREB2,ENSG00000136381,Tier 1,iron,REACTOME_IRON_UPTAKE_AND_TRANSPORT,No,NA,Reactome,standard_curated
IRS2,ENSG00000185950,Tier 2,glycolysis,HALLMARK_GLYCOLYSIS,No,NA,MSigDB,hallmark_curated
ISCA1,ENSG00000135070,Tier 1;Tier 2,OXPHOS;TCA;iron,HALLMARK_OXIDATIVE_PHOSPHORYLATION;REACTOME_AEROBIC_RESPIRATION_AND_RESPIRATORY_ELECTRON_TRANSPORT;REACTOME_CITRIC_ACID_CYCLE_TCA_CYCLE;REACTOME_MATURATION_OF_TCA_ENZYMES_AND_REGULATION_OF_TCA_CYCLE;REACTOME_MITOCHONDRIAL_IRON_SULFUR_CLUSTER_BIOGENESIS,Yes,FeS_biogenesis;TCA_respiratory,MSigDB;Reactome,hallmark_curated;standard_curated
ISCA2,ENSG00000165898,Tier 1;Tier 2,OXPHOS;TCA;iron,REACTOME_AEROBIC_RESPIRATION_AND_RESPIRATORY_ELECTRON_TRANSPORT;REACTOME_CITRIC_ACID_CYCLE_TCA_CYCLE;REACTOME_MATURATION_OF_TCA_ENZYMES_AND_REGULATION_OF_TCA_CYCLE;REACTOME_MITOCHONDRIAL_IRON_SULFUR_CLUSTER_BIOGENESIS,Yes,FeS_biogenesis;TCA_respiratory,Reactome,standard_curated
ISCU,ENSG00000136003,Tier 1;Tier 2,OXPHOS;TCA;iron,HALLMARK_OXIDATIVE_PHOSPHORYLATION;REACTOME_AEROBIC_RESPIRATION_AND_RESPIRATORY_ELECTRON_TRANSPORT;REACTOME_CITRIC_ACID_CYCLE_TCA_CYCLE;REACTOME_MATURATION_OF_TCA_ENZYMES_AND_REGULATION_OF_TCA_CYCLE;REACTOME_MITOCHONDRIAL_IRON_SULFUR_CLUSTER_BIOGENESIS;REACTOME_RESPIRATORY_ELECTRON_TRANSPORT,Yes,FeS_biogenesis;CIII_assembly;TCA_respiratory,MSigDB;Reactome,hallmark_curated;standard_curated
ISG20,ENSG00000172183,Tier 2,glycolysis,HALLMARK_GLYCOLYSIS,No,NA,MSigDB,hallmark_curated
IVD,ENSG00000128928,Tier 1;Tier 2,BCAA,KEGG_VALINE_LEUCINE_AND_ISOLEUCINE_DEGRADATION;REACTOME_BRANCHED_CHAIN_AMINO_ACID_CATABOLISM;REACTOME_DISEASES_OF_BRANCHED_CHAIN_AMINO_ACID_CATABOLISM,No,NA,KEGG;Reactome,standard_curated
JAG1,ENSG00000101384,Tier 2,cholesterol/isoprenoid,HALLMARK_CHOLESTEROL_HOMEOSTASIS,No,NA,MSigDB,hallmark_curated
JAK2,ENSG00000096968,Tier 2,arginine,REACTOME_RMTS_METHYLATE_HISTONE_ARGININES,No,NA,Reactome,standard_curated
KDELR3,ENSG00000100196,Tier 2,glycolysis,HALLMARK_GLYCOLYSIS,No,NA,MSigDB,hallmark_curated
KDM1A,ENSG00000004487,Tier 2,cholesterol/isoprenoid,REACTOME_NR1H3_NR1H2_REGULATE_GENE_EXPRESSION_LINKED_TO_CHOLESTEROL_TRANSPORT_AND_EFFLUX,No,NA,Reactome,standard_curated
KDM1B,ENSG00000165097,Tier 2,cholesterol/isoprenoid,REACTOME_NR1H3_NR1H2_REGULATE_GENE_EXPRESSION_LINKED_TO_CHOLESTEROL_TRANSPORT_AND_EFFLUX,No,NA,Reactome,standard_curated
KDM3A,ENSG00000115548,Tier 2,cholesterol/isoprenoid,REACTOME_NR1H3_NR1H2_REGULATE_GENE_EXPRESSION_LINKED_TO_CHOLESTEROL_TRANSPORT_AND_EFFLUX,No,NA,Reactome,standard_curated
KDM4A,ENSG00000066135,Tier 2,cholesterol/isoprenoid,REACTOME_NR1H3_NR1H2_REGULATE_GENE_EXPRESSION_LINKED_TO_CHOLESTEROL_TRANSPORT_AND_EFFLUX,No,NA,Reactome,standard_curated
KDSR,ENSG00000119537,Tier 1,sphingolipid,KEGG_SPHINGOLIPID_METABOLISM;REACTOME_SPHINGOLIPID_DE_NOVO_BIOSYNTHESIS;REACTOME_SPHINGOLIPID_METABOLISM,No,NA,KEGG;Reactome,standard_curated
KIF20A,ENSG00000112984,Tier 2,glycolysis,HALLMARK_GLYCOLYSIS,No,NA,MSigDB,hallmark_curated
KIF2A,ENSG00000068796,Tier 2,glycolysis,HALLMARK_GLYCOLYSIS,No,NA,MSigDB,hallmark_curated
KMO,ENSG00000117009,Tier 1,NAD;tryptophan,KEGG_MEDICUS_REFERENCE_NAD_BIOSYNTHESIS;KEGG_TRYPTOPHAN_METABOLISM;REACTOME_TRYPTOPHAN_CATABOLISM,No,NA,KEGG;Reactome,standard_curated
KPNB1,ENSG00000108424,Tier 2,cholesterol/isoprenoid,REACTOME_REGULATION_OF_CHOLESTEROL_BIOSYNTHESIS_BY_SREBP_SREBF,No,NA,Reactome,standard_curated
KYAT1,ENSG00000171097,Tier 1,glutamine/glutamate;tryptophan,REACTOME_GLUTAMATE_AND_GLUTAMINE_METABOLISM;REACTOME_TRYPTOPHAN_CATABOLISM,No,NA,Reactome,standard_curated
KYAT3,ENSG00000137944,Tier 1,tryptophan,REACTOME_TRYPTOPHAN_CATABOLISM,No,NA,Reactome,standard_curated
KYNU,ENSG00000115919,Tier 1,NAD;tryptophan,KEGG_MEDICUS_REFERENCE_NAD_BIOSYNTHESIS;KEGG_TRYPTOPHAN_METABOLISM;REACTOME_TRYPTOPHAN_CATABOLISM,No,NA,KEGG;Reactome,standard_curated
L2HGDH,ENSG00000087299,Tier 1,OXPHOS,REACTOME_AEROBIC_RESPIRATION_AND_RESPIRATORY_ELECTRON_TRANSPORT,Yes,NA,Reactome,standard_curated
LAP3,ENSG00000002549,Tier 1,arginine,KEGG_ARGININE_AND_PROLINE_METABOLISM,No,NA,KEGG,standard_curated
LARS1,ENSG00000133706,Tier 1,BCAA,KEGG_VALINE_LEUCINE_AND_ISOLEUCINE_BIOSYNTHESIS,No,NA,KEGG,standard_curated
LARS2,ENSG00000011376,Tier 1,BCAA,KEGG_VALINE_LEUCINE_AND_ISOLEUCINE_BIOSYNTHESIS,No,NA,KEGG,standard_curated
LBR,ENSG00000143815,Tier 1,cholesterol/isoprenoid,KEGG_MEDICUS_REFERENCE_CHOLESTEROL_BIOSYNTHESIS;REACTOME_CHOLESTEROL_BIOSYNTHESIS,No,NA,KEGG;Reactome,standard_curated
LCN2,ENSG00000148346,Tier 1,iron,REACTOME_IRON_UPTAKE_AND_TRANSPORT,No,NA,Reactome,standard_curated
LCT,ENSG00000115850,Tier 2,glycolysis,HALLMARK_GLYCOLYSIS,No,NA,MSigDB,hallmark_curated
LDHAL6A,ENSG00000166800,Tier 1,OXPHOS;glycolysis;methionine,KEGG_CYSTEINE_AND_METHIONINE_METABOLISM;KEGG_GLYCOLYSIS_GLUCONEOGENESIS;KEGG_MEDICUS_REFERENCE_GLYCOLYSIS;REACTOME_AEROBIC_RESPIRATION_AND_RESPIRATORY_ELECTRON_TRANSPORT,Yes,NA,KEGG;Reactome,standard_curated
LDHAL6B,ENSG00000171989,Tier 1,OXPHOS;glycolysis;methionine,KEGG_CYSTEINE_AND_METHIONINE_METABOLISM;KEGG_GLYCOLYSIS_GLUCONEOGENESIS;KEGG_MEDICUS_REFERENCE_GLYCOLYSIS;REACTOME_AEROBIC_RESPIRATION_AND_RESPIRATORY_ELECTRON_TRANSPORT,Yes,NA,KEGG;Reactome,standard_curated
LDHB,ENSG00000111716,Tier 1;Tier 2,OXPHOS;glycolysis;methionine,HALLMARK_OXIDATIVE_PHOSPHORYLATION;KEGG_CYSTEINE_AND_METHIONINE_METABOLISM;KEGG_GLYCOLYSIS_GLUCONEOGENESIS;KEGG_MEDICUS_REFERENCE_GLYCOLYSIS;REACTOME_AEROBIC_RESPIRATION_AND_RESPIRATORY_ELECTRON_TRANSPORT,Yes,NA,KEGG;MSigDB;Reactome,hallmark_curated;standard_curated
LDHC,ENSG00000166796,Tier 1;Tier 2,OXPHOS;glycolysis;methionine,HALLMARK_GLYCOLYSIS;KEGG_CYSTEINE_AND_METHIONINE_METABOLISM;KEGG_GLYCOLYSIS_GLUCONEOGENESIS;KEGG_MEDICUS_REFERENCE_GLYCOLYSIS;REACTOME_AEROBIC_RESPIRATION_AND_RESPIRATORY_ELECTRON_TRANSPORT,Yes,NA,KEGG;MSigDB;Reactome,hallmark_curated;standard_curated
LDLR,ENSG00000130164,Tier 2,cholesterol/isoprenoid,HALLMARK_CHOLESTEROL_HOMEOSTASIS,No,NA,MSigDB,hallmark_curated
LDLRAP1,ENSG00000157978,Tier 1,vitamin B12,REACTOME_COBALAMIN_CBL_VITAMIN_B12_TRANSPORT_AND_METABOLISM,No,NA,Reactome,standard_curated
LETM1,ENSG00000168924,Tier 1,OXPHOS,REACTOME_AEROBIC_RESPIRATION_AND_RESPIRATORY_ELECTRON_TRANSPORT;REACTOME_RESPIRATORY_ELECTRON_TRANSPORT,Yes,CIII_assembly,Reactome,standard_curated
LGALS3,ENSG00000131981,Tier 2,cholesterol/isoprenoid,HALLMARK_CHOLESTEROL_HOMEOSTASIS,No,NA,MSigDB,hallmark_curated
LGMN,ENSG00000100600,Tier 2,cholesterol/isoprenoid,HALLMARK_CHOLESTEROL_HOMEOSTASIS,No,NA,MSigDB,hallmark_curated
LHPP,ENSG00000107902,Tier 1;Tier 2,OXPHOS;glycolysis,HALLMARK_GLYCOLYSIS;KEGG_OXIDATIVE_PHOSPHORYLATION,Yes,NA,KEGG;MSigDB,hallmark_curated;standard_curated
LHX9,ENSG00000143355,Tier 2,glycolysis,HALLMARK_GLYCOLYSIS,No,NA,MSigDB,hallmark_curated
LMBRD1,ENSG00000168216,Tier 1,vitamin B12,REACTOME_COBALAMIN_CBL_VITAMIN_B12_TRANSPORT_AND_METABOLISM;REACTOME_DEFECTS_IN_COBALAMIN_B12_METABOLISM;REACTOME_UPTAKE_OF_DIETARY_COBALAMINS_INTO_ENTEROCYTES,No,NA,Reactome,standard_curated
LPAR1,ENSG00000198121,Tier 1,sphingolipid,REACTOME_LYSOSPHINGOLIPID_AND_LPA_RECEPTORS,No,NA,Reactome,standard_curated
LPAR2,ENSG00000064547,Tier 1,sphingolipid,REACTOME_LYSOSPHINGOLIPID_AND_LPA_RECEPTORS,No,NA,Reactome,standard_curated
LPAR3,ENSG00000171517,Tier 1,sphingolipid,REACTOME_LYSOSPHINGOLIPID_AND_LPA_RECEPTORS,No,NA,Reactome,standard_curated
LPAR5,ENSG00000184574,Tier 1,sphingolipid,REACTOME_LYSOSPHINGOLIPID_AND_LPA_RECEPTORS,No,NA,Reactome,standard_curated
LPL,ENSG00000175445,Tier 2,cholesterol/isoprenoid,HALLMARK_CHOLESTEROL_HOMEOSTASIS,No,NA,MSigDB,hallmark_curated
LRP2,ENSG00000081479,Tier 1,vitamin B12,REACTOME_COBALAMIN_CBL_VITAMIN_B12_TRANSPORT_AND_METABOLISM,No,NA,Reactome,standard_curated
LRPPRC,ENSG00000138095,Tier 2,OXPHOS,HALLMARK_OXIDATIVE_PHOSPHORYLATION,Yes,mito_translation;mtDNA_maintenance_expression,MSigDB,hallmark_curated
LRRC7,ENSG00000033122,Tier 1,glutamine/glutamate,REACTOME_UNBLOCKING_OF_NMDA_RECEPTORS_GLUTAMATE_BINDING_AND_ACTIVATION,No,NA,Reactome,standard_curated
LSS,ENSG00000160285,Tier 1;Tier 2,cholesterol/isoprenoid,HALLMARK_CHOLESTEROL_HOMEOSTASIS;KEGG_MEDICUS_REFERENCE_CHOLESTEROL_BIOSYNTHESIS;REACTOME_CHOLESTEROL_BIOSYNTHESIS;REACTOME_REGULATION_OF_CHOLESTEROL_BIOSYNTHESIS_BY_SREBP_SREBF,No,NA,KEGG;MSigDB;Reactome,hallmark_curated;standard_curated
LYRM4,ENSG00000214113,Tier 1;Tier 2,OXPHOS;TCA;iron,REACTOME_AEROBIC_RESPIRATION_AND_RESPIRATORY_ELECTRON_TRANSPORT;REACTOME_CITRIC_ACID_CYCLE_TCA_CYCLE;REACTOME_MATURATION_OF_TCA_ENZYMES_AND_REGULATION_OF_TCA_CYCLE;REACTOME_MITOCHONDRIAL_IRON_SULFUR_CLUSTER_BIOGENESIS;REACTOME_RESPIRATORY_ELECTRON_TRANSPORT,Yes,FeS_biogenesis;CIII_assembly;TCA_respiratory,Reactome,standard_curated
LYRM7,ENSG00000186687,Tier 1,OXPHOS,REACTOME_AEROBIC_RESPIRATION_AND_RESPIRATORY_ELECTRON_TRANSPORT;REACTOME_RESPIRATORY_ELECTRON_TRANSPORT,Yes,CIII_assembly,Reactome,standard_curated
M6PR,ENSG00000003056,Tier 1,sphingolipid,REACTOME_GLYCOSPHINGOLIPID_CATABOLISM;REACTOME_GLYCOSPHINGOLIPID_METABOLISM;REACTOME_SPHINGOLIPID_METABOLISM,No,NA,Reactome,standard_curated
MAEA,ENSG00000090316,Tier 1,OXPHOS,REACTOME_AEROBIC_RESPIRATION_AND_RESPIRATORY_ELECTRON_TRANSPORT,Yes,NA,Reactome,standard_curated
MAFG,ENSG00000197063,Tier 2,PPP,REACTOME_NFE2L2_REGULATES_PENTOSE_PHOSPHATE_PATHWAY_GENES,No,NA,Reactome,standard_curated
MAOA,ENSG00000189221,Tier 1,arginine;serine/glycine/one-carbon;tryptophan,KEGG_ARGININE_AND_PROLINE_METABOLISM;KEGG_GLYCINE_SERINE_AND_THREONINE_METABOLISM;KEGG_TRYPTOPHAN_METABOLISM,No,NA,KEGG,standard_curated
MAOB,ENSG00000069535,Tier 1;Tier 2,OXPHOS;arginine;serine/glycine/one-carbon;tryptophan,HALLMARK_OXIDATIVE_PHOSPHORYLATION;KEGG_ARGININE_AND_PROLINE_METABOLISM;KEGG_GLYCINE_SERINE_AND_THREONINE_METABOLISM;KEGG_TRYPTOPHAN_METABOLISM,Yes,NA,KEGG;MSigDB,hallmark_curated;standard_curated
MAPT,ENSG00000186868,Tier 1,iron,KEGG_MEDICUS_ENV_FACTOR_IRON_TO_ANTEROGRADE_AXONAL_TRANSPORT,No,NA,KEGG,standard_curated
MAT1A,ENSG00000151224,Tier 1,methionine,KEGG_CYSTEINE_AND_METHIONINE_METABOLISM;KEGG_MEDICUS_REFERENCE_METHIONINE_DEGRADATION,No,NA,KEGG,standard_curated
MAT2A,ENSG00000168906,Tier 1,methionine,KEGG_CYSTEINE_AND_METHIONINE_METABOLISM;KEGG_MEDICUS_REFERENCE_METHIONINE_DEGRADATION,No,NA,KEGG,standard_curated
MAT2B,ENSG00000038274,Tier 1,methionine,KEGG_CYSTEINE_AND_METHIONINE_METABOLISM;KEGG_MEDICUS_REFERENCE_METHIONINE_DEGRADATION,No,NA,KEGG,standard_curated
MBTPS1,ENSG00000140943,Tier 2,cholesterol/isoprenoid,REACTOME_REGULATION_OF_CHOLESTEROL_BIOSYNTHESIS_BY_SREBP_SREBF,No,NA,Reactome,standard_curated
MBTPS2,ENSG00000012174,Tier 2,cholesterol/isoprenoid,REACTOME_REGULATION_OF_CHOLESTEROL_BIOSYNTHESIS_BY_SREBP_SREBF,No,NA,Reactome,standard_curated
MCAT,ENSG00000100294,Tier 1,fatty-acid oxidation,REACTOME_MITOCHONDRIAL_FATTY_ACID_BETA_OXIDATION,No,mtFAS,Reactome,standard_curated
MCCC1,ENSG00000078070,Tier 1;Tier 2,BCAA,KEGG_VALINE_LEUCINE_AND_ISOLEUCINE_DEGRADATION;REACTOME_BRANCHED_CHAIN_AMINO_ACID_CATABOLISM;REACTOME_DISEASES_OF_BRANCHED_CHAIN_AMINO_ACID_CATABOLISM,No,NA,KEGG;Reactome,standard_curated
MCCC2,ENSG00000131844,Tier 1;Tier 2,BCAA,KEGG_VALINE_LEUCINE_AND_ISOLEUCINE_DEGRADATION;REACTOME_BRANCHED_CHAIN_AMINO_ACID_CATABOLISM;REACTOME_DISEASES_OF_BRANCHED_CHAIN_AMINO_ACID_CATABOLISM,No,NA,KEGG;Reactome,standard_curated
MCEE,ENSG00000124370,Tier 1,BCAA;fatty-acid oxidation,KEGG_VALINE_LEUCINE_AND_ISOLEUCINE_DEGRADATION;REACTOME_MITOCHONDRIAL_FATTY_ACID_BETA_OXIDATION,No,NA,KEGG;Reactome,standard_curated
MCOLN1,ENSG00000090674,Tier 1,iron,REACTOME_IRON_UPTAKE_AND_TRANSPORT,No,NA,Reactome,standard_curated
MDH1,ENSG00000014641,Tier 1;Tier 2,OXPHOS;TCA;glycolysis,HALLMARK_GLYCOLYSIS;HALLMARK_OXIDATIVE_PHOSPHORYLATION;KEGG_CITRATE_CYCLE_TCA_CYCLE;KEGG_MEDICUS_REFERENCE_GLUCONEOGENESIS;REACTOME_AEROBIC_RESPIRATION_AND_RESPIRATORY_ELECTRON_TRANSPORT;REACTOME_RESPIRATORY_ELECTRON_TRANSPORT,Yes,TCA_respiratory,KEGG;MSigDB;Reactome,hallmark_curated;standard_curated
MDH2,ENSG00000146701,Tier 1;Tier 2,OXPHOS;TCA;glycolysis,HALLMARK_GLYCOLYSIS;HALLMARK_OXIDATIVE_PHOSPHORYLATION;KEGG_CITRATE_CYCLE_TCA_CYCLE;KEGG_MEDICUS_REFERENCE_GLUCONEOGENESIS;REACTOME_AEROBIC_RESPIRATION_AND_RESPIRATORY_ELECTRON_TRANSPORT;REACTOME_CITRIC_ACID_CYCLE_TCA_CYCLE;REACTOME_RESPIRATORY_ELECTRON_TRANSPORT,Yes,TCA_respiratory,KEGG;MSigDB;Reactome,hallmark_curated;standard_curated
ME1,ENSG00000065833,Tier 1;Tier 2,OXPHOS;glycolysis,HALLMARK_GLYCOLYSIS;REACTOME_AEROBIC_RESPIRATION_AND_RESPIRATORY_ELECTRON_TRANSPORT,Yes,NA,MSigDB;Reactome,hallmark_curated;standard_curated
ME2,ENSG00000082212,Tier 1;Tier 2,OXPHOS;glycolysis,HALLMARK_GLYCOLYSIS;REACTOME_AEROBIC_RESPIRATION_AND_RESPIRATORY_ELECTRON_TRANSPORT,Yes,NA,MSigDB;Reactome,hallmark_curated;standard_curated
ME3,ENSG00000151376,Tier 1,OXPHOS,REACTOME_AEROBIC_RESPIRATION_AND_RESPIRATORY_ELECTRON_TRANSPORT,Yes,NA,Reactome,standard_curated
MECR,ENSG00000116353,Tier 1,fatty-acid oxidation,REACTOME_BETA_OXIDATION_OF_DECANOYL_COA_TO_OCTANOYL_COA_COA;REACTOME_MITOCHONDRIAL_FATTY_ACID_BETA_OXIDATION;REACTOME_MITOCHONDRIAL_FATTY_ACID_BETA_OXIDATION_OF_SATURATED_FATTY_ACIDS,No,mtFAS,Reactome,standard_curated
MED1,ENSG00000125686,Tier 2,cholesterol/isoprenoid,REACTOME_REGULATION_OF_CHOLESTEROL_BIOSYNTHESIS_BY_SREBP_SREBF,No,NA,Reactome,standard_curated
MED24,ENSG00000008838,Tier 2,glycolysis,HALLMARK_GLYCOLYSIS,No,NA,MSigDB,hallmark_curated
MERTK,ENSG00000153208,Tier 2,glycolysis,HALLMARK_GLYCOLYSIS,No,NA,MSigDB,hallmark_curated
MET,ENSG00000105976,Tier 2,glycolysis,HALLMARK_GLYCOLYSIS,No,NA,MSigDB,hallmark_curated
MFN2,ENSG00000116688,Tier 2,OXPHOS,HALLMARK_OXIDATIVE_PHOSPHORYLATION,Yes,mito_dynamics,MSigDB,hallmark_curated
MFSD2B,ENSG00000205639,Tier 1,sphingolipid,REACTOME_SPHINGOLIPID_DE_NOVO_BIOSYNTHESIS;REACTOME_SPHINGOLIPID_METABOLISM,No,NA,Reactome,standard_curated
MFSD4B,NA,Tier 1,glucose transport,REACTOME_CELLULAR_HEXOSE_TRANSPORT,No,NA,Reactome,standard_curated
MGST3,ENSG00000143198,Tier 2,OXPHOS,HALLMARK_OXIDATIVE_PHOSPHORYLATION,Yes,NA,MSigDB,hallmark_curated
MIF,ENSG00000240972,Tier 2,glycolysis,HALLMARK_GLYCOLYSIS,No,NA,MSigDB,hallmark_curated
MIOX,ENSG00000100253,Tier 2,glycolysis,HALLMARK_GLYCOLYSIS,No,NA,MSigDB,hallmark_curated
MKLN1,ENSG00000128585,Tier 1,OXPHOS,REACTOME_AEROBIC_RESPIRATION_AND_RESPIRATORY_ELECTRON_TRANSPORT,Yes,NA,Reactome,standard_curated
MLYCD,ENSG00000103150,Tier 1,fatty-acid oxidation,REACTOME_BETA_OXIDATION_OF_VERY_LONG_CHAIN_FATTY_ACIDS,No,NA,Reactome,standard_curated
MMAA,ENSG00000151611,Tier 1,fatty-acid oxidation;vitamin B12,REACTOME_COBALAMIN_CBL_METABOLISM;REACTOME_COBALAMIN_CBL_VITAMIN_B12_TRANSPORT_AND_METABOLISM;REACTOME_DEFECTS_IN_COBALAMIN_B12_METABOLISM;REACTOME_MITOCHONDRIAL_FATTY_ACID_BETA_OXIDATION,No,NA,Reactome,standard_curated
MMAB,ENSG00000139428,Tier 1,vitamin B12,REACTOME_COBALAMIN_CBL_METABOLISM;REACTOME_COBALAMIN_CBL_VITAMIN_B12_TRANSPORT_AND_METABOLISM;REACTOME_DEFECTS_IN_COBALAMIN_B12_METABOLISM,No,NA,Reactome,standard_curated
MMACHC,ENSG00000132763,Tier 1,vitamin B12,REACTOME_COBALAMIN_CBL_METABOLISM;REACTOME_COBALAMIN_CBL_VITAMIN_B12_TRANSPORT_AND_METABOLISM;REACTOME_DEFECTS_IN_COBALAMIN_B12_METABOLISM,No,NA,Reactome,standard_curated
MMADHC,ENSG00000168288,Tier 1,vitamin B12,REACTOME_COBALAMIN_CBL_METABOLISM;REACTOME_COBALAMIN_CBL_VITAMIN_B12_TRANSPORT_AND_METABOLISM;REACTOME_DEFECTS_IN_COBALAMIN_B12_METABOLISM,No,NA,Reactome,standard_curated
MMS19,ENSG00000155229,Tier 1,iron,REACTOME_CYTOSOLIC_IRON_SULFUR_CLUSTER_ASSEMBLY,No,NA,Reactome,standard_curated
MMUT,ENSG00000146085,Tier 1,BCAA;fatty-acid oxidation;vitamin B12,KEGG_VALINE_LEUCINE_AND_ISOLEUCINE_DEGRADATION;REACTOME_COBALAMIN_CBL_METABOLISM;REACTOME_COBALAMIN_CBL_VITAMIN_B12_TRANSPORT_AND_METABOLISM;REACTOME_DEFECTS_IN_COBALAMIN_B12_METABOLISM;REACTOME_MITOCHONDRIAL_FATTY_ACID_BETA_OXIDATION,No,NA,KEGG;Reactome,standard_curated
MOV10,ENSG00000155363,Tier 2,cholesterol/isoprenoid,REACTOME_NR1H3_NR1H2_REGULATE_GENE_EXPRESSION_LINKED_TO_CHOLESTEROL_TRANSPORT_AND_EFFLUX,No,NA,Reactome,standard_curated
MPC1,ENSG00000060762,Tier 1;Tier 2,OXPHOS,HALLMARK_OXIDATIVE_PHOSPHORYLATION;REACTOME_AEROBIC_RESPIRATION_AND_RESPIRATORY_ELECTRON_TRANSPORT,Yes,TCA_respiratory,MSigDB;Reactome,hallmark_curated;standard_curated
MPC2,ENSG00000143158,Tier 1,OXPHOS,REACTOME_AEROBIC_RESPIRATION_AND_RESPIRATORY_ELECTRON_TRANSPORT,Yes,TCA_respiratory,Reactome,standard_curated
MPI,ENSG00000178802,Tier 2,glycolysis,HALLMARK_GLYCOLYSIS,No,NA,MSigDB,hallmark_curated
MPST,ENSG00000128309,Tier 1,methionine,KEGG_CYSTEINE_AND_METHIONINE_METABOLISM,No,NA,KEGG,standard_curated
MRI1,ENSG00000037757,Tier 1,methionine,REACTOME_METHIONINE_SALVAGE_PATHWAY,No,NA,Reactome,standard_curated
MRPL11,ENSG00000174547,Tier 2,OXPHOS,HALLMARK_OXIDATIVE_PHOSPHORYLATION,Yes,mitoribosome,MSigDB,hallmark_curated
MRPL34,ENSG00000130312,Tier 2,OXPHOS,HALLMARK_OXIDATIVE_PHOSPHORYLATION,Yes,mitoribosome,MSigDB,hallmark_curated
MRPS11,ENSG00000181991,Tier 2,OXPHOS,HALLMARK_OXIDATIVE_PHOSPHORYLATION,Yes,mitoribosome,MSigDB,hallmark_curated
MRPS12,ENSG00000128626,Tier 2,OXPHOS,HALLMARK_OXIDATIVE_PHOSPHORYLATION,Yes,mitoribosome,MSigDB,hallmark_curated
MRPS15,ENSG00000116898,Tier 2,OXPHOS,HALLMARK_OXIDATIVE_PHOSPHORYLATION,Yes,mitoribosome,MSigDB,hallmark_curated
MRPS22,ENSG00000175110,Tier 2,OXPHOS,HALLMARK_OXIDATIVE_PHOSPHORYLATION,Yes,mitoribosome,MSigDB,hallmark_curated
MRPS30,ENSG00000112996,Tier 2,OXPHOS,HALLMARK_OXIDATIVE_PHOSPHORYLATION,Yes,mitoribosome,MSigDB,hallmark_curated
MSMO1,ENSG00000052802,Tier 1,cholesterol/isoprenoid,KEGG_MEDICUS_REFERENCE_CHOLESTEROL_BIOSYNTHESIS;REACTOME_CHOLESTEROL_BIOSYNTHESIS,No,NA,KEGG;Reactome,standard_curated
MTF1,ENSG00000188786,Tier 2,cholesterol/isoprenoid,REACTOME_REGULATION_OF_CHOLESTEROL_BIOSYNTHESIS_BY_SREBP_SREBF,No,NA,Reactome,standard_curated
MTFMT,ENSG00000103707,Tier 1,folate;serine/glycine/one-carbon,KEGG_ONE_CARBON_POOL_BY_FOLATE,No,mito_translation,KEGG,standard_curated
MTHFD1,ENSG00000100714,Tier 1,folate;serine/glycine/one-carbon,KEGG_ONE_CARBON_POOL_BY_FOLATE;REACTOME_METABOLISM_OF_FOLATE_AND_PTERINES,No,NA,KEGG;Reactome,standard_curated
MTHFD1L,ENSG00000120254,Tier 1,folate;serine/glycine/one-carbon,KEGG_ONE_CARBON_POOL_BY_FOLATE;REACTOME_METABOLISM_OF_FOLATE_AND_PTERINES,No,NA,KEGG;Reactome,standard_curated
MTHFD2L,ENSG00000163738,Tier 1,folate;serine/glycine/one-carbon,KEGG_ONE_CARBON_POOL_BY_FOLATE;REACTOME_METABOLISM_OF_FOLATE_AND_PTERINES,No,NA,KEGG;Reactome,standard_curated
MTHFR,ENSG00000177000,Tier 1,folate;serine/glycine/one-carbon,KEGG_ONE_CARBON_POOL_BY_FOLATE;REACTOME_METABOLISM_OF_FOLATE_AND_PTERINES,No,NA,KEGG;Reactome,standard_curated
MTHFS,ENSG00000136371,Tier 1,folate;serine/glycine/one-carbon,KEGG_ONE_CARBON_POOL_BY_FOLATE;REACTOME_METABOLISM_OF_FOLATE_AND_PTERINES,No,NA,KEGG;Reactome,standard_curated
MTMR1,ENSG00000063601,Tier 1,riboflavin,KEGG_RIBOFLAVIN_METABOLISM,No,NA,KEGG,standard_curated
MTMR2,ENSG00000087053,Tier 1,riboflavin,KEGG_RIBOFLAVIN_METABOLISM,No,NA,KEGG,standard_curated
MTMR6,ENSG00000139505,Tier 1,riboflavin,KEGG_RIBOFLAVIN_METABOLISM,No,NA,KEGG,standard_curated
MTMR7,ENSG00000003987,Tier 1,riboflavin,KEGG_RIBOFLAVIN_METABOLISM,No,NA,KEGG,standard_curated
MTR,ENSG00000116984,Tier 1,folate;methionine;serine/glycine/one-carbon;vitamin B12,KEGG_CYSTEINE_AND_METHIONINE_METABOLISM;KEGG_ONE_CARBON_POOL_BY_FOLATE;REACTOME_COBALAMIN_CBL_METABOLISM;REACTOME_COBALAMIN_CBL_VITAMIN_B12_TRANSPORT_AND_METABOLISM;REACTOME_DEFECTS_IN_COBALAMIN_B12_METABOLISM,No,NA,KEGG;Reactome,standard_curated
MTRF1,ENSG00000120662,Tier 2,OXPHOS,HALLMARK_OXIDATIVE_PHOSPHORYLATION,Yes,mito_translation,MSigDB,hallmark_curated
MTRR,ENSG00000124275,Tier 1;Tier 2,OXPHOS;vitamin B12,HALLMARK_OXIDATIVE_PHOSPHORYLATION;REACTOME_COBALAMIN_CBL_METABOLISM;REACTOME_COBALAMIN_CBL_VITAMIN_B12_TRANSPORT_AND_METABOLISM;REACTOME_DEFECTS_IN_COBALAMIN_B12_METABOLISM,Yes,NA,MSigDB;Reactome,hallmark_curated;standard_curated
MTX2,ENSG00000128654,Tier 2,OXPHOS,HALLMARK_OXIDATIVE_PHOSPHORYLATION,Yes,mito_import;mito_membrane_organization,MSigDB,hallmark_curated
MVD,ENSG00000167508,Tier 1;Tier 2,cholesterol/isoprenoid,HALLMARK_CHOLESTEROL_HOMEOSTASIS;KEGG_MEDICUS_REFERENCE_MEVALONATE_PATHWAY;KEGG_TERPENOID_BACKBONE_BIOSYNTHESIS;REACTOME_CHOLESTEROL_BIOSYNTHESIS;REACTOME_REGULATION_OF_CHOLESTEROL_BIOSYNTHESIS_BY_SREBP_SREBF,No,NA,KEGG;MSigDB;Reactome,hallmark_curated;standard_curated
MVK,ENSG00000110921,Tier 1;Tier 2,cholesterol/isoprenoid,HALLMARK_CHOLESTEROL_HOMEOSTASIS;KEGG_MEDICUS_REFERENCE_MEVALONATE_PATHWAY;KEGG_TERPENOID_BACKBONE_BIOSYNTHESIS;REACTOME_CHOLESTEROL_BIOSYNTHESIS;REACTOME_REGULATION_OF_CHOLESTEROL_BIOSYNTHESIS_BY_SREBP_SREBF,No,NA,KEGG;MSigDB;Reactome,hallmark_curated;standard_curated
MXI1,ENSG00000119950,Tier 2,glycolysis,HALLMARK_GLYCOLYSIS,No,NA,MSigDB,hallmark_curated
MYLIP,ENSG00000007944,Tier 2,cholesterol/isoprenoid,REACTOME_NR1H2_NR1H3_REGULATE_GENE_EXPRESSION_TO_LIMIT_CHOLESTEROL_UPTAKE,No,NA,Reactome,standard_curated
NADK,ENSG00000008130,Tier 1,NAD,KEGG_NICOTINATE_AND_NICOTINAMIDE_METABOLISM;REACTOME_NICOTINATE_METABOLISM,No,NA,KEGG;Reactome,standard_curated
NADK2,ENSG00000152620,Tier 1,NAD,REACTOME_NICOTINATE_METABOLISM,No,NA,Reactome,standard_curated
NADSYN1,ENSG00000172890,Tier 1,NAD,KEGG_MEDICUS_REFERENCE_NAD_BIOSYNTHESIS;KEGG_NICOTINATE_AND_NICOTINAMIDE_METABOLISM;REACTOME_NICOTINATE_METABOLISM,No,NA,KEGG;Reactome,standard_curated
NAGA,ENSG00000198951,Tier 1,sphingolipid,KEGG_GLYCOSPHINGOLIPID_BIOSYNTHESIS_GLOBO_SERIES,No,NA,KEGG,standard_curated
NAGS,ENSG00000161653,Tier 1,arginine,KEGG_ARGININE_AND_PROLINE_METABOLISM;REACTOME_UREA_CYCLE,No,NA,KEGG;Reactome,standard_curated
NANP,ENSG00000170191,Tier 2,glycolysis,HALLMARK_GLYCOLYSIS,No,NA,MSigDB,hallmark_curated
NASP,ENSG00000132780,Tier 2,glycolysis,HALLMARK_GLYCOLYSIS,No,NA,MSigDB,hallmark_curated
NAXD,ENSG00000213995,Tier 1,NAD,REACTOME_NICOTINAMIDE_SALVAGE;REACTOME_NICOTINATE_METABOLISM,No,NA,Reactome,standard_curated
NAXE,ENSG00000163382,Tier 1,NAD,REACTOME_NICOTINAMIDE_SALVAGE;REACTOME_NICOTINATE_METABOLISM,No,NA,Reactome,standard_curated
NCOA1,ENSG00000084676,Tier 1;Tier 2,cholesterol/isoprenoid,REACTOME_ENDOGENOUS_STEROLS;REACTOME_NR1H3_NR1H2_REGULATE_GENE_EXPRESSION_LINKED_TO_CHOLESTEROL_TRANSPORT_AND_EFFLUX;REACTOME_REGULATION_OF_CHOLESTEROL_BIOSYNTHESIS_BY_SREBP_SREBF;REACTOME_SYNTHESIS_OF_BILE_ACIDS_AND_BILE_SALTS_VIA_27_HYDROXYCHOLESTEROL;REACTOME_SYNTHESIS_OF_BILE_ACIDS_AND_BILE_SALTS_VIA_7ALPHA_HYDROXYCHOLESTEROL,No,NA,Reactome,standard_curated
NCOA2,ENSG00000140396,Tier 1;Tier 2,cholesterol/isoprenoid,REACTOME_ENDOGENOUS_STEROLS;REACTOME_REGULATION_OF_CHOLESTEROL_BIOSYNTHESIS_BY_SREBP_SREBF;REACTOME_SYNTHESIS_OF_BILE_ACIDS_AND_BILE_SALTS_VIA_27_HYDROXYCHOLESTEROL;REACTOME_SYNTHESIS_OF_BILE_ACIDS_AND_BILE_SALTS_VIA_7ALPHA_HYDROXYCHOLESTEROL,No,NA,Reactome,standard_curated
NCOA6,ENSG00000198646,Tier 2,cholesterol/isoprenoid,REACTOME_REGULATION_OF_CHOLESTEROL_BIOSYNTHESIS_BY_SREBP_SREBF,No,NA,Reactome,standard_curated
NDOR1,ENSG00000188566,Tier 1,iron,REACTOME_CYTOSOLIC_IRON_SULFUR_CLUSTER_ASSEMBLY,No,NA,Reactome,standard_curated
NDST3,ENSG00000164100,Tier 2,glycolysis,HALLMARK_GLYCOLYSIS,No,NA,MSigDB,hallmark_curated
NDUFA1,ENSG00000125356,Tier 1;Tier 2,OXPHOS,HALLMARK_OXIDATIVE_PHOSPHORYLATION;KEGG_OXIDATIVE_PHOSPHORYLATION;REACTOME_AEROBIC_RESPIRATION_AND_RESPIRATORY_ELECTRON_TRANSPORT;REACTOME_RESPIRATORY_ELECTRON_TRANSPORT,Yes,CI_structural,KEGG;MSigDB;Reactome,hallmark_curated;standard_curated
NDUFA10,ENSG00000130414,Tier 1,OXPHOS,KEGG_OXIDATIVE_PHOSPHORYLATION;REACTOME_AEROBIC_RESPIRATION_AND_RESPIRATORY_ELECTRON_TRANSPORT;REACTOME_RESPIRATORY_ELECTRON_TRANSPORT,Yes,CI_structural,KEGG;Reactome,standard_curated
NDUFA11,ENSG00000174886,Tier 1,OXPHOS,KEGG_OXIDATIVE_PHOSPHORYLATION;REACTOME_AEROBIC_RESPIRATION_AND_RESPIRATORY_ELECTRON_TRANSPORT;REACTOME_RESPIRATORY_ELECTRON_TRANSPORT,Yes,CI_structural,KEGG;Reactome,standard_curated
NDUFA12,ENSG00000184752,Tier 1,OXPHOS,REACTOME_AEROBIC_RESPIRATION_AND_RESPIRATORY_ELECTRON_TRANSPORT;REACTOME_RESPIRATORY_ELECTRON_TRANSPORT,Yes,CI_structural,Reactome,standard_curated
NDUFA13,ENSG00000186010,Tier 1,OXPHOS,REACTOME_AEROBIC_RESPIRATION_AND_RESPIRATORY_ELECTRON_TRANSPORT;REACTOME_RESPIRATORY_ELECTRON_TRANSPORT,Yes,CI_structural,Reactome,standard_curated
NDUFA2,ENSG00000131495,Tier 1;Tier 2,OXPHOS,HALLMARK_OXIDATIVE_PHOSPHORYLATION;KEGG_OXIDATIVE_PHOSPHORYLATION;REACTOME_AEROBIC_RESPIRATION_AND_RESPIRATORY_ELECTRON_TRANSPORT;REACTOME_RESPIRATORY_ELECTRON_TRANSPORT,Yes,CI_structural,KEGG;MSigDB;Reactome,hallmark_curated;standard_curated
NDUFA3,ENSG00000170906,Tier 1;Tier 2,OXPHOS,HALLMARK_OXIDATIVE_PHOSPHORYLATION;KEGG_OXIDATIVE_PHOSPHORYLATION;REACTOME_AEROBIC_RESPIRATION_AND_RESPIRATORY_ELECTRON_TRANSPORT;REACTOME_RESPIRATORY_ELECTRON_TRANSPORT,Yes,CI_structural,KEGG;MSigDB;Reactome,hallmark_curated;standard_curated
NDUFA4L2,NA,Tier 1,OXPHOS,KEGG_OXIDATIVE_PHOSPHORYLATION,Yes,CIV_structural,KEGG,standard_curated
NDUFA6,ENSG00000184983,Tier 1;Tier 2,OXPHOS,HALLMARK_OXIDATIVE_PHOSPHORYLATION;KEGG_OXIDATIVE_PHOSPHORYLATION;REACTOME_AEROBIC_RESPIRATION_AND_RESPIRATORY_ELECTRON_TRANSPORT;REACTOME_RESPIRATORY_ELECTRON_TRANSPORT,Yes,CI_structural,KEGG;MSigDB;Reactome,hallmark_curated;standard_curated
NDUFA7,ENSG00000267855,Tier 1;Tier 2,OXPHOS,HALLMARK_OXIDATIVE_PHOSPHORYLATION;KEGG_OXIDATIVE_PHOSPHORYLATION;REACTOME_AEROBIC_RESPIRATION_AND_RESPIRATORY_ELECTRON_TRANSPORT;REACTOME_RESPIRATORY_ELECTRON_TRANSPORT,Yes,CI_structural,KEGG;MSigDB;Reactome,hallmark_curated;standard_curated
NDUFA8,ENSG00000119421,Tier 1;Tier 2,OXPHOS,HALLMARK_OXIDATIVE_PHOSPHORYLATION;KEGG_OXIDATIVE_PHOSPHORYLATION;REACTOME_AEROBIC_RESPIRATION_AND_RESPIRATORY_ELECTRON_TRANSPORT;REACTOME_RESPIRATORY_ELECTRON_TRANSPORT,Yes,CI_structural,KEGG;MSigDB;Reactome,hallmark_curated;standard_curated
NDUFA9,ENSG00000139180,Tier 1;Tier 2,OXPHOS,HALLMARK_OXIDATIVE_PHOSPHORYLATION;KEGG_OXIDATIVE_PHOSPHORYLATION;REACTOME_AEROBIC_RESPIRATION_AND_RESPIRATORY_ELECTRON_TRANSPORT;REACTOME_RESPIRATORY_ELECTRON_TRANSPORT,Yes,CI_structural,KEGG;MSigDB;Reactome,hallmark_curated;standard_curated
NDUFAB1,ENSG00000004779,Tier 1;Tier 2,OXPHOS;fatty-acid oxidation,HALLMARK_OXIDATIVE_PHOSPHORYLATION;KEGG_OXIDATIVE_PHOSPHORYLATION;REACTOME_AEROBIC_RESPIRATION_AND_RESPIRATORY_ELECTRON_TRANSPORT;REACTOME_MITOCHONDRIAL_FATTY_ACID_BETA_OXIDATION;REACTOME_RESPIRATORY_ELECTRON_TRANSPORT,Yes,CI_structural;mtFAS;mito_translation,KEGG;MSigDB;Reactome,hallmark_curated;standard_curated
NDUFAF1,ENSG00000137806,Tier 1,OXPHOS,REACTOME_AEROBIC_RESPIRATION_AND_RESPIRATORY_ELECTRON_TRANSPORT;REACTOME_RESPIRATORY_ELECTRON_TRANSPORT,Yes,CI_assembly,Reactome,standard_curated
NDUFAF2,ENSG00000164182,Tier 1,OXPHOS,REACTOME_AEROBIC_RESPIRATION_AND_RESPIRATORY_ELECTRON_TRANSPORT;REACTOME_RESPIRATORY_ELECTRON_TRANSPORT,Yes,CI_assembly,Reactome,standard_curated
NDUFAF3,ENSG00000178057,Tier 1,OXPHOS,REACTOME_AEROBIC_RESPIRATION_AND_RESPIRATORY_ELECTRON_TRANSPORT;REACTOME_RESPIRATORY_ELECTRON_TRANSPORT,Yes,CI_assembly,Reactome,standard_curated
NDUFAF5,ENSG00000101247,Tier 1,OXPHOS,REACTOME_AEROBIC_RESPIRATION_AND_RESPIRATORY_ELECTRON_TRANSPORT;REACTOME_RESPIRATORY_ELECTRON_TRANSPORT,Yes,CI_assembly,Reactome,standard_curated
NDUFAF6,ENSG00000156170,Tier 1,OXPHOS,REACTOME_AEROBIC_RESPIRATION_AND_RESPIRATORY_ELECTRON_TRANSPORT;REACTOME_RESPIRATORY_ELECTRON_TRANSPORT,Yes,CI_assembly,Reactome,standard_curated
NDUFAF7,ENSG00000003509,Tier 1,OXPHOS,REACTOME_AEROBIC_RESPIRATION_AND_RESPIRATORY_ELECTRON_TRANSPORT;REACTOME_RESPIRATORY_ELECTRON_TRANSPORT,Yes,CI_assembly,Reactome,standard_curated
NDUFAF8,ENSG00000224877,Tier 1,OXPHOS,REACTOME_AEROBIC_RESPIRATION_AND_RESPIRATORY_ELECTRON_TRANSPORT;REACTOME_RESPIRATORY_ELECTRON_TRANSPORT,Yes,CI_assembly,Reactome,standard_curated
NDUFB10,ENSG00000140990,Tier 1,OXPHOS,KEGG_OXIDATIVE_PHOSPHORYLATION;REACTOME_AEROBIC_RESPIRATION_AND_RESPIRATORY_ELECTRON_TRANSPORT;REACTOME_RESPIRATORY_ELECTRON_TRANSPORT,Yes,CI_structural,KEGG;Reactome,standard_curated
NDUFB11,ENSG00000147123,Tier 1,OXPHOS,REACTOME_AEROBIC_RESPIRATION_AND_RESPIRATORY_ELECTRON_TRANSPORT;REACTOME_RESPIRATORY_ELECTRON_TRANSPORT,Yes,CI_structural,Reactome,standard_curated
NDUFB2,ENSG00000090266,Tier 1;Tier 2,OXPHOS,HALLMARK_OXIDATIVE_PHOSPHORYLATION;KEGG_OXIDATIVE_PHOSPHORYLATION;REACTOME_AEROBIC_RESPIRATION_AND_RESPIRATORY_ELECTRON_TRANSPORT;REACTOME_RESPIRATORY_ELECTRON_TRANSPORT,Yes,CI_structural,KEGG;MSigDB;Reactome,hallmark_curated;standard_curated
NDUFB3,ENSG00000119013,Tier 1;Tier 2,OXPHOS,HALLMARK_OXIDATIVE_PHOSPHORYLATION;KEGG_OXIDATIVE_PHOSPHORYLATION;REACTOME_AEROBIC_RESPIRATION_AND_RESPIRATORY_ELECTRON_TRANSPORT;REACTOME_RESPIRATORY_ELECTRON_TRANSPORT,Yes,CI_structural,KEGG;MSigDB;Reactome,hallmark_curated;standard_curated
NDUFB5,ENSG00000136521,Tier 1;Tier 2,OXPHOS,HALLMARK_OXIDATIVE_PHOSPHORYLATION;KEGG_OXIDATIVE_PHOSPHORYLATION;REACTOME_AEROBIC_RESPIRATION_AND_RESPIRATORY_ELECTRON_TRANSPORT;REACTOME_RESPIRATORY_ELECTRON_TRANSPORT,Yes,CI_structural,KEGG;MSigDB;Reactome,hallmark_curated;standard_curated
NDUFB6,ENSG00000165264,Tier 1;Tier 2,OXPHOS,HALLMARK_OXIDATIVE_PHOSPHORYLATION;KEGG_OXIDATIVE_PHOSPHORYLATION;REACTOME_AEROBIC_RESPIRATION_AND_RESPIRATORY_ELECTRON_TRANSPORT;REACTOME_RESPIRATORY_ELECTRON_TRANSPORT,Yes,CI_structural,KEGG;MSigDB;Reactome,hallmark_curated;standard_curated
NDUFB7,ENSG00000099795,Tier 1;Tier 2,OXPHOS,HALLMARK_OXIDATIVE_PHOSPHORYLATION;KEGG_OXIDATIVE_PHOSPHORYLATION;REACTOME_AEROBIC_RESPIRATION_AND_RESPIRATORY_ELECTRON_TRANSPORT;REACTOME_RESPIRATORY_ELECTRON_TRANSPORT,Yes,CI_structural,KEGG;MSigDB;Reactome,hallmark_curated;standard_curated
NDUFB8,ENSG00000166136,Tier 1;Tier 2,OXPHOS,HALLMARK_OXIDATIVE_PHOSPHORYLATION;KEGG_OXIDATIVE_PHOSPHORYLATION;REACTOME_AEROBIC_RESPIRATION_AND_RESPIRATORY_ELECTRON_TRANSPORT;REACTOME_RESPIRATORY_ELECTRON_TRANSPORT,Yes,CI_structural,KEGG;MSigDB;Reactome,hallmark_curated;standard_curated
NDUFB9,ENSG00000147684,Tier 1,OXPHOS,KEGG_OXIDATIVE_PHOSPHORYLATION;REACTOME_AEROBIC_RESPIRATION_AND_RESPIRATORY_ELECTRON_TRANSPORT;REACTOME_RESPIRATORY_ELECTRON_TRANSPORT,Yes,CI_structural,KEGG;Reactome,standard_curated
NDUFC1,ENSG00000109390,Tier 1;Tier 2,OXPHOS,HALLMARK_OXIDATIVE_PHOSPHORYLATION;KEGG_OXIDATIVE_PHOSPHORYLATION;REACTOME_AEROBIC_RESPIRATION_AND_RESPIRATORY_ELECTRON_TRANSPORT;REACTOME_RESPIRATORY_ELECTRON_TRANSPORT,Yes,CI_structural,KEGG;MSigDB;Reactome,hallmark_curated;standard_curated
NDUFC2,ENSG00000151366,Tier 1;Tier 2,OXPHOS,HALLMARK_OXIDATIVE_PHOSPHORYLATION;KEGG_OXIDATIVE_PHOSPHORYLATION;REACTOME_AEROBIC_RESPIRATION_AND_RESPIRATORY_ELECTRON_TRANSPORT;REACTOME_RESPIRATORY_ELECTRON_TRANSPORT,Yes,CI_structural,KEGG;MSigDB;Reactome,hallmark_curated;standard_curated
NDUFS1,ENSG00000023228,Tier 1;Tier 2,OXPHOS,HALLMARK_OXIDATIVE_PHOSPHORYLATION;KEGG_OXIDATIVE_PHOSPHORYLATION;REACTOME_AEROBIC_RESPIRATION_AND_RESPIRATORY_ELECTRON_TRANSPORT;REACTOME_RESPIRATORY_ELECTRON_TRANSPORT,Yes,CI_structural,KEGG;MSigDB;Reactome,hallmark_curated;standard_curated
NDUFS2,ENSG00000158864,Tier 1;Tier 2,OXPHOS,HALLMARK_OXIDATIVE_PHOSPHORYLATION;KEGG_OXIDATIVE_PHOSPHORYLATION;REACTOME_AEROBIC_RESPIRATION_AND_RESPIRATORY_ELECTRON_TRANSPORT;REACTOME_RESPIRATORY_ELECTRON_TRANSPORT,Yes,CI_structural,KEGG;MSigDB;Reactome,hallmark_curated;standard_curated
NDUFS3,ENSG00000213619,Tier 1;Tier 2,OXPHOS,HALLMARK_OXIDATIVE_PHOSPHORYLATION;KEGG_OXIDATIVE_PHOSPHORYLATION;REACTOME_AEROBIC_RESPIRATION_AND_RESPIRATORY_ELECTRON_TRANSPORT;REACTOME_RESPIRATORY_ELECTRON_TRANSPORT,Yes,CI_structural,KEGG;MSigDB;Reactome,hallmark_curated;standard_curated
NDUFS4,ENSG00000164258,Tier 1;Tier 2,OXPHOS,HALLMARK_OXIDATIVE_PHOSPHORYLATION;KEGG_OXIDATIVE_PHOSPHORYLATION;REACTOME_AEROBIC_RESPIRATION_AND_RESPIRATORY_ELECTRON_TRANSPORT;REACTOME_RESPIRATORY_ELECTRON_TRANSPORT,Yes,CI_structural,KEGG;MSigDB;Reactome,hallmark_curated;standard_curated
NDUFS5,ENSG00000168653,Tier 1,OXPHOS,KEGG_OXIDATIVE_PHOSPHORYLATION;REACTOME_AEROBIC_RESPIRATION_AND_RESPIRATORY_ELECTRON_TRANSPORT;REACTOME_RESPIRATORY_ELECTRON_TRANSPORT,Yes,CI_structural,KEGG;Reactome,standard_curated
NDUFS6,ENSG00000145494,Tier 1;Tier 2,OXPHOS,HALLMARK_OXIDATIVE_PHOSPHORYLATION;KEGG_OXIDATIVE_PHOSPHORYLATION;REACTOME_AEROBIC_RESPIRATION_AND_RESPIRATORY_ELECTRON_TRANSPORT;REACTOME_RESPIRATORY_ELECTRON_TRANSPORT,Yes,CI_structural,KEGG;MSigDB;Reactome,hallmark_curated;standard_curated
NDUFS7,ENSG00000115286,Tier 1;Tier 2,OXPHOS,HALLMARK_OXIDATIVE_PHOSPHORYLATION;KEGG_OXIDATIVE_PHOSPHORYLATION;REACTOME_AEROBIC_RESPIRATION_AND_RESPIRATORY_ELECTRON_TRANSPORT;REACTOME_RESPIRATORY_ELECTRON_TRANSPORT,Yes,CI_structural,KEGG;MSigDB;Reactome,hallmark_curated;standard_curated
NDUFS8,ENSG00000110717,Tier 1;Tier 2,OXPHOS,HALLMARK_OXIDATIVE_PHOSPHORYLATION;KEGG_OXIDATIVE_PHOSPHORYLATION;REACTOME_AEROBIC_RESPIRATION_AND_RESPIRATORY_ELECTRON_TRANSPORT;REACTOME_RESPIRATORY_ELECTRON_TRANSPORT,Yes,CI_structural,KEGG;MSigDB;Reactome,hallmark_curated;standard_curated
NDUFV1,ENSG00000167792,Tier 1;Tier 2,OXPHOS,HALLMARK_OXIDATIVE_PHOSPHORYLATION;KEGG_OXIDATIVE_PHOSPHORYLATION;REACTOME_AEROBIC_RESPIRATION_AND_RESPIRATORY_ELECTRON_TRANSPORT;REACTOME_RESPIRATORY_ELECTRON_TRANSPORT,Yes,CI_structural,KEGG;MSigDB;Reactome,hallmark_curated;standard_curated
NDUFV2,ENSG00000178127,Tier 1;Tier 2,OXPHOS,HALLMARK_OXIDATIVE_PHOSPHORYLATION;KEGG_OXIDATIVE_PHOSPHORYLATION;REACTOME_AEROBIC_RESPIRATION_AND_RESPIRATORY_ELECTRON_TRANSPORT;REACTOME_RESPIRATORY_ELECTRON_TRANSPORT,Yes,CI_structural,KEGG;MSigDB;Reactome,hallmark_curated;standard_curated
NDUFV3,ENSG00000160194,Tier 1;Tier 2,OXPHOS;glycolysis,HALLMARK_GLYCOLYSIS;KEGG_OXIDATIVE_PHOSPHORYLATION;REACTOME_AEROBIC_RESPIRATION_AND_RESPIRATORY_ELECTRON_TRANSPORT;REACTOME_RESPIRATORY_ELECTRON_TRANSPORT,Yes,CI_structural,KEGG;MSigDB;Reactome,hallmark_curated;standard_curated
NEK1,ENSG00000137601,Tier 1,OXPHOS,REACTOME_AEROBIC_RESPIRATION_AND_RESPIRATORY_ELECTRON_TRANSPORT,Yes,NA,Reactome,standard_curated
NEU1,ENSG00000204386,Tier 1,sphingolipid,KEGG_SPHINGOLIPID_METABOLISM;REACTOME_GLYCOSPHINGOLIPID_CATABOLISM;REACTOME_GLYCOSPHINGOLIPID_METABOLISM;REACTOME_SPHINGOLIPID_METABOLISM,No,NA,KEGG;Reactome,standard_curated
NEU2,ENSG00000115488,Tier 1,sphingolipid,KEGG_SPHINGOLIPID_METABOLISM;REACTOME_GLYCOSPHINGOLIPID_CATABOLISM;REACTOME_GLYCOSPHINGOLIPID_METABOLISM;REACTOME_SPHINGOLIPID_METABOLISM,No,NA,KEGG;Reactome,standard_curated
NEU3,ENSG00000162139,Tier 1,sphingolipid,KEGG_SPHINGOLIPID_METABOLISM;REACTOME_GLYCOSPHINGOLIPID_CATABOLISM;REACTOME_GLYCOSPHINGOLIPID_METABOLISM;REACTOME_SPHINGOLIPID_METABOLISM,No,NA,KEGG;Reactome,standard_curated
NEU4,ENSG00000204099,Tier 1,sphingolipid,KEGG_SPHINGOLIPID_METABOLISM;REACTOME_GLYCOSPHINGOLIPID_CATABOLISM;REACTOME_GLYCOSPHINGOLIPID_METABOLISM;REACTOME_SPHINGOLIPID_METABOLISM,No,NA,KEGG;Reactome,standard_curated
NFE2L2,ENSG00000116044,Tier 2,PPP,REACTOME_NFE2L2_REGULATES_PENTOSE_PHOSPHATE_PATHWAY_GENES,No,NA,Reactome,standard_curated
NFIL3,ENSG00000165030,Tier 2,cholesterol/isoprenoid,HALLMARK_CHOLESTEROL_HOMEOSTASIS,No,NA,MSigDB,hallmark_curated
NFS1,ENSG00000244005,Tier 1;Tier 2,OXPHOS;TCA;iron,REACTOME_AEROBIC_RESPIRATION_AND_RESPIRATORY_ELECTRON_TRANSPORT;REACTOME_CITRIC_ACID_CYCLE_TCA_CYCLE;REACTOME_MATURATION_OF_TCA_ENZYMES_AND_REGULATION_OF_TCA_CYCLE;REACTOME_MITOCHONDRIAL_IRON_SULFUR_CLUSTER_BIOGENESIS;REACTOME_RESPIRATORY_ELECTRON_TRANSPORT,Yes,FeS_biogenesis;CIII_assembly;TCA_respiratory,Reactome,standard_curated
NFYA,ENSG00000001167,Tier 2,cholesterol/isoprenoid,REACTOME_REGULATION_OF_CHOLESTEROL_BIOSYNTHESIS_BY_SREBP_SREBF,No,NA,Reactome,standard_curated
NFYC,ENSG00000066136,Tier 2,cholesterol/isoprenoid,REACTOME_REGULATION_OF_CHOLESTEROL_BIOSYNTHESIS_BY_SREBP_SREBF,No,NA,Reactome,standard_curated
NIBAN1,ENSG00000135842,Tier 2,cholesterol/isoprenoid,HALLMARK_CHOLESTEROL_HOMEOSTASIS,No,NA,MSigDB,hallmark_curated
NIT2,ENSG00000114021,Tier 1,glutamine/glutamate,KEGG_ALANINE_ASPARTATE_AND_GLUTAMATE_METABOLISM,No,NA,KEGG,standard_curated
NMNAT1,ENSG00000173614,Tier 1,NAD,KEGG_MEDICUS_REFERENCE_NAD_BIOSYNTHESIS;KEGG_NICOTINATE_AND_NICOTINAMIDE_METABOLISM;REACTOME_NICOTINATE_METABOLISM,No,NA,KEGG;Reactome,standard_curated
NMNAT2,ENSG00000157064,Tier 1,NAD,KEGG_MEDICUS_REFERENCE_NAD_BIOSYNTHESIS;KEGG_NICOTINATE_AND_NICOTINAMIDE_METABOLISM;REACTOME_NICOTINATE_METABOLISM,No,NA,KEGG;Reactome,standard_curated
NMNAT3,ENSG00000163864,Tier 1,NAD,KEGG_MEDICUS_REFERENCE_NAD_BIOSYNTHESIS;KEGG_NICOTINATE_AND_NICOTINAMIDE_METABOLISM;REACTOME_NICOTINATE_METABOLISM,No,NA,KEGG;Reactome,standard_curated
NMRAL1,ENSG00000153406,Tier 1,arginine,REACTOME_UREA_CYCLE,No,NA,Reactome,standard_curated
NMRK1,ENSG00000106733,Tier 1,NAD,KEGG_NICOTINATE_AND_NICOTINAMIDE_METABOLISM;REACTOME_NICOTINATE_METABOLISM,No,NA,KEGG;Reactome,standard_curated
NMRK2,ENSG00000077009,Tier 1,NAD,REACTOME_NICOTINATE_METABOLISM,No,NA,Reactome,standard_curated
NNMT,ENSG00000166741,Tier 1,NAD,KEGG_NICOTINATE_AND_NICOTINAMIDE_METABOLISM;REACTOME_NICOTINAMIDE_SALVAGE;REACTOME_NICOTINATE_METABOLISM,No,NA,KEGG;Reactome,standard_curated
NNT,ENSG00000112992,Tier 1;Tier 2,NAD;OXPHOS;TCA,HALLMARK_OXIDATIVE_PHOSPHORYLATION;KEGG_NICOTINATE_AND_NICOTINAMIDE_METABOLISM;REACTOME_AEROBIC_RESPIRATION_AND_RESPIRATORY_ELECTRON_TRANSPORT;REACTOME_CITRIC_ACID_CYCLE_TCA_CYCLE,Yes,TCA_respiratory,KEGG;MSigDB;Reactome,hallmark_curated;standard_curated
NOL3,ENSG00000140939,Tier 2,glycolysis,HALLMARK_GLYCOLYSIS,No,NA,MSigDB,hallmark_curated
NOS1,ENSG00000089250,Tier 1,arginine,KEGG_ARGININE_AND_PROLINE_METABOLISM,No,NA,KEGG,standard_curated
NOS2,ENSG00000007171,Tier 1,arginine,KEGG_ARGININE_AND_PROLINE_METABOLISM,No,NA,KEGG,standard_curated
NOS3,ENSG00000164867,Tier 1,arginine,KEGG_ARGININE_AND_PROLINE_METABOLISM,No,NA,KEGG,standard_curated
NQO2,ENSG00000124588,Tier 2,OXPHOS,HALLMARK_OXIDATIVE_PHOSPHORYLATION,Yes,NA,MSigDB,hallmark_curated
NR1H2,ENSG00000131408,Tier 2,cholesterol/isoprenoid;fatty-acid synthesis,REACTOME_NR1H2_NR1H3_REGULATE_GENE_EXPRESSION_LINKED_TO_LIPOGENESIS;REACTOME_NR1H2_NR1H3_REGULATE_GENE_EXPRESSION_TO_LIMIT_CHOLESTEROL_UPTAKE;REACTOME_NR1H3_NR1H2_REGULATE_GENE_EXPRESSION_LINKED_TO_CHOLESTEROL_TRANSPORT_AND_EFFLUX,No,NA,Reactome,standard_curated
NR1H3,ENSG00000025434,Tier 2,cholesterol/isoprenoid;fatty-acid synthesis;glycolysis,REACTOME_NR1H2_NR1H3_REGULATE_GENE_EXPRESSION_LINKED_TO_GLUCONEOGENESIS;REACTOME_NR1H2_NR1H3_REGULATE_GENE_EXPRESSION_LINKED_TO_LIPOGENESIS;REACTOME_NR1H2_NR1H3_REGULATE_GENE_EXPRESSION_TO_LIMIT_CHOLESTEROL_UPTAKE;REACTOME_NR1H3_NR1H2_REGULATE_GENE_EXPRESSION_LINKED_TO_CHOLESTEROL_TRANSPORT_AND_EFFLUX,No,NA,Reactome,standard_curated
NR1H4,ENSG00000012504,Tier 1,cholesterol/isoprenoid,REACTOME_ENDOGENOUS_STEROLS;REACTOME_SYNTHESIS_OF_BILE_ACIDS_AND_BILE_SALTS_VIA_27_HYDROXYCHOLESTEROL;REACTOME_SYNTHESIS_OF_BILE_ACIDS_AND_BILE_SALTS_VIA_7ALPHA_HYDROXYCHOLESTEROL,No,NA,Reactome,standard_curated
NRIP1,ENSG00000180530,Tier 2,fatty-acid synthesis;glycolysis,REACTOME_NR1H2_NR1H3_REGULATE_GENE_EXPRESSION_LINKED_TO_GLUCONEOGENESIS;REACTOME_NR1H2_NR1H3_REGULATE_GENE_EXPRESSION_LINKED_TO_LIPOGENESIS,No,NA,Reactome,standard_curated
NSDHL,ENSG00000147383,Tier 1;Tier 2,cholesterol/isoprenoid;glycolysis,HALLMARK_CHOLESTEROL_HOMEOSTASIS;HALLMARK_GLYCOLYSIS;KEGG_MEDICUS_REFERENCE_CHOLESTEROL_BIOSYNTHESIS;REACTOME_CHOLESTEROL_BIOSYNTHESIS,No,NA,KEGG;MSigDB;Reactome,hallmark_curated;standard_curated
NSMAF,ENSG00000035681,Tier 1,sphingolipid,REACTOME_TNFR1_MEDIATED_CERAMIDE_PRODUCTION,No,NA,Reactome,standard_curated
NT5C,ENSG00000125458,Tier 1,NAD,KEGG_NICOTINATE_AND_NICOTINAMIDE_METABOLISM,No,NA,KEGG,standard_curated
NT5C1A,ENSG00000116981,Tier 1,NAD,KEGG_NICOTINATE_AND_NICOTINAMIDE_METABOLISM,No,NA,KEGG,standard_curated
NT5C1B,ENSG00000185013,Tier 1,NAD,KEGG_NICOTINATE_AND_NICOTINAMIDE_METABOLISM,No,NA,KEGG,standard_curated
NT5C2,ENSG00000076685,Tier 1,NAD,KEGG_NICOTINATE_AND_NICOTINAMIDE_METABOLISM,No,NA,KEGG,standard_curated
NT5C3A,ENSG00000122643,Tier 1,NAD,KEGG_NICOTINATE_AND_NICOTINAMIDE_METABOLISM,No,NA,KEGG,standard_curated
NT5E,ENSG00000135318,Tier 1;Tier 2,NAD;glycolysis,HALLMARK_GLYCOLYSIS;KEGG_NICOTINATE_AND_NICOTINAMIDE_METABOLISM;REACTOME_NICOTINATE_METABOLISM,No,NA,KEGG;MSigDB;Reactome,hallmark_curated;standard_curated
NT5M,ENSG00000205309,Tier 1,NAD,KEGG_NICOTINATE_AND_NICOTINAMIDE_METABOLISM,No,NA,KEGG,standard_curated
NUBP1,ENSG00000103274,Tier 1,iron,REACTOME_CYTOSOLIC_IRON_SULFUR_CLUSTER_ASSEMBLY,No,NA,Reactome,standard_curated
NUBP2,ENSG00000095906,Tier 1,iron,REACTOME_CYTOSOLIC_IRON_SULFUR_CLUSTER_ASSEMBLY,No,NA,Reactome,standard_curated
NUBPL,ENSG00000151413,Tier 1,OXPHOS,REACTOME_AEROBIC_RESPIRATION_AND_RESPIRATORY_ELECTRON_TRANSPORT;REACTOME_RESPIRATORY_ELECTRON_TRANSPORT,Yes,CI_assembly;FeS_biogenesis,Reactome,standard_curated
NUDT12,ENSG00000112874,Tier 1,NAD,KEGG_NICOTINATE_AND_NICOTINAMIDE_METABOLISM;REACTOME_NICOTINAMIDE_SALVAGE;REACTOME_NICOTINATE_METABOLISM,No,NA,KEGG;Reactome,standard_curated
OAT,ENSG00000065154,Tier 1;Tier 2,OXPHOS;arginine;glutamine/glutamate,HALLMARK_OXIDATIVE_PHOSPHORYLATION;KEGG_ARGININE_AND_PROLINE_METABOLISM;REACTOME_GLUTAMATE_AND_GLUTAMINE_METABOLISM,Yes,NA,KEGG;MSigDB;Reactome,hallmark_curated;standard_curated
ODC1,ENSG00000115758,Tier 1,arginine,KEGG_ARGININE_AND_PROLINE_METABOLISM,No,NA,KEGG,standard_curated
OGDH,ENSG00000105953,Tier 1;Tier 2,OXPHOS;TCA;serine/glycine/one-carbon;tryptophan,HALLMARK_OXIDATIVE_PHOSPHORYLATION;KEGG_CITRATE_CYCLE_TCA_CYCLE;KEGG_TRYPTOPHAN_METABOLISM;REACTOME_AEROBIC_RESPIRATION_AND_RESPIRATORY_ELECTRON_TRANSPORT;REACTOME_CITRIC_ACID_CYCLE_TCA_CYCLE;REACTOME_GLYCINE_DEGRADATION;REACTOME_GLYOXYLATE_METABOLISM_AND_GLYCINE_DEGRADATION,Yes,TCA_respiratory,KEGG;MSigDB;Reactome,hallmark_curated;standard_curated
OGDHL,ENSG00000197444,Tier 1,TCA;tryptophan,KEGG_CITRATE_CYCLE_TCA_CYCLE;KEGG_TRYPTOPHAN_METABOLISM,No,TCA_respiratory,KEGG,standard_curated
OPA1,ENSG00000198836,Tier 2,OXPHOS,HALLMARK_OXIDATIVE_PHOSPHORYLATION,Yes,mito_membrane_organization;mito_dynamics,MSigDB,hallmark_curated
ORMDL1,ENSG00000128699,Tier 1,sphingolipid,REACTOME_SPHINGOLIPID_DE_NOVO_BIOSYNTHESIS;REACTOME_SPHINGOLIPID_METABOLISM,No,NA,Reactome,standard_curated
ORMDL3,ENSG00000172057,Tier 1,sphingolipid,REACTOME_SPHINGOLIPID_DE_NOVO_BIOSYNTHESIS;REACTOME_SPHINGOLIPID_METABOLISM,No,NA,Reactome,standard_curated
OSBP,ENSG00000110048,Tier 1,sphingolipid,REACTOME_SPHINGOLIPID_DE_NOVO_BIOSYNTHESIS;REACTOME_SPHINGOLIPID_METABOLISM,No,NA,Reactome,standard_curated
OTC,ENSG00000036473,Tier 1,arginine,KEGG_ARGININE_AND_PROLINE_METABOLISM;KEGG_MEDICUS_REFERENCE_UREA_CYCLE;REACTOME_UREA_CYCLE,No,NA,KEGG;Reactome,standard_curated
OXA1L,ENSG00000155463,Tier 1;Tier 2,OXPHOS,HALLMARK_OXIDATIVE_PHOSPHORYLATION;REACTOME_AEROBIC_RESPIRATION_AND_RESPIRATORY_ELECTRON_TRANSPORT;REACTOME_RESPIRATORY_ELECTRON_TRANSPORT,Yes,mito_import;mito_translation;CI_assembly;CIV_assembly,MSigDB;Reactome,hallmark_curated;standard_curated
OXCT1,ENSG00000083720,Tier 1,BCAA,KEGG_VALINE_LEUCINE_AND_ISOLEUCINE_DEGRADATION,No,NA,KEGG,standard_curated
P4HA1,ENSG00000122884,Tier 1;Tier 2,arginine;glycolysis,HALLMARK_GLYCOLYSIS;KEGG_ARGININE_AND_PROLINE_METABOLISM,No,NA,KEGG;MSigDB,hallmark_curated;standard_curated
P4HA2,ENSG00000072682,Tier 1;Tier 2,arginine;glycolysis,HALLMARK_GLYCOLYSIS;KEGG_ARGININE_AND_PROLINE_METABOLISM,No,NA,KEGG;MSigDB,hallmark_curated;standard_curated
P4HA3,ENSG00000149380,Tier 1,arginine,KEGG_ARGININE_AND_PROLINE_METABOLISM,No,NA,KEGG,standard_curated
PAM,ENSG00000145730,Tier 2,glycolysis,HALLMARK_GLYCOLYSIS,No,NA,MSigDB,hallmark_curated
PARP10,ENSG00000178685,Tier 1,NAD,REACTOME_NICOTINAMIDE_SALVAGE;REACTOME_NICOTINATE_METABOLISM,No,NA,Reactome,standard_curated
PARP14,ENSG00000173193,Tier 1,NAD,REACTOME_NICOTINAMIDE_SALVAGE;REACTOME_NICOTINATE_METABOLISM,No,NA,Reactome,standard_curated
PARP16,ENSG00000138617,Tier 1,NAD,REACTOME_NICOTINAMIDE_SALVAGE;REACTOME_NICOTINATE_METABOLISM,No,NA,Reactome,standard_curated
PARP4,ENSG00000102699,Tier 1,NAD,REACTOME_NICOTINAMIDE_SALVAGE;REACTOME_NICOTINATE_METABOLISM,No,NA,Reactome,standard_curated
PARP6,ENSG00000137817,Tier 1,NAD,REACTOME_NICOTINAMIDE_SALVAGE;REACTOME_NICOTINATE_METABOLISM,No,NA,Reactome,standard_curated
PARP8,ENSG00000151883,Tier 1,NAD,REACTOME_NICOTINAMIDE_SALVAGE;REACTOME_NICOTINATE_METABOLISM,No,NA,Reactome,standard_curated
PARP9,ENSG00000138496,Tier 1,NAD,REACTOME_NICOTINAMIDE_SALVAGE;REACTOME_NICOTINATE_METABOLISM,No,NA,Reactome,standard_curated
PAXIP1,ENSG00000157212,Tier 2,glycolysis,HALLMARK_GLYCOLYSIS,No,NA,MSigDB,hallmark_curated
PBRM1,ENSG00000163939,Tier 2,arginine,REACTOME_RMTS_METHYLATE_HISTONE_ARGININES,No,NA,Reactome,standard_curated
PC,ENSG00000173599,Tier 1;Tier 2,OXPHOS;TCA;glycolysis,HALLMARK_GLYCOLYSIS;KEGG_CITRATE_CYCLE_TCA_CYCLE;KEGG_MEDICUS_REFERENCE_GLUCONEOGENESIS;REACTOME_AEROBIC_RESPIRATION_AND_RESPIRATORY_ELECTRON_TRANSPORT;REACTOME_GLUCONEOGENESIS,Yes,TCA_respiratory,KEGG;MSigDB;Reactome,hallmark_curated;standard_curated
PCCA,ENSG00000175198,Tier 1,BCAA;fatty-acid oxidation,KEGG_VALINE_LEUCINE_AND_ISOLEUCINE_DEGRADATION;REACTOME_MITOCHONDRIAL_FATTY_ACID_BETA_OXIDATION,No,NA,KEGG;Reactome,standard_curated
PCCB,ENSG00000114054,Tier 1,BCAA;fatty-acid oxidation,KEGG_VALINE_LEUCINE_AND_ISOLEUCINE_DEGRADATION;REACTOME_MITOCHONDRIAL_FATTY_ACID_BETA_OXIDATION,No,NA,KEGG;Reactome,standard_curated
PCK1,ENSG00000124253,Tier 1;Tier 2,TCA;glycolysis,KEGG_CITRATE_CYCLE_TCA_CYCLE;KEGG_GLYCOLYSIS_GLUCONEOGENESIS;KEGG_MEDICUS_REFERENCE_GLUCONEOGENESIS;REACTOME_GLUCONEOGENESIS;REACTOME_NR1H2_NR1H3_REGULATE_GENE_EXPRESSION_LINKED_TO_GLUCONEOGENESIS,No,NA,KEGG;Reactome,standard_curated
PCTP,ENSG00000141179,Tier 1,fatty-acid oxidation,REACTOME_MITOCHONDRIAL_FATTY_ACID_BETA_OXIDATION,No,NA,Reactome,standard_curated
PCYT2,ENSG00000185813,Tier 2,cholesterol/isoprenoid,HALLMARK_CHOLESTEROL_HOMEOSTASIS,No,NA,MSigDB,hallmark_curated
PDHA1,ENSG00000131828,Tier 1;Tier 2,BCAA;OXPHOS;TCA;glycolysis,HALLMARK_OXIDATIVE_PHOSPHORYLATION;KEGG_CITRATE_CYCLE_TCA_CYCLE;KEGG_GLYCOLYSIS_GLUCONEOGENESIS;KEGG_VALINE_LEUCINE_AND_ISOLEUCINE_BIOSYNTHESIS;REACTOME_AEROBIC_RESPIRATION_AND_RESPIRATORY_ELECTRON_TRANSPORT,Yes,TCA_respiratory,KEGG;MSigDB;Reactome,hallmark_curated;standard_curated
PDHA2,ENSG00000163114,Tier 1,BCAA;OXPHOS;TCA;glycolysis,KEGG_CITRATE_CYCLE_TCA_CYCLE;KEGG_GLYCOLYSIS_GLUCONEOGENESIS;KEGG_VALINE_LEUCINE_AND_ISOLEUCINE_BIOSYNTHESIS;REACTOME_AEROBIC_RESPIRATION_AND_RESPIRATORY_ELECTRON_TRANSPORT,Yes,TCA_respiratory,KEGG;Reactome,standard_curated
PDHB,ENSG00000168291,Tier 1;Tier 2,BCAA;OXPHOS;TCA;glycolysis,HALLMARK_OXIDATIVE_PHOSPHORYLATION;KEGG_CITRATE_CYCLE_TCA_CYCLE;KEGG_GLYCOLYSIS_GLUCONEOGENESIS;KEGG_VALINE_LEUCINE_AND_ISOLEUCINE_BIOSYNTHESIS;REACTOME_AEROBIC_RESPIRATION_AND_RESPIRATORY_ELECTRON_TRANSPORT,Yes,TCA_respiratory,KEGG;MSigDB;Reactome,hallmark_curated;standard_curated
PDHX,ENSG00000110435,Tier 1;Tier 2,OXPHOS,HALLMARK_OXIDATIVE_PHOSPHORYLATION;REACTOME_AEROBIC_RESPIRATION_AND_RESPIRATORY_ELECTRON_TRANSPORT,Yes,TCA_respiratory,MSigDB;Reactome,hallmark_curated;standard_curated
PDK1,ENSG00000152256,Tier 1,OXPHOS,REACTOME_AEROBIC_RESPIRATION_AND_RESPIRATORY_ELECTRON_TRANSPORT,Yes,TCA_respiratory,Reactome,standard_curated
PDK2,ENSG00000005882,Tier 1,OXPHOS,REACTOME_AEROBIC_RESPIRATION_AND_RESPIRATORY_ELECTRON_TRANSPORT,Yes,TCA_respiratory,Reactome,standard_curated
PDK3,ENSG00000067992,Tier 1;Tier 2,OXPHOS;cholesterol/isoprenoid;glycolysis,HALLMARK_CHOLESTEROL_HOMEOSTASIS;HALLMARK_GLYCOLYSIS;REACTOME_AEROBIC_RESPIRATION_AND_RESPIRATORY_ELECTRON_TRANSPORT,Yes,TCA_respiratory,MSigDB;Reactome,hallmark_curated;standard_curated
PDK4,ENSG00000004799,Tier 1;Tier 2,OXPHOS,HALLMARK_OXIDATIVE_PHOSPHORYLATION;REACTOME_AEROBIC_RESPIRATION_AND_RESPIRATORY_ELECTRON_TRANSPORT,Yes,TCA_respiratory,MSigDB;Reactome,hallmark_curated;standard_curated
PDP1,ENSG00000164951,Tier 1;Tier 2,OXPHOS,HALLMARK_OXIDATIVE_PHOSPHORYLATION;REACTOME_AEROBIC_RESPIRATION_AND_RESPIRATORY_ELECTRON_TRANSPORT,Yes,TCA_respiratory,MSigDB;Reactome,hallmark_curated;standard_curated
PDP2,ENSG00000172840,Tier 1,OXPHOS,REACTOME_AEROBIC_RESPIRATION_AND_RESPIRATORY_ELECTRON_TRANSPORT,Yes,TCA_respiratory,Reactome,standard_curated
PDSS1,ENSG00000148459,Tier 1,cholesterol/isoprenoid,KEGG_TERPENOID_BACKBONE_BIOSYNTHESIS,No,CoQ_biosynthesis,KEGG,standard_curated
PDSS2,ENSG00000164494,Tier 1,cholesterol/isoprenoid,KEGG_TERPENOID_BACKBONE_BIOSYNTHESIS,No,CoQ_biosynthesis,KEGG,standard_curated
PET100,ENSG00000229833,Tier 1,OXPHOS,REACTOME_AEROBIC_RESPIRATION_AND_RESPIRATORY_ELECTRON_TRANSPORT;REACTOME_RESPIRATORY_ELECTRON_TRANSPORT,Yes,CIV_assembly,Reactome,standard_curated
PET117,ENSG00000232838,Tier 1,OXPHOS,REACTOME_AEROBIC_RESPIRATION_AND_RESPIRATORY_ELECTRON_TRANSPORT;REACTOME_RESPIRATORY_ELECTRON_TRANSPORT,Yes,CIV_assembly,Reactome,standard_curated
PFKFB1,ENSG00000158571,Tier 2,glycolysis,HALLMARK_GLYCOLYSIS;REACTOME_REGULATION_OF_GLYCOLYSIS_BY_FRUCTOSE_2_6_BISPHOSPHATE_METABOLISM,No,NA,MSigDB;Reactome,hallmark_curated;standard_curated
PFKFB2,ENSG00000123836,Tier 2,glycolysis,REACTOME_REGULATION_OF_GLYCOLYSIS_BY_FRUCTOSE_2_6_BISPHOSPHATE_METABOLISM,No,NA,Reactome,standard_curated
PFKFB3,ENSG00000170525,Tier 2,glycolysis,REACTOME_REGULATION_OF_GLYCOLYSIS_BY_FRUCTOSE_2_6_BISPHOSPHATE_METABOLISM,No,NA,Reactome,standard_curated
PFKFB4,ENSG00000114268,Tier 2,glycolysis,REACTOME_REGULATION_OF_GLYCOLYSIS_BY_FRUCTOSE_2_6_BISPHOSPHATE_METABOLISM,No,NA,Reactome,standard_curated
PFKL,ENSG00000141959,Tier 1,PPP;glycolysis,KEGG_GLYCOLYSIS_GLUCONEOGENESIS;KEGG_MEDICUS_REFERENCE_GLYCOLYSIS;KEGG_PENTOSE_PHOSPHATE_PATHWAY,No,NA,KEGG,standard_curated
PFKM,ENSG00000152556,Tier 1,PPP;glycolysis,KEGG_GLYCOLYSIS_GLUCONEOGENESIS;KEGG_MEDICUS_REFERENCE_GLYCOLYSIS;KEGG_PENTOSE_PHOSPHATE_PATHWAY,No,NA,KEGG,standard_curated
PFKP,ENSG00000067057,Tier 1;Tier 2,PPP;glycolysis,HALLMARK_GLYCOLYSIS;KEGG_GLYCOLYSIS_GLUCONEOGENESIS;KEGG_MEDICUS_REFERENCE_GLYCOLYSIS;KEGG_PENTOSE_PHOSPHATE_PATHWAY,No,NA,KEGG;MSigDB,hallmark_curated;standard_curated
PGAM2,ENSG00000164708,Tier 1;Tier 2,glycolysis,HALLMARK_GLYCOLYSIS;KEGG_GLYCOLYSIS_GLUCONEOGENESIS;KEGG_MEDICUS_REFERENCE_GLYCOLYSIS;REACTOME_GLUCONEOGENESIS,No,NA,KEGG;MSigDB;Reactome,hallmark_curated;standard_curated
PGAM5,ENSG00000247077,Tier 1,OXPHOS,REACTOME_AEROBIC_RESPIRATION_AND_RESPIRATORY_ELECTRON_TRANSPORT,Yes,NA,Reactome,standard_curated
PGD,ENSG00000142657,Tier 1;Tier 2,PPP,KEGG_PENTOSE_PHOSPHATE_PATHWAY;REACTOME_NFE2L2_REGULATES_PENTOSE_PHOSPHATE_PATHWAY_GENES;REACTOME_PENTOSE_PHOSPHATE_PATHWAY,No,NA,KEGG;Reactome,standard_curated
PGK1,ENSG00000102144,Tier 1;Tier 2,glycolysis,HALLMARK_GLYCOLYSIS;KEGG_GLYCOLYSIS_GLUCONEOGENESIS;KEGG_MEDICUS_REFERENCE_GLYCOLYSIS;REACTOME_GLUCONEOGENESIS,No,NA,KEGG;MSigDB;Reactome,hallmark_curated;standard_curated
PGK2,ENSG00000170950,Tier 1,glycolysis,KEGG_GLYCOLYSIS_GLUCONEOGENESIS;KEGG_MEDICUS_REFERENCE_GLYCOLYSIS;REACTOME_GLUCONEOGENESIS,No,NA,KEGG;Reactome,standard_curated
PGLS,ENSG00000130313,Tier 1;Tier 2,PPP;glycolysis,HALLMARK_GLYCOLYSIS;KEGG_PENTOSE_PHOSPHATE_PATHWAY;REACTOME_PENTOSE_PHOSPHATE_PATHWAY,No,NA,KEGG;MSigDB;Reactome,hallmark_curated;standard_curated
PGM1,ENSG00000079739,Tier 1,PPP;glycolysis,KEGG_GLYCOLYSIS_GLUCONEOGENESIS;KEGG_PENTOSE_PHOSPHATE_PATHWAY,No,NA,KEGG,standard_curated
PGM2,ENSG00000169299,Tier 1;Tier 2,PPP;glycolysis,HALLMARK_GLYCOLYSIS;KEGG_GLYCOLYSIS_GLUCONEOGENESIS;KEGG_PENTOSE_PHOSPHATE_PATHWAY;REACTOME_PENTOSE_PHOSPHATE_PATHWAY,No,NA,KEGG;MSigDB;Reactome,hallmark_curated;standard_curated
PHB2,ENSG00000215021,Tier 2,OXPHOS,HALLMARK_OXIDATIVE_PHOSPHORYLATION,Yes,NA,MSigDB,hallmark_curated
PHGDH,ENSG00000092621,Tier 1,serine/glycine/one-carbon,KEGG_GLYCINE_SERINE_AND_THREONINE_METABOLISM;REACTOME_SERINE_METABOLISM,No,NA,KEGG;Reactome,standard_curated
PHKA2,ENSG00000044446,Tier 2,glycolysis,HALLMARK_GLYCOLYSIS,No,NA,MSigDB,hallmark_curated
PHPT1,ENSG00000054148,Tier 1,riboflavin,KEGG_RIBOFLAVIN_METABOLISM,No,NA,KEGG,standard_curated
PHYH,ENSG00000107537,Tier 2,OXPHOS,HALLMARK_OXIDATIVE_PHOSPHORYLATION,Yes,NA,MSigDB,hallmark_curated
PIPOX,ENSG00000179761,Tier 1,serine/glycine/one-carbon,KEGG_GLYCINE_SERINE_AND_THREONINE_METABOLISM,No,NA,KEGG,standard_curated
PKLR,ENSG00000143627,Tier 1,OXPHOS;glycolysis,KEGG_GLYCOLYSIS_GLUCONEOGENESIS;KEGG_MEDICUS_REFERENCE_GLYCOLYSIS;REACTOME_AEROBIC_RESPIRATION_AND_RESPIRATORY_ELECTRON_TRANSPORT,Yes,NA,KEGG;Reactome,standard_curated
PKM,ENSG00000067225,Tier 1;Tier 2,OXPHOS;glycolysis,HALLMARK_GLYCOLYSIS;KEGG_GLYCOLYSIS_GLUCONEOGENESIS;KEGG_MEDICUS_REFERENCE_GLYCOLYSIS;REACTOME_AEROBIC_RESPIRATION_AND_RESPIRATORY_ELECTRON_TRANSPORT,Yes,NA,KEGG;MSigDB;Reactome,hallmark_curated;standard_curated
PKP2,ENSG00000057294,Tier 2,glycolysis,HALLMARK_GLYCOLYSIS,No,NA,MSigDB,hallmark_curated
PLAUR,ENSG00000011422,Tier 2,cholesterol/isoprenoid,HALLMARK_CHOLESTEROL_HOMEOSTASIS,No,NA,MSigDB,hallmark_curated
PLCB1,ENSG00000182621,Tier 1,glutamine/glutamate,REACTOME_ACTIVATION_OF_KAINATE_RECEPTORS_UPON_GLUTAMATE_BINDING,No,NA,Reactome,standard_curated
PLCB2,ENSG00000137841,Tier 1,glutamine/glutamate,REACTOME_ACTIVATION_OF_KAINATE_RECEPTORS_UPON_GLUTAMATE_BINDING,No,NA,Reactome,standard_curated
PLCB3,ENSG00000149782,Tier 1,glutamine/glutamate,REACTOME_ACTIVATION_OF_KAINATE_RECEPTORS_UPON_GLUTAMATE_BINDING,No,NA,Reactome,standard_curated
PLEKHA8,ENSG00000106086,Tier 1,sphingolipid,REACTOME_GLYCOSPHINGOLIPID_TRANSPORT,No,NA,Reactome,standard_curated
PLOD1,ENSG00000083444,Tier 2,glycolysis,HALLMARK_GLYCOLYSIS,No,NA,MSigDB,hallmark_curated
PLOD2,ENSG00000152952,Tier 2,glycolysis,HALLMARK_GLYCOLYSIS,No,NA,MSigDB,hallmark_curated
PLPP1,ENSG00000067113,Tier 1,sphingolipid,KEGG_SPHINGOLIPID_METABOLISM;REACTOME_SPHINGOLIPID_CATABOLISM;REACTOME_SPHINGOLIPID_METABOLISM,No,NA,KEGG;Reactome,standard_curated
PLPP2,ENSG00000141934,Tier 1,sphingolipid,KEGG_SPHINGOLIPID_METABOLISM;REACTOME_SPHINGOLIPID_CATABOLISM;REACTOME_SPHINGOLIPID_METABOLISM,No,NA,KEGG;Reactome,standard_curated
PLPP3,ENSG00000162407,Tier 1,sphingolipid,KEGG_SPHINGOLIPID_METABOLISM;REACTOME_SPHINGOLIPID_CATABOLISM;REACTOME_SPHINGOLIPID_METABOLISM,No,NA,KEGG;Reactome,standard_curated
PLPP6,ENSG00000205808,Tier 1,cholesterol/isoprenoid,REACTOME_CHOLESTEROL_BIOSYNTHESIS,No,NA,Reactome,standard_curated
PLPPR1,ENSG00000148123,Tier 1,sphingolipid,REACTOME_LYSOSPHINGOLIPID_AND_LPA_RECEPTORS,No,NA,Reactome,standard_curated
PLPPR2,ENSG00000105520,Tier 1,sphingolipid,REACTOME_LYSOSPHINGOLIPID_AND_LPA_RECEPTORS,No,NA,Reactome,standard_curated
PLPPR3,ENSG00000129951,Tier 1,sphingolipid,REACTOME_LYSOSPHINGOLIPID_AND_LPA_RECEPTORS,No,NA,Reactome,standard_curated
PLPPR4,ENSG00000117600,Tier 1,sphingolipid,REACTOME_LYSOSPHINGOLIPID_AND_LPA_RECEPTORS,No,NA,Reactome,standard_curated
PLPPR5,ENSG00000117598,Tier 1,sphingolipid,REACTOME_LYSOSPHINGOLIPID_AND_LPA_RECEPTORS,No,NA,Reactome,standard_curated
PLSCR1,ENSG00000188313,Tier 2,cholesterol/isoprenoid,HALLMARK_CHOLESTEROL_HOMEOSTASIS,No,NA,MSigDB,hallmark_curated
PLTP,ENSG00000100979,Tier 2,cholesterol/isoprenoid,REACTOME_NR1H3_NR1H2_REGULATE_GENE_EXPRESSION_LINKED_TO_CHOLESTEROL_TRANSPORT_AND_EFFLUX,No,NA,Reactome,standard_curated
PM20D1,ENSG00000162877,Tier 1,OXPHOS,REACTOME_AEROBIC_RESPIRATION_AND_RESPIRATORY_ELECTRON_TRANSPORT,Yes,NA,Reactome,standard_curated
PMM2,ENSG00000140650,Tier 2,glycolysis,HALLMARK_GLYCOLYSIS,No,NA,MSigDB,hallmark_curated
PMPCA,ENSG00000165688,Tier 2,OXPHOS,HALLMARK_OXIDATIVE_PHOSPHORYLATION,Yes,mito_import;mito_proteostasis,MSigDB,hallmark_curated
PMVK,ENSG00000163344,Tier 1;Tier 2,cholesterol/isoprenoid,HALLMARK_CHOLESTEROL_HOMEOSTASIS;KEGG_MEDICUS_REFERENCE_MEVALONATE_PATHWAY;KEGG_TERPENOID_BACKBONE_BIOSYNTHESIS;REACTOME_CHOLESTEROL_BIOSYNTHESIS;REACTOME_REGULATION_OF_CHOLESTEROL_BIOSYNTHESIS_BY_SREBP_SREBF,No,NA,KEGG;MSigDB;Reactome,hallmark_curated;standard_curated
PNKD,ENSG00000127838,Tier 1,OXPHOS,REACTOME_AEROBIC_RESPIRATION_AND_RESPIRATORY_ELECTRON_TRANSPORT;REACTOME_RESPIRATORY_ELECTRON_TRANSPORT,Yes,CIV_assembly,Reactome,standard_curated
PNP,ENSG00000198805,Tier 1,NAD,KEGG_NICOTINATE_AND_NICOTINAMIDE_METABOLISM,No,NA,KEGG,standard_curated
PNRC1,ENSG00000146278,Tier 2,cholesterol/isoprenoid,HALLMARK_CHOLESTEROL_HOMEOSTASIS,No,NA,MSigDB,hallmark_curated
POLD1,ENSG00000062822,Tier 1,iron,REACTOME_CYTOSOLIC_IRON_SULFUR_CLUSTER_ASSEMBLY,No,NA,Reactome,standard_curated
POLR2F,ENSG00000100142,Tier 2,OXPHOS,HALLMARK_OXIDATIVE_PHOSPHORYLATION,Yes,NA,MSigDB,hallmark_curated
POLR3K,ENSG00000161980,Tier 2,glycolysis,HALLMARK_GLYCOLYSIS,No,NA,MSigDB,hallmark_curated
POMC,ENSG00000115138,Tier 1,cholesterol/isoprenoid,REACTOME_ENDOGENOUS_STEROLS,No,NA,Reactome,standard_curated
POR,ENSG00000127948,Tier 2,OXPHOS,HALLMARK_OXIDATIVE_PHOSPHORYLATION,Yes,NA,MSigDB,hallmark_curated
PPA2,ENSG00000138777,Tier 1,OXPHOS,KEGG_OXIDATIVE_PHOSPHORYLATION,Yes,NA,KEGG,standard_curated
PPARA,ENSG00000186951,Tier 2,cholesterol/isoprenoid,REACTOME_REGULATION_OF_CHOLESTEROL_BIOSYNTHESIS_BY_SREBP_SREBF,No,NA,Reactome,standard_curated
PPARG,ENSG00000132170,Tier 2,cholesterol/isoprenoid,HALLMARK_CHOLESTEROL_HOMEOSTASIS,No,NA,MSigDB,hallmark_curated
PPFIA1,ENSG00000131626,Tier 1,glutamine/glutamate,REACTOME_GLUTAMATE_NEUROTRANSMITTER_RELEASE_CYCLE,No,NA,Reactome,standard_curated
PPFIA2,ENSG00000139220,Tier 1,glutamine/glutamate,REACTOME_GLUTAMATE_NEUROTRANSMITTER_RELEASE_CYCLE,No,NA,Reactome,standard_curated
PPFIA3,ENSG00000177380,Tier 1,glutamine/glutamate,REACTOME_GLUTAMATE_NEUROTRANSMITTER_RELEASE_CYCLE,No,NA,Reactome,standard_curated
PPFIA4,ENSG00000143847,Tier 1;Tier 2,glutamine/glutamate;glycolysis,HALLMARK_GLYCOLYSIS;REACTOME_GLUTAMATE_NEUROTRANSMITTER_RELEASE_CYCLE,No,NA,MSigDB;Reactome,hallmark_curated;standard_curated
PPM1K,ENSG00000163644,Tier 1;Tier 2,BCAA,REACTOME_BRANCHED_CHAIN_AMINO_ACID_CATABOLISM;REACTOME_DISEASES_OF_BRANCHED_CHAIN_AMINO_ACID_CATABOLISM,No,NA,Reactome,standard_curated
PPM1L,ENSG00000163590,Tier 1,sphingolipid,REACTOME_SPHINGOLIPID_DE_NOVO_BIOSYNTHESIS;REACTOME_SPHINGOLIPID_METABOLISM,No,NA,Reactome,standard_curated
PPP2CA,ENSG00000113575,Tier 2,glycolysis,REACTOME_REGULATION_OF_GLYCOLYSIS_BY_FRUCTOSE_2_6_BISPHOSPHATE_METABOLISM,No,NA,Reactome,standard_curated
PPP2CB,ENSG00000104695,Tier 2,glycolysis,HALLMARK_GLYCOLYSIS;REACTOME_REGULATION_OF_GLYCOLYSIS_BY_FRUCTOSE_2_6_BISPHOSPHATE_METABOLISM,No,NA,MSigDB;Reactome,hallmark_curated;standard_curated
PPP2R1A,ENSG00000105568,Tier 2,glycolysis,REACTOME_REGULATION_OF_GLYCOLYSIS_BY_FRUCTOSE_2_6_BISPHOSPHATE_METABOLISM,No,NA,Reactome,standard_curated
PPP2R1B,ENSG00000137713,Tier 2,glycolysis,REACTOME_REGULATION_OF_GLYCOLYSIS_BY_FRUCTOSE_2_6_BISPHOSPHATE_METABOLISM,No,NA,Reactome,standard_curated
PPP2R5D,ENSG00000112640,Tier 2,glycolysis,REACTOME_REGULATION_OF_GLYCOLYSIS_BY_FRUCTOSE_2_6_BISPHOSPHATE_METABOLISM,No,NA,Reactome,standard_curated
PRDX3,ENSG00000165672,Tier 2,OXPHOS,HALLMARK_OXIDATIVE_PHOSPHORYLATION,Yes,NA,MSigDB,hallmark_curated
PRKACA,ENSG00000072062,Tier 2,glycolysis,REACTOME_REGULATION_OF_GLYCOLYSIS_BY_FRUCTOSE_2_6_BISPHOSPHATE_METABOLISM,No,NA,Reactome,standard_curated
PRKACB,ENSG00000142875,Tier 2,glycolysis,REACTOME_REGULATION_OF_GLYCOLYSIS_BY_FRUCTOSE_2_6_BISPHOSPHATE_METABOLISM,No,NA,Reactome,standard_curated
PRKACG,ENSG00000165059,Tier 2,glycolysis,REACTOME_REGULATION_OF_GLYCOLYSIS_BY_FRUCTOSE_2_6_BISPHOSPHATE_METABOLISM,No,NA,Reactome,standard_curated
PRKD1,ENSG00000184304,Tier 1,sphingolipid,REACTOME_SPHINGOLIPID_DE_NOVO_BIOSYNTHESIS;REACTOME_SPHINGOLIPID_METABOLISM,No,NA,Reactome,standard_curated
PRKD2,ENSG00000105287,Tier 1,sphingolipid,REACTOME_SPHINGOLIPID_DE_NOVO_BIOSYNTHESIS;REACTOME_SPHINGOLIPID_METABOLISM,No,NA,Reactome,standard_curated
PRKD3,ENSG00000115825,Tier 1,sphingolipid,REACTOME_SPHINGOLIPID_DE_NOVO_BIOSYNTHESIS;REACTOME_SPHINGOLIPID_METABOLISM,No,NA,Reactome,standard_curated
PRMT1,ENSG00000126457,Tier 2,arginine,REACTOME_RMTS_METHYLATE_HISTONE_ARGININES,No,NA,Reactome,standard_curated
PRMT3,ENSG00000185238,Tier 2,arginine,REACTOME_RMTS_METHYLATE_HISTONE_ARGININES,No,NA,Reactome,standard_curated
PRMT5,ENSG00000100462,Tier 2,arginine,REACTOME_RMTS_METHYLATE_HISTONE_ARGININES,No,NA,Reactome,standard_curated
PRMT6,ENSG00000198890,Tier 2,arginine,REACTOME_RMTS_METHYLATE_HISTONE_ARGININES,No,NA,Reactome,standard_curated
PRMT7,ENSG00000132600,Tier 2,arginine,REACTOME_RMTS_METHYLATE_HISTONE_ARGININES,No,NA,Reactome,standard_curated
PRODH2,ENSG00000250799,Tier 1,arginine;serine/glycine/one-carbon,KEGG_ARGININE_AND_PROLINE_METABOLISM;REACTOME_GLYOXYLATE_METABOLISM_AND_GLYCINE_DEGRADATION,No,NA,KEGG;Reactome,standard_curated
PRPS1,ENSG00000147224,Tier 1;Tier 2,PPP;glycolysis,HALLMARK_GLYCOLYSIS;KEGG_PENTOSE_PHOSPHATE_PATHWAY;REACTOME_PENTOSE_PHOSPHATE_PATHWAY,No,NA,KEGG;MSigDB;Reactome,hallmark_curated;standard_curated
PRPS1L1,ENSG00000229937,Tier 1,PPP,KEGG_PENTOSE_PHOSPHATE_PATHWAY;REACTOME_PENTOSE_PHOSPHATE_PATHWAY,No,NA,KEGG;Reactome,standard_curated
PRPS2,ENSG00000101911,Tier 1,PPP,KEGG_PENTOSE_PHOSPHATE_PATHWAY;REACTOME_PENTOSE_PHOSPHATE_PATHWAY,No,NA,KEGG;Reactome,standard_curated
PRSS1,ENSG00000204983,Tier 1,vitamin B12,REACTOME_COBALAMIN_CBL_VITAMIN_B12_TRANSPORT_AND_METABOLISM;REACTOME_UPTAKE_OF_DIETARY_COBALAMINS_INTO_ENTEROCYTES,No,NA,Reactome,standard_curated
PSAP,ENSG00000197746,Tier 1,sphingolipid,REACTOME_GLYCOSPHINGOLIPID_CATABOLISM;REACTOME_GLYCOSPHINGOLIPID_METABOLISM;REACTOME_SPHINGOLIPID_METABOLISM,No,NA,Reactome,standard_curated
PSMC4,ENSG00000013275,Tier 2,glycolysis,HALLMARK_GLYCOLYSIS,No,NA,MSigDB,hallmark_curated
PSPH,ENSG00000146733,Tier 1,serine/glycine/one-carbon,KEGG_GLYCINE_SERINE_AND_THREONINE_METABOLISM;REACTOME_SERINE_METABOLISM,No,NA,KEGG;Reactome,standard_curated
PTS,ENSG00000150787,Tier 1,folate,KEGG_FOLATE_BIOSYNTHESIS,No,NA,KEGG,standard_curated
PXMP2,ENSG00000176894,Tier 1,serine/glycine/one-carbon,REACTOME_GLYOXYLATE_METABOLISM_AND_GLYCINE_DEGRADATION,No,NA,Reactome,standard_curated
PYCR1,ENSG00000183010,Tier 1,arginine;glutamine/glutamate,KEGG_ARGININE_AND_PROLINE_METABOLISM;REACTOME_GLUTAMATE_AND_GLUTAMINE_METABOLISM,No,NA,KEGG;Reactome,standard_curated
PYCR2,ENSG00000143811,Tier 1,arginine;glutamine/glutamate,KEGG_ARGININE_AND_PROLINE_METABOLISM;REACTOME_GLUTAMATE_AND_GLUTAMINE_METABOLISM,No,NA,KEGG;Reactome,standard_curated
PYCR3,ENSG00000104524,Tier 1,arginine;glutamine/glutamate,KEGG_ARGININE_AND_PROLINE_METABOLISM;REACTOME_GLUTAMATE_AND_GLUTAMINE_METABOLISM,No,NA,KEGG;Reactome,standard_curated
PYGB,ENSG00000100994,Tier 2,glycolysis,HALLMARK_GLYCOLYSIS,No,NA,MSigDB,hallmark_curated
PYGL,ENSG00000100504,Tier 2,glycolysis,HALLMARK_GLYCOLYSIS,No,NA,MSigDB,hallmark_curated
PYURF,ENSG00000145337,Tier 1,OXPHOS,REACTOME_AEROBIC_RESPIRATION_AND_RESPIRATORY_ELECTRON_TRANSPORT;REACTOME_RESPIRATORY_ELECTRON_TRANSPORT,Yes,CI_assembly,Reactome,standard_curated
QDPR,ENSG00000151552,Tier 1,folate,KEGG_FOLATE_BIOSYNTHESIS,No,NA,KEGG,standard_curated
QPRT,ENSG00000103485,Tier 1,NAD,KEGG_MEDICUS_REFERENCE_NAD_BIOSYNTHESIS;KEGG_NICOTINATE_AND_NICOTINAMIDE_METABOLISM;REACTOME_NICOTINATE_METABOLISM,No,NA,KEGG;Reactome,standard_curated
QSOX1,ENSG00000116260,Tier 2,glycolysis,HALLMARK_GLYCOLYSIS,No,NA,MSigDB,hallmark_curated
RAB3A,ENSG00000105649,Tier 1,glutamine/glutamate,REACTOME_GLUTAMATE_NEUROTRANSMITTER_RELEASE_CYCLE,No,NA,Reactome,standard_curated
RAB5IF,ENSG00000101084,Tier 1,OXPHOS,REACTOME_AEROBIC_RESPIRATION_AND_RESPIRATORY_ELECTRON_TRANSPORT;REACTOME_RESPIRATORY_ELECTRON_TRANSPORT,Yes,CIV_assembly,Reactome,standard_curated
RACK1,ENSG00000204628,Tier 1,sphingolipid,REACTOME_TNFR1_MEDIATED_CERAMIDE_PRODUCTION,No,NA,Reactome,standard_curated
RANBP9,ENSG00000010017,Tier 1,OXPHOS,REACTOME_AEROBIC_RESPIRATION_AND_RESPIRATORY_ELECTRON_TRANSPORT,Yes,NA,Reactome,standard_curated
RARS1,ENSG00000113643,Tier 2,glycolysis,HALLMARK_GLYCOLYSIS,No,NA,MSigDB,hallmark_curated
RBBP7,ENSG00000102054,Tier 2,arginine,REACTOME_RMTS_METHYLATE_HISTONE_ARGININES,No,NA,Reactome,standard_curated
RBCK1,ENSG00000125826,Tier 2,glycolysis,HALLMARK_GLYCOLYSIS,No,NA,MSigDB,hallmark_curated
RBKS,ENSG00000171174,Tier 1,PPP,KEGG_PENTOSE_PHOSPHATE_PATHWAY;REACTOME_PENTOSE_PHOSPHATE_PATHWAY,No,NA,KEGG;Reactome,standard_curated
RETSAT,ENSG00000042445,Tier 2,OXPHOS,HALLMARK_OXIDATIVE_PHOSPHORYLATION,Yes,NA,MSigDB,hallmark_curated
RHOT1,ENSG00000126858,Tier 2,OXPHOS,HALLMARK_OXIDATIVE_PHOSPHORYLATION,Yes,NA,MSigDB,hallmark_curated
RHOT2,ENSG00000140983,Tier 2,OXPHOS,HALLMARK_OXIDATIVE_PHOSPHORYLATION,Yes,NA,MSigDB,hallmark_curated
RIMKLA,ENSG00000177181,Tier 1,glutamine/glutamate,REACTOME_GLUTAMATE_AND_GLUTAMINE_METABOLISM,No,NA,Reactome,standard_curated
RIMKLB,ENSG00000166532,Tier 1,glutamine/glutamate,REACTOME_GLUTAMATE_AND_GLUTAMINE_METABOLISM,No,NA,Reactome,standard_curated
RIMS1,ENSG00000079841,Tier 1,glutamine/glutamate,REACTOME_GLUTAMATE_NEUROTRANSMITTER_RELEASE_CYCLE,No,NA,Reactome,standard_curated
RMND5A,ENSG00000153561,Tier 1,OXPHOS,REACTOME_AEROBIC_RESPIRATION_AND_RESPIRATORY_ELECTRON_TRANSPORT,Yes,NA,Reactome,standard_curated
RMND5B,ENSG00000145916,Tier 1,OXPHOS,REACTOME_AEROBIC_RESPIRATION_AND_RESPIRATORY_ELECTRON_TRANSPORT,Yes,NA,Reactome,standard_curated
RNLS,ENSG00000184719,Tier 1,NAD,REACTOME_NICOTINAMIDE_SALVAGE;REACTOME_NICOTINATE_METABOLISM,No,NA,Reactome,standard_curated
RPE,ENSG00000197713,Tier 1;Tier 2,PPP;glycolysis,HALLMARK_GLYCOLYSIS;KEGG_PENTOSE_PHOSPHATE_PATHWAY;REACTOME_PENTOSE_PHOSPHATE_PATHWAY,No,NA,KEGG;MSigDB;Reactome,hallmark_curated;standard_curated
RPIA,ENSG00000153574,Tier 1,PPP,KEGG_PENTOSE_PHOSPHATE_PATHWAY;REACTOME_PENTOSE_PHOSPHATE_PATHWAY,No,NA,KEGG;Reactome,standard_curated
RPS2,ENSG00000140988,Tier 2,arginine,REACTOME_RMTS_METHYLATE_HISTONE_ARGININES,No,NA,Reactome,standard_curated
RRAGD,ENSG00000025039,Tier 2,glycolysis,HALLMARK_GLYCOLYSIS,No,NA,MSigDB,hallmark_curated
RTEL1,ENSG00000258366,Tier 1,iron,REACTOME_CYTOSOLIC_IRON_SULFUR_CLUSTER_ASSEMBLY,No,NA,Reactome,standard_curated
RXRA,ENSG00000186350,Tier 1;Tier 2,cholesterol/isoprenoid;fatty-acid synthesis;glycolysis,REACTOME_ENDOGENOUS_STEROLS;REACTOME_NR1H2_NR1H3_REGULATE_GENE_EXPRESSION_LINKED_TO_GLUCONEOGENESIS;REACTOME_NR1H2_NR1H3_REGULATE_GENE_EXPRESSION_LINKED_TO_LIPOGENESIS;REACTOME_NR1H2_NR1H3_REGULATE_GENE_EXPRESSION_TO_LIMIT_CHOLESTEROL_UPTAKE;REACTOME_NR1H3_NR1H2_REGULATE_GENE_EXPRESSION_LINKED_TO_CHOLESTEROL_TRANSPORT_AND_EFFLUX;REACTOME_REGULATION_OF_CHOLESTEROL_BIOSYNTHESIS_BY_SREBP_SREBF;REACTOME_SYNTHESIS_OF_BILE_ACIDS_AND_BILE_SALTS_VIA_27_HYDROXYCHOLESTEROL;REACTOME_SYNTHESIS_OF_BILE_ACIDS_AND_BILE_SALTS_VIA_7ALPHA_HYDROXYCHOLESTEROL,No,NA,Reactome,standard_curated
RXRB,ENSG00000204231,Tier 2,cholesterol/isoprenoid;fatty-acid synthesis;glycolysis,REACTOME_NR1H2_NR1H3_REGULATE_GENE_EXPRESSION_LINKED_TO_GLUCONEOGENESIS;REACTOME_NR1H2_NR1H3_REGULATE_GENE_EXPRESSION_LINKED_TO_LIPOGENESIS;REACTOME_NR1H2_NR1H3_REGULATE_GENE_EXPRESSION_TO_LIMIT_CHOLESTEROL_UPTAKE;REACTOME_NR1H3_NR1H2_REGULATE_GENE_EXPRESSION_LINKED_TO_CHOLESTEROL_TRANSPORT_AND_EFFLUX,No,NA,Reactome,standard_curated
S100A11,ENSG00000163191,Tier 2,cholesterol/isoprenoid,HALLMARK_CHOLESTEROL_HOMEOSTASIS,No,NA,MSigDB,hallmark_curated
S1PR1,ENSG00000170989,Tier 1,sphingolipid,REACTOME_LYSOSPHINGOLIPID_AND_LPA_RECEPTORS,No,NA,Reactome,standard_curated
S1PR2,ENSG00000267534,Tier 1,sphingolipid,REACTOME_LYSOSPHINGOLIPID_AND_LPA_RECEPTORS,No,NA,Reactome,standard_curated
S1PR3,ENSG00000213694,Tier 1,sphingolipid,REACTOME_LYSOSPHINGOLIPID_AND_LPA_RECEPTORS,No,NA,Reactome,standard_curated
S1PR4,ENSG00000125910,Tier 1,sphingolipid,REACTOME_LYSOSPHINGOLIPID_AND_LPA_RECEPTORS,No,NA,Reactome,standard_curated
S1PR5,ENSG00000180739,Tier 1,sphingolipid,REACTOME_LYSOSPHINGOLIPID_AND_LPA_RECEPTORS,No,NA,Reactome,standard_curated
SAMD8,ENSG00000156671,Tier 1,sphingolipid,REACTOME_SPHINGOLIPID_DE_NOVO_BIOSYNTHESIS;REACTOME_SPHINGOLIPID_METABOLISM,No,NA,Reactome,standard_curated
SAP30,ENSG00000164105,Tier 2,glycolysis,HALLMARK_GLYCOLYSIS,No,NA,MSigDB,hallmark_curated
SAR1B,ENSG00000152700,Tier 2,cholesterol/isoprenoid,REACTOME_REGULATION_OF_CHOLESTEROL_BIOSYNTHESIS_BY_SREBP_SREBF,No,NA,Reactome,standard_curated
SARDH,ENSG00000123453,Tier 1,serine/glycine/one-carbon,KEGG_GLYCINE_SERINE_AND_THREONINE_METABOLISM,No,NA,KEGG,standard_curated
SAT1,ENSG00000130066,Tier 1,arginine,KEGG_ARGININE_AND_PROLINE_METABOLISM,No,NA,KEGG,standard_curated
SAT2,ENSG00000141504,Tier 1,arginine,KEGG_ARGININE_AND_PROLINE_METABOLISM,No,NA,KEGG,standard_curated
SC5D,ENSG00000109929,Tier 1;Tier 2,cholesterol/isoprenoid,HALLMARK_CHOLESTEROL_HOMEOSTASIS;KEGG_MEDICUS_REFERENCE_CHOLESTEROL_BIOSYNTHESIS;REACTOME_CHOLESTEROL_BIOSYNTHESIS;REACTOME_REGULATION_OF_CHOLESTEROL_BIOSYNTHESIS_BY_SREBP_SREBF,No,NA,KEGG;MSigDB;Reactome,hallmark_curated;standard_curated
SCAP,ENSG00000114650,Tier 2,cholesterol/isoprenoid,REACTOME_REGULATION_OF_CHOLESTEROL_BIOSYNTHESIS_BY_SREBP_SREBF,No,NA,Reactome,standard_curated
SCD,ENSG00000099194,Tier 2,cholesterol/isoprenoid;fatty-acid synthesis,HALLMARK_CHOLESTEROL_HOMEOSTASIS;REACTOME_NR1H2_NR1H3_REGULATE_GENE_EXPRESSION_LINKED_TO_LIPOGENESIS;REACTOME_REGULATION_OF_CHOLESTEROL_BIOSYNTHESIS_BY_SREBP_SREBF,No,NA,MSigDB;Reactome,hallmark_curated;standard_curated
SCO1,ENSG00000133028,Tier 1,OXPHOS,REACTOME_AEROBIC_RESPIRATION_AND_RESPIRATORY_ELECTRON_TRANSPORT;REACTOME_RESPIRATORY_ELECTRON_TRANSPORT,Yes,CIV_assembly,Reactome,standard_curated
SCO2,ENSG00000284194,Tier 1,OXPHOS,REACTOME_AEROBIC_RESPIRATION_AND_RESPIRATORY_ELECTRON_TRANSPORT;REACTOME_RESPIRATORY_ELECTRON_TRANSPORT,Yes,CIV_assembly,Reactome,standard_curated
SCP2,ENSG00000116171,Tier 1,cholesterol/isoprenoid;fatty-acid oxidation,KEGG_MEDICUS_REFERENCE_BETA_OXIDATION_PEROXISOME_VLCFA;REACTOME_BETA_OXIDATION_OF_PRISTANOYL_COA;REACTOME_SYNTHESIS_OF_BILE_ACIDS_AND_BILE_SALTS_VIA_7ALPHA_HYDROXYCHOLESTEROL,No,NA,KEGG;Reactome,standard_curated
SDC1,ENSG00000115884,Tier 2,glycolysis,HALLMARK_GLYCOLYSIS,No,NA,MSigDB,hallmark_curated
SDC2,ENSG00000169439,Tier 2,glycolysis,HALLMARK_GLYCOLYSIS,No,NA,MSigDB,hallmark_curated
SDC3,ENSG00000162512,Tier 2,glycolysis,HALLMARK_GLYCOLYSIS,No,NA,MSigDB,hallmark_curated
SDHA,ENSG00000073578,Tier 1;Tier 2,OXPHOS;TCA,HALLMARK_OXIDATIVE_PHOSPHORYLATION;KEGG_CITRATE_CYCLE_TCA_CYCLE;KEGG_OXIDATIVE_PHOSPHORYLATION;REACTOME_AEROBIC_RESPIRATION_AND_RESPIRATORY_ELECTRON_TRANSPORT;REACTOME_CITRIC_ACID_CYCLE_TCA_CYCLE;REACTOME_MATURATION_OF_TCA_ENZYMES_AND_REGULATION_OF_TCA_CYCLE;REACTOME_RESPIRATORY_ELECTRON_TRANSPORT,Yes,CII;TCA_respiratory,KEGG;MSigDB;Reactome,hallmark_curated;standard_curated
SDHAF1,ENSG00000205138,Tier 1;Tier 2,OXPHOS;TCA,REACTOME_AEROBIC_RESPIRATION_AND_RESPIRATORY_ELECTRON_TRANSPORT;REACTOME_CITRIC_ACID_CYCLE_TCA_CYCLE;REACTOME_MATURATION_OF_TCA_ENZYMES_AND_REGULATION_OF_TCA_CYCLE,Yes,CII,Reactome,standard_curated
SDHAF2,ENSG00000167985,Tier 1;Tier 2,OXPHOS;TCA,REACTOME_AEROBIC_RESPIRATION_AND_RESPIRATORY_ELECTRON_TRANSPORT;REACTOME_CITRIC_ACID_CYCLE_TCA_CYCLE;REACTOME_MATURATION_OF_TCA_ENZYMES_AND_REGULATION_OF_TCA_CYCLE,Yes,CII,Reactome,standard_curated
SDHAF3,ENSG00000196636,Tier 1;Tier 2,OXPHOS;TCA,REACTOME_AEROBIC_RESPIRATION_AND_RESPIRATORY_ELECTRON_TRANSPORT;REACTOME_CITRIC_ACID_CYCLE_TCA_CYCLE;REACTOME_MATURATION_OF_TCA_ENZYMES_AND_REGULATION_OF_TCA_CYCLE,Yes,CII,Reactome,standard_curated
SDHAF4,ENSG00000154079,Tier 1;Tier 2,OXPHOS;TCA,REACTOME_AEROBIC_RESPIRATION_AND_RESPIRATORY_ELECTRON_TRANSPORT;REACTOME_CITRIC_ACID_CYCLE_TCA_CYCLE;REACTOME_MATURATION_OF_TCA_ENZYMES_AND_REGULATION_OF_TCA_CYCLE,Yes,CII,Reactome,standard_curated
SDHB,ENSG00000117118,Tier 1;Tier 2,OXPHOS;TCA,HALLMARK_OXIDATIVE_PHOSPHORYLATION;KEGG_CITRATE_CYCLE_TCA_CYCLE;KEGG_OXIDATIVE_PHOSPHORYLATION;REACTOME_AEROBIC_RESPIRATION_AND_RESPIRATORY_ELECTRON_TRANSPORT;REACTOME_CITRIC_ACID_CYCLE_TCA_CYCLE;REACTOME_MATURATION_OF_TCA_ENZYMES_AND_REGULATION_OF_TCA_CYCLE;REACTOME_RESPIRATORY_ELECTRON_TRANSPORT,Yes,CII;TCA_respiratory,KEGG;MSigDB;Reactome,hallmark_curated;standard_curated
SDHC,ENSG00000143252,Tier 1;Tier 2,OXPHOS;TCA;glycolysis,HALLMARK_GLYCOLYSIS;HALLMARK_OXIDATIVE_PHOSPHORYLATION;KEGG_CITRATE_CYCLE_TCA_CYCLE;KEGG_OXIDATIVE_PHOSPHORYLATION;REACTOME_AEROBIC_RESPIRATION_AND_RESPIRATORY_ELECTRON_TRANSPORT;REACTOME_CITRIC_ACID_CYCLE_TCA_CYCLE;REACTOME_MATURATION_OF_TCA_ENZYMES_AND_REGULATION_OF_TCA_CYCLE;REACTOME_RESPIRATORY_ELECTRON_TRANSPORT,Yes,CII;TCA_respiratory,KEGG;MSigDB;Reactome,hallmark_curated;standard_curated
SDS,ENSG00000135094,Tier 1,methionine;serine/glycine/one-carbon,KEGG_CYSTEINE_AND_METHIONINE_METABOLISM;KEGG_GLYCINE_SERINE_AND_THREONINE_METABOLISM;REACTOME_SERINE_METABOLISM,No,NA,KEGG;Reactome,standard_curated
SDSL,ENSG00000139410,Tier 1,serine/glycine/one-carbon,REACTOME_SERINE_METABOLISM,No,NA,Reactome,standard_curated
SEC23A,ENSG00000100934,Tier 2,cholesterol/isoprenoid,REACTOME_REGULATION_OF_CHOLESTEROL_BIOSYNTHESIS_BY_SREBP_SREBF,No,NA,Reactome,standard_curated
SEC24A,ENSG00000113615,Tier 2,cholesterol/isoprenoid,REACTOME_REGULATION_OF_CHOLESTEROL_BIOSYNTHESIS_BY_SREBP_SREBF,No,NA,Reactome,standard_curated
SEC24B,ENSG00000138802,Tier 2,cholesterol/isoprenoid,REACTOME_REGULATION_OF_CHOLESTEROL_BIOSYNTHESIS_BY_SREBP_SREBF,No,NA,Reactome,standard_curated
SEC24C,ENSG00000176986,Tier 2,cholesterol/isoprenoid,REACTOME_REGULATION_OF_CHOLESTEROL_BIOSYNTHESIS_BY_SREBP_SREBF,No,NA,Reactome,standard_curated
SEC24D,ENSG00000150961,Tier 2,cholesterol/isoprenoid,REACTOME_REGULATION_OF_CHOLESTEROL_BIOSYNTHESIS_BY_SREBP_SREBF,No,NA,Reactome,standard_curated
SERINC1,ENSG00000111897,Tier 1,serine/glycine/one-carbon,REACTOME_SERINE_METABOLISM,No,NA,Reactome,standard_curated
SERINC2,ENSG00000168528,Tier 1,serine/glycine/one-carbon,REACTOME_SERINE_METABOLISM,No,NA,Reactome,standard_curated
SERINC3,ENSG00000132824,Tier 1,serine/glycine/one-carbon,REACTOME_SERINE_METABOLISM,No,NA,Reactome,standard_curated
SERINC4,ENSG00000184716,Tier 1,serine/glycine/one-carbon,REACTOME_SERINE_METABOLISM,No,NA,Reactome,standard_curated
SERINC5,ENSG00000164300,Tier 1,serine/glycine/one-carbon,REACTOME_SERINE_METABOLISM,No,NA,Reactome,standard_curated
SFXN4,ENSG00000183605,Tier 1,OXPHOS,REACTOME_AEROBIC_RESPIRATION_AND_RESPIRATORY_ELECTRON_TRANSPORT;REACTOME_RESPIRATORY_ELECTRON_TRANSPORT,Yes,CI_assembly,Reactome,standard_curated
SGMS1,ENSG00000198964,Tier 1,sphingolipid,KEGG_SPHINGOLIPID_METABOLISM;REACTOME_SPHINGOLIPID_DE_NOVO_BIOSYNTHESIS;REACTOME_SPHINGOLIPID_METABOLISM,No,NA,KEGG;Reactome,standard_curated
SGMS2,ENSG00000164023,Tier 1,sphingolipid,KEGG_SPHINGOLIPID_METABOLISM;REACTOME_SPHINGOLIPID_DE_NOVO_BIOSYNTHESIS;REACTOME_SPHINGOLIPID_METABOLISM,No,NA,KEGG;Reactome,standard_curated
SGPL1,ENSG00000166224,Tier 1,sphingolipid,KEGG_SPHINGOLIPID_METABOLISM;REACTOME_SPHINGOLIPID_CATABOLISM;REACTOME_SPHINGOLIPID_METABOLISM,No,NA,KEGG;Reactome,standard_curated
SGPP1,ENSG00000126821,Tier 1,sphingolipid,KEGG_SPHINGOLIPID_METABOLISM;REACTOME_SPHINGOLIPID_CATABOLISM;REACTOME_SPHINGOLIPID_METABOLISM,No,NA,KEGG;Reactome,standard_curated
SGPP2,ENSG00000163082,Tier 1,sphingolipid,KEGG_SPHINGOLIPID_METABOLISM;REACTOME_SPHINGOLIPID_CATABOLISM;REACTOME_SPHINGOLIPID_METABOLISM,No,NA,KEGG;Reactome,standard_curated
SHMT1,ENSG00000176974,Tier 1,folate;serine/glycine/one-carbon,KEGG_GLYCINE_SERINE_AND_THREONINE_METABOLISM;KEGG_ONE_CARBON_POOL_BY_FOLATE;REACTOME_METABOLISM_OF_FOLATE_AND_PTERINES,No,NA,KEGG;Reactome,standard_curated
SHMT2,ENSG00000182199,Tier 1,folate;serine/glycine/one-carbon,KEGG_GLYCINE_SERINE_AND_THREONINE_METABOLISM;KEGG_ONE_CARBON_POOL_BY_FOLATE;REACTOME_METABOLISM_OF_FOLATE_AND_PTERINES,No,NA,KEGG;Reactome,standard_curated
SHPK,ENSG00000197417,Tier 1,PPP,REACTOME_PENTOSE_PHOSPHATE_PATHWAY,No,NA,Reactome,standard_curated
SIRT3,ENSG00000142082,Tier 1;Tier 2,OXPHOS;TCA,REACTOME_AEROBIC_RESPIRATION_AND_RESPIRATORY_ELECTRON_TRANSPORT;REACTOME_CITRIC_ACID_CYCLE_TCA_CYCLE;REACTOME_MATURATION_OF_TCA_ENZYMES_AND_REGULATION_OF_TCA_CYCLE,Yes,TCA_respiratory,Reactome,standard_curated
SIRT4,ENSG00000089163,Tier 1,OXPHOS,REACTOME_AEROBIC_RESPIRATION_AND_RESPIRATORY_ELECTRON_TRANSPORT,Yes,NA,Reactome,standard_curated
SKP1,ENSG00000113558,Tier 1,iron,REACTOME_IRON_UPTAKE_AND_TRANSPORT,No,NA,Reactome,standard_curated
SLC11A2,ENSG00000110911,Tier 1,iron,REACTOME_IRON_UPTAKE_AND_TRANSPORT,No,NA,Reactome,standard_curated
SLC16A10,ENSG00000112394,Tier 1,amino-acid transport,REACTOME_AMINO_ACID_TRANSPORT_ACROSS_THE_PLASMA_MEMBRANE,No,NA,Reactome,standard_curated
SLC16A3,ENSG00000141526,Tier 2,glycolysis,HALLMARK_GLYCOLYSIS,No,NA,MSigDB,hallmark_curated
SLC17A7,ENSG00000104888,Tier 1,glutamine/glutamate,REACTOME_GLUTAMATE_NEUROTRANSMITTER_RELEASE_CYCLE,No,NA,Reactome,standard_curated
SLC19A1,ENSG00000173638,Tier 1,folate,REACTOME_METABOLISM_OF_FOLATE_AND_PTERINES,No,NA,Reactome,standard_curated
SLC1A1,ENSG00000106688,Tier 1,glutamine/glutamate,REACTOME_GLUTAMATE_NEUROTRANSMITTER_RELEASE_CYCLE,No,NA,Reactome,standard_curated
SLC1A2,ENSG00000110436,Tier 1,glutamine/glutamate,REACTOME_GLUTAMATE_NEUROTRANSMITTER_RELEASE_CYCLE,No,NA,Reactome,standard_curated
SLC1A3,ENSG00000079215,Tier 1,glutamine/glutamate,REACTOME_GLUTAMATE_NEUROTRANSMITTER_RELEASE_CYCLE,No,NA,Reactome,standard_curated
SLC1A4,ENSG00000115902,Tier 1,amino-acid transport,REACTOME_AMINO_ACID_TRANSPORT_ACROSS_THE_PLASMA_MEMBRANE,No,NA,Reactome,standard_curated
SLC1A5,ENSG00000105281,Tier 1,amino-acid transport,REACTOME_AMINO_ACID_TRANSPORT_ACROSS_THE_PLASMA_MEMBRANE,No,NA,Reactome,standard_curated
SLC1A6,ENSG00000105143,Tier 1,glutamine/glutamate,REACTOME_GLUTAMATE_NEUROTRANSMITTER_RELEASE_CYCLE,No,NA,Reactome,standard_curated
SLC1A7,ENSG00000162383,Tier 1,glutamine/glutamate,REACTOME_GLUTAMATE_NEUROTRANSMITTER_RELEASE_CYCLE,No,NA,Reactome,standard_curated
SLC22A13,ENSG00000172940,Tier 1,NAD,REACTOME_NICOTINAMIDE_SALVAGE;REACTOME_NICOTINATE_METABOLISM,No,NA,Reactome,standard_curated
SLC22A17,ENSG00000092096,Tier 1,iron,REACTOME_IRON_UPTAKE_AND_TRANSPORT,No,NA,Reactome,standard_curated
SLC25A10,ENSG00000183048,Tier 2,glycolysis,HALLMARK_GLYCOLYSIS,No,NA,MSigDB,hallmark_curated
SLC25A11,ENSG00000108528,Tier 1;Tier 2,OXPHOS,HALLMARK_OXIDATIVE_PHOSPHORYLATION;REACTOME_AEROBIC_RESPIRATION_AND_RESPIRATORY_ELECTRON_TRANSPORT;REACTOME_RESPIRATORY_ELECTRON_TRANSPORT,Yes,NA,MSigDB;Reactome,hallmark_curated;standard_curated
SLC25A12,ENSG00000115840,Tier 1;Tier 2,OXPHOS,HALLMARK_OXIDATIVE_PHOSPHORYLATION;REACTOME_AEROBIC_RESPIRATION_AND_RESPIRATORY_ELECTRON_TRANSPORT;REACTOME_RESPIRATORY_ELECTRON_TRANSPORT,Yes,NA,MSigDB;Reactome,hallmark_curated;standard_curated
SLC25A13,ENSG00000004864,Tier 1;Tier 2,OXPHOS;glycolysis,HALLMARK_GLYCOLYSIS;REACTOME_AEROBIC_RESPIRATION_AND_RESPIRATORY_ELECTRON_TRANSPORT;REACTOME_RESPIRATORY_ELECTRON_TRANSPORT,Yes,NA,MSigDB;Reactome,hallmark_curated;standard_curated
SLC25A14,ENSG00000102078,Tier 1,OXPHOS,REACTOME_AEROBIC_RESPIRATION_AND_RESPIRATORY_ELECTRON_TRANSPORT,Yes,NA,Reactome,standard_curated
SLC25A15,ENSG00000102743,Tier 1,arginine,REACTOME_UREA_CYCLE,No,NA,Reactome,standard_curated
SLC25A18,ENSG00000182902,Tier 1,OXPHOS,REACTOME_AEROBIC_RESPIRATION_AND_RESPIRATORY_ELECTRON_TRANSPORT;REACTOME_RESPIRATORY_ELECTRON_TRANSPORT,Yes,NA,Reactome,standard_curated
SLC25A2,ENSG00000120329,Tier 1,arginine,REACTOME_UREA_CYCLE,No,NA,Reactome,standard_curated
SLC25A20,ENSG00000178537,Tier 2,OXPHOS,HALLMARK_OXIDATIVE_PHOSPHORYLATION,Yes,NA,MSigDB,hallmark_curated
SLC25A22,ENSG00000177542,Tier 1,OXPHOS,REACTOME_AEROBIC_RESPIRATION_AND_RESPIRATORY_ELECTRON_TRANSPORT;REACTOME_RESPIRATORY_ELECTRON_TRANSPORT,Yes,NA,Reactome,standard_curated
SLC25A27,ENSG00000153291,Tier 1,OXPHOS,REACTOME_AEROBIC_RESPIRATION_AND_RESPIRATORY_ELECTRON_TRANSPORT,Yes,NA,Reactome,standard_curated
SLC25A28,ENSG00000155287,Tier 1,iron,REACTOME_MITOCHONDRIAL_IRON_SULFUR_CLUSTER_BIOGENESIS,No,FeS_biogenesis,Reactome,standard_curated
SLC25A29,ENSG00000197119,Tier 1,amino-acid transport,REACTOME_AMINO_ACID_TRANSPORT_ACROSS_THE_PLASMA_MEMBRANE,No,NA,Reactome,standard_curated
SLC25A3,ENSG00000075415,Tier 2,OXPHOS,HALLMARK_OXIDATIVE_PHOSPHORYLATION,Yes,NA,MSigDB,hallmark_curated
SLC25A32,ENSG00000164933,Tier 1,folate,REACTOME_METABOLISM_OF_FOLATE_AND_PTERINES,No,NA,Reactome,standard_curated
SLC25A37,ENSG00000147454,Tier 1,iron,REACTOME_MITOCHONDRIAL_IRON_SULFUR_CLUSTER_BIOGENESIS,No,FeS_biogenesis,Reactome,standard_curated
SLC25A4,ENSG00000151729,Tier 1;Tier 2,OXPHOS,HALLMARK_OXIDATIVE_PHOSPHORYLATION;REACTOME_AEROBIC_RESPIRATION_AND_RESPIRATORY_ELECTRON_TRANSPORT,Yes,mtDNA_maintenance_expression,MSigDB;Reactome,hallmark_curated;standard_curated
SLC25A44,ENSG00000160785,Tier 1,BCAA,REACTOME_BRANCHED_CHAIN_AMINO_ACID_CATABOLISM,No,NA,Reactome,standard_curated
SLC25A6,ENSG00000169100,Tier 2,OXPHOS,HALLMARK_OXIDATIVE_PHOSPHORYLATION,Yes,NA,MSigDB,hallmark_curated
SLC27A2,ENSG00000140284,Tier 1,cholesterol/isoprenoid;fatty-acid oxidation,REACTOME_BETA_OXIDATION_OF_VERY_LONG_CHAIN_FATTY_ACIDS;REACTOME_SYNTHESIS_OF_BILE_ACIDS_AND_BILE_SALTS_VIA_24_HYDROXYCHOLESTEROL;REACTOME_SYNTHESIS_OF_BILE_ACIDS_AND_BILE_SALTS_VIA_7ALPHA_HYDROXYCHOLESTEROL,No,NA,Reactome,standard_curated
SLC27A5,ENSG00000083807,Tier 1,cholesterol/isoprenoid,REACTOME_SYNTHESIS_OF_BILE_ACIDS_AND_BILE_SALTS_VIA_24_HYDROXYCHOLESTEROL;REACTOME_SYNTHESIS_OF_BILE_ACIDS_AND_BILE_SALTS_VIA_7ALPHA_HYDROXYCHOLESTEROL,No,NA,Reactome,standard_curated
SLC2A1,ENSG00000117394,Tier 1,glucose transport,REACTOME_CELLULAR_HEXOSE_TRANSPORT,No,NA,Reactome,standard_curated
SLC2A10,ENSG00000197496,Tier 1,glucose transport,REACTOME_CELLULAR_HEXOSE_TRANSPORT,No,NA,Reactome,standard_curated
SLC2A11,ENSG00000133460,Tier 1,glucose transport,REACTOME_CELLULAR_HEXOSE_TRANSPORT,No,NA,Reactome,standard_curated
SLC2A12,ENSG00000146411,Tier 1,glucose transport,REACTOME_CELLULAR_HEXOSE_TRANSPORT,No,NA,Reactome,standard_curated
SLC2A14,ENSG00000173262,Tier 1,glucose transport,REACTOME_CELLULAR_HEXOSE_TRANSPORT,No,NA,Reactome,standard_curated
SLC2A2,ENSG00000163581,Tier 1,glucose transport,REACTOME_CELLULAR_HEXOSE_TRANSPORT,No,NA,Reactome,standard_curated
SLC2A3,ENSG00000059804,Tier 1,glucose transport,REACTOME_CELLULAR_HEXOSE_TRANSPORT,No,NA,Reactome,standard_curated
SLC2A4,ENSG00000181856,Tier 1,glucose transport,REACTOME_CELLULAR_HEXOSE_TRANSPORT,No,NA,Reactome,standard_curated
SLC2A6,ENSG00000160326,Tier 1,glucose transport,REACTOME_CELLULAR_HEXOSE_TRANSPORT,No,NA,Reactome,standard_curated
SLC2A7,ENSG00000197241,Tier 1,glucose transport,REACTOME_CELLULAR_HEXOSE_TRANSPORT,No,NA,Reactome,standard_curated
SLC2A8,ENSG00000136856,Tier 1,glucose transport,REACTOME_CELLULAR_HEXOSE_TRANSPORT,No,NA,Reactome,standard_curated
SLC2A9,ENSG00000109667,Tier 1,glucose transport,REACTOME_CELLULAR_HEXOSE_TRANSPORT,No,NA,Reactome,standard_curated
SLC30A1,ENSG00000170385,Tier 1,zinc,REACTOME_ZINC_EFFLUX_AND_COMPARTMENTALIZATION_BY_THE_SLC30_FAMILY;REACTOME_ZINC_TRANSPORTERS,No,NA,Reactome,standard_curated
SLC30A2,ENSG00000158014,Tier 1,zinc,REACTOME_ZINC_EFFLUX_AND_COMPARTMENTALIZATION_BY_THE_SLC30_FAMILY;REACTOME_ZINC_TRANSPORTERS,No,NA,Reactome,standard_curated
SLC30A3,ENSG00000115194,Tier 1,zinc,REACTOME_ZINC_EFFLUX_AND_COMPARTMENTALIZATION_BY_THE_SLC30_FAMILY;REACTOME_ZINC_TRANSPORTERS,No,NA,Reactome,standard_curated
SLC30A5,ENSG00000145740,Tier 1,zinc,REACTOME_ZINC_EFFLUX_AND_COMPARTMENTALIZATION_BY_THE_SLC30_FAMILY;REACTOME_ZINC_TRANSPORTERS,No,NA,Reactome,standard_curated
SLC30A8,ENSG00000164756,Tier 1,zinc,REACTOME_ZINC_EFFLUX_AND_COMPARTMENTALIZATION_BY_THE_SLC30_FAMILY;REACTOME_ZINC_TRANSPORTERS,No,NA,Reactome,standard_curated
SLC33A1,ENSG00000169359,Tier 1,sphingolipid,KEGG_GLYCOSPHINGOLIPID_BIOSYNTHESIS_GANGLIO_SERIES,No,NA,KEGG,standard_curated
SLC35A3,ENSG00000117620,Tier 2,glycolysis,HALLMARK_GLYCOLYSIS,No,NA,MSigDB,hallmark_curated
SLC36A1,ENSG00000123643,Tier 1,amino-acid transport,REACTOME_AMINO_ACID_TRANSPORT_ACROSS_THE_PLASMA_MEMBRANE,No,NA,Reactome,standard_curated
SLC36A2,ENSG00000186335,Tier 1,amino-acid transport,REACTOME_AMINO_ACID_TRANSPORT_ACROSS_THE_PLASMA_MEMBRANE,No,NA,Reactome,standard_curated
SLC36A4,ENSG00000180773,Tier 1,amino-acid transport;tryptophan,REACTOME_AMINO_ACID_TRANSPORT_ACROSS_THE_PLASMA_MEMBRANE;REACTOME_TRYPTOPHAN_CATABOLISM,No,NA,Reactome,standard_curated
SLC37A2,ENSG00000134955,Tier 1,glycolysis,REACTOME_GLUCONEOGENESIS,No,NA,Reactome,standard_curated
SLC38A1,ENSG00000111371,Tier 1,amino-acid transport,REACTOME_AMINO_ACID_TRANSPORT_ACROSS_THE_PLASMA_MEMBRANE,No,NA,Reactome,standard_curated
SLC38A2,ENSG00000134294,Tier 1,amino-acid transport;glutamine/glutamate,REACTOME_AMINO_ACID_TRANSPORT_ACROSS_THE_PLASMA_MEMBRANE;REACTOME_GLUTAMATE_NEUROTRANSMITTER_RELEASE_CYCLE,No,NA,Reactome,standard_curated
SLC38A4,ENSG00000139209,Tier 1,amino-acid transport,REACTOME_AMINO_ACID_TRANSPORT_ACROSS_THE_PLASMA_MEMBRANE,No,NA,Reactome,standard_curated
SLC38A5,ENSG00000017483,Tier 1,amino-acid transport,REACTOME_AMINO_ACID_TRANSPORT_ACROSS_THE_PLASMA_MEMBRANE,No,NA,Reactome,standard_curated
SLC39A1,ENSG00000143570,Tier 1,zinc,REACTOME_ZINC_INFLUX_INTO_CELLS_BY_THE_SLC39_GENE_FAMILY;REACTOME_ZINC_TRANSPORTERS,No,NA,Reactome,standard_curated
SLC39A10,ENSG00000196950,Tier 1,zinc,REACTOME_ZINC_INFLUX_INTO_CELLS_BY_THE_SLC39_GENE_FAMILY;REACTOME_ZINC_TRANSPORTERS,No,NA,Reactome,standard_curated
SLC39A14,ENSG00000104635,Tier 1,zinc,REACTOME_ZINC_INFLUX_INTO_CELLS_BY_THE_SLC39_GENE_FAMILY;REACTOME_ZINC_TRANSPORTERS,No,NA,Reactome,standard_curated
SLC39A2,ENSG00000165794,Tier 1,zinc,REACTOME_ZINC_INFLUX_INTO_CELLS_BY_THE_SLC39_GENE_FAMILY;REACTOME_ZINC_TRANSPORTERS,No,NA,Reactome,standard_curated
SLC39A3,ENSG00000141873,Tier 1,zinc,REACTOME_ZINC_INFLUX_INTO_CELLS_BY_THE_SLC39_GENE_FAMILY;REACTOME_ZINC_TRANSPORTERS,No,NA,Reactome,standard_curated
SLC39A4,ENSG00000147804,Tier 1,zinc,REACTOME_ZINC_INFLUX_INTO_CELLS_BY_THE_SLC39_GENE_FAMILY;REACTOME_ZINC_TRANSPORTERS,No,NA,Reactome,standard_curated
SLC39A5,ENSG00000139540,Tier 1,zinc,REACTOME_ZINC_INFLUX_INTO_CELLS_BY_THE_SLC39_GENE_FAMILY;REACTOME_ZINC_TRANSPORTERS,No,NA,Reactome,standard_curated
SLC39A6,ENSG00000141424,Tier 1,zinc,REACTOME_ZINC_INFLUX_INTO_CELLS_BY_THE_SLC39_GENE_FAMILY;REACTOME_ZINC_TRANSPORTERS,No,NA,Reactome,standard_curated
SLC39A7,ENSG00000112473,Tier 1,zinc,REACTOME_ZINC_INFLUX_INTO_CELLS_BY_THE_SLC39_GENE_FAMILY;REACTOME_ZINC_TRANSPORTERS,No,NA,Reactome,standard_curated
SLC39A8,ENSG00000138821,Tier 1,zinc,REACTOME_ZINC_INFLUX_INTO_CELLS_BY_THE_SLC39_GENE_FAMILY;REACTOME_ZINC_TRANSPORTERS,No,NA,Reactome,standard_curated
SLC3A1,ENSG00000138079,Tier 1,amino-acid transport,REACTOME_AMINO_ACID_TRANSPORT_ACROSS_THE_PLASMA_MEMBRANE,No,NA,Reactome,standard_curated
SLC3A2,ENSG00000168003,Tier 1,amino-acid transport;tryptophan,REACTOME_AMINO_ACID_TRANSPORT_ACROSS_THE_PLASMA_MEMBRANE;REACTOME_TRYPTOPHAN_CATABOLISM,No,NA,Reactome,standard_curated
SLC40A1,ENSG00000138449,Tier 1,iron,REACTOME_IRON_UPTAKE_AND_TRANSPORT,No,NA,Reactome,standard_curated
SLC43A1,ENSG00000149150,Tier 1,amino-acid transport,REACTOME_AMINO_ACID_TRANSPORT_ACROSS_THE_PLASMA_MEMBRANE,No,NA,Reactome,standard_curated
SLC43A2,ENSG00000167703,Tier 1,amino-acid transport,REACTOME_AMINO_ACID_TRANSPORT_ACROSS_THE_PLASMA_MEMBRANE,No,NA,Reactome,standard_curated
SLC45A3,ENSG00000158715,Tier 1,glucose transport,REACTOME_CELLULAR_HEXOSE_TRANSPORT,No,NA,Reactome,standard_curated
SLC50A1,ENSG00000169241,Tier 1,glucose transport,REACTOME_CELLULAR_HEXOSE_TRANSPORT,No,NA,Reactome,standard_curated
SLC52A1,ENSG00000132517,Tier 1,riboflavin,REACTOME_VITAMIN_B2_RIBOFLAVIN_METABOLISM,No,NA,Reactome,standard_curated
SLC52A2,ENSG00000185803,Tier 1,riboflavin,REACTOME_VITAMIN_B2_RIBOFLAVIN_METABOLISM,No,NA,Reactome,standard_curated
SLC52A3,ENSG00000101276,Tier 1,riboflavin,REACTOME_VITAMIN_B2_RIBOFLAVIN_METABOLISM,No,NA,Reactome,standard_curated
SLC5A1,ENSG00000100170,Tier 1,glucose transport,REACTOME_CELLULAR_HEXOSE_TRANSPORT,No,NA,Reactome,standard_curated
SLC5A10,ENSG00000154025,Tier 1,glucose transport,REACTOME_CELLULAR_HEXOSE_TRANSPORT,No,NA,Reactome,standard_curated
SLC5A2,ENSG00000140675,Tier 1,glucose transport,REACTOME_CELLULAR_HEXOSE_TRANSPORT,No,NA,Reactome,standard_curated
SLC5A4,ENSG00000100191,Tier 1,glucose transport,REACTOME_CELLULAR_HEXOSE_TRANSPORT,No,NA,Reactome,standard_curated
SLC5A8,ENSG00000256870,Tier 1,NAD,REACTOME_NICOTINAMIDE_SALVAGE;REACTOME_NICOTINATE_METABOLISM,No,NA,Reactome,standard_curated
SLC5A9,ENSG00000117834,Tier 1,glucose transport,REACTOME_CELLULAR_HEXOSE_TRANSPORT,No,NA,Reactome,standard_curated
SLC6A12,ENSG00000111181,Tier 1,amino-acid transport,REACTOME_AMINO_ACID_TRANSPORT_ACROSS_THE_PLASMA_MEMBRANE,No,NA,Reactome,standard_curated
SLC6A14,ENSG00000268104,Tier 1,amino-acid transport,REACTOME_AMINO_ACID_TRANSPORT_ACROSS_THE_PLASMA_MEMBRANE,No,NA,Reactome,standard_curated
SLC6A15,ENSG00000072041,Tier 1,amino-acid transport,REACTOME_AMINO_ACID_TRANSPORT_ACROSS_THE_PLASMA_MEMBRANE,No,NA,Reactome,standard_curated
SLC6A18,ENSG00000164363,Tier 1,amino-acid transport,REACTOME_AMINO_ACID_TRANSPORT_ACROSS_THE_PLASMA_MEMBRANE,No,NA,Reactome,standard_curated
SLC6A19,ENSG00000174358,Tier 1,amino-acid transport,REACTOME_AMINO_ACID_TRANSPORT_ACROSS_THE_PLASMA_MEMBRANE,No,NA,Reactome,standard_curated
SLC6A20,ENSG00000163817,Tier 1,amino-acid transport,REACTOME_AMINO_ACID_TRANSPORT_ACROSS_THE_PLASMA_MEMBRANE,No,NA,Reactome,standard_curated
SLC6A6,ENSG00000131389,Tier 1,amino-acid transport,REACTOME_AMINO_ACID_TRANSPORT_ACROSS_THE_PLASMA_MEMBRANE,No,NA,Reactome,standard_curated
SLC7A1,ENSG00000139514,Tier 1,amino-acid transport,REACTOME_AMINO_ACID_TRANSPORT_ACROSS_THE_PLASMA_MEMBRANE,No,NA,Reactome,standard_curated
SLC7A10,ENSG00000130876,Tier 1,amino-acid transport,REACTOME_AMINO_ACID_TRANSPORT_ACROSS_THE_PLASMA_MEMBRANE,No,NA,Reactome,standard_curated
SLC7A11,ENSG00000151012,Tier 1,amino-acid transport,REACTOME_AMINO_ACID_TRANSPORT_ACROSS_THE_PLASMA_MEMBRANE,No,NA,Reactome,standard_curated
SLC7A2,ENSG00000003989,Tier 1,amino-acid transport,REACTOME_AMINO_ACID_TRANSPORT_ACROSS_THE_PLASMA_MEMBRANE,No,NA,Reactome,standard_curated
SLC7A3,ENSG00000165349,Tier 1,amino-acid transport,REACTOME_AMINO_ACID_TRANSPORT_ACROSS_THE_PLASMA_MEMBRANE,No,NA,Reactome,standard_curated
SLC7A5,ENSG00000103257,Tier 1,amino-acid transport;tryptophan,REACTOME_AMINO_ACID_TRANSPORT_ACROSS_THE_PLASMA_MEMBRANE;REACTOME_TRYPTOPHAN_CATABOLISM,No,NA,Reactome,standard_curated
SLC7A6,ENSG00000103064,Tier 1,amino-acid transport,REACTOME_AMINO_ACID_TRANSPORT_ACROSS_THE_PLASMA_MEMBRANE,No,NA,Reactome,standard_curated
SLC7A7,ENSG00000155465,Tier 1,amino-acid transport,REACTOME_AMINO_ACID_TRANSPORT_ACROSS_THE_PLASMA_MEMBRANE,No,NA,Reactome,standard_curated
SLC7A8,ENSG00000092068,Tier 1,amino-acid transport,REACTOME_AMINO_ACID_TRANSPORT_ACROSS_THE_PLASMA_MEMBRANE,No,NA,Reactome,standard_curated
SLC7A9,ENSG00000021488,Tier 1,amino-acid transport,REACTOME_AMINO_ACID_TRANSPORT_ACROSS_THE_PLASMA_MEMBRANE,No,NA,Reactome,standard_curated
SMARCA2,ENSG00000080503,Tier 2,arginine,REACTOME_RMTS_METHYLATE_HISTONE_ARGININES,No,NA,Reactome,standard_curated
SMARCA4,ENSG00000127616,Tier 2,arginine,REACTOME_RMTS_METHYLATE_HISTONE_ARGININES,No,NA,Reactome,standard_curated
SMARCB1,ENSG00000099956,Tier 2,arginine,REACTOME_RMTS_METHYLATE_HISTONE_ARGININES,No,NA,Reactome,standard_curated
SMARCC1,ENSG00000173473,Tier 2,arginine,REACTOME_RMTS_METHYLATE_HISTONE_ARGININES,No,NA,Reactome,standard_curated
SMARCC2,ENSG00000139613,Tier 2,arginine,REACTOME_RMTS_METHYLATE_HISTONE_ARGININES,No,NA,Reactome,standard_curated
SMARCD1,ENSG00000066117,Tier 2,arginine,REACTOME_RMTS_METHYLATE_HISTONE_ARGININES,No,NA,Reactome,standard_curated
SMARCD2,ENSG00000108604,Tier 2,arginine,REACTOME_RMTS_METHYLATE_HISTONE_ARGININES,No,NA,Reactome,standard_curated
SMARCD3,ENSG00000082014,Tier 2,arginine;cholesterol/isoprenoid,REACTOME_REGULATION_OF_CHOLESTEROL_BIOSYNTHESIS_BY_SREBP_SREBF;REACTOME_RMTS_METHYLATE_HISTONE_ARGININES,No,NA,Reactome,standard_curated
SMARCE1,ENSG00000073584,Tier 2,arginine,REACTOME_RMTS_METHYLATE_HISTONE_ARGININES,No,NA,Reactome,standard_curated
SMIM20,ENSG00000250317,Tier 1,OXPHOS,REACTOME_AEROBIC_RESPIRATION_AND_RESPIRATORY_ELECTRON_TRANSPORT;REACTOME_RESPIRATORY_ELECTRON_TRANSPORT,Yes,CIV_assembly,Reactome,standard_curated
SMPD1,ENSG00000166311,Tier 1,sphingolipid,KEGG_SPHINGOLIPID_METABOLISM;REACTOME_GLYCOSPHINGOLIPID_CATABOLISM;REACTOME_GLYCOSPHINGOLIPID_METABOLISM;REACTOME_SPHINGOLIPID_METABOLISM,No,NA,KEGG;Reactome,standard_curated
SMPD2,ENSG00000135587,Tier 1,sphingolipid,KEGG_SPHINGOLIPID_METABOLISM;REACTOME_GLYCOSPHINGOLIPID_CATABOLISM;REACTOME_GLYCOSPHINGOLIPID_METABOLISM;REACTOME_SPHINGOLIPID_METABOLISM;REACTOME_TNFR1_MEDIATED_CERAMIDE_PRODUCTION,No,NA,KEGG;Reactome,standard_curated
SMPD3,ENSG00000103056,Tier 1,sphingolipid,KEGG_SPHINGOLIPID_METABOLISM;REACTOME_GLYCOSPHINGOLIPID_CATABOLISM;REACTOME_GLYCOSPHINGOLIPID_METABOLISM;REACTOME_SPHINGOLIPID_METABOLISM;REACTOME_TNFR1_MEDIATED_CERAMIDE_PRODUCTION,No,NA,KEGG;Reactome,standard_curated
SNAP25,ENSG00000132639,Tier 1,glutamine/glutamate,REACTOME_GLUTAMATE_NEUROTRANSMITTER_RELEASE_CYCLE,No,NA,Reactome,standard_curated
SOD1,ENSG00000142168,Tier 2,glycolysis,HALLMARK_GLYCOLYSIS,No,NA,MSigDB,hallmark_curated
SOX9,ENSG00000125398,Tier 2,glycolysis,HALLMARK_GLYCOLYSIS,No,NA,MSigDB,hallmark_curated
SP1,ENSG00000185591,Tier 2,cholesterol/isoprenoid,REACTOME_REGULATION_OF_CHOLESTEROL_BIOSYNTHESIS_BY_SREBP_SREBF,No,NA,Reactome,standard_curated
SPAG4,ENSG00000061656,Tier 2,glycolysis,HALLMARK_GLYCOLYSIS,No,NA,MSigDB,hallmark_curated
SPHK1,ENSG00000176170,Tier 1,sphingolipid,KEGG_SPHINGOLIPID_METABOLISM;REACTOME_SPHINGOLIPID_DE_NOVO_BIOSYNTHESIS;REACTOME_SPHINGOLIPID_METABOLISM,No,NA,KEGG;Reactome,standard_curated
SPHK2,ENSG00000063176,Tier 1,sphingolipid,KEGG_SPHINGOLIPID_METABOLISM;REACTOME_SPHINGOLIPID_DE_NOVO_BIOSYNTHESIS;REACTOME_SPHINGOLIPID_METABOLISM,No,NA,KEGG;Reactome,standard_curated
SPNS2,ENSG00000183018,Tier 1,sphingolipid,REACTOME_SPHINGOLIPID_DE_NOVO_BIOSYNTHESIS;REACTOME_SPHINGOLIPID_METABOLISM,No,NA,Reactome,standard_curated
SPR,ENSG00000116096,Tier 1,folate,KEGG_FOLATE_BIOSYNTHESIS,No,NA,KEGG,standard_curated
SPTLC1,ENSG00000090054,Tier 1,sphingolipid,KEGG_SPHINGOLIPID_METABOLISM;REACTOME_SPHINGOLIPID_DE_NOVO_BIOSYNTHESIS;REACTOME_SPHINGOLIPID_METABOLISM,No,NA,KEGG;Reactome,standard_curated
SPTLC2,ENSG00000100596,Tier 1,sphingolipid,KEGG_SPHINGOLIPID_METABOLISM;REACTOME_SPHINGOLIPID_DE_NOVO_BIOSYNTHESIS;REACTOME_SPHINGOLIPID_METABOLISM,No,NA,KEGG;Reactome,standard_curated
SPTLC3,ENSG00000172296,Tier 1,sphingolipid,REACTOME_SPHINGOLIPID_DE_NOVO_BIOSYNTHESIS;REACTOME_SPHINGOLIPID_METABOLISM,No,NA,Reactome,standard_curated
SPTSSA,ENSG00000165389,Tier 1,sphingolipid,REACTOME_SPHINGOLIPID_DE_NOVO_BIOSYNTHESIS;REACTOME_SPHINGOLIPID_METABOLISM,No,NA,Reactome,standard_curated
SPTSSB,ENSG00000196542,Tier 1,sphingolipid,REACTOME_SPHINGOLIPID_DE_NOVO_BIOSYNTHESIS;REACTOME_SPHINGOLIPID_METABOLISM,No,NA,Reactome,standard_curated
SQLE,ENSG00000104549,Tier 1;Tier 2,cholesterol/isoprenoid,HALLMARK_CHOLESTEROL_HOMEOSTASIS;KEGG_MEDICUS_REFERENCE_CHOLESTEROL_BIOSYNTHESIS;REACTOME_CHOLESTEROL_BIOSYNTHESIS;REACTOME_REGULATION_OF_CHOLESTEROL_BIOSYNTHESIS_BY_SREBP_SREBF,No,NA,KEGG;MSigDB;Reactome,hallmark_curated;standard_curated
SRD5A3,ENSG00000128039,Tier 2,glycolysis,HALLMARK_GLYCOLYSIS,No,NA,MSigDB,hallmark_curated
SREBF1,ENSG00000072310,Tier 1;Tier 2,cholesterol/isoprenoid;fatty-acid synthesis,REACTOME_CHOLESTEROL_BIOSYNTHESIS;REACTOME_NR1H2_NR1H3_REGULATE_GENE_EXPRESSION_LINKED_TO_LIPOGENESIS;REACTOME_REGULATION_OF_CHOLESTEROL_BIOSYNTHESIS_BY_SREBP_SREBF,No,NA,Reactome,standard_curated
SREBF2,ENSG00000198911,Tier 1;Tier 2,cholesterol/isoprenoid,HALLMARK_CHOLESTEROL_HOMEOSTASIS;REACTOME_CHOLESTEROL_BIOSYNTHESIS;REACTOME_REGULATION_OF_CHOLESTEROL_BIOSYNTHESIS_BY_SREBP_SREBF,No,NA,MSigDB;Reactome,hallmark_curated;standard_curated
SRM,ENSG00000116649,Tier 1,arginine;methionine,KEGG_ARGININE_AND_PROLINE_METABOLISM;KEGG_CYSTEINE_AND_METHIONINE_METABOLISM,No,NA,KEGG,standard_curated
SRR,ENSG00000167720,Tier 1,serine/glycine/one-carbon,KEGG_GLYCINE_SERINE_AND_THREONINE_METABOLISM;REACTOME_SERINE_METABOLISM,No,NA,KEGG;Reactome,standard_curated
ST3GAL1,ENSG00000008513,Tier 1,sphingolipid,KEGG_GLYCOSPHINGOLIPID_BIOSYNTHESIS_GANGLIO_SERIES;KEGG_GLYCOSPHINGOLIPID_BIOSYNTHESIS_GLOBO_SERIES,No,NA,KEGG,standard_curated
ST3GAL2,ENSG00000157350,Tier 1,sphingolipid,KEGG_GLYCOSPHINGOLIPID_BIOSYNTHESIS_GANGLIO_SERIES;KEGG_GLYCOSPHINGOLIPID_BIOSYNTHESIS_GLOBO_SERIES;REACTOME_GLYCOSPHINGOLIPID_BIOSYNTHESIS;REACTOME_GLYCOSPHINGOLIPID_METABOLISM;REACTOME_SPHINGOLIPID_METABOLISM,No,NA,KEGG;Reactome,standard_curated
ST3GAL3,ENSG00000126091,Tier 1,sphingolipid,KEGG_GLYCOSPHINGOLIPID_BIOSYNTHESIS_LACTO_AND_NEOLACTO_SERIES;REACTOME_GLYCOSPHINGOLIPID_BIOSYNTHESIS;REACTOME_GLYCOSPHINGOLIPID_METABOLISM;REACTOME_SPHINGOLIPID_METABOLISM,No,NA,KEGG;Reactome,standard_curated
ST3GAL4,ENSG00000110080,Tier 1,sphingolipid,KEGG_GLYCOSPHINGOLIPID_BIOSYNTHESIS_LACTO_AND_NEOLACTO_SERIES,No,NA,KEGG,standard_curated
ST3GAL5,ENSG00000115525,Tier 1,sphingolipid,KEGG_GLYCOSPHINGOLIPID_BIOSYNTHESIS_GANGLIO_SERIES;REACTOME_GLYCOSPHINGOLIPID_BIOSYNTHESIS;REACTOME_GLYCOSPHINGOLIPID_METABOLISM;REACTOME_SPHINGOLIPID_METABOLISM,No,NA,KEGG;Reactome,standard_curated
ST3GAL6,ENSG00000064225,Tier 1,sphingolipid,KEGG_GLYCOSPHINGOLIPID_BIOSYNTHESIS_LACTO_AND_NEOLACTO_SERIES,No,NA,KEGG,standard_curated
ST6GALNAC3,ENSG00000184005,Tier 1,sphingolipid,KEGG_GLYCOSPHINGOLIPID_BIOSYNTHESIS_GANGLIO_SERIES,No,NA,KEGG,standard_curated
ST6GALNAC4,ENSG00000136840,Tier 1,sphingolipid,KEGG_GLYCOSPHINGOLIPID_BIOSYNTHESIS_GANGLIO_SERIES,No,NA,KEGG,standard_curated
ST6GALNAC5,ENSG00000117069,Tier 1,sphingolipid,KEGG_GLYCOSPHINGOLIPID_BIOSYNTHESIS_GANGLIO_SERIES;REACTOME_GLYCOSPHINGOLIPID_BIOSYNTHESIS;REACTOME_GLYCOSPHINGOLIPID_METABOLISM;REACTOME_SPHINGOLIPID_METABOLISM,No,NA,KEGG;Reactome,standard_curated
ST6GALNAC6,ENSG00000160408,Tier 1,sphingolipid,KEGG_GLYCOSPHINGOLIPID_BIOSYNTHESIS_GANGLIO_SERIES;REACTOME_GLYCOSPHINGOLIPID_BIOSYNTHESIS;REACTOME_GLYCOSPHINGOLIPID_METABOLISM;REACTOME_SPHINGOLIPID_METABOLISM,No,NA,KEGG;Reactome,standard_curated
ST8SIA1,ENSG00000111728,Tier 1,sphingolipid,KEGG_GLYCOSPHINGOLIPID_BIOSYNTHESIS_GANGLIO_SERIES;KEGG_GLYCOSPHINGOLIPID_BIOSYNTHESIS_GLOBO_SERIES;KEGG_GLYCOSPHINGOLIPID_BIOSYNTHESIS_LACTO_AND_NEOLACTO_SERIES,No,NA,KEGG,standard_curated
ST8SIA5,ENSG00000101638,Tier 1,sphingolipid,KEGG_GLYCOSPHINGOLIPID_BIOSYNTHESIS_GANGLIO_SERIES;REACTOME_GLYCOSPHINGOLIPID_BIOSYNTHESIS;REACTOME_GLYCOSPHINGOLIPID_METABOLISM;REACTOME_SPHINGOLIPID_METABOLISM,No,NA,KEGG;Reactome,standard_curated
STARD4,ENSG00000164211,Tier 2,cholesterol/isoprenoid,HALLMARK_CHOLESTEROL_HOMEOSTASIS,No,NA,MSigDB,hallmark_curated
STC1,ENSG00000159167,Tier 2,glycolysis,HALLMARK_GLYCOLYSIS,No,NA,MSigDB,hallmark_curated
STC2,ENSG00000113739,Tier 2,glycolysis,HALLMARK_GLYCOLYSIS,No,NA,MSigDB,hallmark_curated
STEAP3,ENSG00000115107,Tier 1,iron,REACTOME_IRON_UPTAKE_AND_TRANSPORT,No,NA,Reactome,standard_curated
STEAP4,ENSG00000127954,Tier 1,iron,REACTOME_IRON_UPTAKE_AND_TRANSPORT,No,NA,Reactome,standard_curated
STMN1,ENSG00000117632,Tier 2,glycolysis,HALLMARK_GLYCOLYSIS,No,NA,MSigDB,hallmark_curated
STS,ENSG00000101846,Tier 1,sphingolipid,REACTOME_GLYCOSPHINGOLIPID_CATABOLISM;REACTOME_GLYCOSPHINGOLIPID_METABOLISM;REACTOME_SPHINGOLIPID_METABOLISM,No,NA,Reactome,standard_curated
STX1A,ENSG00000106089,Tier 1,glutamine/glutamate,REACTOME_GLUTAMATE_NEUROTRANSMITTER_RELEASE_CYCLE,No,NA,Reactome,standard_curated
STX5,ENSG00000162236,Tier 2,cholesterol/isoprenoid,HALLMARK_CHOLESTEROL_HOMEOSTASIS,No,NA,MSigDB,hallmark_curated
STXBP1,ENSG00000136854,Tier 1,glutamine/glutamate,REACTOME_GLUTAMATE_NEUROTRANSMITTER_RELEASE_CYCLE,No,NA,Reactome,standard_curated
SUCLG1,ENSG00000163541,Tier 1;Tier 2,OXPHOS;TCA,HALLMARK_OXIDATIVE_PHOSPHORYLATION;KEGG_CITRATE_CYCLE_TCA_CYCLE;REACTOME_AEROBIC_RESPIRATION_AND_RESPIRATORY_ELECTRON_TRANSPORT;REACTOME_CITRIC_ACID_CYCLE_TCA_CYCLE,Yes,TCA_respiratory,KEGG;MSigDB;Reactome,hallmark_curated;standard_curated
SUCLG2,ENSG00000172340,Tier 1,OXPHOS;TCA,KEGG_CITRATE_CYCLE_TCA_CYCLE;REACTOME_AEROBIC_RESPIRATION_AND_RESPIRATORY_ELECTRON_TRANSPORT;REACTOME_CITRIC_ACID_CYCLE_TCA_CYCLE,Yes,TCA_respiratory,KEGG;Reactome,standard_curated
SUMF1,ENSG00000144455,Tier 1,sphingolipid,REACTOME_GLYCOSPHINGOLIPID_CATABOLISM;REACTOME_GLYCOSPHINGOLIPID_METABOLISM;REACTOME_SPHINGOLIPID_METABOLISM,No,NA,Reactome,standard_curated
SUMF2,ENSG00000129103,Tier 1,sphingolipid,REACTOME_GLYCOSPHINGOLIPID_CATABOLISM;REACTOME_GLYCOSPHINGOLIPID_METABOLISM;REACTOME_SPHINGOLIPID_METABOLISM,No,NA,Reactome,standard_curated
SUPV3L1,ENSG00000156502,Tier 2,OXPHOS,HALLMARK_OXIDATIVE_PHOSPHORYLATION,Yes,mito_translation,MSigDB,hallmark_curated
SURF1,ENSG00000148290,Tier 1;Tier 2,OXPHOS,HALLMARK_OXIDATIVE_PHOSPHORYLATION;REACTOME_AEROBIC_RESPIRATION_AND_RESPIRATORY_ELECTRON_TRANSPORT;REACTOME_RESPIRATORY_ELECTRON_TRANSPORT,Yes,CIV_assembly,MSigDB;Reactome,hallmark_curated;standard_curated
SYT1,ENSG00000067715,Tier 1,glutamine/glutamate,REACTOME_GLUTAMATE_NEUROTRANSMITTER_RELEASE_CYCLE,No,NA,Reactome,standard_curated
TACO1,ENSG00000136463,Tier 1,OXPHOS,REACTOME_AEROBIC_RESPIRATION_AND_RESPIRATORY_ELECTRON_TRANSPORT;REACTOME_RESPIRATORY_ELECTRON_TRANSPORT,Yes,CIV_assembly;mito_translation,Reactome,standard_curated
TALDO1,ENSG00000177156,Tier 1;Tier 2,PPP;glycolysis,HALLMARK_GLYCOLYSIS;KEGG_PENTOSE_PHOSPHATE_PATHWAY;REACTOME_NFE2L2_REGULATES_PENTOSE_PHOSPHATE_PATHWAY_GENES;REACTOME_PENTOSE_PHOSPHATE_PATHWAY,No,NA,KEGG;MSigDB;Reactome,hallmark_curated;standard_curated
TAS1R1,ENSG00000173662,Tier 1,glutamine/glutamate,REACTOME_CLASS_C_3_METABOTROPIC_GLUTAMATE_PHEROMONE_RECEPTORS,No,NA,Reactome,standard_curated
TAS1R2,ENSG00000179002,Tier 1,glutamine/glutamate,REACTOME_CLASS_C_3_METABOTROPIC_GLUTAMATE_PHEROMONE_RECEPTORS,No,NA,Reactome,standard_curated
TAS1R3,ENSG00000169962,Tier 1,glutamine/glutamate,REACTOME_CLASS_C_3_METABOTROPIC_GLUTAMATE_PHEROMONE_RECEPTORS,No,NA,Reactome,standard_curated
TAS2R1,ENSG00000169777,Tier 1,glutamine/glutamate,REACTOME_CLASS_C_3_METABOTROPIC_GLUTAMATE_PHEROMONE_RECEPTORS,No,NA,Reactome,standard_curated
TAS2R10,ENSG00000121318,Tier 1,glutamine/glutamate,REACTOME_CLASS_C_3_METABOTROPIC_GLUTAMATE_PHEROMONE_RECEPTORS,No,NA,Reactome,standard_curated
TAS2R13,ENSG00000212128,Tier 1,glutamine/glutamate,REACTOME_CLASS_C_3_METABOTROPIC_GLUTAMATE_PHEROMONE_RECEPTORS,No,NA,Reactome,standard_curated
TAS2R14,ENSG00000212127,Tier 1,glutamine/glutamate,REACTOME_CLASS_C_3_METABOTROPIC_GLUTAMATE_PHEROMONE_RECEPTORS,No,NA,Reactome,standard_curated
TAS2R16,ENSG00000128519,Tier 1,glutamine/glutamate,REACTOME_CLASS_C_3_METABOTROPIC_GLUTAMATE_PHEROMONE_RECEPTORS,No,NA,Reactome,standard_curated
TAS2R19,ENSG00000212124,Tier 1,glutamine/glutamate,REACTOME_CLASS_C_3_METABOTROPIC_GLUTAMATE_PHEROMONE_RECEPTORS,No,NA,Reactome,standard_curated
TAS2R20,ENSG00000255837,Tier 1,glutamine/glutamate,REACTOME_CLASS_C_3_METABOTROPIC_GLUTAMATE_PHEROMONE_RECEPTORS,No,NA,Reactome,standard_curated
TAS2R3,ENSG00000127362,Tier 1,glutamine/glutamate,REACTOME_CLASS_C_3_METABOTROPIC_GLUTAMATE_PHEROMONE_RECEPTORS,No,NA,Reactome,standard_curated
TAS2R30,ENSG00000256188,Tier 1,glutamine/glutamate,REACTOME_CLASS_C_3_METABOTROPIC_GLUTAMATE_PHEROMONE_RECEPTORS,No,NA,Reactome,standard_curated
TAS2R31,ENSG00000256436,Tier 1,glutamine/glutamate,REACTOME_CLASS_C_3_METABOTROPIC_GLUTAMATE_PHEROMONE_RECEPTORS,No,NA,Reactome,standard_curated
TAS2R38,ENSG00000257138,Tier 1,glutamine/glutamate,REACTOME_CLASS_C_3_METABOTROPIC_GLUTAMATE_PHEROMONE_RECEPTORS,No,NA,Reactome,standard_curated
TAS2R39,ENSG00000236398,Tier 1,glutamine/glutamate,REACTOME_CLASS_C_3_METABOTROPIC_GLUTAMATE_PHEROMONE_RECEPTORS,No,NA,Reactome,standard_curated
TAS2R4,ENSG00000127364,Tier 1,glutamine/glutamate,REACTOME_CLASS_C_3_METABOTROPIC_GLUTAMATE_PHEROMONE_RECEPTORS,No,NA,Reactome,standard_curated
TAS2R40,ENSG00000221937,Tier 1,glutamine/glutamate,REACTOME_CLASS_C_3_METABOTROPIC_GLUTAMATE_PHEROMONE_RECEPTORS,No,NA,Reactome,standard_curated
TAS2R41,ENSG00000221855,Tier 1,glutamine/glutamate,REACTOME_CLASS_C_3_METABOTROPIC_GLUTAMATE_PHEROMONE_RECEPTORS,No,NA,Reactome,standard_curated
TAS2R42,ENSG00000186136,Tier 1,glutamine/glutamate,REACTOME_CLASS_C_3_METABOTROPIC_GLUTAMATE_PHEROMONE_RECEPTORS,No,NA,Reactome,standard_curated
TAS2R43,ENSG00000255374,Tier 1,glutamine/glutamate,REACTOME_CLASS_C_3_METABOTROPIC_GLUTAMATE_PHEROMONE_RECEPTORS,No,NA,Reactome,standard_curated
TAS2R5,ENSG00000127366,Tier 1,glutamine/glutamate,REACTOME_CLASS_C_3_METABOTROPIC_GLUTAMATE_PHEROMONE_RECEPTORS,No,NA,Reactome,standard_curated
TAS2R50,ENSG00000212126,Tier 1,glutamine/glutamate,REACTOME_CLASS_C_3_METABOTROPIC_GLUTAMATE_PHEROMONE_RECEPTORS,No,NA,Reactome,standard_curated
TAS2R60,ENSG00000185899,Tier 1,glutamine/glutamate,REACTOME_CLASS_C_3_METABOTROPIC_GLUTAMATE_PHEROMONE_RECEPTORS,No,NA,Reactome,standard_curated
TAS2R7,ENSG00000121377,Tier 1,glutamine/glutamate,REACTOME_CLASS_C_3_METABOTROPIC_GLUTAMATE_PHEROMONE_RECEPTORS,No,NA,Reactome,standard_curated
TAS2R8,ENSG00000121314,Tier 1,glutamine/glutamate,REACTOME_CLASS_C_3_METABOTROPIC_GLUTAMATE_PHEROMONE_RECEPTORS,No,NA,Reactome,standard_curated
TAS2R9,ENSG00000121381,Tier 1,glutamine/glutamate,REACTOME_CLASS_C_3_METABOTROPIC_GLUTAMATE_PHEROMONE_RECEPTORS,No,NA,Reactome,standard_curated
TAT,ENSG00000198650,Tier 1,methionine,KEGG_CYSTEINE_AND_METHIONINE_METABOLISM,No,NA,KEGG,standard_curated
TBL1X,ENSG00000101849,Tier 2,cholesterol/isoprenoid,REACTOME_NR1H3_NR1H2_REGULATE_GENE_EXPRESSION_LINKED_TO_CHOLESTEROL_TRANSPORT_AND_EFFLUX;REACTOME_REGULATION_OF_CHOLESTEROL_BIOSYNTHESIS_BY_SREBP_SREBF,No,NA,Reactome,standard_curated
TBL1XR1,ENSG00000177565,Tier 2,cholesterol/isoprenoid,REACTOME_NR1H3_NR1H2_REGULATE_GENE_EXPRESSION_LINKED_TO_CHOLESTEROL_TRANSPORT_AND_EFFLUX;REACTOME_REGULATION_OF_CHOLESTEROL_BIOSYNTHESIS_BY_SREBP_SREBF,No,NA,Reactome,standard_curated
TCIRG1,ENSG00000110719,Tier 1;Tier 2,OXPHOS;iron,HALLMARK_OXIDATIVE_PHOSPHORYLATION;KEGG_OXIDATIVE_PHOSPHORYLATION;REACTOME_IRON_UPTAKE_AND_TRANSPORT,Yes,NA,KEGG;MSigDB;Reactome,hallmark_curated;standard_curated
TCN1,ENSG00000134827,Tier 1,vitamin B12,REACTOME_COBALAMIN_CBL_VITAMIN_B12_TRANSPORT_AND_METABOLISM;REACTOME_UPTAKE_OF_DIETARY_COBALAMINS_INTO_ENTEROCYTES,No,NA,Reactome,standard_curated
TCN2,ENSG00000185339,Tier 1,vitamin B12,REACTOME_COBALAMIN_CBL_VITAMIN_B12_TRANSPORT_AND_METABOLISM;REACTOME_DEFECTS_IN_COBALAMIN_B12_METABOLISM,No,NA,Reactome,standard_curated
TDO2,ENSG00000151790,Tier 1,NAD;tryptophan,KEGG_MEDICUS_REFERENCE_NAD_BIOSYNTHESIS;KEGG_TRYPTOPHAN_METABOLISM;REACTOME_TRYPTOPHAN_CATABOLISM,No,NA,KEGG;Reactome,standard_curated
TF,ENSG00000091513,Tier 1,iron,REACTOME_IRON_UPTAKE_AND_TRANSPORT,No,NA,Reactome,standard_curated
TFF3,ENSG00000160180,Tier 2,glycolysis,HALLMARK_GLYCOLYSIS,No,NA,MSigDB,hallmark_curated
TFR2,ENSG00000106327,Tier 1,iron,REACTOME_IRON_UPTAKE_AND_TRANSPORT,No,NA,Reactome,standard_curated
TFRC,ENSG00000072274,Tier 1,iron,REACTOME_IRON_UPTAKE_AND_TRANSPORT,No,NA,Reactome,standard_curated
TGFA,ENSG00000163235,Tier 2,glycolysis,HALLMARK_GLYCOLYSIS,No,NA,MSigDB,hallmark_curated
TGFBI,ENSG00000120708,Tier 2,glycolysis,HALLMARK_GLYCOLYSIS,No,NA,MSigDB,hallmark_curated
TGS1,ENSG00000137574,Tier 2,cholesterol/isoprenoid,REACTOME_REGULATION_OF_CHOLESTEROL_BIOSYNTHESIS_BY_SREBP_SREBF,No,NA,Reactome,standard_curated
THEM4,ENSG00000159445,Tier 1,fatty-acid oxidation,REACTOME_MITOCHONDRIAL_FATTY_ACID_BETA_OXIDATION,No,NA,Reactome,standard_curated
THEM5,ENSG00000196407,Tier 1,fatty-acid oxidation,REACTOME_MITOCHONDRIAL_FATTY_ACID_BETA_OXIDATION,No,NA,Reactome,standard_curated
TIMM10,ENSG00000134809,Tier 2,OXPHOS,HALLMARK_OXIDATIVE_PHOSPHORYLATION,Yes,mito_import,MSigDB,hallmark_curated
TIMM13,ENSG00000099800,Tier 2,OXPHOS,HALLMARK_OXIDATIVE_PHOSPHORYLATION,Yes,mito_import,MSigDB,hallmark_curated
TIMM17A,ENSG00000134375,Tier 2,OXPHOS,HALLMARK_OXIDATIVE_PHOSPHORYLATION,Yes,mito_import,MSigDB,hallmark_curated
TIMM21,ENSG00000075336,Tier 1,OXPHOS,REACTOME_AEROBIC_RESPIRATION_AND_RESPIRATORY_ELECTRON_TRANSPORT;REACTOME_RESPIRATORY_ELECTRON_TRANSPORT,Yes,CIV_assembly;mito_import,Reactome,standard_curated
TIMM50,ENSG00000105197,Tier 2,OXPHOS,HALLMARK_OXIDATIVE_PHOSPHORYLATION,Yes,mito_import,MSigDB,hallmark_curated
TIMM8B,ENSG00000150779,Tier 2,OXPHOS,HALLMARK_OXIDATIVE_PHOSPHORYLATION,Yes,mito_import,MSigDB,hallmark_curated
TIMMDC1,ENSG00000113845,Tier 1,OXPHOS,REACTOME_AEROBIC_RESPIRATION_AND_RESPIRATORY_ELECTRON_TRANSPORT;REACTOME_RESPIRATORY_ELECTRON_TRANSPORT,Yes,CI_assembly;mito_import,Reactome,standard_curated
TKT,ENSG00000163931,Tier 1;Tier 2,PPP,KEGG_PENTOSE_PHOSPHATE_PATHWAY;REACTOME_NFE2L2_REGULATES_PENTOSE_PHOSPHATE_PATHWAY_GENES;REACTOME_PENTOSE_PHOSPHATE_PATHWAY,No,NA,KEGG;Reactome,standard_curated
TKTL1,ENSG00000007350,Tier 1;Tier 2,PPP;glycolysis,HALLMARK_GLYCOLYSIS;KEGG_PENTOSE_PHOSPHATE_PATHWAY,No,NA,KEGG;MSigDB,hallmark_curated;standard_curated
TKTL2,ENSG00000151005,Tier 1,PPP,KEGG_PENTOSE_PHOSPHATE_PATHWAY,No,NA,KEGG,standard_curated
TM7SF2,ENSG00000149809,Tier 1;Tier 2,cholesterol/isoprenoid,HALLMARK_CHOLESTEROL_HOMEOSTASIS;KEGG_MEDICUS_REFERENCE_CHOLESTEROL_BIOSYNTHESIS;REACTOME_CHOLESTEROL_BIOSYNTHESIS;REACTOME_REGULATION_OF_CHOLESTEROL_BIOSYNTHESIS_BY_SREBP_SREBF,No,NA,KEGG;MSigDB;Reactome,hallmark_curated;standard_curated
TMEM126A,ENSG00000171202,Tier 1,OXPHOS,REACTOME_AEROBIC_RESPIRATION_AND_RESPIRATORY_ELECTRON_TRANSPORT;REACTOME_RESPIRATORY_ELECTRON_TRANSPORT,Yes,CI_assembly,Reactome,standard_curated
TMEM126B,ENSG00000171204,Tier 1,OXPHOS,REACTOME_AEROBIC_RESPIRATION_AND_RESPIRATORY_ELECTRON_TRANSPORT;REACTOME_RESPIRATORY_ELECTRON_TRANSPORT,Yes,CI_assembly,Reactome,standard_curated
TMEM177,ENSG00000144120,Tier 1,OXPHOS,REACTOME_AEROBIC_RESPIRATION_AND_RESPIRATORY_ELECTRON_TRANSPORT;REACTOME_RESPIRATORY_ELECTRON_TRANSPORT,Yes,CIV_assembly,Reactome,standard_curated
TMEM186,ENSG00000184857,Tier 1,OXPHOS,REACTOME_AEROBIC_RESPIRATION_AND_RESPIRATORY_ELECTRON_TRANSPORT;REACTOME_RESPIRATORY_ELECTRON_TRANSPORT,Yes,CI_assembly,Reactome,standard_curated
TMEM223,ENSG00000168569,Tier 1,OXPHOS,REACTOME_AEROBIC_RESPIRATION_AND_RESPIRATORY_ELECTRON_TRANSPORT;REACTOME_RESPIRATORY_ELECTRON_TRANSPORT,Yes,CIV_assembly,Reactome,standard_curated
TMEM97,ENSG00000109084,Tier 2,cholesterol/isoprenoid,HALLMARK_CHOLESTEROL_HOMEOSTASIS,No,NA,MSigDB,hallmark_curated
TNF,ENSG00000232810,Tier 1,sphingolipid,REACTOME_TNFR1_MEDIATED_CERAMIDE_PRODUCTION,No,NA,Reactome,standard_curated
TNFRSF12A,ENSG00000006327,Tier 2,cholesterol/isoprenoid,HALLMARK_CHOLESTEROL_HOMEOSTASIS,No,NA,MSigDB,hallmark_curated
TNFRSF1A,ENSG00000067182,Tier 1,sphingolipid,REACTOME_TNFR1_MEDIATED_CERAMIDE_PRODUCTION,No,NA,Reactome,standard_curated
TNRC6A,ENSG00000090905,Tier 2,cholesterol/isoprenoid,REACTOME_NR1H3_NR1H2_REGULATE_GENE_EXPRESSION_LINKED_TO_CHOLESTEROL_TRANSPORT_AND_EFFLUX,No,NA,Reactome,standard_curated
TNRC6B,ENSG00000100354,Tier 2,cholesterol/isoprenoid,REACTOME_NR1H3_NR1H2_REGULATE_GENE_EXPRESSION_LINKED_TO_CHOLESTEROL_TRANSPORT_AND_EFFLUX,No,NA,Reactome,standard_curated
TNRC6C,ENSG00000078687,Tier 2,cholesterol/isoprenoid,REACTOME_NR1H3_NR1H2_REGULATE_GENE_EXPRESSION_LINKED_TO_CHOLESTEROL_TRANSPORT_AND_EFFLUX,No,NA,Reactome,standard_curated
TOMM70,ENSG00000154174,Tier 2,OXPHOS,HALLMARK_OXIDATIVE_PHOSPHORYLATION,Yes,mito_import,MSigDB,hallmark_curated
TP53INP1,ENSG00000164938,Tier 2,cholesterol/isoprenoid,HALLMARK_CHOLESTEROL_HOMEOSTASIS,No,NA,MSigDB,hallmark_curated
TPBG,ENSG00000146242,Tier 2,glycolysis,HALLMARK_GLYCOLYSIS,No,NA,MSigDB,hallmark_curated
TPH1,ENSG00000129167,Tier 1,tryptophan,KEGG_TRYPTOPHAN_METABOLISM,No,NA,KEGG,standard_curated
TPH2,ENSG00000139287,Tier 1,tryptophan,KEGG_TRYPTOPHAN_METABOLISM,No,NA,KEGG,standard_curated
TPI1,ENSG00000111669,Tier 1;Tier 2,glycolysis,HALLMARK_GLYCOLYSIS;KEGG_GLYCOLYSIS_GLUCONEOGENESIS;REACTOME_GLUCONEOGENESIS,No,NA,KEGG;MSigDB;Reactome,hallmark_curated;standard_curated
TPST1,ENSG00000169902,Tier 2,glycolysis,HALLMARK_GLYCOLYSIS,No,NA,MSigDB,hallmark_curated
TRAP1,ENSG00000126602,Tier 1,OXPHOS;TCA,REACTOME_AEROBIC_RESPIRATION_AND_RESPIRATORY_ELECTRON_TRANSPORT;REACTOME_CITRIC_ACID_CYCLE_TCA_CYCLE;REACTOME_RESPIRATORY_ELECTRON_TRANSPORT,Yes,TCA_respiratory,Reactome,standard_curated
TRDMT1,ENSG00000107614,Tier 1,methionine,KEGG_CYSTEINE_AND_METHIONINE_METABOLISM,No,NA,KEGG,standard_curated
TRIB3,ENSG00000101255,Tier 2,cholesterol/isoprenoid,HALLMARK_CHOLESTEROL_HOMEOSTASIS,No,NA,MSigDB,hallmark_curated
TSPOAP1,ENSG00000005379,Tier 1,glutamine/glutamate,REACTOME_GLUTAMATE_NEUROTRANSMITTER_RELEASE_CYCLE,No,NA,Reactome,standard_curated
TTC19,ENSG00000011295,Tier 1,OXPHOS,REACTOME_AEROBIC_RESPIRATION_AND_RESPIRATORY_ELECTRON_TRANSPORT;REACTOME_RESPIRATORY_ELECTRON_TRANSPORT,Yes,CIII_assembly,Reactome,standard_curated
TUBA1A,ENSG00000167552,Tier 1,iron,KEGG_MEDICUS_ENV_FACTOR_IRON_TO_ANTEROGRADE_AXONAL_TRANSPORT,No,NA,KEGG,standard_curated
TUBA1B,ENSG00000123416,Tier 1,iron,KEGG_MEDICUS_ENV_FACTOR_IRON_TO_ANTEROGRADE_AXONAL_TRANSPORT,No,NA,KEGG,standard_curated
TUBA3C,ENSG00000198033,Tier 1,iron,KEGG_MEDICUS_ENV_FACTOR_IRON_TO_ANTEROGRADE_AXONAL_TRANSPORT,No,NA,KEGG,standard_curated
TUBA3D,ENSG00000075886,Tier 1,iron,KEGG_MEDICUS_ENV_FACTOR_IRON_TO_ANTEROGRADE_AXONAL_TRANSPORT,No,NA,KEGG,standard_curated
TUBA4A,ENSG00000127824,Tier 1,iron,KEGG_MEDICUS_ENV_FACTOR_IRON_TO_ANTEROGRADE_AXONAL_TRANSPORT,No,NA,KEGG,standard_curated
TUBA8,ENSG00000183785,Tier 1,iron,KEGG_MEDICUS_ENV_FACTOR_IRON_TO_ANTEROGRADE_AXONAL_TRANSPORT,No,NA,KEGG,standard_curated
TUBB,ENSG00000196230,Tier 1,iron,KEGG_MEDICUS_ENV_FACTOR_IRON_TO_ANTEROGRADE_AXONAL_TRANSPORT,No,NA,KEGG,standard_curated
TUBB1,ENSG00000101162,Tier 1,iron,KEGG_MEDICUS_ENV_FACTOR_IRON_TO_ANTEROGRADE_AXONAL_TRANSPORT,No,NA,KEGG,standard_curated
TUBB2A,ENSG00000137267,Tier 1,iron,KEGG_MEDICUS_ENV_FACTOR_IRON_TO_ANTEROGRADE_AXONAL_TRANSPORT,No,NA,KEGG,standard_curated
TUBB2B,ENSG00000137285,Tier 1,iron,KEGG_MEDICUS_ENV_FACTOR_IRON_TO_ANTEROGRADE_AXONAL_TRANSPORT,No,NA,KEGG,standard_curated
TUBB3,ENSG00000258947,Tier 1,iron,KEGG_MEDICUS_ENV_FACTOR_IRON_TO_ANTEROGRADE_AXONAL_TRANSPORT,No,NA,KEGG,standard_curated
TUBB4A,ENSG00000104833,Tier 1,iron,KEGG_MEDICUS_ENV_FACTOR_IRON_TO_ANTEROGRADE_AXONAL_TRANSPORT,No,NA,KEGG,standard_curated
TUBB4B,ENSG00000188229,Tier 1,iron,KEGG_MEDICUS_ENV_FACTOR_IRON_TO_ANTEROGRADE_AXONAL_TRANSPORT,No,NA,KEGG,standard_curated
TUBB6,ENSG00000176014,Tier 1,iron,KEGG_MEDICUS_ENV_FACTOR_IRON_TO_ANTEROGRADE_AXONAL_TRANSPORT,No,NA,KEGG,standard_curated
TXN,ENSG00000136810,Tier 2,glycolysis,HALLMARK_GLYCOLYSIS,No,NA,MSigDB,hallmark_curated
TYMS,ENSG00000176890,Tier 1,folate;serine/glycine/one-carbon,KEGG_ONE_CARBON_POOL_BY_FOLATE,No,NA,KEGG,standard_curated
TYR,ENSG00000077498,Tier 1,riboflavin,KEGG_RIBOFLAVIN_METABOLISM,No,NA,KEGG,standard_curated
UBA52,ENSG00000221983,Tier 1,OXPHOS;iron,REACTOME_AEROBIC_RESPIRATION_AND_RESPIRATORY_ELECTRON_TRANSPORT;REACTOME_IRON_UPTAKE_AND_TRANSPORT,Yes,NA,Reactome,standard_curated
UCP1,ENSG00000109424,Tier 1,OXPHOS,REACTOME_AEROBIC_RESPIRATION_AND_RESPIRATORY_ELECTRON_TRANSPORT,Yes,NA,Reactome,standard_curated
UCP2,ENSG00000175567,Tier 1,OXPHOS,REACTOME_AEROBIC_RESPIRATION_AND_RESPIRATORY_ELECTRON_TRANSPORT,Yes,NA,Reactome,standard_curated
UCP3,ENSG00000175564,Tier 1,OXPHOS,REACTOME_AEROBIC_RESPIRATION_AND_RESPIRATORY_ELECTRON_TRANSPORT,Yes,NA,Reactome,standard_curated
UGCG,ENSG00000148154,Tier 1,sphingolipid,KEGG_SPHINGOLIPID_METABOLISM;REACTOME_GLYCOSPHINGOLIPID_BIOSYNTHESIS;REACTOME_GLYCOSPHINGOLIPID_METABOLISM;REACTOME_SPHINGOLIPID_METABOLISM,No,NA,KEGG;Reactome,standard_curated
UGP2,ENSG00000169764,Tier 2,glycolysis,HALLMARK_GLYCOLYSIS,No,NA,MSigDB,hallmark_curated
UGT8,ENSG00000174607,Tier 1,sphingolipid,KEGG_SPHINGOLIPID_METABOLISM;REACTOME_GLYCOSPHINGOLIPID_BIOSYNTHESIS;REACTOME_GLYCOSPHINGOLIPID_METABOLISM;REACTOME_SPHINGOLIPID_METABOLISM,No,NA,KEGG;Reactome,standard_curated
UNC13B,ENSG00000198722,Tier 1,glutamine/glutamate,REACTOME_GLUTAMATE_NEUROTRANSMITTER_RELEASE_CYCLE,No,NA,Reactome,standard_curated
UQCC1,ENSG00000101019,Tier 1,OXPHOS,REACTOME_AEROBIC_RESPIRATION_AND_RESPIRATORY_ELECTRON_TRANSPORT;REACTOME_RESPIRATORY_ELECTRON_TRANSPORT,Yes,CIII_assembly,Reactome,standard_curated
UQCC2,ENSG00000137288,Tier 1,OXPHOS,REACTOME_AEROBIC_RESPIRATION_AND_RESPIRATORY_ELECTRON_TRANSPORT;REACTOME_RESPIRATORY_ELECTRON_TRANSPORT,Yes,CIII_assembly,Reactome,standard_curated
UQCC3,ENSG00000204922,Tier 1,OXPHOS,REACTOME_AEROBIC_RESPIRATION_AND_RESPIRATORY_ELECTRON_TRANSPORT;REACTOME_RESPIRATORY_ELECTRON_TRANSPORT,Yes,CIII_assembly,Reactome,standard_curated
UQCC5,ENSG00000168273,Tier 1,OXPHOS,REACTOME_AEROBIC_RESPIRATION_AND_RESPIRATORY_ELECTRON_TRANSPORT;REACTOME_RESPIRATORY_ELECTRON_TRANSPORT,Yes,CIII_assembly,Reactome,standard_curated
UQCC6,ENSG00000204954,Tier 1,OXPHOS,REACTOME_AEROBIC_RESPIRATION_AND_RESPIRATORY_ELECTRON_TRANSPORT;REACTOME_RESPIRATORY_ELECTRON_TRANSPORT,Yes,CIII_assembly,Reactome,standard_curated
UQCRB,ENSG00000156467,Tier 1;Tier 2,OXPHOS,HALLMARK_OXIDATIVE_PHOSPHORYLATION;KEGG_OXIDATIVE_PHOSPHORYLATION;REACTOME_AEROBIC_RESPIRATION_AND_RESPIRATORY_ELECTRON_TRANSPORT;REACTOME_RESPIRATORY_ELECTRON_TRANSPORT,Yes,CIII_structural,KEGG;MSigDB;Reactome,hallmark_curated;standard_curated
UQCRC1,ENSG00000010256,Tier 1;Tier 2,OXPHOS,HALLMARK_OXIDATIVE_PHOSPHORYLATION;KEGG_OXIDATIVE_PHOSPHORYLATION;REACTOME_AEROBIC_RESPIRATION_AND_RESPIRATORY_ELECTRON_TRANSPORT;REACTOME_RESPIRATORY_ELECTRON_TRANSPORT,Yes,CIII_structural,KEGG;MSigDB;Reactome,hallmark_curated;standard_curated
UQCRC2,ENSG00000140740,Tier 1;Tier 2,OXPHOS,HALLMARK_OXIDATIVE_PHOSPHORYLATION;KEGG_OXIDATIVE_PHOSPHORYLATION;REACTOME_AEROBIC_RESPIRATION_AND_RESPIRATORY_ELECTRON_TRANSPORT;REACTOME_RESPIRATORY_ELECTRON_TRANSPORT,Yes,CIII_structural,KEGG;MSigDB;Reactome,hallmark_curated;standard_curated
UQCRQ,ENSG00000164405,Tier 1;Tier 2,OXPHOS,HALLMARK_OXIDATIVE_PHOSPHORYLATION;KEGG_OXIDATIVE_PHOSPHORYLATION;REACTOME_AEROBIC_RESPIRATION_AND_RESPIRATORY_ELECTRON_TRANSPORT;REACTOME_RESPIRATORY_ELECTRON_TRANSPORT,Yes,CIII_structural,KEGG;MSigDB;Reactome,hallmark_curated;standard_curated
VAMP2,ENSG00000220205,Tier 1,glutamine/glutamate,REACTOME_GLUTAMATE_NEUROTRANSMITTER_RELEASE_CYCLE,No,NA,Reactome,standard_curated
VAPA,ENSG00000101558,Tier 1,sphingolipid,REACTOME_SPHINGOLIPID_DE_NOVO_BIOSYNTHESIS;REACTOME_SPHINGOLIPID_METABOLISM,No,NA,Reactome,standard_curated
VAPB,ENSG00000124164,Tier 1,sphingolipid,REACTOME_SPHINGOLIPID_DE_NOVO_BIOSYNTHESIS;REACTOME_SPHINGOLIPID_METABOLISM,No,NA,Reactome,standard_curated
VARS1,ENSG00000204394,Tier 1,BCAA,KEGG_VALINE_LEUCINE_AND_ISOLEUCINE_BIOSYNTHESIS,No,NA,KEGG,standard_curated
VARS2,ENSG00000137411,Tier 1,BCAA,KEGG_VALINE_LEUCINE_AND_ISOLEUCINE_BIOSYNTHESIS,No,NA,KEGG,standard_curated
VCAN,ENSG00000038427,Tier 2,glycolysis,HALLMARK_GLYCOLYSIS,No,NA,MSigDB,hallmark_curated
VEGFA,ENSG00000112715,Tier 2,glycolysis,HALLMARK_GLYCOLYSIS,No,NA,MSigDB,hallmark_curated
VLDLR,ENSG00000147852,Tier 2,glycolysis,HALLMARK_GLYCOLYSIS,No,NA,MSigDB,hallmark_curated
WARS1,ENSG00000140105,Tier 1,tryptophan,KEGG_TRYPTOPHAN_METABOLISM,No,NA,KEGG,standard_curated
WARS2,ENSG00000116874,Tier 1,tryptophan,KEGG_TRYPTOPHAN_METABOLISM,No,NA,KEGG,standard_curated
WDR26,ENSG00000162923,Tier 1,OXPHOS,REACTOME_AEROBIC_RESPIRATION_AND_RESPIRATORY_ELECTRON_TRANSPORT,Yes,NA,Reactome,standard_curated
WDR5,ENSG00000196363,Tier 2,arginine,REACTOME_RMTS_METHYLATE_HISTONE_ARGININES,No,NA,Reactome,standard_curated
WDR77,ENSG00000116455,Tier 2,arginine,REACTOME_RMTS_METHYLATE_HISTONE_ARGININES,No,NA,Reactome,standard_curated
XYLT2,ENSG00000015532,Tier 2,glycolysis,HALLMARK_GLYCOLYSIS,No,NA,MSigDB,hallmark_curated
ZNF292,ENSG00000188994,Tier 2,glycolysis,HALLMARK_GLYCOLYSIS,No,NA,MSigDB,hallmark_curated
