gene	pathways	tiers	ensembl_id	n_CRC	n_ESCA	median_CRC	median_ESCA	median_difference_CRC_minus_ESCA	hodges_lehmann_shift	CI95_low	CI95_high	U	rank_biserial_CRC_vs_ESCA	raw_P	unadjusted_median_difference	unadjusted_raw_P	minLib_n_CRC	minLib_n_ESCA	minLib_median_difference	minLib_raw_P	v1_1_n_CRC	v1_1_n_ESCA	v1_1_median_difference	v1_1_raw_P	BH_FDR
CDK4	arginine	Tier 2	ENSG00000135446	85	59	-0.660482148477058	-0.343936045165743	-0.316546103311315	-0.325370690872883	-0.442927404253895	-0.218258770134138	1238	-0.506281156530409	2.53564974883469e-07	-0.315704361005091	3.42940728578544e-07	71	55	-0.340506695498842	1.08109240865131e-07	26	8	-0.259816914887864	0.187003126910017	0.000358033744535458
TYMS	folate;serine/glycine/one-carbon	Tier 1	ENSG00000176890	85	59	-0.264328030581503	-0.600638578454718	0.336310547873215	0.314573704474017	0.169548062359013	0.46379891391874	3540	0.411764705882353	2.76158155750213e-05	0.331994341831219	2.76158155750213e-05	71	55	0.401188673491458	7.77144181761658e-06	26	8	0.409903854949954	0.52915371486718	0.0124730429895565
NDUFA6	OXPHOS	Tier 1;Tier 2	ENSG00000184983	85	59	-0.387404807651751	-0.208645161833638	-0.178759645818113	-0.150011463719492	-0.218045270233556	-0.0828886396329436	1489	-0.406181455633101	3.54316206367405e-05	-0.178759645818113	3.60637241684886e-05	71	55	-0.205818999346187	4.44432430708143e-06	26	8	0.037431223997204	0.52915371486718	0.0124730429895565
NDUFAF8	OXPHOS	Tier 1	ENSG00000224877	85	59	-0.113765687545644	0.0564462908872018	-0.170211978432846	-0.140855008558333	-0.206651233528746	-0.0777145231706267	1499	-0.402193419740778	4.22550328779131e-05	-0.173742388269871	3.48100472633784e-05	71	55	-0.21093645825826	1.40236090835455e-05	26	8	0.0807494251658849	0.47739524671309	0.0124730429895565
DHFR	folate;serine/glycine/one-carbon	Tier 1	ENSG00000228716	85	59	-0.519790040418677	-0.703586422355178	0.183796381936501	0.272216648501078	0.138529533113465	0.404314676407465	3513	0.400997008973081	4.45339470605639e-05	0.183796381936501	4.85932093118558e-05	71	55	0.178626678284688	0.000294152645679812	26	8	0.26113273949802	0.0269187221199446	0.0124730429895565
FUT4	sphingolipid	Tier 1	ENSG00000196371	85	59	0.216701022822493	0.362452485021801	-0.145751462199307	-0.142525610186185	-0.204796613991175	-0.0778975165845509	1512	-0.397008973080758	5.3001599105764e-05	-0.161487742926201	2.39170242045292e-05	71	55	-0.136948968435804	0.00112839178370338	26	8	-0.094244566312042	0.264209380233026	0.0124730429895565
ISCA2	OXPHOS;TCA;iron	Tier 1;Tier 2	ENSG00000165898	85	59	-0.404205932269992	-0.224466810785978	-0.179739121484014	-0.157672828819215	-0.232868913114722	-0.0814041898679829	1527	-0.391026919242273	6.86125805938563e-05	-0.173149011310032	8.41373936682513e-05	71	55	-0.194388511777925	6.0976902938666e-05	26	8	0.029874559976677	0.699719586564903	0.0134141758362459
MCAT	fatty-acid oxidation	Tier 1	ENSG00000100294	85	59	-0.137514735773226	-0.0343268478288148	-0.103187887944411	-0.119034256151456	-0.184537172642072	-0.0593525884110492	1533	-0.388634097706879	7.60009962393537e-05	-0.102767354650011	0.000127757673929308	71	55	-0.118780834946843	8.65947855629994e-05	26	8	0.00257130213935099	0.919153761667732	0.0134141758362459
MSMO1	cholesterol/isoprenoid	Tier 1	ENSG00000052802	85	59	-0.520694396746588	-0.783346769162756	0.262652372416168	0.243694630415702	0.120992517854181	0.371573273479296	3474	0.385443668993021	8.70277423803644e-05	0.252228411497101	0.000113769266395896	71	55	0.300487718863557	9.2060349892411e-05	26	8	0.18335916424117	0.428536792061782	0.0136536858045638
GMPPB	glycolysis	Tier 2	ENSG00000173540	85	59	-0.901135444474168	-0.68708903918323	-0.214046405290938	-0.201506214589084	-0.300845821731707	-0.103842748347726	1552	-0.381056829511466	0.000104676134427276	-0.211590800524038	0.000111893054835951	71	55	-0.244199183274969	0.000137714468290377	26	8	-0.152107512868733	0.281973201045743	0.0147802701811314
SCO1	OXPHOS	Tier 1	ENSG00000133028	85	59	-0.164104880285823	-0.0663307225341546	-0.0977741577516683	-0.113421048199819	-0.1751714130621	-0.0546782013086755	1563	-0.37666999002991	0.000125664570905412	-0.0950247588676653	0.000264353049096793	71	55	-0.0935649161033004	0.00301536995620394	26	8	-0.120751459744936	0.0330484168246057	0.0150328196323486
CAMK2D	glutamine/glutamate	Tier 1	ENSG00000145349	85	59	-0.0500696895058387	0.087183418393525	-0.137253107899364	-0.139345355858971	-0.207840038115314	-0.0687193404171306	1564	-0.376271186440678	0.000127757673929308	-0.1295275215588	0.000183019064049004	71	55	-0.167791983420365	1.34085542732961e-05	26	8	0.0108835612274792	0.52915371486718	0.0150328196323486
GPI	OXPHOS;PPP;glycolysis	Tier 1;Tier 2	ENSG00000105220	85	59	-0.274918918160664	-0.112733512979068	-0.162185405181596	-0.131374442701513	-0.193652682578704	-0.0653435061936697	1585	-0.3678963110668	0.000180082646870336	-0.162185405181596	0.000189027447371799	71	55	-0.159939534686553	0.012117696362669	26	8	-0.236933380304456	0.00284420829470843	0.019559745952378
CREBBP	PPP;cholesterol/isoprenoid	Tier 2	ENSG00000005339	85	59	-0.0726103915848342	0.0712525308092427	-0.143862922394077	-0.155177273301986	-0.223971477797514	-0.0793573102033269	1601	-0.361515453639083	0.000232834869402509	-0.143862922394077	0.000264353049096793	71	55	-0.147379905924144	0.000700963299730368	26	8	-0.0741398324619776	0.300530054314924	0.0234830596854531
COX6B1	OXPHOS	Tier 1;Tier 2	ENSG00000126267	85	59	-0.663170883574727	-0.523460720095633	-0.139710163479094	-0.154586917654645	-0.240927912029182	-0.0730309571648544	1607	-0.359122632103689	0.000256118504314944	-0.136051169813623	0.000304574686004651	71	55	-0.166863439082911	5.97193200507113e-05	26	8	0.00711468752749567	0.823302467507629	0.0241092885395134
COX6A1	OXPHOS	Tier 1;Tier 2	ENSG00000111775	85	59	-0.0907815569992681	0.0447657274586736	-0.135547284457942	-0.134268134153182	-0.198388453067899	-0.0646476563209846	1613	-0.356729810568295	0.000281572132979743	-0.128850552388647	0.000384582914776806	71	55	-0.159820815094156	0.000311386005596241	26	8	-0.00557686084828604	0.791857490811325	0.0241344516539171
ALDH3A1	glycolysis	Tier 1	ENSG00000108602	85	59	0.191966215242018	0.0844037883114299	0.107562426930588	0.121057820085965	0.0576069725495827	0.188537388153618	3400	0.35593220338983	0.00029057059356699	0.104569526075266	0.000299837905020298	71	55	0.13533822447819	1.7140021686112e-05	26	8	-0.104219707815182	0.231035010974767	0.0241344516539171
TIMMDC1	OXPHOS	Tier 1	ENSG00000113845	85	59	-0.308822691939993	-0.16428373797242	-0.144538953967573	-0.138910922107706	-0.215821736750439	-0.0675116896307472	1626	-0.351545363908275	0.000345070673289209	-0.106546388803442	0.000736108248263417	71	55	-0.148508099545938	0.0017278598439291	26	8	-0.0804884091252235	0.173799371292493	0.0270688772602424
LARS2	BCAA	Tier 1	ENSG00000011376	85	59	-0.17329582134073	-0.0274064553094363	-0.145889366031294	-0.142185852879982	-0.22315504926229	-0.0683208919438119	1630	-0.349950149551346	0.000367157691513513	-0.153920041155985	0.000299837905020298	71	55	-0.172864076402094	0.00025735349387976	26	8	0.114562076106605	0.452593620794896	0.0272856137061621
SLC5A2	glucose transport	Tier 1	ENSG00000140675	85	59	0.0508346905994937	0.165915908290726	-0.115081217691232	-0.108697265111245	-0.170740507212494	-0.0484819442067458	1638	-0.346759720837488	0.000415352579834957	-0.10327722749886	0.000522015568059945	71	55	-0.100638598875709	0.00662163809018571	26	8	-0.0300770864853033	0.502922621667626	0.0280403073393867
PPP2R1A	glycolysis	Tier 2	ENSG00000105568	85	59	-0.261954402617781	-0.458567969601728	0.196613566983947	0.203150572414283	0.0937322319305641	0.322120697528156	3375	0.345962113659023	0.000428292363635659	0.196613566983947	0.00040902048325761	71	55	0.196613566983947	0.000196327947591101	26	8	-0.0614972405385585	0.760747580347756	0.0280403073393867
S1PR2	sphingolipid	Tier 1	ENSG00000267534	85	59	0.00264140499027595	-0.0909122981328436	0.0935537031231195	0.111235638744722	0.0473367520819194	0.17305484411313	3372	0.344765702891326	0.000448409435372557	0.104656580131794	0.000229152945989992	71	55	0.108691435374635	0.000574637522923996	26	8	0.012659630306234	0.556063538525548	0.0280403073393867
CPEB2	cholesterol/isoprenoid	Tier 2	ENSG00000137449	85	59	0.061638814375446	0.150435991973453	-0.0887971775980074	-0.100612516730283	-0.159988794315857	-0.0405633879611576	1645	-0.343968095712861	0.000462307082222765	-0.093578384447564	0.00028603821250978	71	55	-0.0772909938904539	0.00190988417125379	26	8	-0.134689429910114	0.0403356711507055	0.0280403073393867
B3GALT6	glycolysis	Tier 2	ENSG00000176022	85	59	0.195272465934321	0.05415556135521	0.141116904579111	0.124661062938424	0.0588511879321857	0.190134655764691	3368	0.343170488534397	0.000476605790471161	0.136110294787124	0.000943999767416331	71	55	0.144534130380698	1.3110761446044e-05	26	8	-0.169369688935292	0.0920086902528621	0.0280403073393867
CROT	fatty-acid oxidation	Tier 1	ENSG00000005469	85	59	-0.0056569126094364	-0.119961284678711	0.114304372069275	0.126414504639582	0.0516750707790652	0.19593626720891	3338	0.331206380857428	0.000747051020313094	0.110084450735808	0.000930402782987465	71	55	0.103192412421523	0.00433046239292181	26	8	0.151955372614325	0.187003126910017	0.0402363100114572
HMMR	glycolysis	Tier 2	ENSG00000072571	85	59	-0.266711233528811	-0.153316849442704	-0.113394384086107	-0.131136294533395	-0.203917998642635	-0.0538933439358991	1678	-0.330807577268195	0.000758144704710656	-0.121144254311147	0.000483908846306511	71	55	-0.109551961931791	0.00778655352407389	26	8	-0.168439714150408	0.0489421815821301	0.0402363100114572
NDUFAF7	OXPHOS	Tier 1	ENSG00000003509	85	59	-0.160281206171133	-0.0358056817265272	-0.124475524444605	-0.119624706610651	-0.187043507795812	-0.0526492062548436	1679	-0.330408773678963	0.000769391197102935	-0.124293917670704	0.000903751542495144	71	55	-0.133740178648344	0.000288609599362642	26	8	0.0481361381001901	0.983804096811716	0.0402363100114572
ALDH3A2	BCAA;arginine;glycolysis;sphingolipid;tryptophan	Tier 1	ENSG00000072210	85	59	0.0259858438439352	-0.0972711081175123	0.123256951961448	0.118740720527058	0.0500489378720334	0.18506518663799	3324	0.325623130608175	0.000916987444088746	0.137596360516445	0.000634578321243807	71	55	0.123256951961448	0.00400681875194799	26	8	0.0644565793038088	0.173799371292493	0.043625362864637
RACK1	sphingolipid	Tier 1	ENSG00000204628	85	59	-0.893457800606291	-1.10507272536405	0.211614924757762	0.226636981239501	0.0986023664915538	0.351625433774189	3324	0.325623130608175	0.000916987444088746	0.211614924757762	0.000930402782987465	71	55	0.211740983873722	0.000739646837625948	26	8	0.017238440484624	0.855033778939491	0.043625362864637
CTNNB1	cholesterol/isoprenoid	Tier 2	ENSG00000168036	85	59	-1.36718626808376	-0.977228169733304	-0.389958098350458	-0.293261652587679	-0.465736626688384	-0.127536742091608	1692	-0.325224327018943	0.000930402782987465	-0.392449655064623	0.000916987444088746	71	55	-0.409488208686758	0.000915065604395418	26	8	-0.376069794930528	0.127884811106401	0.043625362864637
S100A11	cholesterol/isoprenoid	Tier 2	ENSG00000163191	85	59	-0.111096684536554	0.0230282583915605	-0.134124942928115	-0.129895295160861	-0.204843547281438	-0.0557354395063348	1694	-0.324426719840479	0.000957780629464411	-0.134124942928115	0.000930402782987465	71	55	-0.160900608976689	0.00446642530239129	26	8	-0.181791419668778	0.0403356711507055	0.043625362864637
PDSS2	cholesterol/isoprenoid	Tier 1	ENSG00000164494	85	59	-0.242488609778966	-0.104493996996572	-0.137994612782394	-0.121534087500514	-0.192340143029927	-0.0491809677300107	1699	-0.322432701894317	0.00102952292436947	-0.141503295422163	0.000865098732845419	71	55	-0.15108511448497	0.00236615898479742	26	8	-0.096684252731595	0.281973201045743	0.0454276990378028
NDUFAF3	OXPHOS	Tier 1	ENSG00000178057	85	59	-0.320369750552889	-0.213024890094403	-0.107344860458486	-0.13292874418694	-0.22177669186519	-0.0499318908278052	1707	-0.319242273180459	0.00115472505794778	-0.11489963385738	0.00151054418872696	71	55	-0.176607803914488	0.000867917617522052	26	8	0.071293169096212	0.95143897231668	0.049408235812796
PPP2R5D	glycolysis	Tier 2	ENSG00000112640	85	59	-0.339291287570484	-0.464871455031752	0.125580167461268	0.13710880589885	0.0588193685138916	0.218231560290437	3304	0.317647058823529	0.00122247145132031	0.121092557353613	0.0016653353762776	71	55	0.114469984165569	0.00980920670880897	26	8	0.123075910509745	0.187003126910017	0.050024025168376
TAS1R3	glutamine/glutamate	Tier 1	ENSG00000169962	85	59	-0.0976060071915089	-0.221503220386113	0.123897213194604	0.114714560777388	0.0469540406825235	0.184020790250297	3303	0.317248255234297	0.00123997229525011	0.135024986916914	0.000865098732845419	71	55	0.118075495212398	0.00136344648198476	26	8	0.095004281401885	0.699719586564903	0.050024025168376
TYR	riboflavin	Tier 1	ENSG00000077498	85	59	-0.0223704981388891	-0.154155027478708	0.131784529339819	0.121012378457553	0.0483713407088513	0.189206300822179	3298	0.315254237288136	0.00133099871289246	0.122304174794506	0.00173603764331032	71	55	0.130239126288809	0.00116812672107272	26	8	0.0886611915787389	0.247232704165249	0.0509846619871504
SPTSSB	sphingolipid	Tier 1	ENSG00000196542	85	59	0.0521528884906841	-0.0684070797762815	0.120559968266966	0.109547873275106	0.043262174543928	0.174657765888529	3296	0.314456630109671	0.00136910561897145	0.119485571568978	0.00142815601016029	71	55	0.119485571568978	0.00439796764969758	26	8	0.107614212121516	0.281973201045743	0.0509846619871504
ACSL4	fatty-acid oxidation	Tier 1	ENSG00000068366	85	59	-0.086700334027818	-0.168786673456807	0.0820863394289892	0.109580596397765	0.0440663813674494	0.180843982332438	3295	0.314057826520439	0.00138853411783578	0.103209717077748	0.00186003480547264	71	55	0.0818158445115848	0.0148953719748387	26	8	0.10842110943424	0.173799371292493	0.0509846619871504
HSD17B10	BCAA;OXPHOS	Tier 1;Tier 2	ENSG00000072506	85	59	-0.524541333527369	-0.405063875107702	-0.119477458419667	-0.111854140354793	-0.180876017323234	-0.0457733986498353	1721	-0.313659022931206	0.00140821658463092	-0.108241868516684	0.00204732603866533	71	55	-0.096243906882802	0.00301536995620394	26	8	0.00113663372291906	0.730019850675947	0.0509846619871504
CARM1	arginine;cholesterol/isoprenoid	Tier 2	ENSG00000142453	85	59	0.0529754956840664	0.132840776124102	-0.0798652804400353	-0.107063583187394	-0.179147224937973	-0.0415129850230564	1725	-0.312063808574277	0.00148954640631672	-0.0955431577988055	0.000554495213860069	71	55	-0.104810839275461	0.00127318889422754	26	8	-0.0482071104151903	0.669890044729042	0.0512585205380301
CYP1A2	tryptophan	Tier 1	ENSG00000140505	85	59	-0.0482140403423663	-0.148189150185727	0.0999751098433608	0.118811628836073	0.045868914957622	0.188193138165054	3287	0.31086739780658	0.00155336005722934	0.0970767248508725	0.00186003480547264	71	55	0.0953487614057683	0.00282798006028998	26	8	-0.0435172330064106	0.760747580347756	0.0512585205380301
APOC4	cholesterol/isoprenoid	Tier 2	ENSG00000267467	85	59	-0.0204962154052505	-0.0825931020616275	0.062096886656377	0.083033311648673	0.0309715691225774	0.146468817562137	3286	0.310468594217348	0.00157518453052692	0.064653864623866	0.00125770424971978	71	55	0.079534724459897	0.0017278598439291	26	8	0.0013813681656019	0.640572271580656	0.0512585205380301
NDUFA2	OXPHOS	Tier 1;Tier 2	ENSG00000131495	85	59	-0.40212214554393	-0.249313554799409	-0.152808590744521	-0.123378577386132	-0.190496398167849	-0.0496429427614434	1730	-0.310069790628116	0.00159729100826723	-0.152424362258079	0.00161968276484818	71	55	-0.1640000530682	0.00342452985372314	26	8	-0.0372465003772176	0.699719586564903	0.0512585205380301
ODC1	arginine	Tier 1	ENSG00000115758	85	59	0.254035712954973	0.165148288164966	0.088887424790007	0.0995393415461321	0.0398719273785517	0.15935041536598	3285	0.310069790628116	0.00159729100826723	0.088887424790007	0.00155336005722934	71	55	0.084226809662169	0.00467763080030308	26	8	0.161252725782203	0.47739524671309	0.0512585205380301
ARTN	glycolysis	Tier 2	ENSG00000117407	85	59	-0.0873865851418916	0.0591634730703046	-0.146550058212196	-0.127965036036127	-0.196717234733393	-0.0496208077551698	1736	-0.307676969092722	0.00173603764331032	-0.161436740364784	0.000428292363635659	71	55	-0.147813791013024	0.00114810037563549	26	8	-0.04114852636883	0.88700130251839	0.052866514162965
FASN	cholesterol/isoprenoid;fatty-acid synthesis	Tier 2	ENSG00000169710	85	59	-0.449549986909975	-0.324968508994308	-0.124581477915667	-0.151020708155052	-0.25118339427011	-0.056402778986048	1739	-0.306480558325025	0.00180949072033777	-0.129955363229719	0.00159729100826723	71	55	-0.153273419777653	0.00150994491688217	26	8	-0.0310378457451656	0.823302467507629	0.052866514162965
QDPR	folate	Tier 1	ENSG00000151552	85	59	0.0940199112242582	0.176291197063554	-0.0822712858392957	-0.0902434033138622	-0.142920936784086	-0.0344537967274743	1739	-0.306480558325025	0.00180949072033777	-0.0789396689764565	0.00225177843682568	71	55	-0.111409989403017	0.000766527538157552	26	8	0.0031653340797238	0.640572271580656	0.052866514162965
SPTLC2	sphingolipid	Tier 1	ENSG00000100596	85	59	-0.498775706795349	-0.654615308188893	0.155839601393544	0.181056305635746	0.070563496305301	0.290198585732905	3276	0.306480558325025	0.00180949072033777	0.165089075902139	0.00133099871289246	71	55	0.182745430375027	0.00187837278009852	26	8	0.0376729191524585	0.452593620794896	0.052866514162965
NDUFB11	OXPHOS	Tier 1	ENSG00000147123	85	59	-0.364896236674266	-0.260774992738387	-0.104121243935879	-0.12782939042531	-0.214935511844929	-0.0480849311943856	1740	-0.306081754735793	0.00183460282860148	-0.109435531465558	0.00159729100826723	71	55	-0.182315113612719	8.71627487375791e-06	26	8	0.200493088209492	0.00420588228248837	0.052866514162965
SC5D	cholesterol/isoprenoid	Tier 1;Tier 2	ENSG00000109929	85	59	-0.289586198244767	-0.419941873233309	0.130355674988542	0.144168171305516	0.0544289432921829	0.233449936051972	3271	0.304486540378863	0.00193828661979423	0.130355674988542	0.00196503492262749	71	55	0.133294181930104	0.00331775533184283	26	8	-0.00872155871372599	0.760747580347756	0.0544044962892161
SLC1A5	amino-acid transport	Tier 1	ENSG00000105281	85	59	0.107972167290112	-0.00677603418545031	0.114748201475562	0.10120270833722	0.0377194656214679	0.160386671841099	3270	0.304087736789631	0.00196503492262749	0.114748201475562	0.00196503492262749	71	55	0.110196907175727	0.00713018963678632	26	8	0.195702777759265	0.0269187221199446	0.0544044962892161
DHDDS	cholesterol/isoprenoid	Tier 1	ENSG00000117682	85	59	-1.65597770792302	-1.40016608771059	-0.25581162021243	-0.193042883409416	-0.302717294323395	-0.0729516900000842	1753	-0.300897308075773	0.00219153289610795	-0.24825608732624	0.0034462191233051	71	55	-0.27995285111964	0.00578778354322577	26	8	-0.101529489209365	0.428536792061782	0.0595085471020081
AIFM1	OXPHOS	Tier 2	ENSG00000156709	85	59	-0.385145726764351	-0.244505094668037	-0.140640632096313	-0.144885764845219	-0.240532011054066	-0.051452676328539	1755	-0.300099700897308	0.00225177843682568	-0.166751731627289	0.000890692893635245	71	55	-0.195674468300341	0.000981625437531147	26	8	0.0319427554044595	0.88700130251839	0.0599907764678842
FXN	OXPHOS;TCA;iron	Tier 1;Tier 2	ENSG00000165060	85	59	-0.36875386424211	-0.266967630600566	-0.101786233641544	-0.105920770127913	-0.176970260242663	-0.0375292003892188	1757	-0.299302093718843	0.00231353793345326	-0.071788997800107	0.0048138898449185	71	55	-0.062250650112099	0.0168189520007315	26	8	-0.150686885508883	0.281973201045743	0.0604947326302964
IDI1	cholesterol/isoprenoid	Tier 1;Tier 2	ENSG00000067064	85	59	-0.747380042846682	-0.847281485994789	0.099901443148107	0.154876429260358	0.0500176167534391	0.27075195556831	3255	0.298105682951147	0.00240909010370964	0.10364349169414	0.00216196744924236	71	55	0.100064968613842	0.00311325140409944	26	8	-0.00545040363720006	0.583624193952907	0.0618479132079639
PKP2	glycolysis	Tier 2	ENSG00000057294	85	59	0.0592677809350103	-0.0230891254325832	0.0823569063675935	0.0914696315114222	0.033170680526407	0.150728426708736	3251	0.296510468594217	0.00254211333705275	0.0823569063675935	0.00247478406214666	71	55	0.0859175226315562	0.0041335451897356	26	8	-0.00435790339686245	0.583624193952907	0.0640975719985444
MRPS11	OXPHOS	Tier 2	ENSG00000181991	85	59	-0.682249579258882	-0.547109349400441	-0.135140229858441	-0.138459463224602	-0.223596515048336	-0.0483662569189087	1769	-0.294516450648056	0.0027178299496187	-0.128986406084984	0.00446063788438924	71	55	-0.113446719094444	0.0048234151692522	26	8	-0.127556482320184	0.428536792061782	0.0659159405978553
HS2ST1	glycolysis	Tier 2	ENSG00000153936	85	59	0.0618865807679408	-0.0421226803908306	0.104009261158771	0.0991584290698098	0.0359473049503068	0.165166407031789	3246	0.294516450648056	0.0027178299496187	0.10530996753857	0.00367794513974612	71	55	0.0733395832801621	0.0569545796842657	26	8	0.18657971939719	0.0269187221199446	0.0659159405978553
COA5	OXPHOS	Tier 1	ENSG00000183513	85	59	-0.829567365325097	-0.670244016703104	-0.159323348621993	-0.161159380473367	-0.261161165006162	-0.0585548323908912	1770	-0.294117647058823	0.00275427797115684	-0.159323348621993	0.00302217609846502	71	55	-0.137720894779949	0.0060545759531831	26	8	-0.031149857935306	0.502922621667626	0.0659159405978553
PMM2	glycolysis	Tier 2	ENSG00000140650	85	59	-0.14113295853697	-0.0535330219571158	-0.0875999365798542	-0.108660804968037	-0.187898341260495	-0.03635261321688	1772	-0.293320039880359	0.0028285168304608	-0.0696420228975872	0.00413103923871908	71	55	-0.092350291343901	0.00148456254109611	26	8	0.0479188883618486	0.730019850675947	0.0665644294101775
SMIM20	OXPHOS	Tier 1	ENSG00000250317	85	59	-0.0138233375968591	0.0534820365839266	-0.0673053741807856	-0.0943971407040137	-0.158176530574823	-0.0335466622891831	1775	-0.292123629112662	0.00294330544023788	-0.0653949493862662	0.0061816912873717	71	55	-0.0626319075340355	0.0163735920277193	26	8	-0.0707879530381501	0.405240820459417	0.0681302833051784
ST6GALNAC3	sphingolipid	Tier 1	ENSG00000184005	85	59	-0.0608725444075916	-0.154730548601032	0.0938580041934399	0.106475279866692	0.0367677058878327	0.179883457414061	3238	0.291326021934197	0.00302217609846502	0.0936442518623395	0.00310297007202547	71	55	0.0959894744337431	0.0157249783421077	26	8	-0.015100151380323	0.611804938252237	0.0684592772140619
TIMM10	OXPHOS	Tier 2	ENSG00000134809	85	59	-0.605872131650072	-0.474865572621692	-0.13100655902838	-0.135526180611407	-0.225097886527149	-0.045129511595742	1778	-0.290927218344965	0.00306233009828033	-0.116306724355534	0.00566753233249709	71	55	-0.110087461278903	0.0100924548092134	26	8	-0.147141044176561	0.16130486426762	0.0684592772140619
ACER2	sphingolipid	Tier 1	ENSG00000177076	85	59	0.090428529644717	-0.0241648309097885	0.114593360554505	0.0994631660825826	0.0329047384344768	0.16225891151846	3236	0.290528414755733	0.00310297007202547	0.111011845356909	0.00457568916326795	71	55	0.110223867655418	0.0344148712576352	26	8	0.178387156128911	0.0298485359481618	0.0684592772140619
NDUFS1	OXPHOS	Tier 1;Tier 2	ENSG00000023228	85	59	-0.480126219801352	-0.316709535434364	-0.163416684366988	-0.13961208667413	-0.222256952059463	-0.0499907405997959	1784	-0.288534396809571	0.003313643286273	-0.161496626112245	0.00377453720952281	71	55	-0.191493331781113	0.00167082338968693	26	8	-0.084524955597553	0.730019850675947	0.0719825280033457
SLC2A6	glucose transport	Tier 1	ENSG00000160326	85	59	0.0835008133288017	0.166520277368904	-0.0830194640401025	-0.0811025866257528	-0.133638129746058	-0.0268427012239244	1790	-0.286141575274177	0.00358360576942719	-0.0830194640401025	0.0036304967894355	71	55	-0.0736017141738332	0.0227561191187565	26	8	-0.0698078105599531	0.583624193952907	0.0753861980394547
CIAO3	iron	Tier 1	ENSG00000103245	85	59	-0.523787743661043	-0.677241190731956	0.153453447070913	0.132757970926571	0.043714968789169	0.222269177336535	3225	0.286141575274177	0.00358360576942719	0.159370193459939	0.00219153289610795	71	55	0.141487054550521	0.00419826262710133	26	8	0.162019627145792	0.084438190880557	0.0753861980394547
SDHAF4	OXPHOS;TCA	Tier 1;Tier 2	ENSG00000154079	85	59	-0.252782944460161	-0.471099964470744	0.218317020010583	0.217024026553923	0.0760859233830258	0.359857264628245	3224	0.285742771684945	0.0036304967894355	0.256306720846157	0.00228246683893856	71	55	0.361230807135927	0.00134034479091267	26	8	-0.126629414634974	0.281973201045743	0.0753861980394547
NDUFA9	OXPHOS	Tier 1;Tier 2	ENSG00000139180	85	59	-0.38428577398192	-0.233695558392035	-0.150590215589884	-0.126979489221141	-0.210249991303613	-0.0406410991003431	1793	-0.284945164506481	0.0037259566522907	-0.147872501240188	0.00358360576942719	71	55	-0.159387981100879	0.00153572653904903	26	8	0.134843327492206	0.382718791715432	0.0762471129425286
HSCB	OXPHOS;iron	Tier 1	ENSG00000100209	85	59	-0.471086570590686	-0.367507199920235	-0.103579370670451	-0.144005325708083	-0.239238976781093	-0.0428700679262299	1798	-0.282951146560319	0.00397466931982493	-0.102581150101715	0.00475331033283707	71	55	-0.114107597633794	0.0137232490760176	26	8	-0.104264578682333	0.669890044729042	0.0788246946631263
WARS2	tryptophan	Tier 1	ENSG00000116874	85	59	-0.542599422317971	-0.475373812887479	-0.0672256094304919	-0.0930879303226182	-0.155322375562177	-0.0292409721845746	1798	-0.282951146560319	0.00397466931982493	-0.063373572220791	0.00573854017837931	71	55	-0.057980308645079	0.0133510588197002	26	8	-0.112180392661825	0.127884811106401	0.0788246946631263
ATP6V0D2	OXPHOS;iron	Tier 1	ENSG00000147614	85	59	0.130433690386666	0.268732766318594	-0.138299075931928	-0.125392930523898	-0.205022071447076	-0.039440017668304	1800	-0.282153539381854	0.00407830635175253	-0.165979420505291	0.000916987444088746	71	55	-0.189269178610359	0.000726537290135972	26	8	0.0437925386303291	0.983804096811716	0.0788246946631263
PGK1	glycolysis	Tier 1;Tier 2	ENSG00000102144	85	59	-0.636777784669349	-0.523362504028359	-0.11341528064099	-0.134263298397225	-0.231790817122492	-0.0449328794180152	1800	-0.282153539381854	0.00407830635175253	-0.10956321980367	0.00625847513321434	71	55	-0.105195751327252	0.0239563607089587	26	8	-0.344334176128675	0.0590400187453341	0.0788246946631263
MRPL11	OXPHOS	Tier 2	ENSG00000174547	85	59	-0.279050498426577	-0.187085912306727	-0.0919645861198507	-0.126929041453988	-0.208110133813396	-0.0436985552167571	1801	-0.281754735792622	0.00413103923871908	-0.093523794417454	0.00367794513974612	71	55	-0.107356265361089	0.00497329859371176	26	8	-0.0763975355960375	0.88700130251839	0.0788246946631263
GLCE	glycolysis	Tier 2	ENSG00000138604	85	59	-0.00486908259646195	-0.0781356797120642	0.0732665971156022	0.0949759918207109	0.0296391187374713	0.169892224259427	3210	0.280159521435693	0.00434821416352916	0.0732665971156022	0.00367794513974612	71	55	0.0789523366320009	0.00282798006028998	26	8	-0.0561092922709803	0.791857490811325	0.0818623786520423
GLRX5	iron	Tier 1	ENSG00000182512	85	59	-0.265179887083671	-0.185974636813008	-0.079205250270663	-0.105332998839847	-0.187591208373236	-0.032307841426106	1812	-0.277367896311067	0.00475331033283707	-0.084366109894034	0.00322785809863149	71	55	-0.12635790707323	0.00181677812695994	26	8	0.0959007430742525	0.502922621667626	0.0883115024995519
TAS2R5	glutamine/glutamate	Tier 1	ENSG00000127366	85	59	-0.0759039727089756	0.0164741617133582	-0.0923781344223338	-0.0923502115169739	-0.156973301292016	-0.0273313634817374	1814	-0.276570289132602	0.00487516713328948	-0.102191772879819	0.0074273433735176	71	55	-0.0905881752899231	0.0278921327258481	26	8	-0.165822697443517	0.1001151093641	0.0893991687299318
D2HGDH	OXPHOS	Tier 1	ENSG00000180902	85	59	0.0904182410226355	0.179381600875942	-0.0889633598533063	-0.0920942322777283	-0.152671414041668	-0.0253334474204066	1816	-0.275772681954138	0.0049998431537257	-0.104417342055546	0.00286631739450405	71	55	-0.145948116609858	0.000713643862858871	26	8	0.0938957837997711	0.452593620794896	0.0905099811930857
NOL3	glycolysis	Tier 2	ENSG00000140939	85	59	0.0958863002781672	0.149807910288979	-0.0539216100108115	-0.0871442668265287	-0.146826374047485	-0.0258840315817187	1819	-0.274576271186441	0.00519226773430221	-0.0663610599927014	0.00335731000431926	71	55	-0.056874440475464	0.00364751649360045	26	8	0.00572934648779155	0.88700130251839	0.0916435255104339
TUBA4A	iron	Tier 1	ENSG00000127824	85	59	0.0295279701409629	-0.049350217005017	0.0788781871459799	0.0965369135699158	0.0288909818069292	0.165769441161067	3196	0.274576271186441	0.00519226773430221	0.07022455623646	0.00358360576942719	71	55	0.0788004532115687	0.00489783827454338	26	8	4.25207538208537e-05	0.855033778939491	0.0916435255104339
PARP9	NAD	Tier 1	ENSG00000138496	85	59	-0.0691460407508335	-0.179191817411307	0.110045776660474	0.108634326372314	0.0345573523633777	0.187661236274177	3192	0.272981056829511	0.00545923907982981	0.0966599545438461	0.00808224705939438	71	55	0.113308761582316	0.024576804960204	26	8	0.270159340057226	0.0708097817375973	0.0940054339112158
RBKS	PPP	Tier 1	ENSG00000171174	85	59	-0.235845819577449	-0.353196814391942	0.117350994814493	0.128909080963418	0.040441796483975	0.223495490395452	3192	0.272981056829511	0.00545923907982981	0.117350994814493	0.00397466931982493	71	55	0.178565353158982	0.00210936985545535	26	8	0.086760377484829	0.730019850675947	0.0940054339112158
CERS4	sphingolipid	Tier 1	ENSG00000090661	85	59	0.0208290847690131	0.118799581956265	-0.0979704971872519	-0.0921258223934823	-0.16195937919556	-0.0282248896866233	1827	-0.271385842472582	0.00573854017837931	-0.097273937968259	0.00314410122256288	71	55	-0.0955433774551039	0.0128094987324314	26	8	-0.0216952913667524	0.319883420415998	0.0965201558584991
FBXL5	iron	Tier 1	ENSG00000118564	85	59	-0.109926544929908	-0.231069836929787	0.121143291999879	0.132979975651095	0.0383034118594903	0.229143634097858	3187	0.27098703888335	0.00581034932575951	0.12906027702215	0.00512739519845751	71	55	0.158452875677963	0.0105309892122329	26	8	0.354881173771433	0.16130486426762	0.0965201558584991
SMARCE1	arginine	Tier 2	ENSG00000073584	85	59	-0.00145626583204078	0.0804932536142188	-0.0819495194462596	-0.11175555623967	-0.195555257052219	-0.0315301712295703	1828	-0.27098703888335	0.00581034932575951	-0.0866259151631353	0.00512739519845751	71	55	-0.0866259151631353	0.0111420369925595	26	8	-0.0733252597340736	0.382718791715432	0.0965201558584991
CAMK2B	glutamine/glutamate	Tier 1	ENSG00000058404	85	59	-0.129631763640735	-0.0178722656557813	-0.111759497984953	-0.119633756482064	-0.201221982904062	-0.0369410278081675	1829	-0.270588235294118	0.00588296761870525	-0.115204260360428	0.00545923907982981	71	55	-0.111759497984953	0.0105309892122329	26	8	-0.0418091050011271	0.47739524671309	0.0965901195071141
SLC25A32	folate	Tier 1	ENSG00000164933	85	59	0.0187722478810429	-0.0813371179816534	0.100109365862696	0.111474984855198	0.0331286083171871	0.190465579258821	3185	0.270189431704885	0.00595640296281546	0.100109365862696	0.00581034932575951	71	55	0.11059714236844	0.00460624494234247	26	8	0.161977525342188	0.16130486426762	0.0966717354424762
CENPA	glycolysis	Tier 2	ENSG00000115163	85	59	-0.922285744932344	-0.792520067023172	-0.129765677909172	-0.108667125755897	-0.185056642303032	-0.027306276789805	1831	-0.269790628115653	0.00603066332551969	-0.129765677909172	0.00682044061380517	71	55	-0.127463684802242	0.00353442351720887	26	8	-0.0216461113811244	0.919153761667732	0.0967647342685659
TPI1	glycolysis	Tier 1;Tier 2	ENSG00000111669	85	59	-0.384830065331836	-0.316260214047023	-0.0685698512848136	-0.0888379702585197	-0.157522071227674	-0.0252421815517403	1837	-0.267397806580259	0.00649400493398936	-0.047578157895172	0.015821752929943	71	55	-0.058977040087679	0.0973763327869033	26	8	-0.378304193355353	0.0269187221199446	0.0999729591760254
GNG13	glutamine/glutamate	Tier 1	ENSG00000127588	85	59	0.0927382485866177	-0.00551888102708566	0.0982571296137033	0.096202275270925	0.0248677353145797	0.167868257736402	3178	0.267397806580259	0.00649400493398936	0.0982571296137033	0.00434821416352916	71	55	0.121375587824291	0.000808553450643008	26	8	-0.130199471992916	0.382718791715432	0.0999729591760254
SERINC2	serine/glycine/one-carbon	Tier 1	ENSG00000168528	85	59	-0.0539140360257779	-0.140517339965457	0.0866033039396792	0.0881458721707174	0.0247254808014502	0.152385282679827	3178	0.267397806580259	0.00649400493398936	0.0889382587397732	0.00573854017837931	71	55	0.0673637443240646	0.00994993294145223	26	8	0.0309195477408872	0.36098085015453	0.0999729591760254
CIAO1	iron	Tier 1	ENSG00000144021	85	59	-0.373081567566152	-0.274175228663308	-0.098906338902844	-0.100939119372781	-0.174348375973574	-0.0281791119748758	1838	-0.266999002991027	0.00657426877113597	-0.097672646034273	0.00751788875731297	71	55	-0.122308748209081	0.00187837278009852	26	8	0.026166439837885	0.791857490811325	0.0999729591760254
CKMT2	arginine	Tier 1	ENSG00000131730	85	59	-0.022713489898941	-0.0842556003448569	0.0615421104459159	0.0791055698820835	0.0223256042695948	0.138769439865287	3176	0.266600199401795	0.00665542362786571	0.064585205185043	0.00519226773430221	71	55	0.0841718831904998	0.000585179372147758	26	8	-0.140590176288313	0.084438190880557	0.0999729591760254
GNG4	glutamine/glutamate	Tier 1	ENSG00000168243	85	59	-0.0572816245989833	0.0314782848674272	-0.0887599094664105	-0.0973218286783201	-0.16954978857231	-0.0276624865344435	1839	-0.266600199401795	0.00665542362786571	-0.0955136846905897	0.00493714921233583	71	55	-0.109347385164401	0.00321402146060962	26	8	-0.0391683775656266	0.428536792061782	0.0999729591760254
SCP2	cholesterol/isoprenoid;fatty-acid oxidation	Tier 1	ENSG00000116171	85	59	-0.141840380609839	-0.041026677272908	-0.100813703336931	-0.10373178210148	-0.178724794608199	-0.0288258951861021	1842	-0.265403788634098	0.00690432001211177	-0.100813703336931	0.0100097235416082	71	55	-0.137011656658056	0.00296748939804653	26	8	-0.0368427188093925	0.502922621667626	0.102619998495809
POLR2F	OXPHOS	Tier 2	ENSG00000100142	85	59	-1.03940339807429	-1.24756139905121	0.20815800097692	0.171520498058615	0.0474585044336441	0.304276580602353	3171	0.264606181455633	0.00707486428186543	0.20888374151385	0.0102473608065151	71	55	0.14000621126282	0.0308154223787363	26	8	0.29706393068367	0.0195698653801023	0.103184735748334
MRPS15	OXPHOS	Tier 2	ENSG00000116898	85	59	-0.507659799978768	-0.389031924335559	-0.118627875643209	-0.102618325230672	-0.1791892418743	-0.0288714341997605	1845	-0.264207377866401	0.00716154681539427	-0.119634619237486	0.0101279215965637	71	55	-0.129994764147573	0.0207811242772882	26	8	-0.216176628995399	0.1001151093641	0.103184735748334
SLC25A3	OXPHOS	Tier 2	ENSG00000075415	85	59	-0.698444029000848	-0.588615066433701	-0.109828962567148	-0.109077137852349	-0.193756631774397	-0.032892817481129	1845	-0.264207377866401	0.00716154681539427	-0.107728798569006	0.00900000765752113	71	55	-0.0843020296109031	0.0319775596219979	26	8	-0.177148152391438	0.0403356711507055	0.103184735748334
MDH1	OXPHOS;TCA;glycolysis	Tier 1;Tier 2	ENSG00000014641	85	59	-0.0533441972124085	0.0757128382123702	-0.129057035424779	-0.0911322960546582	-0.151943833806931	-0.0255975202570846	1852	-0.261415752741775	0.00779549327427232	-0.122029244655841	0.0098927556744035	71	55	-0.137921075655928	0.0108326839277223	26	8	0.0854460990938433	0.247232704165249	0.111184207103763
COX16	OXPHOS	Tier 1	ENSG00000133983	85	59	-0.237638712666128	-0.127492295444254	-0.110146417221874	-0.0996849478337843	-0.178209823294165	-0.0262569663204484	1853	-0.261016949152542	0.00789004868002326	-0.100695857669063	0.00539135921937932	71	55	-0.121467133927717	0.0116207848077896	26	8	0.038278294438318	0.983804096811716	0.111407487361928
NT5C3A	NAD	Tier 1	ENSG00000122643	85	59	-0.0148205511503723	-0.0855437382537519	0.0707231871033796	0.110552312664148	0.0284262612435975	0.193918007536566	3160	0.260219341974078	0.00808224705939438	0.0575828086754264	0.0143030017867845	71	55	0.0306273122805611	0.173018870628633	26	8	0.324395408366955	0.00284420829470843	0.112991414335296
ESYT2	sphingolipid	Tier 1	ENSG00000117868	85	59	-0.061015903044993	0.0129066600558583	-0.0739225631008513	-0.0727527089741411	-0.133291129001283	-0.0197702641633098	1859	-0.258624127617149	0.00847926359340421	-0.0739225631008513	0.00837840766506782	71	55	-0.0812060878725108	0.0710310487439829	26	8	-0.22426549757277	0.00993471212722205	0.117379609743988
GLRX3	iron	Tier 1	ENSG00000108010	85	59	-0.0399819004846662	0.0239367640406037	-0.0639186645252699	-0.0796467149517902	-0.138250058795703	-0.0197826164323453	1867	-0.25543369890329	0.00932599045090189	-0.0631833076730026	0.0129143396105417	71	55	-0.0839539123098807	0.00953306426231065	26	8	0.0244186793923186	0.556063538525548	0.126618254968014
PCCB	BCAA;fatty-acid oxidation	Tier 1	ENSG00000114054	85	59	0.0646627703860862	0.116015803303019	-0.0513530329169329	-0.072938618090878	-0.129707367182242	-0.0175305734077437	1867	-0.25543369890329	0.00932599045090189	-0.0513530329169329	0.00789004868002326	71	55	-0.0553593408505289	0.0106808894064348	26	8	-0.0459399910397415	0.52915371486718	0.126618254968014
COX15	OXPHOS	Tier 1;Tier 2	ENSG00000014919	85	59	-0.432173435069913	-0.327743049083433	-0.104430385986481	-0.0918624440094136	-0.162375748944042	-0.0232306727374704	1869	-0.254636091724826	0.00954912463178259	-0.105008144350216	0.00977700710146001	71	55	-0.123255368550226	0.00105264436356581	26	8	0.0643835279764305	0.452593620794896	0.128412990286448
CYBRD1	iron	Tier 1	ENSG00000071967	85	59	-0.113806036062392	-0.163449544362544	0.0496435083001521	0.0905364387130871	0.0212066712427612	0.16486440799759	3141	0.252642073778664	0.0101279215965637	0.0479770671731317	0.0120561501324441	71	55	0.033808248315115	0.112096023612283	26	8	0.425004590585654	0.0111649418572373	0.134911559380641
H2AC8	arginine	Tier 2	ENSG00000277075	85	59	-0.221444668061741	-0.135760124512267	-0.0856845435494739	-0.0815212753352384	-0.14009817253604	-0.0218134591746574	1877	-0.251445663010967	0.0104900069305367	-0.087352913116072	0.0126224540198311	71	55	-0.075544838489169	0.0672687840865194	26	8	-0.13368666313278	0.0269187221199446	0.138428876503905
DLD	BCAA;OXPHOS;TCA;glycolysis;serine/glycine/one-carbon	Tier 1;Tier 2	ENSG00000091140	85	59	-0.234461660410359	-0.104068990646973	-0.130392669763386	-0.102372434014016	-0.192713868099053	-0.0201005033116097	1881	-0.249850448654038	0.0109906838373059	-0.130392669763386	0.0113800120660334	71	55	-0.178112894767147	0.000103983488756231	26	8	0.434068861349641	0.000238511070198634	0.141080414347963
SOD1	glycolysis	Tier 2	ENSG00000142168	85	59	-0.792385611122049	-0.656934879369392	-0.135450731752657	-0.145454089155478	-0.252586418808006	-0.0349217968014273	1881	-0.249850448654038	0.0109906838373059	-0.135450731752657	0.0130625094540379	71	55	-0.116552666019763	0.0629721496928167	26	8	-0.091929665560039	0.231035010974767	0.141080414347963
TAS2R19	glutamine/glutamate	Tier 1	ENSG00000212124	85	59	0.154930136956236	0.0668079394881576	0.0881221974680784	0.077610781503641	0.0173367143826375	0.132847846630411	3134	0.249850448654038	0.0109906838373059	0.0868682173034561	0.00827862613248293	71	55	0.0525536814869034	0.0680078247732596	26	8	0.136649177593923	0.1001151093641	0.141080414347963
SMPD2	sphingolipid	Tier 1	ENSG00000135587	85	59	-0.122554532389139	-0.0320796228675128	-0.0904749095216258	-0.0780838919556303	-0.137099036258287	-0.0171150504692484	1886	-0.247856430707876	0.0116463194828137	-0.0741134207491237	0.024416598990058	71	55	-0.0872585048073049	0.0233495460854758	26	8	0.00762198260300911	0.88700130251839	0.146752448163889
SGPP1	sphingolipid	Tier 1	ENSG00000126821	85	59	-0.0524580821349293	0.0476109771766899	-0.100069059311619	-0.07746128348145	-0.137077642873182	-0.0182892073193554	1887	-0.247457627118644	0.0117815351500808	-0.09817116729651	0.0124787132208195	71	55	-0.122645919105528	0.0293224481918724	26	8	-0.0696350536589442	0.319883420415998	0.146752448163889
GNG2	glutamine/glutamate	Tier 1	ENSG00000186469	85	59	0.017336283099733	-0.0322476373300618	0.0495839204297948	0.0786917715114431	0.0167332440333917	0.14417374417246	3127	0.247058823529412	0.0119181413590583	0.0495839204297948	0.0132121808276333	71	55	0.0642470259536127	0.0179791743763543	26	8	0.118487389188934	0.640572271580656	0.146752448163889
EFNA3	glycolysis	Tier 2	ENSG00000143590	85	59	-0.199566924352218	-0.083961682260398	-0.11560524209182	-0.102554753699547	-0.17436655495138	-0.0239101647372654	1889	-0.24666001994018	0.0120561501324441	-0.115528098703573	0.00966246700281181	71	55	-0.123267814453907	0.00614593828156985	26	8	0.0387534979078175	0.823302467507629	0.146752448163889
NDUFB10	OXPHOS	Tier 1	ENSG00000140990	85	59	-0.543310678074514	-0.452620503207714	-0.0906901748668	-0.120013807190984	-0.218767006471996	-0.0269776485195847	1889	-0.24666001994018	0.0120561501324441	-0.089310118409378	0.0147943163830758	71	55	-0.130248962371118	0.0116207848077896	26	8	-0.0680046755968375	0.983804096811716	0.146752448163889
NDUFC2	OXPHOS	Tier 1;Tier 2	ENSG00000151366	85	59	-0.675128195455506	-0.551099073328124	-0.124029122127382	-0.106149135700883	-0.18912960840405	-0.0266133984704444	1889	-0.24666001994018	0.0120561501324441	-0.124029122127382	0.0115124824112806	71	55	-0.148470964794478	0.0102367917314779	26	8	0.0102101902812886	1	0.146752448163889
FDXR	cholesterol/isoprenoid;iron	Tier 1	ENSG00000161513	85	59	-0.448324061443358	-0.348550067440824	-0.099773994002534	-0.086808114232204	-0.153807391321729	-0.0176033808017445	1894	-0.244666001994018	0.012767658654103	-0.099773994002534	0.0112488966539559	71	55	-0.101261585457624	0.00723601131695241	26	8	0.0959766061233225	0.452593620794896	0.149244794628946
TMEM126B	OXPHOS	Tier 1	ENSG00000171204	85	59	-0.158381095757184	-0.0712008907463075	-0.0871802050108766	-0.0835357653687272	-0.151182872639123	-0.015140161350492	1894	-0.244666001994018	0.012767658654103	-0.0892115538970376	0.0119181413590583	71	55	-0.0940029319630501	0.00745189274395749	26	8	-0.0790708618211884	0.452593620794896	0.149244794628946
GFPT1	glutamine/glutamate;glycolysis	Tier 1;Tier 2	ENSG00000198380	85	59	-0.093287389332453	-0.216317389104745	0.123029999772292	0.115572124516971	0.0278634902849067	0.219227809602482	3121	0.244666001994018	0.012767658654103	0.12311014571504	0.0115124824112806	71	55	0.0788602100319482	0.0421988633615907	26	8	0.270505187557298	0.00248886164206397	0.149244794628946
MTMR1	riboflavin	Tier 1	ENSG00000063601	85	59	-0.10164154287933	-0.187311319378662	0.085669776499332	0.102181926125333	0.0209756736327064	0.188229993661139	3120	0.244267198404786	0.0129143396105417	0.085669776499332	0.013363366452685	71	55	0.085669776499332	0.019721026229095	26	8	0.263827504804807	0.640572271580656	0.149244794628946
TIMM21	OXPHOS	Tier 1	ENSG00000075336	85	59	-0.08658379746863	0.00384794819176878	-0.0904317456603988	-0.082938677237807	-0.157189528940759	-0.0194017228729687	1895	-0.244267198404786	0.0129143396105417	-0.102026869829155	0.0102473608065151	71	55	-0.0695683896968654	0.0327730207332624	26	8	-0.0848037378183558	0.247232704165249	0.149244794628946
H4C2	arginine	Tier 2	ENSG00000278705	85	59	0.0868016690865322	0.172063316742157	-0.0852616476556244	-0.0849120887225075	-0.154173222903056	-0.0172882125053836	1896	-0.243868394815553	0.0130625094540379	-0.0814202236617657	0.00216196744924236	71	55	-0.080411432823107	0.0159386263719631	26	8	-0.0934569160941638	0.200933413709765	0.149244794628946
ACADS	BCAA;fatty-acid oxidation	Tier 1	ENSG00000122971	85	59	0.0318952405231277	0.128052345374585	-0.0961571048514572	-0.0808498024395411	-0.144357002767366	-0.0168858837829503	1897	-0.243469591226321	0.0132121808276333	-0.0912506978110562	0.00724918149957551	71	55	-0.0900526254868142	0.00913184144182981	26	8	-0.101892883404081	0.36098085015453	0.149244794628946
CERS1	sphingolipid	Tier 1	ENSG00000223802	85	59	-0.0154872114766355	0.0263611345976738	-0.0418483460743093	-0.092636462535429	-0.178707222214352	-0.0207988197194268	1897	-0.243469591226321	0.0132121808276333	-0.0345694972916094	0.0104900069305367	71	55	-0.0504365642954341	0.0146940943551027	26	8	0.0260614452805516	0.611804938252237	0.149244794628946
FADS2	cholesterol/isoprenoid	Tier 2	ENSG00000134824	85	59	0.115909877253736	0.0474334574167464	0.0684764198369893	0.0696298839875002	0.0151741443859194	0.122207946973801	3118	0.243469591226321	0.0132121808276333	0.0662356261772883	0.0130625094540379	71	55	0.0490410008113637	0.146749302666652	26	8	0.157888757726263	0.0330484168246057	0.149244794628946
MTMR6	riboflavin	Tier 1	ENSG00000139505	85	59	-0.148093578820214	-0.242965559404474	0.09487198058426	0.108819776815611	0.0218032691547378	0.193918265695809	3113	0.241475573280159	0.0139835086444669	0.09487198058426	0.0163586197011616	71	55	0.103754788710331	0.0129878189326287	26	8	-0.015395735483809	0.88700130251839	0.156704080999899
NEU4	sphingolipid	Tier 1	ENSG00000204099	85	59	-0.028625554248857	0.0837957694513059	-0.112421323700163	-0.0898049119884394	-0.166133561319071	-0.0163399884086677	1903	-0.241076769690927	0.0141424590991683	-0.111984839129131	0.0146289170355993	71	55	-0.112421323700163	0.0122874692472127	26	8	-0.0680695640703795	0.730019850675947	0.157237419275792
ALDOB	PPP;glycolysis	Tier 1;Tier 2	ENSG00000136872	85	59	-0.0253657777625724	0.0189818865622731	-0.0443476643248456	-0.0794994414409962	-0.145233727541778	-0.0158431688612055	1904	-0.240677966101695	0.0143030017867845	-0.0444199985218303	0.0132121808276333	71	55	-0.0504258350941086	0.0379101585804941	26	8	-0.0692660910681468	0.0708097817375973	0.157779988460467
TUBA3C	iron	Tier 1	ENSG00000198033	85	59	-0.0941746406571393	-0.0337318462272722	-0.0604427944298671	-0.0841937016739001	-0.151851754673532	-0.0160526372646909	1906	-0.23988035892323	0.0146289170355993	-0.0528849717950563	0.0260050667703513	71	55	-0.0412037685023655	0.0514232949265894	26	8	-0.150030266418564	0.0157052588389172	0.16012427018811
IRS2	glycolysis	Tier 2	ENSG00000185950	85	59	-0.412186740204581	-0.257402792431409	-0.154783947773172	-0.158084237647979	-0.278565351526383	-0.033738426023509	1910	-0.238285144566301	0.0153004437101195	-0.154783947773172	0.0149613615362789	71	55	-0.119601740760092	0.0878409039840644	26	8	-0.147961960470547	0.0217965773036523	0.166186357836067
PDHA2	BCAA;OXPHOS;TCA;glycolysis	Tier 1	ENSG00000163114	85	59	-0.130388418158583	-0.201241384219893	0.0708529660613103	0.0749642213233364	0.0166095860171069	0.138394369288923	3100	0.23629112662014	0.01617791203702	0.070200872740393	0.0163586197011616	71	55	0.087201791390096	0.0165949600235825	26	8	-0.0188388591798645	0.699719586564903	0.173054634820244
PKLR	OXPHOS;glycolysis	Tier 1	ENSG00000143627	85	59	-0.108505141949536	-0.177562980744626	0.06905783879509	0.0945025171008707	0.0182315316943051	0.166280939933192	3100	0.23629112662014	0.01617791203702	0.073915783931192	0.012767658654103	71	55	0.077442691964583	0.0179791743763543	26	8	0.0997395049042245	0.382718791715432	0.173054634820244
SDC3	glycolysis	Tier 2	ENSG00000162512	85	59	0.0735868219575601	0.00649887338748679	0.0670879485700734	0.0723574635243595	0.0122873459206911	0.130221081562019	3096	0.23469591226321	0.0169114262034942	0.0627954116328863	0.0156462732581799	71	55	0.0670879485700734	0.0216084741571344	26	8	0.0980625477389722	0.247232704165249	0.179540855634089
ORMDL3	sphingolipid	Tier 1	ENSG00000172057	85	59	0.065851024148312	0.118778604596797	-0.0529275804484854	-0.0705512221010551	-0.129728793620441	-0.0133837753729925	1921	-0.233898305084746	0.0172890109696386	-0.0528339086915691	0.0210335371763826	71	55	-0.0643291670901311	0.0236512648818943	26	8	0.0225952792328473	0.791857490811325	0.180830248067627
SCO2	OXPHOS	Tier 1	ENSG00000284194	85	59	-0.465975143660779	-0.398877521642462	-0.067097622018317	-0.0838505799126806	-0.148996999828171	-0.0138555386732882	1921	-0.233898305084746	0.0172890109696386	-0.065221620896807	0.027970487895862	71	55	-0.075655949306918	0.0187084620524597	26	8	-0.0600166927260221	0.760747580347756	0.180830248067627
ADSS1	glutamine/glutamate	Tier 1	ENSG00000185100	85	59	0.104601079198841	-0.0117910431426356	0.116392122341476	0.0887415060582859	0.0158505462450508	0.160831436114182	3093	0.233499501495513	0.0174805611590788	0.107867537499228	0.0226702817850941	71	55	0.118917539162714	0.0114592121099746	26	8	-0.0377253902641098	0.247232704165249	0.180838006637846
AGL	glycolysis	Tier 2	ENSG00000162688	85	59	-0.0701815028821533	0.0435456627865991	-0.113727165668752	-0.105100272539091	-0.192233223330148	-0.0173830346530411	1923	-0.233100697906281	0.0176739694872683	-0.113727165668752	0.00943696931474899	71	55	-0.136638791239159	0.0218905580460553	26	8	-0.219544697359341	0.127884811106401	0.180838006637846
STX5	cholesterol/isoprenoid	Tier 2	ENSG00000162236	85	59	-0.816745167910759	-1.06940885476121	0.252663686850449	0.177327228745976	0.033096941815576	0.325894968709419	3092	0.233100697906281	0.0176739694872683	0.217250921317427	0.0217219480082297	71	55	0.179801250410174	0.0595672528525986	26	8	0.226863248937384	0.215606006559306	0.180838006637846
NCOA6	cholesterol/isoprenoid	Tier 2	ENSG00000198646	85	59	-0.256417137237544	-0.195617584041605	-0.0607995531959392	-0.0967593961168605	-0.175795250542866	-0.0149212065393648	1924	-0.232701894317049	0.0178692507565453	-0.0674896313320873	0.0163586197011616	71	55	-0.032715843022577	0.107721719731482	26	8	-0.246768896070871	0.0140378346430221	0.1815207343039
ACO1	TCA;iron	Tier 1	ENSG00000122729	85	59	-0.134935427077156	-0.2086265111392	0.073691084062044	0.0927127652987785	0.0135894358680267	0.175253767328276	3086	0.230707876370887	0.0188742749895873	0.068659291139855	0.0282614616191704	71	55	0.073691084062044	0.0407258121339396	26	8	0.0626109607229315	0.200933413709765	0.18767941045984
ARNT	cholesterol/isoprenoid	Tier 1	ENSG00000143437	85	59	-0.249827006544835	-0.12114436643094	-0.128682640113895	-0.109339524025889	-0.198204658170346	-0.0149311505835853	1929	-0.230707876370887	0.0188742749895873	-0.128682640113895	0.0257342752019481	71	55	-0.097837749716818	0.173018870628633	26	8	-0.334212706213647	0.0269187221199446	0.18767941045984
CYP46A1	cholesterol/isoprenoid	Tier 1	ENSG00000036530	85	59	-0.12081788423498	-0.0468092977539795	-0.0740085864810004	-0.0752850379950957	-0.136389272791197	-0.0137313241865128	1929	-0.230707876370887	0.0188742749895873	-0.0672345574857994	0.0276821003335959	71	55	-0.059989456039115	0.0983737306233158	26	8	-0.0798537095127831	0.36098085015453	0.18767941045984
COX18	OXPHOS	Tier 1	ENSG00000163626	85	59	-0.362041755564162	-0.267219482588254	-0.094822272975908	-0.0971863024052157	-0.174115977350179	-0.0161786856160601	1930	-0.230309072781655	0.0190811093062764	-0.08395382524354	0.0276821003335959	71	55	-0.112491755696754	0.00953306426231065	26	8	-0.122253465741709	0.36098085015453	0.188409275108128
SLC30A2	zinc	Tier 1	ENSG00000158014	85	59	0.0111927739921516	0.0621804975007761	-0.0509877235086246	-0.0690010284190863	-0.125542788730048	-0.010213663759752	1932	-0.22951146560319	0.019500729895106	-0.0525692282202205	0.0313175124380665	71	55	-0.0029961427601385	0.184133729068472	26	8	-0.244673752028676	0.0269187221199446	0.191215490360345
NUDT12	NAD	Tier 1	ENSG00000112874	85	59	-0.0679876732941441	-0.117949529057668	0.0499618557635244	0.0713910800330268	0.0102274141310334	0.13390331815486	3081	0.228713858424726	0.0199283898529514	0.0499618557635244	0.0212608650006577	71	55	0.0698480567384478	0.0388297298348142	26	8	0.0642218504334728	0.319883420415998	0.192732099125804
PRDX3	OXPHOS	Tier 2	ENSG00000165672	85	59	-0.0669043296514623	-0.154987245502454	0.088082915850992	0.0707635260172112	0.0111193417797425	0.130057049100852	3081	0.228713858424726	0.0199283898529514	0.092113340160259	0.0132121808276333	71	55	0.0647881239484324	0.127285291948356	26	8	0.229398773126786	0.00369733354804022	0.192732099125804
NDUFC1	OXPHOS	Tier 1;Tier 2	ENSG00000109390	85	59	-0.37627867224942	-0.260059057426021	-0.116219614823399	-0.0840382828213402	-0.154681812474413	-0.0111394273791541	1939	-0.226719840478564	0.0210335371763826	-0.103399775427637	0.0364313191779502	71	55	-0.109728833563901	0.0282439528757185	26	8	0.05177394916485	0.88700130251839	0.202036425122804
UBA52	OXPHOS;iron	Tier 1	ENSG00000221983	85	59	-1.69749952524931	-1.58106793892259	-0.11643158632672	-0.140796666057167	-0.261731388547502	-0.0183271685386562	1940	-0.226321036889332	0.0212608650006577	-0.11643158632672	0.0336217749929994	71	55	-0.13495910262711	0.0335853652595722	26	8	-0.112503579540315	0.247232704165249	0.202624176208323
MMAA	fatty-acid oxidation;vitamin B12	Tier 1	ENSG00000151611	85	59	-0.211082372215818	-0.297851154893416	0.0867687826775976	0.102020771670582	0.015086197984559	0.187527022958555	3073	0.225523429710867	0.0217219480082297	0.072664113933029	0.0273962806633828	71	55	0.074303810118304	0.0216084741571344	26	8	0.0444790441306305	0.52915371486718	0.202624176208323
NOS2	arginine	Tier 1	ENSG00000007171	85	59	0.018116062400327	-0.0413682917180461	0.0594843541183731	0.0785604142004916	0.0129788224585682	0.149635899117808	3073	0.225523429710867	0.0217219480082297	0.0584145130530412	0.0176739694872683	71	55	0.133831371564595	0.00229001444260965	26	8	-0.0935613258240111	0.502922621667626	0.202624176208323
ATP5ME	OXPHOS	Tier 1;Tier 2	ENSG00000169020	85	59	-0.240610595819547	-0.172255688523796	-0.0683549072957511	-0.0900430484507382	-0.162072918870011	-0.0141578600953327	1942	-0.225523429710867	0.0217219480082297	-0.061551237024081	0.0268322723148522	71	55	-0.074484603518018	0.0233495460854758	26	8	-0.0383216375782991	0.855033778939491	0.202624176208323
ATP5F1D	OXPHOS	Tier 1;Tier 2	ENSG00000099624	85	59	-0.655997841588685	-0.550545455291144	-0.105452386297541	-0.0913101767521096	-0.171876762441449	-0.0144260287643478	1943	-0.225124626121635	0.0219557358072757	-0.103221656126604	0.023654390808304	71	55	-0.136405984716237	0.00913184144182981	26	8	0.0639399812775976	0.556063538525548	0.202624176208323
NDUFS7	OXPHOS	Tier 1;Tier 2	ENSG00000115286	85	59	-0.436306982762409	-0.332794035218359	-0.10351294754405	-0.0907556796175444	-0.17347626217959	-0.0131460006392981	1943	-0.225124626121635	0.0219557358072757	-0.10351294754405	0.0241601977293211	71	55	-0.112881972424912	0.00326551315563447	26	8	0.246706320160655	0.0403356711507055	0.202624176208323
PPP2R1B	glycolysis	Tier 2	ENSG00000137713	85	59	-0.126923287170725	-0.21985198400425	0.0929286968335244	0.0896725268872021	0.0142162174512413	0.159683565974974	3071	0.224725822532403	0.0221917096823611	0.091038059589754	0.028555039850604	71	55	0.08571374588237	0.176142086228659	26	8	0.291178397839876	0.00477709054919718	0.203472039425285
H4C4	arginine	Tier 2	ENSG00000277157	85	59	-0.157663130714346	-0.261809292673068	0.104146161958722	0.0807037039449607	0.0122153310495909	0.151150532779633	3068	0.223529411764706	0.0229129132775924	0.094335822206781	0.0167253624277844	71	55	0.10067942775507	0.0348361473904019	26	8	0.179513514059463	0.084438190880557	0.207391240692054
AZIN2	arginine	Tier 1	ENSG00000142920	85	59	-0.0660697262354694	-0.0141775555986059	-0.0518921706368635	-0.0905720594669454	-0.162093484314625	-0.0111696996780597	1947	-0.223529411764706	0.0229129132775924	-0.0518921706368635	0.0231577973756868	71	55	-0.0707549816894574	0.0103829632865478	26	8	-0.0860178531011188	0.215606006559306	0.207391240692054
ATP6V0B	OXPHOS;iron	Tier 1;Tier 2	ENSG00000117410	85	59	-0.755386673207104	-0.859322349796079	0.103935676588975	0.122243434075131	0.0158666827019678	0.23705690231938	3066	0.222731804586241	0.0234049509140957	0.103935676588975	0.0294515862313673	71	55	0.106904231536484	0.045812090808113	26	8	-0.0478376735022281	0.583624193952907	0.21049548210639
RPIA	PPP	Tier 1	ENSG00000153574	85	59	-0.134205705456104	-0.0855198201615825	-0.0486858852945219	-0.0734250748927252	-0.147718230476974	-0.00809789747027669	1951	-0.221934197407777	0.0239061340544689	-0.0500794197305426	0.0268322723148522	71	55	-0.0997193416356575	0.0144952179405871	26	8	0.0302990508119838	0.669890044729042	0.213642160031077
CAMK2A	glutamine/glutamate	Tier 1	ENSG00000070808	85	59	-0.0852578366155458	0.0251387528598823	-0.110396589475428	-0.0872469199173112	-0.163180944209322	-0.0112878805814882	1954	-0.22073778664008	0.0246753550742323	-0.102938735594083	0.0234049509140957	71	55	-0.102064656971717	0.0172749105500525	26	8	0.0430399336255592	0.319883420415998	0.215071613363061
G6PD	PPP;glycolysis	Tier 1;Tier 2	ENSG00000160211	85	59	-0.258021005494821	-0.191062630756379	-0.066958374738442	-0.0585219053540196	-0.11052498651116	-0.00784346463157177	1954	-0.22073778664008	0.0246753550742323	-0.065883964477257	0.035710808227196	71	55	-0.033507609199828	0.129757980800305	26	8	-0.157465120569808	0.0590400187453341	0.215071613363061
CHD9	cholesterol/isoprenoid	Tier 2	ENSG00000177200	85	59	-0.129428982793917	-0.178643196574356	0.049214213780439	0.095803576054906	0.0146992521195922	0.177452002949036	3061	0.22073778664008	0.0246753550742323	0.070372198550284	0.0174805611590788	71	55	0.021939804048145	0.318007755910628	26	8	0.513818049817892	0.00541762223529488	0.215071613363061
PLOD1	glycolysis	Tier 2	ENSG00000083444	85	59	-0.160381818716589	-0.27444660679815	0.114064788081561	0.0905663028918439	0.0131982941111184	0.170862380107118	3061	0.22073778664008	0.0246753550742323	0.11297787111029	0.0273962806633828	71	55	0.178100241895849	0.0129878189326287	26	8	-0.00832535187344696	0.823302467507629	0.215071613363061
CERS2	sphingolipid	Tier 1	ENSG00000143418	85	59	-0.206257565316997	-0.262564226094543	0.0563066607775457	0.0790348373237343	0.0125235811483959	0.153494234318472	3060	0.220338983050848	0.0249364832996325	0.0445526115411115	0.0219557358072757	71	55	0.038938482790057	0.0595672528525986	26	8	0.162586845992321	0.0773798239689274	0.216014198890068
TUBA3D	iron	Tier 1	ENSG00000075886	85	59	-0.118500852424022	-0.191612751169915	0.073111898745893	0.0821110367093803	0.00985284337418867	0.155875259372247	3059	0.219940179461615	0.0252000010641585	0.073111898745893	0.0188742749895873	71	55	0.106667072051115	0.0255335630079003	26	8	0.0228789944456355	0.855033778939491	0.216965862820682
FLVCR1	iron	Tier 1	ENSG00000162769	85	59	-0.0442232471357792	-0.15334799937906	0.10912475224328	0.0900550246668901	0.0109620714023588	0.163745643624891	3058	0.219541375872383	0.0254659258456899	0.10912475224328	0.027970487895862	71	55	0.117784727766179	0.0144952179405871	26	8	0.0790579867165014	0.611804938252237	0.217585608294316
SAT2	arginine	Tier 1	ENSG00000141504	85	59	-0.124385106982072	-0.169447226743439	0.0450621197613677	0.0599703634520315	0.00804113516573944	0.117077478587535	3057	0.219142572283151	0.0257342752019481	0.048596952329729	0.0294515862313673	71	55	0.044873774906444	0.0629721496928167	26	8	0.04934291812105	0.52915371486718	0.217585608294316
WDR77	arginine	Tier 2	ENSG00000116455	85	59	-0.773975390663729	-0.648175197217638	-0.125800193446091	-0.096832694388134	-0.177377541707807	-0.0123864785834475	1958	-0.219142572283151	0.0257342752019481	-0.125800193446091	0.0339625114969031	71	55	-0.145752070114011	0.00382333424856214	26	8	0.169855379484477	0.0773798239689274	0.217585608294316
ST6GALNAC4	sphingolipid	Tier 1	ENSG00000136840	85	59	-0.0372609050843703	-0.105656900245599	0.0683959951612289	0.0701464075153502	0.00749127670020463	0.128051418063402	3055	0.218344965104686	0.0262783182678641	0.0683959951612289	0.0276821003335959	71	55	0.0349275147934941	0.118918743805393	26	8	0.129905085815975	0.149500978394344	0.220863008298953
DMAC2	OXPHOS	Tier 1	ENSG00000105341	85	59	-0.311095490628445	-0.221798882815343	-0.089296607813102	-0.0766958563271833	-0.141157134724022	-0.00913575839577578	1961	-0.217946161515454	0.0265540474908389	-0.089296607813102	0.0224298861443271	71	55	-0.12664155733471	0.0060545759531831	26	8	0.0223913521716984	0.95143897231668	0.221859852408666
ST3GAL5	sphingolipid	Tier 1	ENSG00000115525	85	59	0.00590467191813458	-0.0485400888061499	0.0544447607242845	0.0591363682626667	0.00743640854684954	0.120117112712731	3052	0.217148554336989	0.0271130106945324	0.0641987499572689	0.0129143396105417	71	55	0.100944172735388	0.00460624494234247	26	8	0.010128189344195	0.730019850675947	0.224904350562189
PARP14	NAD	Tier 1	ENSG00000173193	85	59	-0.12550229144742	-0.189961924890482	0.064459633443062	0.0746788902846403	0.00985648326048154	0.143090976920897	3051	0.216749750747757	0.0273962806633828	0.063173073238358	0.0326170557467282	71	55	0.057100110117958	0.0463489517754779	26	8	0.0653856652006555	0.640572271580656	0.224904350562189
PLPPR4	sphingolipid	Tier 1	ENSG00000117600	85	59	-0.023475702958402	0.0628697095203985	-0.0863454124788005	-0.0717352334161279	-0.13602557863956	-0.00671476912896079	1964	-0.216749750747757	0.0273962806633828	-0.0863454124788005	0.0375352951014169	71	55	-0.0978132153598364	0.0236512648818943	26	8	-0.0233921432428637	0.919153761667732	0.224904350562189
NDUFAF1	OXPHOS	Tier 1	ENSG00000137806	85	59	-0.471872452170158	-0.301349405260057	-0.170523046910101	-0.102075868631151	-0.202027810437181	-0.0149675284842173	1965	-0.216350947158524	0.0276821003335959	-0.153351976591937	0.0309996552402992	71	55	-0.193389677381099	0.0331770652503232	26	8	0.0501144338201205	0.556063538525548	0.225937142607153
NDUFS5	OXPHOS	Tier 1	ENSG00000168653	85	59	-0.381131746784576	-0.28893469186424	-0.092197054920336	-0.0965102418189882	-0.181868329983155	-0.00915682149687281	1966	-0.215952143569292	0.027970487895862	-0.092197054920336	0.0288512410151261	71	55	-0.139304259227306	0.00214441782452946	26	8	0.163275577291374	0.138367904121731	0.226978901775615
TMEM97	cholesterol/isoprenoid	Tier 2	ENSG00000109084	85	59	-0.0727470745312318	0.00200403919388586	-0.0747511137251177	-0.0857576766169163	-0.169317451795539	-0.012601405796974	1967	-0.21555333998006	0.0282614616191704	-0.0747511137251177	0.0282614616191704	71	55	-0.0745923305944006	0.0695059406633072	26	8	-0.185475893231517	0.319883420415998	0.228029621750107
ST3GAL4	sphingolipid	Tier 1	ENSG00000110080	85	59	0.0702665446673709	0.0036474751776819	0.066619069489689	0.0818349055959331	0.00839089106389239	0.154874664418555	3046	0.214755732801595	0.0288512410151261	0.066619069489689	0.0265540474908389	71	55	0.080618759997958	0.0289590778054534	26	8	-0.0736203386926089	0.919153761667732	0.229943676340167
UCP3	OXPHOS	Tier 1	ENSG00000175564	85	59	0.142021641729833	0.203956154325338	-0.061934512595505	-0.0635511636852968	-0.123378307382358	-0.00592812655218167	1969	-0.214755732801595	0.0288512410151261	-0.053969902623622	0.0329490667173947	71	55	-0.050127571330461	0.0749641168916546	26	8	-0.14806660929415	0.300530054314924	0.229943676340167
FOLR2	folate	Tier 1	ENSG00000165457	85	59	-0.00372818797542006	0.0912032816390702	-0.0949314696144902	-0.072647465906904	-0.132197946836715	-0.00570194530317979	1970	-0.214356929212363	0.0291500836153611	-0.0910071222618301	0.0375352951014169	71	55	-0.0959322633843147	0.0799166780075969	26	8	-0.15669386047233	0.053793571342494	0.229943676340167
HADH	BCAA;fatty-acid oxidation;tryptophan	Tier 1	ENSG00000138796	85	59	-0.087426209347188	-0.0181246404338063	-0.0693015689133817	-0.0670168600202071	-0.131675202500494	-0.00767502608370993	1970	-0.214356929212363	0.0291500836153611	-0.0693015689133817	0.0249364832996325	71	55	-0.0665415989851864	0.00347908182173921	26	8	0.130441800838768	0.319883420415998	0.229943676340167
ABCG5	cholesterol/isoprenoid	Tier 2	ENSG00000138075	85	59	0.0024484084215638	-0.061489817195264	0.0639382256168278	0.0727226791822758	0.00710955310983697	0.139066078187989	3043	0.213559322033898	0.0297557675204032	0.0632965604455907	0.0294515862313673	71	55	0.0645381978076898	0.0370091762313637	26	8	0.0348458183213135	0.95143897231668	0.232127865960272
NDUFAF5	OXPHOS	Tier 1	ENSG00000101247	85	59	-0.0629613859741199	0.0438021855622748	-0.106763571536395	-0.0839205801697283	-0.153178168983629	-0.00700497750860742	1972	-0.213559322033898	0.0297557675204032	-0.106925020863379	0.0273962806633828	71	55	-0.110861717262612	0.0202450219539953	26	8	0.100673836933926	0.730019850675947	0.232127865960272
PGD	PPP	Tier 1;Tier 2	ENSG00000142657	85	59	-0.501205531771957	-0.421674870967099	-0.079530660804858	-0.0860318973371726	-0.166184800011987	-0.00773502324908206	1973	-0.213160518444666	0.0300626462166858	-0.0815792656673375	0.028555039850604	71	55	-0.094408994702363	0.0139127578716071	26	8	0.130099480992898	0.669890044729042	0.23323327724154
APOC1	cholesterol/isoprenoid	Tier 2	ENSG00000130208	85	59	-0.186591387055868	-0.283526315755472	0.096934928699604	0.0913988974435619	0.0083810229094421	0.175979063776663	3040	0.212362911266201	0.0306845711511561	0.0853792748649316	0.037164181462224	71	55	0.133081585563075	0.00528576595772349	26	8	-0.0747568477990385	0.281973201045743	0.236602774050284
DLST	OXPHOS;TCA;serine/glycine/one-carbon	Tier 1;Tier 2	ENSG00000119689	85	59	-0.381728818579464	-0.282356899182884	-0.0993719193965797	-0.0874221608985781	-0.165445735132526	-0.00696189886038528	1976	-0.211964107676969	0.0309996552402992	-0.081982845778639	0.0447739114061842	71	55	-0.106563303256085	0.0271998142948298	26	8	-0.00122901829079497	0.669890044729042	0.236602774050284
NDUFB7	OXPHOS	Tier 1;Tier 2	ENSG00000099795	85	59	-0.597404553547935	-0.486211396739132	-0.111193156808804	-0.0842685076842898	-0.159623643633317	-0.00809657596788643	1976	-0.211964107676969	0.0309996552402992	-0.105053952245541	0.037164181462224	71	55	-0.124292309905131	0.00994993294145223	26	8	0.013906973587244	0.669890044729042	0.236602774050284
CPS1	arginine;glutamine/glutamate	Tier 1	ENSG00000021826	85	59	0.182054630535651	0.104187845140732	0.0778667853949194	0.0693495436225553	0.00562513695969084	0.123044914034143	3035	0.21036889332004	0.032287914210984	0.0808000909825555	0.023654390808304	71	55	0.084134862034652	0.0323731970301948	26	8	0.0452558138305805	0.88700130251839	0.245110402504889
NDUFA1	OXPHOS	Tier 1;Tier 2	ENSG00000125356	85	59	-0.41814778761124	-0.304931144966361	-0.11321664264488	-0.0838701043004926	-0.155555322692502	-0.00711743818143683	1982	-0.209571286141575	0.0329490667173947	-0.108080206058526	0.0402224110787699	71	55	-0.120927108430313	0.0146940943551027	26	8	0.149132183159073	0.583624193952907	0.248554692618404
B4GALT1	glycolysis;sphingolipid	Tier 1;Tier 2	ENSG00000086062	85	59	0.0473147656437801	-0.0190635331492217	0.0663782987930018	0.0705996800047491	0.00536228944643925	0.14114488472125	3031	0.208773678963111	0.0336217749929994	0.0743301964805296	0.0398288226993733	71	55	0.0865608616904092	0.0344148712576352	26	8	0.0499457379112851	0.823302467507629	0.248554692618404
BCAT2	BCAA	Tier 1	ENSG00000105552	85	59	-0.0116740195132063	-0.0779669025007838	0.0662928829875775	0.0706489458474087	0.00329398232065684	0.128995375716966	3031	0.208773678963111	0.0336217749929994	0.0666611037210402	0.0414230224181118	71	55	0.0654590059954773	0.0636720816016491	26	8	0.0860616147658016	0.319883420415998	0.248554692618404
NRIP1	fatty-acid synthesis;glycolysis	Tier 2	ENSG00000180530	85	59	0.112291568934537	0.0250559234774544	0.0872356454570827	0.0785657733473878	0.00760801406167784	0.147782878000302	3031	0.208773678963111	0.0336217749929994	0.0770602019039477	0.0502271009860391	71	55	0.0774381544935778	0.13610283340477	26	8	0.205136433694077	0.264209380233026	0.248554692618404
PLTP	cholesterol/isoprenoid	Tier 2	ENSG00000100979	85	59	0.0511878954849854	-0.0189309199486753	0.0701188154336607	0.0673482332370192	0.00570393414672359	0.128591183953141	3031	0.208773678963111	0.0336217749929994	0.0726351689122136	0.0326170557467282	71	55	0.0763173235479908	0.0379101585804941	26	8	-0.023294048575041	1	0.248554692618404
PYCR1	arginine;glutamine/glutamate	Tier 1	ENSG00000183010	85	59	0.207964906506028	0.138150752224284	0.069814154281744	0.069867343511238	0.00465415640256349	0.13410865588806	3029	0.207976071784646	0.03430619583299	0.0697704336791235	0.0336217749929994	71	55	0.067662155430959	0.101414943687847	26	8	0.127859317166844	0.200933413709765	0.249641944235768
TAS2R38	glutamine/glutamate	Tier 1	ENSG00000257138	85	59	0.0498335185439485	0.0277215825905451	0.0221119359534034	0.0657791008023996	0.00435448514811696	0.12801474152292	3029	0.207976071784646	0.03430619583299	0.0249030182597102	0.0246753550742323	71	55	0.0183448258841291	0.0502571943572664	26	8	0.122216942729273	0.138367904121731	0.249641944235768
TMEM126A	OXPHOS	Tier 1	ENSG00000171202	85	59	0.0130561009444231	0.0689572513092178	-0.0559011503647947	-0.062008654340259	-0.120254629588598	-0.00481525235788866	1986	-0.207976071784646	0.03430619583299	-0.0539250894232575	0.0390514435831281	71	55	-0.0655092611694406	0.0417029154709105	26	8	0.0370879658105195	0.88700130251839	0.249641944235768
AVPR1A	cholesterol/isoprenoid	Tier 2	ENSG00000166148	85	59	0.08600979995331	0.150454552446233	-0.0644447524929226	-0.0799312745207512	-0.158617317394565	-0.00607025704097907	1987	-0.207577268195414	0.0346528477834352	-0.0679105623004046	0.0167253624277844	71	55	-0.0377829728875899	0.0595672528525986	26	8	-0.0943241250483383	0.16130486426762	0.249641944235768
PRKACG	glycolysis	Tier 2	ENSG00000165059	85	59	0.161950002122213	0.208753411929969	-0.046803409807757	-0.0771941630545504	-0.150071439398289	-0.00479579371439022	1987	-0.207577268195414	0.0346528477834352	-0.059582173973292	0.0190811093062764	71	55	-0.092297840868275	0.00578778354322577	26	8	0.0582656876914257	0.36098085015453	0.249641944235768
PRPS1	PPP;glycolysis	Tier 1;Tier 2	ENSG00000147224	85	59	0.00902500918458445	0.0714394879456582	-0.0624144787610737	-0.0700425465919692	-0.142749827794946	-0.00465258777904467	1989	-0.206779661016949	0.0353551340179741	-0.0601717170329796	0.0288512410151261	71	55	-0.0289843221852786	0.233888468751826	26	8	-0.285614653905663	0.00882672500133459	0.250863986153238
SLC6A15	amino-acid transport	Tier 1	ENSG00000072041	85	59	-0.105012824154345	-0.0226707481643644	-0.0823420759899804	-0.0714892116776727	-0.138422367872288	-0.00531484964697329	1989	-0.206779661016949	0.0353551340179741	-0.0794882621779452	0.0507056495203982	71	55	-0.0884138702380532	0.022175840613444	26	8	-0.110457618620784	0.452593620794896	0.250863986153238
CPTP	sphingolipid	Tier 1	ENSG00000224051	85	59	0.101132995283133	0.0616253564899758	0.0395076387931567	0.0636825816171847	0.00364946627699765	0.124404996453393	3025	0.206380857427717	0.035710808227196	0.0527738946413273	0.0249364832996325	71	55	0.0622576619309439	0.0252111235772895	26	8	0.0458414659915223	0.640572271580656	0.250863986153238
HTRA2	OXPHOS	Tier 2	ENSG00000115317	85	59	-0.0993631965982924	-0.0292127215206632	-0.0701504750776292	-0.0718124806615986	-0.139509469622047	-0.0055049344039392	1990	-0.206380857427717	0.035710808227196	-0.0701504750776292	0.0546732133619547	71	55	-0.0764464367778502	0.0261891580860968	26	8	0.197084231991194	0.428536792061782	0.250863986153238
MRPS22	OXPHOS	Tier 2	ENSG00000175110	85	59	-0.405539282077429	-0.344225327476009	-0.06131395460142	-0.0778153870386673	-0.154268357520458	-0.00658880141160546	1990	-0.206380857427717	0.035710808227196	-0.06131395460142	0.0375352951014169	71	55	-0.097115042831293	0.00364751649360045	26	8	0.223262769206086	0.247232704165249	0.250863986153238
SDC2	glycolysis	Tier 2	ENSG00000169439	85	59	-0.0168677457374354	-0.0972056378605877	0.0803378921231523	0.0741492281633454	0.00438503450743488	0.138078092911088	3024	0.205982053838484	0.0360695299002852	0.0807272182544201	0.035002487202861	71	55	0.0957892854297126	0.0114592121099746	26	8	-0.161777818476153	0.231035010974767	0.252129585243578
ACTL6A	arginine	Tier 2	ENSG00000136518	85	59	-1.16644033761513	-1.08810868719017	-0.0783316504249596	-0.0965423498833356	-0.184892079432243	-0.00601784747698001	1992	-0.205583250249252	0.0364313191779502	-0.07756187880813	0.0360695299002852	71	55	-0.10753862308771	0.056316520660754	26	8	-0.114478198547258	0.319883420415998	0.252161875878753
SLC38A4	amino-acid transport	Tier 1	ENSG00000139209	85	59	0.127087681761777	0.069690705513668	0.0573969762481093	0.0662566336978127	0.00511879947987921	0.128109300244208	3023	0.205583250249252	0.0364313191779502	0.0614784904679913	0.0319616226953813	71	55	0.0450132469774853	0.0595672528525986	26	8	-0.0546559460279315	0.699719586564903	0.252161875878753
SIRT4	OXPHOS	Tier 1	ENSG00000089163	85	59	-0.0197900482027789	0.014237605670521	-0.0340276538732999	-0.0629182128220943	-0.133478392016929	-0.00266891383740959	1994	-0.204785643070788	0.037164181462224	-0.0340276538732999	0.0507056495203982	71	55	-0.0281328422286528	0.109891672547109	26	8	-0.0707853802107954	0.583624193952907	0.255979630364196
CAMK2G	glutamine/glutamate	Tier 1	ENSG00000148660	85	59	-0.26231484183014	-0.176833561959117	-0.085481279871023	-0.063641872725153	-0.130634498262233	-0.00426974291032352	1995	-0.204386839481555	0.0375352951014169	-0.069071736003662	0.0588964050235164	71	55	-0.04393419757362	0.301606996847834	26	8	-0.161227554624122	0.053793571342494	0.257280760598061
PCTP	fatty-acid oxidation	Tier 1	ENSG00000141179	85	59	0.0666517979091957	0.122062267485377	-0.0554104695761817	-0.0678269574363442	-0.131708179813661	-0.00563775821015645	1998	-0.203190428713858	0.038667611258515	-0.0400002811686169	0.0567521269611867	71	55	-0.0413130454638275	0.14134905061635	26	8	-0.1552314096324	0.0403356711507055	0.262493591812611
SUMF1	sphingolipid	Tier 1	ENSG00000144455	85	59	-0.0725670391965187	-0.0145770049827134	-0.0579900342138053	-0.063163668685109	-0.125751596513181	-0.00372721906352561	1998	-0.203190428713858	0.038667611258515	-0.0447385665199727	0.0418299116785979	71	55	-0.0696338042877094	0.0595672528525986	26	8	-0.0407449760531201	0.382718791715432	0.262493591812611
SLC25A14	OXPHOS	Tier 1	ENSG00000102078	85	59	0.0562322518224275	0.143377206290045	-0.0871449544676179	-0.0680209150492901	-0.135116951821819	-0.0040799987480707	1999	-0.202791625124626	0.0390514435831281	-0.0871449544676179	0.0414230224181118	71	55	-0.0829052850620267	0.0379101585804941	26	8	0.0445585909807733	0.556063538525548	0.263830805451564
NDOR1	iron	Tier 1	ENSG00000188566	85	59	-0.363418401828044	-0.271742434644832	-0.0916759671832114	-0.0714524870643443	-0.139875681586466	-0.0022045311557157	2000	-0.202392821535394	0.0394385071432275	-0.079980668631642	0.0502271009860391	71	55	-0.088550284554321	0.168411941861414	26	8	-0.0992905893334271	0.0647043508389117	0.265177009934463
ACOT7	fatty-acid oxidation	Tier 1	ENSG00000097021	85	59	0.0114492824630362	-0.0119744215811165	0.0234237040441527	0.0756571085497274	0.00371516502062645	0.138818767026008	3014	0.201994017946161	0.0398288226993733	0.0234237040441527	0.043915452390064	71	55	0.0210012718020925	0.0680078247732596	26	8	0.0668259777939483	0.669890044729042	0.266532216357892
CHKA	cholesterol/isoprenoid	Tier 2	ENSG00000110721	85	59	-0.279077242731124	-0.380169826767229	0.101092584036105	0.0929639248905843	0.00343370755174894	0.177487882308472	3013	0.201595214356929	0.0402224110787699	0.115571594779674	0.0339625114969031	71	55	0.078829902770711	0.184133729068472	26	8	0.319396726633943	0.0111649418572373	0.266764846338617
SLC27A5	cholesterol/isoprenoid	Tier 1	ENSG00000083807	85	59	-0.0248041340274013	0.0455138919163221	-0.0703180259437234	-0.0604621683803873	-0.119373378424426	-0.00266662203452757	2003	-0.201196410767697	0.0406192931747894	-0.069197046069328	0.0234049509140957	71	55	-0.0492863720470967	0.121263956891271	26	8	-0.137726735210277	0.0489421815821301	0.266764846338617
SPTLC1	sphingolipid	Tier 1	ENSG00000090054	85	59	-0.302887845570359	-0.393837872553862	0.0909500269835033	0.0876948544330747	0.00454658878016528	0.174447218324156	3012	0.201196410767697	0.0406192931747894	0.072196734852584	0.0511880116757931	71	55	0.079936857437436	0.0973763327869033	26	8	0.0123090913781165	0.583624193952907	0.266764846338617
SREBF2	cholesterol/isoprenoid	Tier 1;Tier 2	ENSG00000198911	85	59	-0.212313033142142	-0.259761095148865	0.047448062006723	0.085650028134434	0.00343550388783158	0.17640244211144	3012	0.201196410767697	0.0406192931747894	0.0485183571715535	0.0360695299002852	71	55	0.112549570403279	0.00713018963678632	26	8	-0.195337733011229	0.47739524671309	0.266764846338617
ATP6V1G1	OXPHOS;iron	Tier 1;Tier 2	ENSG00000136888	85	59	-0.746397558182265	-0.800746981273757	0.054349423091492	0.0973129640792372	0.00316635242887311	0.192782924661295	3011	0.200797607178465	0.0410194899464877	0.048497807935258	0.0460881124438783	71	55	0.093970732739591	0.0502571943572664	26	8	-0.022552259809193	0.730019850675947	0.268145925020559
DHCR7	cholesterol/isoprenoid	Tier 1;Tier 2	ENSG00000172893	85	59	-0.108839075091767	-0.176427144456948	0.067588069365181	0.085683514196485	0.00385388565728547	0.179363275832267	3008	0.199601196410768	0.0422401788810621	0.071747863167921	0.0303722411311428	71	55	0.056635500708685	0.150902005393792	26	8	0.11425008178741	0.281973201045743	0.272343071141825
CDK1	glycolysis	Tier 2	ENSG00000170312	85	59	-1.57009784449854	-1.45395874739853	-0.11613909710001	-0.140663651294373	-0.275932265168345	-0.0045725388653106	2007	-0.199601196410768	0.0422401788810621	-0.115301974798865	0.0452084217698838	71	55	-0.11303096522831	0.108802416952365	26	8	-0.348240460149145	0.084438190880557	0.272343071141825
NDUFB5	OXPHOS	Tier 1;Tier 2	ENSG00000136521	85	59	-0.0438964264561958	0.0245711530750986	-0.0684675795312944	-0.0665523852796378	-0.133419820435196	-0.00265388644516589	2007	-0.199601196410768	0.0422401788810621	-0.0686689115922468	0.0394385071432275	71	55	-0.0930404314806735	0.0315860741494509	26	8	-0.0974947817746425	0.47739524671309	0.272343071141825
HADHA	BCAA;OXPHOS;fatty-acid oxidation;tryptophan	Tier 1;Tier 2	ENSG00000084754	85	59	-0.0451823969654303	0.00786211138810439	-0.0530445083535347	-0.0671542015424021	-0.12420995997892	-0.0015926825088326	2009	-0.198803589232303	0.0430709320421721	-0.0331771650972668	0.0799721105359769	71	55	-0.0329389844600413	0.149507934772704	26	8	-0.106254450541438	0.300530054314924	0.276437072925214
GABBR1	glutamine/glutamate	Tier 1	ENSG00000204681	85	59	-0.0882300412986137	-0.0208496434071341	-0.0673803978914796	-0.0642366341981861	-0.123131098842071	-0.00179163340855625	2012	-0.197607178464606	0.0443429288087064	-0.0582298327369477	0.0521642663719981	71	55	-0.0786852131804978	0.0702650996926028	26	8	-0.0669654518640575	0.556063538525548	0.283313192207662
CS	OXPHOS;TCA	Tier 1;Tier 2	ENSG00000062485	85	59	-0.0717311633104057	0.0121652135215401	-0.0838963768319458	-0.074065030850819	-0.145569396253354	-0.00189490751834494	2013	-0.197208374875374	0.0447739114061842	-0.0785673665815881	0.0687731867517736	71	55	-0.0958146948593657	0.0402445818062333	26	8	-0.0586097897740631	0.95143897231668	0.283501178948574
SLC38A2	amino-acid transport;glutamine/glutamate	Tier 1	ENSG00000134294	85	59	-0.379617844039492	-0.434749806441842	0.0551319624023499	0.0944911084146834	0.0015265793487853	0.192707283337731	3002	0.197208374875374	0.0447739114061842	0.065123820793363	0.0249364832996325	71	55	0.065076007455837	0.0370091762313637	26	8	0.022662405569967	0.919153761667732	0.283501178948574
NADK2	NAD	Tier 1	ENSG00000152620	85	59	-0.0317401244538789	-0.00110427273288255	-0.0306358517209964	-0.0524836284537952	-0.112285012014131	-0.00130966367019872	2015	-0.196410767696909	0.045646481546986	-0.0318505715606627	0.0406192931747894	71	55	-0.0559113272287755	0.0275440973270011	26	8	0.0335180320273176	0.855033778939491	0.287735856894394
ATP6V0E1	OXPHOS;iron	Tier 1;Tier 2	ENSG00000113732	85	59	0.0553737759408231	-0.0188514922210317	0.0742252681618548	0.0639466354071356	0.00128148187293823	0.128931104612222	2997	0.195214356929212	0.0469821747150353	0.0795548994016169	0.0443429288087064	71	55	0.0940511633937285	0.0485496535595417	26	8	0.072537541779359	0.300530054314924	0.292479150686892
SRD5A3	glycolysis	Tier 2	ENSG00000128039	85	59	-0.0715773414424452	-0.0340853022096807	-0.0374920392327645	-0.0558908805424676	-0.112046033844608	-0.000653840675030037	2018	-0.195214356929212	0.0469821747150353	-0.0374920392327645	0.0465333362255596	71	55	-0.0391670961197163	0.0210537861264608	26	8	-0.0285515730187291	0.88700130251839	0.292479150686892
ASPA	glutamine/glutamate	Tier 1	ENSG00000108381	85	59	0.0538914323593832	-0.0315775762760489	0.0854690086354321	0.0755040860714704	0.00128900672379065	0.152302754535908	2996	0.19481555333998	0.0474346497927041	0.0791088299057069	0.0693942151422957	71	55	0.108713941151614	0.0227561191187565	26	8	-0.138942172656705	0.47739524671309	0.292479150686892
ERO1A	glycolysis	Tier 2	ENSG00000197930	85	59	0.0197002991105119	-0.0395128964231711	0.059213195533683	0.0666375749077332	0.00153961390295797	0.13171892230518	2996	0.19481555333998	0.0474346497927041	0.057452798055248	0.0732177704439734	71	55	0.0391985473749978	0.272667364089974	26	8	0.166608108455794	0.0269187221199446	0.292479150686892
GALK2	glycolysis	Tier 2	ENSG00000156958	85	59	0.0535918254401868	0.107044128110935	-0.0534523026707481	-0.0768061231156361	-0.159203630520866	-0.00113833344714725	2019	-0.19481555333998	0.0474346497927041	-0.0534523026707481	0.0460881124438783	71	55	-0.0989918665958187	0.0210537861264608	26	8	-0.00438706307454489	0.88700130251839	0.292479150686892
ACAT1	BCAA;OXPHOS;TCA;cholesterol/isoprenoid;fatty-acid oxidation;tryptophan	Tier 1;Tier 2	ENSG00000075239	85	59	-0.0865768875887853	-0.182200349262478	0.0956234616736927	0.0760888045905791	0.000301472322688057	0.154028060208329	2994	0.194017946161515	0.0483505975174415	0.0728058153710522	0.0990881121093171	71	55	0.0956234616736927	0.0426997922175988	26	8	-0.110325139607329	0.340034249467904	0.294271740063049
ACSM1	serine/glycine/one-carbon	Tier 1	ENSG00000166743	85	59	-0.0765031233848777	-0.1384565791655	0.0619534557806225	0.0772671446735823	0.000739198881370505	0.156021639392135	2994	0.194017946161515	0.0483505975174415	0.0474994711320723	0.0687731867517736	71	55	0.0635249903410161	0.0463489517754779	26	8	0.215895928256999	0.47739524671309	0.294271740063049
COX7B2	OXPHOS	Tier 1	ENSG00000170516	85	59	-0.051444984064763	0.0213565830864387	-0.0728015671512017	-0.0595507098199258	-0.123442923041164	-0.000314786832374291	2021	-0.194017946161515	0.0483505975174415	-0.0667608914574393	0.0516742098201073	71	55	-0.0871669843655407	0.0799166780075969	26	8	-0.0798189316957782	0.583624193952907	0.294271740063049
MFN2	OXPHOS	Tier 2	ENSG00000116688	85	59	-0.80940398095326	-0.706418495635333	-0.102985485317927	-0.092540942426552	-0.183377562769555	-0.000388301598089465	2022	-0.193619142572283	0.048814114206631	-0.098243155303754	0.0693942151422957	71	55	-0.0932971024900791	0.114335101488458	26	8	-0.116045512032797	0.428536792061782	0.294553543845141
CXCL16	cholesterol/isoprenoid	Tier 2	ENSG00000161921	85	59	0.129265776561607	0.0882738298930783	0.0409919466685282	0.0588740235652382	0.000346319095785585	0.121198281248122	2993	0.193619142572283	0.048814114206631	0.0415435672932208	0.0367961962714565	71	55	0.0751460334055793	0.0271998142948298	26	8	0.00874829420391651	0.699719586564903	0.294553543845141
ADH4	cholesterol/isoprenoid;glycolysis	Tier 1;Tier 2	ENSG00000198099	85	59	-0.0451358443143306	0.00537354161630432	-0.0505093859306349	-0.0676074165316061	-0.139673907458251	-0.000261329077142086	2023	-0.193220338983051	0.0492813555669676	-0.0594667309355577	0.0199283898529514	71	55	-0.072406327365227	0.0108326839277223	26	8	-0.0453447788313293	0.699719586564903	0.296107549193865
ATP6V1D	OXPHOS;iron	Tier 1;Tier 2	ENSG00000100554	85	59	-0.614173358576595	-0.736918732715477	0.122745374138882	0.124511635476787	0.000719604112864298	0.250355472572049	2991	0.192821535393819	0.0497523437563085	0.080339264783434	0.0813819542336685	71	55	0.080156395863758	0.0934673207305316	26	8	0.253440293750006	0.187003126910017	0.296414807527036
SLC7A5	amino-acid transport;tryptophan	Tier 1	ENSG00000103257	85	59	-0.0900189519764717	-0.131946191652732	0.0419272396762603	0.0737029228771778	0.000359591893340832	0.157386982122567	2991	0.192821535393819	0.0497523437563085	0.0419272396762603	0.0410194899464877	71	55	0.033909980942921	0.134815064376425	26	8	0.147577232454523	0.149500978394344	0.296414807527036
HIGD1C	OXPHOS	Tier 1	ENSG00000214511	85	59	-0.196893810653861	-0.271355894154788	0.0744620835009276	0.0848814141590706	-0.000128838401060532	0.181654617435903	2990	0.192422731804586	0.0502271009860391	0.09237795697877	0.0402224110787699	71	55	0.05469635448625	0.279170980657345	26	8	0.11673390537677	0.405240820459417	0.29708040299918
AOX1	BCAA;NAD;tryptophan	Tier 1	ENSG00000138356	85	59	-0.0274692799770787	-0.0923732947700782	0.0649040147929994	0.0608689826946555	-0.000174030952779189	0.120374432570286	2989	0.192023928215354	0.0507056495203982	0.0578696781234694	0.0687731867517736	71	55	0.0546879913860068	0.0973763327869033	26	8	0.154426121593209	0.138367904121731	0.29708040299918
BIK	glycolysis	Tier 2	ENSG00000100290	85	59	0.236494233202895	0.173251218356438	0.063243014846457	0.0631837422771971	-0.000117102291087181	0.128989291538259	2989	0.192023928215354	0.0507056495203982	0.059007781072279	0.0605483936868706	71	55	0.027864936628272	0.209715143270096	26	8	0.123319220244665	0.127884811106401	0.29708040299918
DDIT4	glycolysis	Tier 2	ENSG00000168209	85	59	-0.115525126697583	-0.0373431998315016	-0.0781819268660812	-0.0675171640356985	-0.132844783042385	0.00023366163709169	2026	-0.192023928215354	0.0507056495203982	-0.0735351985309813	0.0849949349188649	71	55	-0.0599256053032291	0.207933504108742	26	8	-0.118247309421419	0.138367904121731	0.29708040299918
PDP2	OXPHOS	Tier 1	ENSG00000172840	85	59	-0.0173009708190784	0.0378344004008873	-0.0551353712199657	-0.0702136765618579	-0.142089915866624	9.77190777896084e-05	2027	-0.191625124626122	0.0511880116757931	-0.0565472513127241	0.0502271009860391	71	55	-0.0609896410753468	0.011299636461644	26	8	0.10747299387068	0.00882672500133459	0.297438158379506
DPYSL4	glycolysis	Tier 2	ENSG00000151640	85	59	0.0598016184289793	0.00503802466435904	0.0547635937646203	0.0567798071915009	-0.000386572288338178	0.11631790852366	2988	0.191625124626122	0.0511880116757931	0.054561719600508	0.0594428599263784	71	55	0.0283266866488828	0.0944325710170459	26	8	0.0476904980674261	0.669890044729042	0.297438158379506
DEGS1	sphingolipid	Tier 1	ENSG00000143753	85	59	0.0878134101032523	-0.00140157351485723	0.0892149836181095	0.0651692175367048	-0.000263634007066692	0.141562641482408	2987	0.191226321036889	0.0516742098201073	0.07116084473195	0.0887365471806796	71	55	0.0526317469431461	0.0896852131673025	26	8	0.112645533496121	0.52915371486718	0.297812180677517
MGST3	OXPHOS	Tier 2	ENSG00000143198	85	59	0.156486391100828	0.115995554690799	0.040490836410029	0.0618184152675941	-0.00028764555886235	0.121888962820707	2987	0.191226321036889	0.0516742098201073	0.040490836410029	0.0594428599263784	71	55	0.046573614270959	0.0665363657750644	26	8	-0.0352178124027803	0.919153761667732	0.297812180677517
ACP1	riboflavin	Tier 1	ENSG00000143727	85	59	0.101450921159234	0.15857278337712	-0.0571218622178855	-0.0558764190596521	-0.114941112473796	0.000464770797906087	2029	-0.190827517447657	0.0521642663719981	-0.0635626630734544	0.0483505975174415	71	55	-0.0748539587302604	0.0407258121339396	26	8	-0.012378974899792	0.669890044729042	0.298202202903892
ATP6V0E2	OXPHOS;iron	Tier 1	ENSG00000171130	85	59	-0.103614672546064	-0.0332234357989919	-0.0703912367470723	-0.0760604786968058	-0.152909793666899	0.00037430668553087	2029	-0.190827517447657	0.0521642663719981	-0.0695376028550387	0.0536578114063201	71	55	-0.107261255752207	0.0275440973270011	26	8	0.0390326751171805	0.669890044729042	0.298202202903892
HMGCR	cholesterol/isoprenoid	Tier 1;Tier 2	ENSG00000113161	85	59	-1.18873568787407	-1.3042267880795	0.11549110020543	0.149128361849373	-0.000894725376231938	0.299948483273324	2985	0.190428713858425	0.0526582038001857	0.1174941620858	0.0521642663719981	71	55	0.04318788417743	0.118918743805393	26	8	0.19188260159207	0.52915371486718	0.299812031313961
MTRF1	OXPHOS	Tier 2	ENSG00000120662	85	59	-0.133811036121643	-0.180822852743153	0.04701181662151	0.0806533480111794	-0.00230364243170818	0.157581451977751	2983	0.18963110667996	0.0536578114063201	0.04701181662151	0.114986779397026	71	55	0.061279417902216	0.0643784276013536	26	8	0.0214181494487818	0.640572271580656	0.303059318822896
NDUFS8	OXPHOS	Tier 1;Tier 2	ENSG00000110717	85	59	-0.343373632510922	-0.243276205585524	-0.100097426925399	-0.0791637328161649	-0.158957889289101	0.00150109522063058	2032	-0.18963110667996	0.0536578114063201	-0.10172878296391	0.0531560446227338	71	55	-0.078247008315589	0.182514293049086	26	8	-0.055978562612738	0.583624193952907	0.303059318822896
CYB5A	OXPHOS;glycolysis	Tier 2	ENSG00000166347	85	59	0.0743772976696671	0.130610856186439	-0.0562335585167718	-0.0651352558576671	-0.128306521060238	0.00221626010122618	2033	-0.189232303090728	0.0541635267654991	-0.0533597107067948	0.0772119708196222	71	55	-0.0146151164291311	0.541889632874066	26	8	-0.155019456220226	0.00284420829470843	0.303487697590813
SLC25A4	OXPHOS	Tier 1;Tier 2	ENSG00000151729	85	59	-0.0187998173256505	0.0413607616275723	-0.0601605789532228	-0.06428182104592	-0.129617588020202	0.00273799137305563	2033	-0.189232303090728	0.0541635267654991	-0.055954184977478	0.0663345805869839	71	55	-0.0378483051850574	0.146749302666652	26	8	-0.0529440016413055	0.823302467507629	0.303487697590813
MFSD4B	glucose transport	Tier 1		85	59	-0.0468780971758032	-0.0133848470845197	-0.0334932500912835	-0.0708734316855792	-0.142446985905468	0.00106793753169209	2034	-0.188833499501496	0.0546732133619547	-0.0334023098812414	0.0639676564508075	71	55	-0.0163217234160542	0.104530564886745	26	8	-0.0663385334360829	0.669890044729042	0.305132716470672
ST3GAL1	sphingolipid	Tier 1	ENSG00000008513	85	59	-0.138771326317067	-0.0759655704335466	-0.0628057558835201	-0.0620005431449976	-0.121331430515537	0.00197957802710192	2036	-0.188035892323031	0.0557045911445368	-0.0628057558835201	0.0605483936868706	71	55	-0.02223276434874	0.42266887663303	26	8	-0.273456242110824	0.0195698653801023	0.309664892504276
NFYA	cholesterol/isoprenoid	Tier 2	ENSG00000001167	85	59	-0.419919090405403	-0.54877420923525	0.128855118829847	0.111266499308257	-0.00287210428006696	0.221178770963073	2978	0.187637088733799	0.0562263278828325	0.123605138485777	0.0758612933170138	71	55	0.123605138485777	0.0824908916334576	26	8	-0.0344550613521615	0.730019850675947	0.310123339728748
TIMM13	OXPHOS	Tier 2	ENSG00000099800	85	59	-0.540539517769391	-0.660259547460757	0.119720029691366	0.0849353557776503	-0.00230530444815119	0.170210477081961	2978	0.187637088733799	0.0562263278828325	0.119720029691366	0.0578160037237908	71	55	0.134930186600231	0.0216084741571344	26	8	-0.121430540023792	0.319883420415998	0.310123339728748
GNB4	glutamine/glutamate	Tier 1	ENSG00000114450	85	59	-0.0225734638439837	0.0629724266415283	-0.085545890485512	-0.0788227103170599	-0.168943138252153	0.00274079023100381	2040	-0.186440677966102	0.0578160037237908	-0.0785840448959994	0.0360695299002852	71	55	-0.099026521107367	0.0227561191187565	26	8	0.225444035201953	0.215606006559306	0.317650572988298
DECR1	OXPHOS;fatty-acid oxidation	Tier 1;Tier 2	ENSG00000104325	85	59	-0.0290286079055267	-0.088334502634099	0.0593058947285723	0.0713861040934349	-0.00239493300138075	0.145039863270182	2974	0.186041874376869	0.0583541273062397	0.0523645533241662	0.102460280767654	71	55	0.0406720006137083	0.13610283340477	26	8	0.126145116108536	0.382718791715432	0.319364448668257
AFMID	NAD;tryptophan	Tier 1	ENSG00000183077	85	59	0.0372830377451096	-0.0307319256145085	0.068014963359618	0.0746733235751736	-0.00289665301919778	0.150701787784084	2973	0.185643070787637	0.0588964050235164	0.0650728007466232	0.0772119708196222	71	55	0.0691715828659965	0.0491133384812323	26	8	-0.141927275603236	0.760747580347756	0.319852784204635
HEXA	sphingolipid	Tier 1	ENSG00000213614	85	59	0.0988260122698972	0.0475661533218916	0.0512598589480056	0.0560797130134954	-0.00153886160557053	0.113302155116428	2973	0.185643070787637	0.0588964050235164	0.0501201552486385	0.0645527494869495	71	55	0.0464202050562256	0.0765863484581671	26	8	0.143119274255475	0.382718791715432	0.319852784204635
DNMT3B	methionine	Tier 1	ENSG00000088305	85	59	-0.119099592647789	-0.0611378996139521	-0.0579616930338364	-0.0563214454354918	-0.118239984173704	0.00294762094687927	2044	-0.184845463609173	0.0599935151047489	-0.0529514324447198	0.0639676564508075	71	55	-0.0480603536121838	0.102445160822204	26	8	-0.0780293745989068	0.405240820459417	0.323323829495822
ST8SIA5	sphingolipid	Tier 1	ENSG00000101638	85	59	0.0431737176305567	0.0649173922581213	-0.0217436746275646	-0.0523461465009799	-0.112866849160666	0.00179423697902287	2044	-0.184845463609173	0.0599935151047489	-0.0126187848680057	0.0820944030432596	71	55	-0.0108294767101363	0.220637392120462	26	8	-0.109648630524492	0.173799371292493	0.323323829495822
AGRN	glycolysis	Tier 2	ENSG00000188157	85	59	0.0331132148541564	-6.30178329427099e-05	0.0331762326870991	0.0571594069597786	-0.00257050726174726	0.115335667855121	2970	0.18444666001994	0.0605483936868706	0.0334941428898926	0.070650089389712	71	55	0.0720019466927454	0.0258595640555338	26	8	0.0298429522062825	0.669890044729042	0.323842166234323
SLC2A14	glucose transport	Tier 1	ENSG00000173262	85	59	-0.0870738232289971	-0.0772001714244861	-0.00987365180451095	-0.0642216967415064	-0.123416745919832	0.0026906900022423	2045	-0.18444666001994	0.0605483936868706	-0.001438593693673	0.0813819542336685	71	55	-0.0220981832612046	0.0896852131673025	26	8	-0.0987893897862342	0.231035010974767	0.323842166234323
NFE2L2	PPP	Tier 2	ENSG00000116044	85	59	-0.16202692575667	-0.203088461195477	0.041061535438807	0.0664088403498967	-0.00260928008241007	0.143577787793826	2969	0.184047856430708	0.0611075188384502	0.044920926527968	0.114986779397026	71	55	0.028228074059188	0.235826580230837	26	8	0.165159940962461	0.340034249467904	0.324375250375533
SLC25A37	iron	Tier 1	ENSG00000147454	85	59	0.0452769256604857	-0.0104759791189113	0.0557529047793971	0.0600489508612452	-0.00347796838245445	0.124486607573004	2969	0.184047856430708	0.0611075188384502	0.0548454782707302	0.0622386016949379	71	55	0.021360351136679	0.226248979846628	26	8	0.0884851124901223	0.452593620794896	0.324375250375533
ATP6V1H	OXPHOS;iron	Tier 1;Tier 2	ENSG00000047249	85	59	-0.884985530952065	-0.973542420900594	0.0885568899485291	0.12655440213559	-0.00654646160449198	0.272324554854116	2968	0.183649052841476	0.0616709137617948	0.099763526375445	0.0557045911445368	71	55	0.02069820037308	0.245687531640687	26	8	0.241305009661968	0.084438190880557	0.326139813601701
NDUFB2	OXPHOS	Tier 1;Tier 2	ENSG00000090266	85	59	-0.343192391489831	-0.247028546452948	-0.0961638450368839	-0.0779613192277828	-0.155881557289904	0.0036815032573726	2049	-0.182851445663011	0.0628106059107579	-0.095737032524507	0.0765342025621847	71	55	-0.108691533524136	0.0356919224510009	26	8	-0.00694013081546702	0.791857490811325	0.329697306862417
PPM1L	sphingolipid	Tier 1	ENSG00000163590	85	59	0.00949426476564668	0.0699970027217601	-0.0605027379561134	-0.0614559670351984	-0.122291467602195	0.00448442435121699	2049	-0.182851445663011	0.0628106059107579	-0.0605027379561134	0.0628106059107579	71	55	-0.0528614315874157	0.160939260845349	26	8	-0.076857006291913	0.730019850675947	0.329697306862417
IREB2	iron	Tier 1	ENSG00000136381	85	59	-0.0555691039685158	-0.0894758119555619	0.0339067079870461	0.0709798316313886	-0.00283976292273185	0.149362650381459	2965	0.182452642073779	0.0633869497160863	0.0291095103179646	0.0765342025621847	71	55	0.0062191804129021	0.162413399545902	26	8	0.0385839279398935	0.231035010974767	0.331490270367089
G6PC2	glycolysis	Tier 1	ENSG00000152254	85	59	-0.0334069189352483	-0.0924568114581226	0.0590498925228743	0.0676244086265068	-0.00616903209929829	0.145815685886588	2963	0.181655034895314	0.0645527494869495	0.0541013602209628	0.0999227355163908	71	55	0.0592762441963386	0.0934673207305316	26	8	-0.0398631571754894	0.983804096811716	0.336341263009493
ACAD8	BCAA	Tier 1	ENSG00000151498	85	59	-0.0466453111660181	0.0291393377464921	-0.0757846489125102	-0.079601567696262	-0.16212655830683	0.00529453313040093	2053	-0.181256231306082	0.0651422522277653	-0.0806092588255616	0.0406192931747894	71	55	-0.0716923316521004	0.00364751649360045	26	8	0.201768454986718	0.0242405994467755	0.336926227639577
AGXT2	glutamine/glutamate;serine/glycine/one-carbon	Tier 1	ENSG00000113492	85	59	0.0776304315496943	0.0161850329064577	0.0614453986432366	0.0630982593654469	-0.0034891816631279	0.12387600224792	2962	0.181256231306082	0.0651422522277653	0.0593595808002124	0.0887365471806796	71	55	0.0336847921573645	0.241708999105187	26	8	0.0327990678196009	0.611804938252237	0.336926227639577
SMARCD1	arginine	Tier 2	ENSG00000066117	85	59	-0.304061654948519	-0.24841319299586	-0.0556484619526589	-0.0787910605762158	-0.160477385629563	0.00487540203171772	2054	-0.180857427716849	0.065736188106806	-0.053584455108056	0.0633869497160863	71	55	-0.092009222917633	0.0293224481918724	26	8	-0.186747862784988	0.319883420415998	0.338757290535803
LDLR	cholesterol/isoprenoid	Tier 2	ENSG00000130164	85	59	-0.12642277792628	-0.0446732272960453	-0.0817495506302343	-0.0581082717293174	-0.124124690437815	0.00281157197439561	2055	-0.180458624127617	0.0663345805869839	-0.0817495506302343	0.0588964050235164	71	55	-0.0851598349503446	0.0213295598309652	26	8	0.111029032815145	0.340034249467904	0.338765891976322
PHGDH	serine/glycine/one-carbon	Tier 1	ENSG00000092621	85	59	0.0284746536714626	-0.0672622009533297	0.0957368546247923	0.0715359367993914	-0.00438408060220031	0.142291142463111	2960	0.180458624127617	0.0663345805869839	0.0924271998587698	0.0669374531596274	71	55	0.116087029762252	0.0388297298348142	26	8	0.0308389679765779	0.95143897231668	0.338765891976322
S1PR4	sphingolipid	Tier 1	ENSG00000125910	85	59	0.0490886694541319	0.08930495198861	-0.0402162825344781	-0.0509695601519319	-0.105706675641671	0.00334242237875281	2056	-0.180059820538385	0.0669374531596274	-0.0368598417613479	0.0693942151422957	71	55	-0.0244221902406338	0.327637198556253	26	8	-0.0958847996200103	0.0365375040413468	0.338765891976322
SLC3A1	amino-acid transport	Tier 1	ENSG00000138079	85	59	0.167995083242568	0.216858141155862	-0.048863057913294	-0.0609198862146228	-0.130281291618757	0.00414525329916845	2056	-0.180059820538385	0.0669374531596274	-0.061378487170337	0.0426538452422826	71	55	-0.060951976457536	0.0695059406633072	26	8	-0.00441287459246703	0.983804096811716	0.338765891976322
ACSM3	fatty-acid oxidation	Tier 1	ENSG00000005187	85	59	0.12699746031773	0.0765867843855209	0.050410675932209	0.0624083820172213	-0.00444450586675189	0.130706175895902	2959	0.180059820538385	0.0669374531596274	0.0441702419209046	0.0778946219104478	71	55	0.0743546088895116	0.0205115456919744	26	8	-0.037320044278261	0.583624193952907	0.338765891976322
OTC	arginine	Tier 1	ENSG00000036473	85	59	0.0722607989753076	0.105190096876938	-0.0329292979016306	-0.0626832473340228	-0.128647960537852	0.00368715632901026	2057	-0.179661016949153	0.0675448293435267	-0.0306686774450835	0.0700198414744517	71	55	-0.0637197818081396	0.0595672528525986	26	8	-0.0226141010553556	0.919153761667732	0.340618925118071
GRIN2B	glutamine/glutamate	Tier 1	ENSG00000273079	85	59	-0.100417447107545	-0.0341563238944394	-0.0662611232131057	-0.0641187240798148	-0.117185752429166	0.00496626695205602	2058	-0.17926221335992	0.0681567326839705	-0.0662611232131057	0.0758612933170138	71	55	-0.0340429915190745	0.18905584374462	26	8	-0.15650871818693	0.583624193952907	0.342481517970699
SLC43A1	amino-acid transport	Tier 1	ENSG00000149150	85	59	0.0803660122060036	0.0175382768314688	0.0628277353745348	0.048093324642722	-0.00290953703807814	0.106050431937959	2956	0.178863409770688	0.0687731867517736	0.0588325342837148	0.0360695299002852	71	55	0.0531735408357447	0.122450052370543	26	8	0.0680938211643604	0.247232704165249	0.344353686856398
SLC7A8	amino-acid transport	Tier 1	ENSG00000092068	85	59	0.0830578315559927	0.0471679008393905	0.0358899307166022	0.0574722747227742	-0.00440412762163489	0.123171194353711	2955	0.178464606181456	0.0693942151422957	0.0409920601020136	0.0483505975174415	71	55	0.0404698141353424	0.0925100020195682	26	8	0.0457406068213014	0.52915371486718	0.345692364202538
NDUFA10	OXPHOS	Tier 1	ENSG00000130414	85	59	-0.352569526567472	-0.296248473963642	-0.05632105260383	-0.0680773898302978	-0.141216463060188	0.00568926668122868	2061	-0.178065802592223	0.0700198414744517	-0.045955361659332	0.0864759769940155	71	55	-0.114318360939831	0.0129878189326287	26	8	0.117552917486295	0.138367904121731	0.345692364202538
PDSS1	cholesterol/isoprenoid	Tier 1	ENSG00000148459	85	59	-0.163776376522644	-0.23488946944368	0.071113092921036	0.0687216208132612	-0.00447825385691392	0.135837726662191	2954	0.178065802592223	0.0700198414744517	0.0717958073436694	0.0738714816152201	71	55	0.070381255935165	0.360224708000644	26	8	0.298448345875765	0.0175444823761301	0.345692364202538
SLC39A7	zinc	Tier 1	ENSG00000112473	85	59	-0.714435116960354	-0.753438586710718	0.039003469750364	0.112601386603027	-0.00839327640423204	0.245760510534562	2954	0.178065802592223	0.0700198414744517	0.039003469750364	0.0700198414744517	71	55	0.0496327277389079	0.045812090808113	26	8	0.078089365035092	0.556063538525548	0.345692364202538
DMAC1	OXPHOS	Tier 1	ENSG00000137038	85	59	-0.48814178889827	-0.523196049182097	0.035054260283827	0.0604263970648923	-0.00611455980422622	0.12850633911173	2953	0.177666999002991	0.070650089389712	0.037597737837652	0.0492813555669676	71	55	0.0216563033749221	0.233888468751826	26	8	0.0934293468937975	0.231035010974767	0.347588593095029
GPT2	glutamine/glutamate	Tier 1	ENSG00000166123	85	59	0.14457013262645	0.194261238775981	-0.0496911061495312	-0.0577145976920373	-0.120889330933405	0.00651066472442702	2064	-0.176869391824526	0.0719245446421513	-0.0536207228790655	0.0639676564508075	71	55	-0.058223403770635	0.0658105280603663	26	8	0.00958994149904799	0.823302467507629	0.352630059148325
ATP5F1B	OXPHOS	Tier 1;Tier 2	ENSG00000110955	85	59	-0.927742926314493	-0.817210804502812	-0.110532121811681	-0.108661629648682	-0.225011366286923	0.009516228133057	2065	-0.176470588235294	0.0725687993659352	-0.0862072454153056	0.0799721105359769	71	55	-0.115104184823377	0.0308154223787363	26	8	0.145235754166042	0.281973201045743	0.353334981740346
B4GALT7	glycolysis	Tier 2	ENSG00000027847	85	59	-0.073840923336703	-0.0949125508831129	0.0210716275464099	0.0563604319158015	-0.00620187038822188	0.128077120367326	2950	0.176470588235294	0.0725687993659352	0.0412887166573058	0.0497523437563085	71	55	0.0276622296132694	0.0383676023561837	26	8	0.0161195118002264	0.699719586564903	0.353334981740346
ENO3	glycolysis	Tier 1	ENSG00000108515	85	59	0.107401232157386	0.149082861945841	-0.041681629788455	-0.0515402078736786	-0.112030520282365	0.00359377338153531	2066	-0.176071784646062	0.0732177704439734	-0.044163399347099	0.0410194899464877	71	55	-0.047231753339525	0.0973763327869033	26	8	-0.0248636821022901	0.264209380233026	0.355269731501342
TUBB4A	iron	Tier 1	ENSG00000104833	85	59	-0.017668613653498	0.0288203435348417	-0.0464889571883397	-0.0499423447531672	-0.113639072060218	0.0051010300430012	2067	-0.17567298105683	0.0738714816152201	-0.0420710911981891	0.0872242755915479	71	55	-0.0293654953045406	0.211507809398121	26	8	-0.104055061761974	0.053793571342494	0.357214150824283
KDM3A	cholesterol/isoprenoid	Tier 2	ENSG00000115548	85	59	-0.00798133525292949	0.0536484811299816	-0.0616298163829111	-0.0583925069345831	-0.127642558971404	0.00702110646194148	2069	-0.174875373878365	0.075193219273973	-0.0726102573895955	0.0583541273062397	71	55	-0.0816222774649562	0.0665363657750644	26	8	-0.176839440095799	0.264209380233026	0.358691978428547
NDUFB9	OXPHOS	Tier 1	ENSG00000147684	85	59	-0.438102810623421	-0.320740623777367	-0.117362186846054	-0.0760999781409481	-0.167728140322446	0.00927009771538875	2069	-0.174875373878365	0.075193219273973	-0.121868984263944	0.0725687993659352	71	55	-0.110873077279337	0.0242648638997256	26	8	0.0567796983888915	0.231035010974767	0.358691978428547
SLC39A3	zinc	Tier 1	ENSG00000141873	85	59	-0.100814455222183	-0.0271060752990183	-0.0737083799231652	-0.0744614177144248	-0.159506684179504	0.0115269922364449	2069	-0.174875373878365	0.075193219273973	-0.076157227097982	0.0633869497160863	71	55	-0.0713057343053473	0.0944325710170459	26	8	-0.0369119191607811	0.428536792061782	0.358691978428547
SLC25A20	OXPHOS	Tier 2	ENSG00000178537	85	59	0.0645047315692576	-0.0102943376744667	0.0747990692437243	0.0496705839579277	-0.00781052774532833	0.108624846675598	2946	0.174875373878365	0.075193219273973	0.0734501734728239	0.0725687993659352	71	55	0.0727762645000947	0.102445160822204	26	8	0.00425887350838532	0.823302467507629	0.358691978428547
SLC39A5	zinc	Tier 1	ENSG00000139540	85	59	0.0117776207976459	-0.060922858731645	0.0727004795292909	0.0587058853451238	-0.00552895511797594	0.124077011167748	2945	0.174476570289133	0.0758612933170138	0.0647837847682079	0.0452084217698838	71	55	0.0884469824530921	0.0202450219539953	26	8	0.0368566838774828	0.405240820459417	0.360660424793345
ANG	glycolysis	Tier 2	ENSG00000214274	85	59	-0.143282996539358	-0.0877930734584254	-0.0554899230809328	-0.064479155171528	-0.133968998716669	0.00827900516565079	2073	-0.173280159521436	0.0778946219104478	-0.0575352490975616	0.0725687993659352	71	55	-0.0453927250269278	0.194074285462978	26	8	-0.149921403111315	0.300530054314924	0.366624020458507
NT5E	NAD;glycolysis	Tier 1;Tier 2	ENSG00000135318	85	59	-0.325019659061467	-0.224359537259683	-0.100660121801784	-0.076581839214178	-0.175167804038903	0.00912478420602216	2073	-0.173280159521436	0.0778946219104478	-0.089536446859547	0.109478152237247	71	55	-0.011460346607934	0.555001651096019	26	8	-0.268181566422403	0.00541762223529488	0.366624020458507
RAB3A	glutamine/glutamate	Tier 1	ENSG00000105649	85	59	-0.072059096166958	-0.0337110891133977	-0.0383480070535602	-0.0629335746202211	-0.133580339219461	0.00756929232987734	2073	-0.173280159521436	0.0778946219104478	-0.0312348127519101	0.0633869497160863	71	55	-0.00907140522847	0.122450052370543	26	8	-0.109818659461375	0.215606006559306	0.366624020458507
ATP6V0D1	OXPHOS;iron	Tier 1	ENSG00000159720	85	59	-0.729192060003611	-0.807392491272755	0.078200431269144	0.090523938752457	-0.0107335813321969	0.196832783371033	2940	0.172482552342971	0.0792746679250341	0.068215920774678	0.142515533660185	71	55	0.0625482612628601	0.460604138476124	26	8	0.493800483618483	0.00541762223529488	0.371879837575243
ACSBG2	fatty-acid oxidation	Tier 1	ENSG00000130377	85	59	-0.0257612210557185	-0.109885522993231	0.084124301937512	0.0649653458541314	-0.00893533286086728	0.141512645597836	2939	0.172083748753739	0.0799721105359769	0.0806625022808425	0.141412920051386	71	55	0.0789997138194142	0.114335101488458	26	8	0.0213576399527156	0.919153761667732	0.372262870162145
H4C14	arginine	Tier 2	ENSG00000270882	85	59	-0.303770856457413	-0.372432905717371	0.068662049259958	0.0730097454449373	-0.00815205321285036	0.158448980663665	2939	0.172083748753739	0.0799721105359769	0.068662049259958	0.0828119016478029	71	55	0.076887787207482	0.0973763327869033	26	8	0.154150570941955	0.215606006559306	0.372262870162145
B3GNT4	sphingolipid	Tier 1	ENSG00000176383	85	59	0.142290665817728	0.196306125737177	-0.054015459919449	-0.0573717891812002	-0.121818641205663	0.00788443249676042	2077	-0.171684945164507	0.0806745313524196	-0.059534904946805	0.0288512410151261	71	55	-0.05384031530114	0.177719368968441	26	8	-0.117310421649489	0.231035010974767	0.372262870162145
IDI2	cholesterol/isoprenoid	Tier 1	ENSG00000148377	85	59	0.0239009234209865	0.0782646300713713	-0.0543637066503848	-0.0573132118899847	-0.1177994107186	0.0086490816840971	2077	-0.171684945164507	0.0806745313524196	-0.0497694853611918	0.101608796287285	71	55	-0.048593339734057	0.162413399545902	26	8	-0.13459141944801	0.173799371292493	0.372262870162145
SLC1A3	glutamine/glutamate	Tier 1	ENSG00000079215	85	59	0.0394830826743997	-0.0169824902239345	0.0564655728983342	0.066910224295388	-0.00821616817953115	0.14154683255904	2938	0.171684945164506	0.0806745313524196	0.0558703131976238	0.0521642663719981	71	55	0.0310874646160869	0.207933504108742	26	8	0.182922356374285	0.231035010974767	0.372262870162145
NDUFS4	OXPHOS	Tier 1;Tier 2	ENSG00000164258	85	59	0.00846462555272696	0.0633168314134076	-0.0548522058606806	-0.0684584851364562	-0.144306317214629	0.00714414423577415	2079	-0.170887337986042	0.0820944030432596	-0.0548631557643173	0.0820944030432596	71	55	-0.0806484454265911	0.0538235020533762	26	8	0.0332902166449244	0.699719586564903	0.377194855247412
ALAS1	OXPHOS;serine/glycine/one-carbon	Tier 1;Tier 2	ENSG00000023330	85	59	-0.220912841569134	-0.266767638520688	0.0458547969515537	0.0618156030791447	-0.00750326975849384	0.133371271653482	2935	0.17048853439681	0.0828119016478029	0.038922804634647	0.0966175865335038	71	55	0.015986398508094	0.392048226866208	26	8	0.158047685718624	0.00324531641132781	0.377194855247412
CYB5R3	OXPHOS	Tier 2	ENSG00000100243	85	59	0.0157959482029866	-0.0388088624853038	0.0546048106882903	0.0633828753188557	-0.00619928906679371	0.136776529484877	2935	0.17048853439681	0.0828119016478029	0.0543336242250136	0.0828119016478029	71	55	0.0529193319985706	0.118918743805393	26	8	0.0702338422109829	0.452593620794896	0.377194855247412
GRIK3	glutamine/glutamate	Tier 1	ENSG00000163873	85	59	0.0421018042448629	-0.0122667217345487	0.0543685259794116	0.0601124806954872	-0.00810930135240312	0.123290487905508	2935	0.17048853439681	0.0828119016478029	0.0530504713906211	0.106803183718593	71	55	0.0581956897955956	0.0622785904126792	26	8	-0.023771340377518	0.855033778939491	0.377194855247412
CPT1B	fatty-acid oxidation	Tier 1	ENSG00000205560	85	59	0.111108964550889	0.0792448836596973	0.0318640808911912	0.0579771558392174	-0.00803227852010957	0.120769598458069	2934	0.170089730807577	0.0835344739158194	0.0334246432944914	0.0820944030432596	71	55	0.0558177395425144	0.0896852131673025	26	8	-0.00190367606314859	0.855033778939491	0.379262627553495
MAOB	OXPHOS;arginine;serine/glycine/one-carbon;tryptophan	Tier 1;Tier 2	ENSG00000069535	85	59	-0.0308512455757557	0.0665459237276654	-0.0973971693034211	-0.0764057639036522	-0.152084072203365	0.012683064960515	2082	-0.169690927218345	0.084262143716568	-0.0994489251533189	0.0849949349188649	71	55	-0.0799943297803061	0.253781822631394	26	8	-0.247160669588341	0.0647043508389117	0.380121875168671
GM2A	sphingolipid	Tier 1	ENSG00000196743	85	59	0.0939824330976287	0.0254733872682519	0.0685090458293768	0.0603928591920671	-0.00690554175551934	0.11890916237033	2933	0.169690927218345	0.084262143716568	0.0685993540139125	0.0864759769940155	71	55	0.0617252264390151	0.0629721496928167	26	8	0.0845746010155082	1	0.380121875168671
B4GALT6	sphingolipid	Tier 1	ENSG00000118276	85	59	0.0300838076258747	-0.0354574490770363	0.065541256702911	0.0603594501590613	-0.00967724792052128	0.133376096141653	2932	0.169292123629113	0.0849949349188649	0.0618298268050732	0.14699207909878	71	55	0.0480569428825917	0.251741056008535	26	8	0.126257750356073	0.215606006559306	0.382206522628781
KDSR	sphingolipid	Tier 1	ENSG00000119537	85	59	-0.0869919148059095	-0.0162332767487056	-0.0707586380572039	-0.0643944535497587	-0.136650755077951	0.00776861782431755	2084	-0.16889332003988	0.0857328713898953	-0.0707586380572039	0.0758612933170138	71	55	-0.065691298938777	0.159475252909326	26	8	-0.0910045207041356	0.247232704165249	0.384300998103277
SLC5A8	NAD	Tier 1	ENSG00000256870	85	59	-0.0202223936459748	0.0184574963115116	-0.0386798899574864	-0.0507836297973893	-0.116753605653473	0.00691886261471153	2085	-0.168494516450648	0.0864759769940155	-0.0217337538597504	0.132826642318123	71	55	-0.0306416081645137	0.153719836261393	26	8	-0.0943828464837578	0.118030006895741	0.386405314922626
GLTP	sphingolipid	Tier 1	ENSG00000139433	85	59	-0.0386653888076821	0.0158146371019293	-0.0544800259096114	-0.0633967011915263	-0.135592769534772	0.00744445307976042	2086	-0.168095712861416	0.0872242755915479	-0.0456731604963199	0.075193219273973	71	55	-0.0317641858426537	0.224367245085853	26	8	-0.107769069266142	0.138367904121731	0.388519486231122
IDO1	NAD;tryptophan	Tier 1	ENSG00000131203	85	59	-0.0402553166342317	0.0106279100928689	-0.0508832267271006	-0.050981939481258	-0.113627173501572	0.00733534858122475	2087	-0.167696909272184	0.0879777910375674	-0.0554188295854644	0.119741888187271	71	55	-0.0240937536886255	0.306234401397732	26	8	-0.0883149002826979	0.187003126910017	0.389118026767452
PLPP1	sphingolipid	Tier 1	ENSG00000067113	85	59	-0.225971424723015	-0.277398284577217	0.051426859854202	0.0638914186383217	-0.0100681045254157	0.139971096419354	2927	0.167298105682951	0.0887365471806796	0.046042416982891	0.114053827234977	71	55	0.069580571605556	0.0468910996559065	26	8	-0.0644520564043875	0.791857490811325	0.389118026767452
RIMKLA	glutamine/glutamate	Tier 1	ENSG00000177181	85	59	0.105211297169297	0.0754886124805293	0.0297226846887677	0.04433863705924	-0.00651268118044053	0.0985429773522287	2927	0.167298105682951	0.0887365471806796	0.0285435789002823	0.0990881121093171	71	55	0.0425590130248019	0.055058248841142	26	8	-0.0193297202946908	0.983804096811716	0.389118026767452
ACP6	riboflavin	Tier 1	ENSG00000162836	85	59	0.161470936816201	0.243024355647508	-0.0815534188313068	-0.0564717486487537	-0.13167724919395	0.00946311180402445	2088	-0.167298105682951	0.0887365471806796	-0.08172757278862	0.0452084217698838	71	55	-0.08172757278862	0.0365655650737489	26	8	-0.0662996326461685	0.556063538525548	0.389118026767452
TIMM50	OXPHOS	Tier 2	ENSG00000105197	85	59	-0.38406616142011	-0.318538228182057	-0.065527933238053	-0.0681944934045274	-0.145746971507467	0.00965671156688009	2088	-0.167298105682951	0.0887365471806796	-0.065527933238053	0.130744461429266	71	55	-0.071335613208994	0.134815064376425	26	8	-0.0841664987751925	0.611804938252237	0.389118026767452
GNE	glycolysis	Tier 2	ENSG00000159921	85	59	-0.126174928377936	-0.230914435804848	0.104739507426912	0.0636697834279274	-0.00956951752330947	0.135012283615741	2926	0.166899302093719	0.0895005678617907	0.104739507426912	0.0849949349188649	71	55	0.095587085093465	0.138706837845004	26	8	0.081149225736193	0.319883420415998	0.391253256411296
PRPS2	PPP	Tier 1	ENSG00000101911	85	59	0.0435088815281807	-0.0493728685351389	0.0928817500633196	0.0574842828100264	-0.00919770221050052	0.128616859887709	2925	0.166500498504486	0.0902698769128705	0.0786407202469653	0.0828119016478029	71	55	0.0897903844223584	0.0146940943551027	26	8	-0.0765482020980358	0.382718791715432	0.393398352472139
PYCR3	arginine;glutamine/glutamate	Tier 1	ENSG00000104524	85	59	-0.139421734013369	-0.0858570054188452	-0.0535647285945234	-0.0665035473148854	-0.138495930804366	0.0132584935685578	2091	-0.166101694915254	0.0910444981557054	-0.0585935767227286	0.0645527494869495	71	55	-0.028980077621057	0.140023149295338	26	8	-0.0479168912991923	0.382718791715432	0.394091583664777
CYB5B	sphingolipid	Tier 1	ENSG00000103018	85	59	-0.0273722817319534	0.0553850240824514	-0.0827573058144048	-0.0625694037772504	-0.128024276054734	0.0128020126481081	2092	-0.165702891326022	0.0918244554006457	-0.087335038419776	0.0887365471806796	71	55	-0.0558252805922959	0.218789229858259	26	8	-0.14122953573664	0.138367904121731	0.394091583664777
HAAO	NAD;tryptophan	Tier 1	ENSG00000162882	85	59	-0.183306490335635	-0.140266449409807	-0.0430400409258273	-0.0608039704937838	-0.131110746388449	0.00897738193688337	2092	-0.165702891326022	0.0918244554006457	-0.039513237108599	0.145862987374527	71	55	-0.016231750746784	0.18905584374462	26	8	-0.0837195432805132	0.264209380233026	0.394091583664777
KDM1A	cholesterol/isoprenoid	Tier 2	ENSG00000004487	85	59	-0.347810468734658	-0.267947966928838	-0.0798625018058202	-0.0673997867292604	-0.150099988836877	0.0117799799451808	2092	-0.165702891326022	0.0918244554006457	-0.080413529934768	0.0941965810534997	71	55	-0.046828916043036	0.24369256155454	26	8	-0.113157783268049	0.108781091860842	0.394091583664777
SLC7A3	amino-acid transport	Tier 1	ENSG00000165349	85	59	-0.124923944191279	-0.196829316949173	0.0719053727578944	0.0593054579166523	-0.0107853506602216	0.130239589887413	2923	0.165702891326022	0.0918244554006457	0.063703749755444	0.0700198414744517	71	55	0.089353800743255	0.0417029154709105	26	8	0.0269079650199805	0.95143897231668	0.394091583664777
IDH3B	OXPHOS;TCA	Tier 1;Tier 2	ENSG00000101365	85	59	-0.0983341755571148	-0.0247664361158869	-0.073567739441228	-0.0599491914293354	-0.12441236396824	0.011855387050657	2093	-0.16530408773679	0.092609772445343	-0.0837185374872485	0.0447739114061842	71	55	-0.0882102376519242	0.0323731970301948	26	8	0.0248288647511643	0.52915371486718	0.395060419011554
MRI1	methionine	Tier 1	ENSG00000037757	85	59	0.010493944187981	0.0281109667806677	-0.0176170225926867	-0.0442177266292664	-0.102909901621775	0.00829799065481089	2093	-0.16530408773679	0.092609772445343	-0.0176170225926867	0.0934004730734814	71	55	-0.0072072148726452	0.159475252909326	26	8	-0.0731538907504136	0.108781091860842	0.395060419011554
SLC6A18	amino-acid transport	Tier 1	ENSG00000164363	85	59	0.0190302519377084	0.0499997844324848	-0.0309695324947764	-0.0489789257545914	-0.111961020291619	0.0100906010461114	2095	-0.164506480558325	0.0941965810534997	-0.0342587561827467	0.092609772445343	71	55	-0.0493322352389665	0.0210537861264608	26	8	0.0932556054126738	0.231035010974767	0.400619194119101
PFKP	PPP;glycolysis	Tier 1;Tier 2	ENSG00000067057	85	59	-0.041383680767123	-0.12108465804536	0.0797009772782374	0.0596068714104844	-0.0108682871922884	0.131623929430823	2919	0.164107676969093	0.0949981201373064	0.0786763461927565	0.11592572427807	71	55	0.0483121476360971	0.150902005393792	26	8	0.0119901781268097	0.983804096811716	0.401608819263104
CASP7	OXPHOS	Tier 2	ENSG00000165806	85	59	-0.0484354201851424	0.00886970834308075	-0.0573051285282232	-0.0618056158499308	-0.136350141124838	0.010970947046404	2096	-0.164107676969093	0.0949981201373064	-0.0573051285282232	0.0918244554006457	71	55	-0.0480092801716738	0.2224967231185	26	8	-0.203208913747121	0.452593620794896	0.401608819263104
ERCC2	iron	Tier 1	ENSG00000104884	85	59	-0.854381523311841	-0.765377463253383	-0.0890040600584585	-0.0663839934373792	-0.142132108452933	0.015175883053255	2098	-0.163310069790628	0.0966175865335038	-0.0890040600584585	0.0958051140589872	71	55	-0.108230332025705	0.0672687840865194	26	8	-0.00769941076148151	0.823302467507629	0.407235916971067
ECD	glycolysis	Tier 2	ENSG00000122882	85	59	-1.55540897287482	-1.46947125018423	-0.0859377226905902	-0.0875019452131067	-0.195148371023466	0.0174209266035453	2099	-0.162911266201396	0.0974355612553869	-0.10016457771514	0.0887365471806796	71	55	-0.11437180325693	0.0733700565613209	26	8	0.038209906989245	0.791857490811325	0.407671328006078
ACAD9	OXPHOS	Tier 1	ENSG00000177646	85	59	-0.350358308922531	-0.294923436114536	-0.055434872807995	-0.0633697855782102	-0.138385791716266	0.0107799745937327	2100	-0.162512462612163	0.0982590618974202	-0.077888388023417	0.0681567326839705	71	55	-0.135267790044192	0.00767353289516131	26	8	0.0192967489169105	0.138367904121731	0.407671328006078
ALDH18A1	arginine;glutamine/glutamate	Tier 1	ENSG00000059573	85	59	0.199224179847839	0.215616065226101	-0.016391885378262	-0.0560697530104693	-0.121777416469487	0.00928752020896285	2100	-0.162512462612163	0.0982590618974202	-0.016391885378262	0.0982590618974202	71	55	-0.03711198529805	0.0944325710170459	26	8	-0.115588871351729	0.231035010974767	0.407671328006078
PDHA1	BCAA;OXPHOS;TCA;glycolysis	Tier 1;Tier 2	ENSG00000131828	85	59	-0.147667974988105	-0.117624135059822	-0.0300438399282836	-0.0554559051703744	-0.119277505797966	0.0121851769862428	2100	-0.162512462612163	0.0982590618974202	-0.0617827996165044	0.145862987374527	71	55	-0.055560837650232	0.0485496535595417	26	8	0.0095935991859436	0.52915371486718	0.407671328006078
UQCRQ	OXPHOS	Tier 1;Tier 2	ENSG00000164405	85	59	-0.272337259084575	-0.227242073617805	-0.04509518546677	-0.0615326002000645	-0.14455285503763	0.0125358771703594	2101	-0.162113659022931	0.0990881121093171	-0.047978357228953	0.0792746679250341	71	55	-0.054515522579369	0.0161548225677503	26	8	0.167412133695345	0.0920086902528621	0.407671328006078
HOGA1	serine/glycine/one-carbon	Tier 1	ENSG00000241935	85	59	-0.062702828918809	-0.00750283671363811	-0.0551999922051709	-0.0610871427489516	-0.140761076269761	0.0133358502141873	2102	-0.161714855433699	0.0999227355163908	-0.0499172306556364	0.102460280767654	71	55	-0.051944134451775	0.0331770652503232	26	8	0.0618020956114226	0.640572271580656	0.407671328006078
NAGS	arginine	Tier 1	ENSG00000161653	85	59	-0.110392464935601	-0.0380739404419926	-0.0723185244936088	-0.0723734281238814	-0.160427329069323	0.0189290432972645	2102	-0.161714855433699	0.0999227355163908	-0.0723185244936088	0.0999227355163908	71	55	-0.0839163788833628	0.184133729068472	26	8	0.0146400422856384	0.791857490811325	0.407671328006078
PARP16	NAD	Tier 1	ENSG00000138617	85	59	-0.107734749629187	-0.0167244903301733	-0.0910102592990136	-0.0604006039492287	-0.125226136624594	0.0109637114494581	2102	-0.161714855433699	0.0999227355163908	-0.0950314229070412	0.0895005678617907	71	55	-0.0965511417859942	0.071803829849377	26	8	0.0788478127080643	0.730019850675947	0.407671328006078
PGAM5	OXPHOS	Tier 1	ENSG00000247077	85	59	-0.142941586531049	-0.0725380635241278	-0.0704035230069214	-0.0659063473926965	-0.141567224578539	0.0147969360375776	2102	-0.161714855433699	0.0999227355163908	-0.0763155697172404	0.0806745313524196	71	55	-0.0562548294409765	0.386629011447294	26	8	-0.279246177730284	0.0111649418572373	0.407671328006078
SLC7A10	amino-acid transport	Tier 1	ENSG00000130876	85	59	0.0315219011752428	0.11494892376722	-0.0834270225919774	-0.0605847505476133	-0.125485645944018	0.0145468806869112	2102	-0.161714855433699	0.0999227355163908	-0.091007963297416	0.111290697311138	71	55	-0.0461892018237498	0.408580226852353	26	8	-0.103873162842619	0.138367904121731	0.407671328006078
PDHB	BCAA;OXPHOS;TCA;glycolysis	Tier 1;Tier 2	ENSG00000168291	85	59	-0.113466662720674	0.00608718648148454	-0.119553849202158	-0.0684548689898358	-0.1500793739229	0.0169690745828421	2103	-0.161316051844467	0.100762955718216	-0.12401863283269	0.0806745313524196	71	55	-0.109573743386943	0.171472874048085	26	8	0.050225071513219	0.95143897231668	0.407671328006078
ACSL5	fatty-acid oxidation	Tier 1	ENSG00000197142	85	59	-0.0625535833277866	-0.13545453310419	0.0729009497764031	0.0588895239722524	-0.00972803352015655	0.130638855402889	2912	0.161316051844467	0.100762955718216	0.026025704504125	0.180064518353244	71	55	0.0424303626200148	0.134815064376425	26	8	0.141143899484099	0.88700130251839	0.407671328006078
APIP	methionine	Tier 1	ENSG00000149089	85	59	-0.0956182404498954	-0.144823950249674	0.0492057097997783	0.0893193900430183	-0.0135992857011493	0.19430131233363	2912	0.161316051844467	0.100762955718216	0.02390917349591	0.134934405796428	71	55	0.108427669727491	0.182514293049086	26	8	0.117448748822672	0.264209380233026	0.407671328006078
APOE	cholesterol/isoprenoid	Tier 2	ENSG00000130203	85	59	0.0562348730708087	0.000785468562573246	0.0554494045082354	0.0550705880961205	-0.00947226066333507	0.120315330798422	2912	0.161316051844467	0.100762955718216	0.0591779506715616	0.0887365471806796	71	55	0.0598416175112848	0.106649539584093	26	8	0.192840117690945	0.138367904121731	0.407671328006078
ARV1	cholesterol/isoprenoid	Tier 1	ENSG00000173409	85	59	0.0235992154942627	-0.00903263787722063	0.0326318533714833	0.0638245707837248	-0.0119576083670269	0.163166417459446	2909	0.16011964107677	0.103317432673583	0.0199487977417359	0.209388646403536	71	55	0.0087305812951511	0.360224708000644	26	8	0.258952342873896	0.1001151093641	0.415624543974642
SLC25A2	arginine	Tier 1	ENSG00000120329	85	59	-0.0188699535095733	-0.0840198418521421	0.0651498883425688	0.0652904536366526	-0.0145148450585874	0.147802410828789	2909	0.16011964107677	0.103317432673583	0.0508135797287934	0.084262143716568	71	55	0.0150823853707792	0.257897835570447	26	8	-0.00901116583931555	0.95143897231668	0.415624543974642
GLYATL2	serine/glycine/one-carbon	Tier 1	ENSG00000156689	85	59	-0.0922987075762897	-0.12087707564366	0.0285783680673701	0.0673902765229105	-0.0145180760697181	0.154553166563762	2908	0.159720837487537	0.104180275488174	0.0166167174142958	0.274500687026979	71	55	0.0168546311466419	0.313263289134751	26	8	0.286812230087963	0.16130486426762	0.416721101952695
RXRB	cholesterol/isoprenoid;fatty-acid synthesis;glycolysis	Tier 2	ENSG00000204231	85	59	0.15851323776964	0.10553112092109	0.0529821168485495	0.0480295220056397	-0.00790213366286289	0.106113101916433	2908	0.159720837487537	0.104180275488174	0.056948732250544	0.0712849825510953	71	55	0.108957068661646	0.0111420369925595	26	8	-0.050812735023675	0.699719586564903	0.416721101952695
NR1H4	cholesterol/isoprenoid	Tier 1	ENSG00000012504	85	59	0.107485634732929	0.13432964300229	-0.026844008269361	-0.0562183769047847	-0.122586170320492	0.012160721216183	2109	-0.158923230309073	0.105923127611681	-0.030680454996496	0.101608796287285	71	55	-0.037205967451797	0.174575264020122	26	8	0.0332756229132548	0.47739524671309	0.421305510387868
PARP10	NAD	Tier 1	ENSG00000178685	85	59	-0.114179458655786	-0.00494765497930004	-0.109231803676486	-0.0671270449720646	-0.1471358047231	0.0164918569778024	2109	-0.158923230309073	0.105923127611681	-0.113000816858508	0.0902698769128705	71	55	-0.126439170511318	0.0370091762313637	26	8	-0.0464275538183945	0.760747580347756	0.421305510387868
OSBP	sphingolipid	Tier 1	ENSG00000110048	85	59	-0.242723491217258	-0.319051019406839	0.0763275281895807	0.0648666580107922	-0.0133418334867064	0.13712989136637	2905	0.15852442671984	0.106803183718593	0.078402240871581	0.141412920051386	71	55	0.065159759766347	0.0954057950447232	26	8	0.0864070540297655	0.640572271580656	0.422426037564854
TSPOAP1	glutamine/glutamate	Tier 1	ENSG00000005379	85	59	0.0333696542572684	0.0779313433077828	-0.0445616890505144	-0.0481161042319657	-0.104373942323704	0.0114395264086952	2110	-0.15852442671984	0.106803183718593	-0.0379184785356276	0.13599793527056	71	55	-0.0202006815547084	0.352529520346205	26	8	-0.0630385886421674	0.281973201045743	0.422426037564854
CYP4V2	cholesterol/isoprenoid	Tier 1	ENSG00000145476	85	59	-0.0800601814392372	-0.12684106436333	0.046780882924093	0.0485660582822519	-0.00984782950676935	0.109837867673768	2903	0.157726819541376	0.108580672744578	0.0439039529905234	0.141412920051386	71	55	0.0248897679967292	0.274823619171093	26	8	0.114000662021256	0.138367904121731	0.428208174401642
ASS1	arginine;glutamine/glutamate	Tier 1	ENSG00000130707	85	59	0.00998742932960727	0.038865465646558	-0.0288780363169507	-0.0496087182806318	-0.115156597279123	0.0123929788240581	2113	-0.157328015952144	0.109478152237247	-0.0325753139628573	0.102460280767654	71	55	-0.076285956381491	0.0352618193014336	26	8	0.0481293464227456	0.36098085015453	0.428208174401642
AUH	BCAA	Tier 1;Tier 2	ENSG00000148090	85	59	-0.0894305286665846	0.00093913889469438	-0.090369667561279	-0.0499106414465035	-0.109923196466705	0.0149935408604112	2113	-0.157328015952144	0.109478152237247	-0.0848543424925609	0.130744461429266	71	55	-0.0670498063213005	0.394775027671459	26	8	-0.191035180879857	0.0330484168246057	0.428208174401642
TAS2R16	glutamine/glutamate	Tier 1	ENSG00000128519	85	59	0.178816517310061	0.153801097726317	0.025015419583744	0.0391623426771193	-0.00886968992812808	0.0865524896987044	2902	0.157328015952144	0.109478152237247	0.028733071665956	0.0700198414744517	71	55	0.02981307746827	0.0622785904126792	26	8	-0.0815380547422375	0.611804938252237	0.428208174401642
ENO1	glycolysis	Tier 1;Tier 2	ENSG00000074800	85	59	-0.398187825253754	-0.325888359854049	-0.072299465399705	-0.0647785164792102	-0.143674457949048	0.0144069238379252	2114	-0.156929212362911	0.110381486031506	-0.072299465399705	0.162284754219907	71	55	-0.038685436806226	0.608946614215415	26	8	-0.236204476322529	0.0269187221199446	0.430548779769299
ACSM6	fatty-acid oxidation	Tier 1	ENSG00000173124	85	59	-0.0406469937294193	-0.0726760060948604	0.0320290123654411	0.04762588119674	-0.010365167713757	0.112454973199353	2900	0.156530408773679	0.111290697311138	0.0320290123654411	0.133877315360948	71	55	0.0238204171778187	0.249711762497119	26	8	0.04862204759338	0.405240820459417	0.431710067591559
MRPL34	OXPHOS	Tier 2	ENSG00000130312	85	59	-0.715019554073969	-0.652632690974197	-0.062386863099772	-0.0700921193730401	-0.155351046939736	0.0192536086583759	2115	-0.156530408773679	0.111290697311138	-0.058559193598225	0.128687688394905	71	55	-0.071635901318974	0.0757716901500372	26	8	-0.0124367744596735	0.556063538525548	0.431710067591559
TAS2R43	glutamine/glutamate	Tier 1	ENSG00000255374	85	59	0.158210599397313	0.0450391320489479	0.113171467348365	0.0817881054444368	-0.0226683980833447	0.184619210392617	2899	0.156131605184447	0.112205809216159	0.113092953962623	0.176137657083488	71	55	0.0981433643767474	0.268389653633849	26	8	0.412267298430975	0.0920086902528621	0.434067404419773
ENOPH1	methionine	Tier 1	ENSG00000145293	85	59	0.0691657864265754	0.0143673645326982	0.0547984218938772	0.0539808552209529	-0.0107023808600843	0.117048661063902	2898	0.155732801595214	0.113126844841382	0.0547984218938772	0.114986779397026	71	55	0.0518436837375752	0.152305960598482	26	8	-0.0697465238280861	0.919153761667732	0.436434712885332
DBI	fatty-acid oxidation	Tier 1	ENSG00000155368	85	59	0.000124009879730675	0.038230470956156	-0.0381064610764254	-0.057745907507556	-0.119825559030978	0.0147696395750235	2119	-0.15493519441675	0.114986779397026	-0.037254533333206	0.148127842254877	71	55	-0.0218388149924048	0.184133729068472	26	8	-0.126107839209755	0.1001151093641	0.442401450977112
PPP2CB	glycolysis	Tier 2	ENSG00000104695	85	59	-0.0331288889378696	0.0133961972491424	-0.0465250861870121	-0.0539539348802943	-0.116323772224295	0.0120405147999888	2120	-0.154536390827517	0.11592572427807	-0.0514676532809964	0.0785821796656624	71	55	-0.0325761504034359	0.144029772877134	26	8	-0.214378040950941	0.0647043508389117	0.444801963806075
MTFMT	folate;serine/glycine/one-carbon	Tier 1	ENSG00000103707	85	59	-0.399651965464967	-0.320768922740001	-0.0788830427249664	-0.0541255488544669	-0.122407350565175	0.0148306871599219	2121	-0.154137587238285	0.116870684777654	-0.079527620186836	0.11592572427807	71	55	-0.051446608477349	0.239736826782068	26	8	-0.229759697893258	0.0647043508389117	0.446003802448775
TNRC6C	cholesterol/isoprenoid	Tier 2	ENSG00000078687	85	59	-0.0128983133461992	-0.0531094683764724	0.0402111550302732	0.0516779792607718	-0.0130467980841584	0.119136206835203	2894	0.154137587238285	0.116870684777654	0.050279884360348	0.0669374531596274	71	55	0.0207696355156436	0.211507809398121	26	8	0.0715413900625763	0.0330484168246057	0.446003802448775
SLC2A1	glucose transport	Tier 1	ENSG00000117394	85	59	-0.414491325283518	-0.474146893822969	0.059655568539451	0.0746449543001816	-0.0174402616745581	0.159508102037655	2893	0.153738783649053	0.117821683742853	0.071713661277868	0.0910444981557054	71	55	0.059655568539451	0.108802416952365	26	8	-0.0134494538008695	0.823302467507629	0.448421071280078
ASMT	tryptophan	Tier 1	ENSG00000196433	85	59	-0.256088648203622	-0.282644763353736	0.026556115150114	0.0502105917710536	-0.0103522221879945	0.12099950590082	2892	0.153339980059821	0.118778743966814	0.026978805974061	0.104180275488174	71	55	0.048862020435855	0.0765863484581671	26	8	0.079825318663025	0.47739524671309	0.448437397008401
CPT1A	OXPHOS;fatty-acid oxidation	Tier 1;Tier 2	ENSG00000110090	85	59	0.119596090937363	0.141017651073641	-0.021421560136278	-0.0632365771537743	-0.138761456274283	0.0165067079783847	2123	-0.153339980059821	0.118778743966814	-0.021421560136278	0.124649660991761	71	55	-0.021421560136278	0.148123712636521	26	8	0.0045445523740105	1	0.448437397008401
TAS2R20	glutamine/glutamate	Tier 1	ENSG00000255837	85	59	0.0787856771933028	0.164457781265639	-0.0856721040723358	-0.066476400390251	-0.148307370929815	0.015476911513689	2123	-0.153339980059821	0.118778743966814	-0.0702043716231578	0.121686519282657	71	55	-0.0585581256377265	0.235826580230837	26	8	-0.187699113529588	0.0489421815821301	0.448437397008401
DCN	glycolysis	Tier 2	ENSG00000011465	85	59	-0.0232855696589678	-0.0619580408332476	0.0386724711742799	0.0588580056048213	-0.0141907073987723	0.13381475844945	2890	0.152542372881356	0.120711139085064	0.0433728166823778	0.110381486031506	71	55	0.0198582835774469	0.239736826782068	26	8	0.203444705560353	0.200933413709765	0.453308852096038
SQLE	cholesterol/isoprenoid	Tier 1;Tier 2	ENSG00000104549	85	59	-0.368680618260544	-0.427201700430846	0.0585210821703021	0.0696516850310679	-0.0218201039960906	0.157484348947419	2890	0.152542372881356	0.120711139085064	0.0801008536366515	0.0849949349188649	71	55	0.086381191269804	0.0437167440922663	26	8	-0.157570391510223	0.319883420415998	0.453308852096038
ARSL	sphingolipid	Tier 1	ENSG00000157399	85	59	-0.034605119948391	-0.0580929944487878	0.0234878745003968	0.0515068384753079	-0.0148394726084574	0.130574454034326	2889	0.152143569292124	0.121686519282657	0.0234878745003968	0.113126844841382	71	55	0.0284012308689252	0.176142086228659	26	8	0.0580584921501922	0.319883420415998	0.455759589461834
COX5A	OXPHOS	Tier 1;Tier 2	ENSG00000178741	85	59	-0.231196255964432	-0.159302916626662	-0.07189333933777	-0.0649362763032058	-0.149807501112602	0.0203612541054081	2128	-0.151345962113659	0.123655757766225	-0.06392966115388	0.128687688394905	71	55	-0.111541285552066	0.0741635864350398	26	8	0.113272060204929	0.340034249467904	0.459478763068185
H2AC15	arginine	Tier 2	ENSG00000275221	85	59	-1.17140666876816	-1.33045060740817	0.15904393864001	0.109397174755252	-0.0341568931324355	0.261703975142424	2887	0.151345962113659	0.123655757766225	0.1263086730267	0.184056059628348	71	55	0.1344127791823	0.0816254531886062	26	8	-0.0620426777406951	0.791857490811325	0.459478763068185
PARP6	NAD	Tier 1	ENSG00000137817	85	59	-0.069195364378749	-0.00145299294568255	-0.0677423714330665	-0.0529581717445731	-0.124859907586149	0.0133728853031499	2128	-0.151345962113659	0.123655757766225	-0.0719167785950259	0.0934004730734814	71	55	-0.0391555818132855	0.235826580230837	26	8	-0.198830902008499	0.0298485359481618	0.459478763068185
MVK	cholesterol/isoprenoid	Tier 1;Tier 2	ENSG00000110921	85	59	-0.524995111649662	-0.558724915858772	0.03372980420911	0.0686429900456042	-0.0158245776676958	0.16766043161846	2883	0.14975074775673	0.127668774888606	0.0188208004668429	0.169735328156417	71	55	0.00990108268133705	0.578314209118661	26	8	0.341879532847528	0.00882672500133459	0.47190657105422
ATP4B	OXPHOS	Tier 1	ENSG00000186009	85	59	-0.164437184998809	-0.133135549344596	-0.031301635654213	-0.0556243425562164	-0.135416128839478	0.0158294711840493	2132	-0.14975074775673	0.127668774888606	-0.033393389661019	0.103317432673583	71	55	-0.04234551658963	0.11098952772735	26	8	-0.0487049536281467	0.791857490811325	0.47190657105422
COPB2	glycolysis	Tier 2	ENSG00000184432	85	59	-1.63799504420862	-1.7299620586557	0.0919670144470723	0.110994842764745	-0.0335026706727454	0.27250165120319	2881	0.148953140578265	0.12971290989872	0.09249795725527	0.158653284648643	71	55	0.15190869875269	0.0665363657750644	26	8	-0.052979615797855	0.47739524671309	0.476965179106752
DERA	PPP	Tier 1	ENSG00000023697	85	59	-0.0512268184278545	-0.0668731416131925	0.015646323185338	0.0595043761335321	-0.0185060027958689	0.14021154563481	2881	0.148953140578265	0.12971290989872	0.0360677406901416	0.100762955718216	71	55	0.0250210838560131	0.0765863484581671	26	8	-0.00190057234928365	0.983804096811716	0.476965179106752
SLC39A10	zinc	Tier 1	ENSG00000196950	85	59	-0.35318069027616	-0.381503430574267	0.028322740298107	0.0672801334414887	-0.0219262170545602	0.165413222869685	2880	0.148554336989033	0.130744461429266	0.028322740298107	0.133877315360948	71	55	0.028322740298107	0.168411941861414	26	8	-0.0465394373923176	0.855033778939491	0.477031471674736
MOV10	cholesterol/isoprenoid	Tier 2	ENSG00000155363	85	59	-0.0919650397538759	-0.0437175765312201	-0.0482474632226558	-0.0514553542429809	-0.119789408024921	0.0151642730566059	2135	-0.148554336989033	0.130744461429266	-0.0370503191128328	0.167223828598668	71	55	0.0071460036168214	0.719529127603918	26	8	-0.142694581149162	0.0489421815821301	0.477031471674736
NDUFA11	OXPHOS	Tier 1	ENSG00000174886	85	59	-0.579552465025959	-0.497579283480062	-0.0819731815458972	-0.0690867183728798	-0.154818647152893	0.0222164175336055	2135	-0.148554336989033	0.130744461429266	-0.0622355184900191	0.200678099502097	71	55	-0.0660597962600219	0.3349821802267	26	8	-0.0456528228279725	0.340034249467904	0.477031471674736
ASAH1	sphingolipid	Tier 1	ENSG00000104763	85	59	0.0235454799561937	-0.054651493145284	0.0781969731014777	0.0661938761643862	-0.0233703498514323	0.150547391803834	2879	0.148155533399801	0.131782364942208	0.0885450273248784	0.391365504071398	71	55	0.0803019086557461	0.23004617297374	26	8	0.0983757969573984	0.405240820459417	0.478346270689968
PRMT7	arginine	Tier 2	ENSG00000132600	85	59	-0.212615066967271	-0.158515495769275	-0.054099571197996	-0.0505268687981282	-0.121153368277394	0.0181607902623598	2136	-0.148155533399801	0.131782364942208	-0.054099571197996	0.131782364942208	71	55	-0.060834406207976	0.0973763327869033	26	8	0.0438392204229405	0.919153761667732	0.478346270689968
COL5A1	glycolysis	Tier 2	ENSG00000130635	85	59	-0.111393386488155	-0.0688872367800728	-0.0425061497080821	-0.0535819333422323	-0.128990204642212	0.0162432115943073	2137	-0.147756729810568	0.132826642318123	-0.0527863756812311	0.109478152237247	71	55	-0.0710224590535551	0.0412119108983555	26	8	0.0525658329054927	0.36098085015453	0.478446987125484
GMPPA	glycolysis	Tier 2	ENSG00000144591	85	59	0.0946533495531945	0.0513815169739807	0.0432718325792138	0.0497151611342499	-0.0159950034758505	0.115763055124904	2878	0.147756729810568	0.132826642318123	0.0398657993866477	0.202111195641247	71	55	0.0280458946693225	0.392048226866208	26	8	0.038925135623718	0.382718791715432	0.478446987125484
PBRM1	arginine	Tier 2	ENSG00000163939	85	59	-0.00969648045195236	-0.0509109272630228	0.0412144468110705	0.0505436329770857	-0.0127531128288498	0.118273597841717	2878	0.147756729810568	0.132826642318123	0.0412144468110705	0.165978597608012	71	55	0.0612095477284134	0.0782370893441537	26	8	-2.94327033097813e-05	0.760747580347756	0.478446987125484
ENO2	glycolysis	Tier 1;Tier 2	ENSG00000111674	85	59	-0.0324537638018261	-0.0870745685902729	0.0546208047884468	0.0435553216803325	-0.0150115151995054	0.100987348896614	2877	0.147357926221336	0.133877315360948	0.0546208047884468	0.157456565508812	71	55	0.0656358333205307	0.140023149295338	26	8	-0.0481376573555896	0.640572271580656	0.478569036176352
MTX2	OXPHOS	Tier 2	ENSG00000128654	85	59	-0.143180689827527	-0.21010346512945	0.066922775301923	0.0670828283643083	-0.0197352598221143	0.14956419624227	2877	0.147357926221336	0.133877315360948	0.066922775301923	0.14699207909878	71	55	0.089959126411955	0.0485496535595417	26	8	-0.251782912527411	0.0708097817375973	0.478569036176352
SDHAF2	OXPHOS;TCA	Tier 1;Tier 2	ENSG00000167985	85	59	-0.163077072715902	-0.206459779870396	0.043382707154494	0.0558810369917553	-0.0167820413249557	0.131910885135305	2877	0.147357926221336	0.133877315360948	0.043382707154494	0.168476065901348	71	55	0.029500939764899	0.626270666506243	26	8	0.247934181800816	0.0365375040413468	0.478569036176352
UQCRC2	OXPHOS	Tier 1;Tier 2	ENSG00000140740	85	59	-0.572046126497204	-0.532792784521451	-0.039253341975753	-0.0594983313025189	-0.144066595662354	0.0196629461231877	2139	-0.146959122632104	0.134934405796428	-0.039253341975753	0.142515533660185	71	55	-0.063042397671516	0.0352618193014336	26	8	0.0605722849557305	0.319883420415998	0.481129749961002
SAR1B	cholesterol/isoprenoid	Tier 2	ENSG00000152700	85	59	0.0170729985593916	0.0174285233356163	-0.000355524776224702	0.0460552159363116	-0.0151875521247386	0.106454146383856	2875	0.146560319042871	0.13599793527056	0.0182064024287251	0.119741888187271	71	55	0.0394743403540109	0.0105309892122329	26	8	-0.165546570009191	0.0111649418572373	0.481275901258223
TFRC	iron	Tier 1	ENSG00000072274	85	59	-0.126050833626122	-0.199885008248131	0.073834174622009	0.0668710513295084	-0.0190711568821658	0.144374167764938	2875	0.146560319042871	0.13599793527056	0.067103319133009	0.177439453221827	71	55	-0.020256147902628	0.898232528218888	26	8	0.498722931116937	0.00143711091593105	0.481275901258223
GRIA1	glutamine/glutamate	Tier 1	ENSG00000155511	85	59	-0.0143521435891595	0.0331199443522974	-0.0474720879414569	-0.051343560073297	-0.119677134543735	0.0170564236814989	2140	-0.146560319042871	0.13599793527056	-0.0474720879414569	0.143624735464987	71	55	-0.053167616792488	0.182514293049086	26	8	-0.0298713329659138	0.452593620794896	0.481275901258223
NMRK1	NAD	Tier 1	ENSG00000106733	85	59	-0.142325984722003	-0.19492571281862	0.052599728096617	0.0530119964954518	-0.021819867001135	0.128222180917543	2874	0.146161515453639	0.13706792534803	0.056925700896409	0.123655757766225	71	55	0.066907002653061	0.179307143657493	26	8	0.0253330129698625	0.405240820459417	0.482643168557153
PRMT5	arginine	Tier 2	ENSG00000100462	85	59	-1.19009220915134	-1.10318299332773	-0.08690921582361	-0.0664345000214471	-0.159268655182461	0.0209520043765159	2141	-0.146161515453639	0.13706792534803	-0.07626104603992	0.168476065901348	71	55	-0.08616374041497	0.146749302666652	26	8	-0.0902408042626752	0.88700130251839	0.482643168557153
ACOT12	fatty-acid oxidation	Tier 1	ENSG00000172497	85	59	-0.0252303814665246	-0.0140938894481432	-0.0111364920183814	-0.0488146236105481	-0.112481171173045	0.0198843313221619	2142	-0.145762711864407	0.138144397510648	-0.0111364920183814	0.122668051342638	71	55	-0.0048067583140129	0.251741056008535	26	8	-0.044030748523168	0.319883420415998	0.485223605186656
SEC23A	cholesterol/isoprenoid	Tier 2	ENSG00000100934	85	59	0.00574216131941647	-0.0420967950618443	0.0478389563812608	0.0561085505732003	-0.0191381168464402	0.131222227982232	2871	0.144965104685942	0.140316873594777	0.0506436325218835	0.134934405796428	71	55	0.0749062629804836	0.100392994166236	26	8	-0.0407670281487448	0.583624193952907	0.491631328823387
H4C3	arginine	Tier 2	ENSG00000197061	85	59	-0.0995676773235175	-0.0238570512416191	-0.0757106260818984	-0.0465877091165167	-0.1104431466294	0.0133494371521528	2145	-0.14456630109671	0.141412920051386	-0.0661877870680471	0.186753249521823	71	55	-0.0965655951596684	0.245687531640687	26	8	-0.100220519616842	0.16130486426762	0.493024797808783
SDHAF3	OXPHOS;TCA	Tier 1;Tier 2	ENSG00000196636	85	59	-0.0942469272938192	-0.050292189199523	-0.0439547380942962	-0.0572901653842223	-0.134127140608614	0.0183843802867886	2145	-0.14456630109671	0.141412920051386	-0.0406871894703234	0.0990881121093171	71	55	-0.0593562915511884	0.0589049373328164	26	8	-0.0809134191695162	0.583624193952907	0.493024797808783
ACBD7	fatty-acid oxidation	Tier 1	ENSG00000176244	85	59	0.0660919687310872	0.026280980083616	0.0398109886474712	0.0485888301274443	-0.0186725393147859	0.121368732280055	2869	0.144167497507478	0.142515533660185	0.036414713075021	0.246964741597523	71	55	0.0351942358433417	0.213311527096711	26	8	0.0893393826307888	0.52915371486718	0.494427355106095
SLC7A7	amino-acid transport	Tier 1	ENSG00000155465	85	59	0.0848069107330647	0.0613916578458678	0.0234152528871969	0.0435907385105509	-0.0132805316518716	0.101032501795064	2869	0.144167497507478	0.142515533660185	0.0234152528871969	0.13706792534803	71	55	0.0234152528871969	0.23004617297374	26	8	0.0680499920095053	0.556063538525548	0.494427355106095
NAXE	NAD	Tier 1	ENSG00000163382	85	59	-0.0524789553771877	0.0140136100414266	-0.0664925654186143	-0.046093056898034	-0.101647677555938	0.016362231325363	2147	-0.143768693918245	0.143624735464987	-0.0664925654186143	0.143624735464987	71	55	-0.0734434587932357	0.133536733150054	26	8	-0.0616412810995912	0.382718791715432	0.494629576772103
ALDH7A1	BCAA;arginine;glycolysis;tryptophan	Tier 1;Tier 2	ENSG00000164904	85	59	-0.121114947837151	-0.188885933423017	0.0677709855858658	0.0572667472156963	-0.021389983159071	0.131335702338142	2868	0.143768693918245	0.143624735464987	0.074866744741814	0.140316873594777	71	55	0.063293365894991	0.0878409039840644	26	8	-0.0535086472035517	0.300530054314924	0.494629576772103
PLOD2	glycolysis	Tier 2	ENSG00000152952	85	59	0.142512424848117	0.110845944838335	0.0316664800097823	0.0525717011314055	-0.0181784855282594	0.11693582201024	2868	0.143768693918245	0.143624735464987	0.025879102860843	0.167223828598668	71	55	0.00703856478495402	0.27052271252047	26	8	0.0528786739450313	0.231035010974767	0.494629576772103
CERK	sphingolipid	Tier 1	ENSG00000100422	85	59	-0.147457676650588	-0.184789150403139	0.0373314737525513	0.0455891931938757	-0.0151480050103918	0.106727200294648	2866	0.142971086739781	0.145862987374527	0.044808270451325	0.0966175865335038	71	55	0.048231459858335	0.0514232949265894	26	8	-0.0166031072482001	0.919153761667732	0.499899364497165
HMGCS1	BCAA;cholesterol/isoprenoid	Tier 1;Tier 2	ENSG00000112972	85	59	-1.5327623680286	-1.6270776251278	0.0943152570991979	0.10136199358172	-0.0389086078237051	0.24993395982808	2866	0.142971086739781	0.145862987374527	0.08380644885631	0.128687688394905	71	55	0.08050635920349	0.140023149295338	26	8	-0.026075830856455	0.823302467507629	0.499899364497165
CBLIF	vitamin B12	Tier 1	ENSG00000134812	85	59	0.00651064088849174	0.0503740794974301	-0.0438634386089384	-0.0435731685160827	-0.111065759612339	0.0168516385318858	2150	-0.142572283150548	0.14699207909878	-0.0438634386089384	0.172275001443881	71	55	-0.0423027908185553	0.231961672905078	26	8	-0.147427749346306	0.173799371292493	0.50254919052658
BHMT	methionine;serine/glycine/one-carbon	Tier 1	ENSG00000145692	85	59	-0.0658176728626009	-0.103981322284847	0.0381636494222457	0.0609396499664985	-0.0200764660176425	0.146124656438735	2864	0.142173479561316	0.148127842254877	0.0381636494222457	0.149270297408943	71	55	0.0778903845745822	0.0860273065721358	26	8	-0.112432519855426	0.699719586564903	0.502780079961266
MMADHC	vitamin B12	Tier 1	ENSG00000168288	85	59	-0.035675019599755	0.0477731709912448	-0.0834481905909998	-0.0628616829683822	-0.135641822611712	0.0218357420738421	2151	-0.142173479561316	0.148127842254877	-0.0845611888455135	0.13599793527056	71	55	-0.108004606462704	0.171472874048085	26	8	-0.0341836918722092	0.983804096811716	0.502780079961266
PPM1K	BCAA	Tier 1;Tier 2	ENSG00000163644	85	59	0.0158650157615759	-0.0216064529013956	0.0374714686629715	0.047846556287777	-0.0177287781154448	0.118563826786524	2864	0.142173479561316	0.148127842254877	0.0242621154634733	0.177439453221827	71	55	0.0270017532362727	0.315629667719305	26	8	0.144250294067786	0.0489421815821301	0.502780079961266
GAMT	arginine;serine/glycine/one-carbon	Tier 1	ENSG00000130005	85	59	-0.0235832569174119	0.0312877742813087	-0.0548710311987206	-0.0457544791836396	-0.105136588536222	0.0177666694473669	2152	-0.141774675972084	0.149270297408943	-0.0486090002013051	0.171001633876306	71	55	-0.0343834713251346	0.306234401397732	26	8	-0.0202965290927338	0.502922621667626	0.503030214657344
GCH1	folate	Tier 1	ENSG00000131979	85	59	0.126977132553134	0.07696483290723	0.0500122996459039	0.0442018129697118	-0.0173243848333223	0.110623572272495	2863	0.141774675972084	0.149270297408943	0.047954720129846	0.130744461429266	71	55	0.0602442896665304	0.185763779662298	26	8	0.00917307385677238	0.823302467507629	0.503030214657344
GPX8	cholesterol/isoprenoid	Tier 2	ENSG00000164294	85	59	-0.0804948491582537	-0.0421266173054842	-0.0383682318527694	-0.0452438768152431	-0.104647899278437	0.0198529743518915	2152	-0.141774675972084	0.149270297408943	-0.0480216590938646	0.139227373155782	71	55	-0.0741769121506742	0.11098952772735	26	8	-0.0258811186839112	0.556063538525548	0.503030214657344
ARSJ	sphingolipid	Tier 1	ENSG00000180801	85	59	0.00737991704961019	0.0979365971617279	-0.0905566801121177	-0.0548296978295612	-0.130168773315194	0.0208056971590776	2153	-0.141375872382851	0.150419465026764	-0.089095464049407	0.110381486031506	71	55	-0.0548538894827426	0.506647319513392	26	8	-0.103744323351558	0.340034249467904	0.505695915756645
GPT	OXPHOS;glutamine/glutamate	Tier 1	ENSG00000167701	85	59	-0.116550447314497	-0.0693601454821447	-0.0471903018323518	-0.0506029131268493	-0.123996051901309	0.0188348473479976	2154	-0.140977068793619	0.151575365472186	-0.0440054502698572	0.178748401121382	71	55	-0.0372041113932692	0.166896940821889	26	8	0.0843713346293331	0.611804938252237	0.505967886635287
SLC36A1	amino-acid transport	Tier 1	ENSG00000123643	85	59	-0.00315595757508567	0.041316323801207	-0.0444722813762927	-0.0395419965996808	-0.0942489127252648	0.0133912461662561	2154	-0.140977068793619	0.151575365472186	-0.0337128228886055	0.19642333152078	71	55	-0.0465116043811244	0.126062773979394	26	8	-0.00667727699789496	0.556063538525548	0.505967886635287
SURF1	OXPHOS	Tier 1;Tier 2	ENSG00000148290	85	59	-0.148210752604414	-0.116223769985679	-0.0319869826187349	-0.0513926589490336	-0.123467558287726	0.01859953655252	2154	-0.140977068793619	0.151575365472186	-0.031696324550415	0.171001633876306	71	55	-0.023547450834043	0.264158268093104	26	8	-0.135721432222129	0.919153761667732	0.505967886635287
ESYT1	sphingolipid	Tier 1	ENSG00000139641	85	59	-0.0535118317053561	-0.0897455977921307	0.0362337660867746	0.0474616518768996	-0.0153456764049803	0.109163402851976	2859	0.140179461615155	0.15390744578183	0.0348201452576122	0.156266699148541	71	55	0.0543550382988469	0.173018870628633	26	8	0.112331312117467	0.118030006895741	0.512540833594206
HCCS	OXPHOS	Tier 1;Tier 2	ENSG00000004961	85	59	-0.341823444613923	-0.317160214901647	-0.024663229712276	-0.054949706530584	-0.130281689079078	0.0203429173776702	2157	-0.139780658025922	0.155083665849526	-0.024663229712276	0.178748401121382	71	55	-0.035678093499632	0.0556844239004099	26	8	0.110781596009581	0.640572271580656	0.515242673363602
HSD3B7	cholesterol/isoprenoid	Tier 1	ENSG00000099377	85	59	-0.0746049146850122	-0.0211427391317438	-0.0534621755532684	-0.0412222252931371	-0.0965511533454337	0.0165927442459258	2159	-0.138983050847458	0.157456565508812	-0.0547448667432019	0.149270297408943	71	55	-0.063639435663675	0.14134905061635	26	8	0.0195499463061259	0.919153761667732	0.52067604332188
TGS1	cholesterol/isoprenoid	Tier 2	ENSG00000137574	85	59	-0.396594392650492	-0.485874953770063	0.0892805611195706	0.0714041480553308	-0.028082675594941	0.168946664517115	2856	0.138983050847458	0.157456565508812	0.069575340561201	0.185401027055264	71	55	0.045740222541994	0.347457632708685	26	8	0.187192934673058	0.264209380233026	0.52067604332188
ATP5F1A	OXPHOS	Tier 1;Tier 2	ENSG00000152234	85	59	-0.84692836402953	-0.794088447296154	-0.0528399167333751	-0.0690399617799544	-0.159957805939344	0.0289764253041473	2160	-0.138584247258225	0.158653284648643	-0.0528399167333751	0.190853613407555	71	55	-0.0528399167333751	0.318007755910628	26	8	-0.0347457022399365	0.88700130251839	0.523407565242719
ECHS1	BCAA;OXPHOS;fatty-acid oxidation;tryptophan	Tier 1;Tier 2	ENSG00000127884	85	59	-0.0904463595620753	-0.00994711855943677	-0.0804992410026386	-0.0497860670776962	-0.125976156142453	0.0261733217045462	2161	-0.138185443668993	0.159856876173079	-0.0674789707640504	0.189479526224636	71	55	-0.096356458033478	0.457620075310443	26	8	-0.0513494399491968	0.281973201045743	0.526148972392511
ACACB	cholesterol/isoprenoid	Tier 2	ENSG00000076555	85	59	0.0703026522307165	0.0928810235278153	-0.0225783712970988	-0.0435216875474749	-0.111592066190953	0.017703766265125	2162	-0.137786640079761	0.161067359572282	-0.0225783712970988	0.193623766649813	71	55	-0.0177091891428304	0.264158268093104	26	8	-0.0971591215628648	0.556063538525548	0.526451647490885
POMC	cholesterol/isoprenoid	Tier 1	ENSG00000115138	85	59	0.0267124675014362	-0.00787205762249094	0.0345845251239271	0.0485866398475836	-0.0218126153307788	0.119918519483503	2853	0.137786640079761	0.161067359572282	0.0345845251239271	0.14474054641726	71	55	0.0285886195521464	0.195768639433228	26	8	0.0908504458709239	0.823302467507629	0.526451647490885
SAP30	glycolysis	Tier 2	ENSG00000164105	85	59	-0.0203819176659707	-0.00349069529537496	-0.0168912223705957	-0.0453431464276809	-0.110191312694693	0.017597705287276	2162	-0.137786640079761	0.161067359572282	-0.0168912223705957	0.169735328156417	71	55	-0.0164264781114891	0.342432408904139	26	8	-0.142596382891776	0.0444634891447178	0.526451647490885
NDUFS3	OXPHOS	Tier 1;Tier 2	ENSG00000213619	85	59	-0.42329016545019	-0.380322041493741	-0.042968123956449	-0.0519556209688613	-0.123259967257103	0.0208240255208822	2163	-0.137387836490528	0.162284754219907	-0.035085820814701	0.193623766649813	71	55	-0.059897503662543	0.0331770652503232	26	8	0.274052128070647	0.053793571342494	0.529205711220574
MKLN1	OXPHOS	Tier 1	ENSG00000128585	85	59	-0.273406387519516	-0.35203862507784	0.078632237558324	0.05924216711059	-0.0227456856358651	0.132270978340213	2851	0.136989032901296	0.16350907937147	0.078389669650258	0.210866631646613	71	55	0.069887058675543	0.327637198556253	26	8	0.198711989735418	0.173799371292493	0.53074671281038
PDK1	OXPHOS	Tier 1	ENSG00000152256	85	59	-0.0561057133818967	-0.111857873142342	0.0557521597604456	0.0404210187713247	-0.0197841586836452	0.103295056504566	2851	0.136989032901296	0.16350907937147	0.0607140915521419	0.149270297408943	71	55	0.0756441081822241	0.0319775596219979	26	8	-0.121977422040281	0.149500978394344	0.53074671281038
ABCB6	glycolysis	Tier 2	ENSG00000115657	85	59	0.0271032885573255	-0.00856101396543612	0.0356643025227616	0.0413284910509533	-0.0195930370387001	0.102416310257855	2850	0.136590229312064	0.164740354162721	0.0464528093491227	0.134934405796428	71	55	0.00904652243355562	0.425520374726393	26	8	0.152433068981159	0.405240820459417	0.53229606425117
SLC25A22	OXPHOS	Tier 1	ENSG00000177542	85	59	-0.0897927047437558	-0.0286873606050253	-0.0611053441387305	-0.0483577639178397	-0.118296569822784	0.0189676400666853	2165	-0.136590229312064	0.164740354162721	-0.0426165263386239	0.258764040587873	71	55	-0.0515220909946376	0.303914848818572	26	8	-0.153597455107002	0.187003126910017	0.53229606425117
PFKFB2	glycolysis	Tier 2	ENSG00000123836	85	59	-0.0716280656014996	-0.138330710936367	0.0667026453348671	0.0517084989294243	-0.0220836642785617	0.127339149273866	2849	0.136191425722832	0.165978597608012	0.0667026453348671	0.176137657083488	71	55	0.0620845043784021	0.177719368968441	26	8	0.0923447786201621	0.452593620794896	0.535072556672405
MFSD2B	sphingolipid	Tier 1	ENSG00000205639	85	59	-0.052071761176386	-0.0808929290684195	0.0288211678920335	0.048530165543838	-0.0210037603768274	0.124911654094598	2848	0.135792622133599	0.167223828598668	0.0288211678920335	0.186753249521823	71	55	0.0349134846624823	0.274823619171093	26	8	0.178825860046245	0.319883420415998	0.536636468139362
SPTLC3	sphingolipid	Tier 1	ENSG00000172296	85	59	0.0756232907553252	0.053541060357621	0.0220822303977042	0.0522434194694089	-0.0207812047075597	0.128957734354767	2848	0.135792622133599	0.167223828598668	0.0261914308863069	0.192235021520188	71	55	0.0221855799513311	0.202654496701083	26	8	0.0215303424634012	0.452593620794896	0.536636468139362
SLC25A12	OXPHOS	Tier 1;Tier 2	ENSG00000115840	85	59	0.0519231750321972	-0.0136275824970363	0.0655507575292335	0.0464925907549921	-0.0216022135235793	0.110447097642932	2846	0.134995014955135	0.169735328156417	0.0723084113261606	0.143624735464987	71	55	0.099917121658498	0.0463489517754779	26	8	-0.0300827732909556	0.231035010974767	0.541007411640769
SLC33A1	sphingolipid	Tier 1	ENSG00000169359	85	59	-0.115831643301555	-0.158498934210104	0.0426672909085489	0.0587617811032664	-0.0253215710834656	0.139907556940125	2846	0.134995014955135	0.169735328156417	0.05339904306269	0.141412920051386	71	55	0.0944945123278355	0.146749302666652	26	8	0.0756591545709705	0.428536792061782	0.541007411640769
COX4I2	OXPHOS	Tier 1	ENSG00000131055	85	59	-0.176337558467897	-0.145240788687397	-0.0310967697805	-0.0448001837888201	-0.118422588713944	0.0207997215930535	2169	-0.134995014955135	0.169735328156417	-0.00912578144640722	0.285347856824209	71	55	-0.011748051939553	0.58844433038713	26	8	-0.135604076647506	0.1001151093641	0.541007411640769
ARSK	sphingolipid	Tier 1	ENSG00000164291	85	59	-0.0232862583467667	-0.0876548069424297	0.064368548595663	0.0721932341428617	-0.0306377879901349	0.167622759905853	2843	0.133798604187438	0.173555449110801	0.064368548595663	0.292738228129561	71	55	0.0615711777591198	0.0869302874779995	26	8	0.256217818937804	0.452593620794896	0.550697290212251
TAS2R39	glutamine/glutamate	Tier 1	ENSG00000236398	85	59	0.0209190316381046	-0.0453452866302649	0.0662643182683695	0.0512066428375189	-0.0239745871505477	0.129913232198908	2843	0.133798604187438	0.173555449110801	0.0652509274024244	0.133877315360948	71	55	0.0754963537837192	0.169937241984725	26	8	0.060163886275583	0.215606006559306	0.550697290212251
ARID1B	arginine	Tier 2	ENSG00000049618	85	59	-0.0191093708356075	0.02623090883174	-0.0453402796673475	-0.0572113015363207	-0.135930336515297	0.021713870735453	2173	-0.133399800598205	0.174842994995889	-0.0453402796673475	0.130744461429266	71	55	-0.0453402796673475	0.209715143270096	26	8	-0.146548265528866	0.502922621667626	0.552300467414308
MTMR7	riboflavin	Tier 1	ENSG00000003987	85	59	-0.011878921833347	-0.107359029713567	0.0954801078802204	0.0507515177484982	-0.0235691311048192	0.124265717072826	2842	0.133399800598205	0.174842994995889	0.0954801078802204	0.151575365472186	71	55	0.0958434263806274	0.0878409039840644	26	8	-0.0125211945479051	0.919153761667732	0.552300467414308
ALDH3B2	glycolysis;sphingolipid	Tier 1	ENSG00000132746	85	59	0.107508204079398	0.0371804787768761	0.0703277253025221	0.0505495224928867	-0.0208146179144524	0.117467156510757	2841	0.133000997008973	0.176137657083488	0.0749621903628044	0.16350907937147	71	55	0.0838623225968204	0.0983737306233158	26	8	-0.0404542895886114	0.502922621667626	0.552680826226412
HIGD1A	OXPHOS	Tier 1	ENSG00000181061	85	59	0.018828018595802	-0.0214444306864687	0.0402724492822707	0.0539185698603922	-0.020882319352491	0.135763487308255	2841	0.133000997008973	0.176137657083488	0.0366221074251238	0.216854021524544	71	55	0.026656469382748	0.342432408904139	26	8	0.13535380032928	0.084438190880557	0.552680826226412
RTEL1	iron	Tier 1	ENSG00000258366	85	59	-0.293934418375305	-0.232254377067504	-0.061680041307801	-0.0562584861162743	-0.142298502577391	0.0288676902108747	2174	-0.133000997008973	0.176137657083488	-0.078232204928756	0.171001633876306	71	55	-0.04175717394937	0.357648009710801	26	8	-0.103436110263129	0.200933413709765	0.552680826226412
GLYATL1	serine/glycine/one-carbon	Tier 1	ENSG00000166840	85	59	0.125337741375839	0.0876887403931456	0.0376490009826934	0.046930504517162	-0.0249896544080405	0.118995086791897	2840	0.132602193419741	0.177439453221827	0.0325256307492369	0.267427698858291	71	55	0.0125674836636153	0.574955816778944	26	8	0.272642157899623	0.340034249467904	0.553078383993861
GRIA4	glutamine/glutamate	Tier 1	ENSG00000152578	85	59	0.00235189026569712	0.0350970695685187	-0.0327451793028216	-0.044359190719867	-0.108626327771424	0.018089856645102	2175	-0.132602193419741	0.177439453221827	-0.0378368853255918	0.195019864726359	71	55	-0.0405452050794082	0.33745390147623	26	8	-0.0226813356008986	0.699719586564903	0.553078383993861
NFS1	OXPHOS;TCA;iron	Tier 1;Tier 2	ENSG00000244005	85	59	-0.776760024244837	-0.757406973402312	-0.019353050842525	-0.0890512880539396	-0.21639930488872	0.0364095033092564	2175	-0.132602193419741	0.177439453221827	-0.019353050842525	0.202111195641247	71	55	-0.051087334536553	0.184133729068472	26	8	-0.0498339291382229	0.823302467507629	0.553078383993861
ACLY	TCA	Tier 1	ENSG00000131473	85	59	-0.391980514973707	-0.334743553114688	-0.0572369618590189	-0.0539851720680337	-0.135255602237454	0.03034617968301	2176	-0.132203389830509	0.178748401121382	-0.057949729281618	0.180064518353244	71	55	-0.069824643290531	0.0582487472306242	26	8	0.0823898525052544	0.95143897231668	0.553492856103929
MDH2	OXPHOS;TCA;glycolysis	Tier 1;Tier 2	ENSG00000146701	85	59	-0.214605866990768	-0.139329794059374	-0.0752760729313939	-0.054582633468754	-0.128068291375721	0.0245683547174627	2176	-0.132203389830509	0.178748401121382	-0.072082167976493	0.161067359572282	71	55	-0.064029521319378	0.306234401397732	26	8	-0.00457901959152049	0.823302467507629	0.553492856103929
LRP2	vitamin B12	Tier 1	ENSG00000081479	85	59	-0.0232102521923666	-0.0530777616799486	0.029867509487582	0.0485049752174226	-0.021398359059545	0.109132034746123	2839	0.132203389830508	0.178748401121382	0.0309535026859306	0.173555449110801	71	55	0.0554215286527847	0.060910424244693	26	8	-0.0763665499286102	0.405240820459417	0.553492856103929
ABCG1	cholesterol/isoprenoid	Tier 2	ENSG00000160179	85	59	0.0233402899074688	-0.0115653731440807	0.0349056630515495	0.0401816383420735	-0.0171887921249999	0.0966299876626527	2838	0.131804586241276	0.180064518353244	0.0349056630515495	0.193623766649813	71	55	0.0401541926736351	0.112096023612283	26	8	-0.0224855650626112	0.88700130251839	0.555133405927468
G6PC1	glycolysis	Tier 1	ENSG00000131482	85	59	0.0657366928733245	0.0146892935577934	0.0510473993155311	0.0558559445493117	-0.0243165132972952	0.137258478505776	2838	0.131804586241276	0.180064518353244	0.0472372132033023	0.204999738096399	71	55	0.0733864940195544	0.132267801262191	26	8	-0.0430562764959333	0.760747580347756	0.555133405927468
CERS3	sphingolipid	Tier 1	ENSG00000154227	85	59	0.0469991495970901	-0.00348779918184557	0.0504869487789357	0.046754913116828	-0.0248058304188507	0.118325701697127	2836	0.131006979062812	0.182718330391475	0.0283193358125204	0.270948377576551	71	55	0.0230116705907881	0.629760782931411	26	8	0.361416196521143	0.0217965773036523	0.562087761465714
ABCC1	sphingolipid;vitamin B12	Tier 1	ENSG00000103222	85	59	-0.015859728412074	-0.0887273875051217	0.0728676590930477	0.0572338553302003	-0.0222672670300567	0.145068500498452	2834	0.130209371884347	0.185401027055264	0.0661802646124716	0.204999738096399	71	55	0.0919390591928366	0.0860273065721358	26	8	-0.115549321781505	0.300530054314924	0.567866052498985
LPAR2	sphingolipid	Tier 1	ENSG00000064547	85	59	0.192731094939049	0.143358462268634	0.049372632670415	0.0495201555064864	-0.026898739717744	0.121422426376841	2834	0.130209371884347	0.185401027055264	0.049372632670415	0.158653284648643	71	55	0.012114766246461	0.47568653416865	26	8	0.109967585553749	0.319883420415998	0.567866052498985
ECH1	OXPHOS;cholesterol/isoprenoid	Tier 2	ENSG00000104823	85	59	-0.0349352087801366	-0.0767036176942064	0.0417684089140699	0.0351614207712272	-0.0172193049938938	0.0934255650285235	2833	0.129810568295115	0.186753249521823	0.0417684089140699	0.155083665849526	71	55	0.0633038472102271	0.123645193833204	26	8	0.0233661133544859	0.760747580347756	0.569536907828971
UQCRB	OXPHOS	Tier 1;Tier 2	ENSG00000156467	85	59	-0.36923356498252	-0.289848314859511	-0.079385250123009	-0.0519215444604239	-0.123376126986837	0.0274175159439154	2182	-0.129810568295115	0.186753249521823	-0.088019605525756	0.164740354162721	71	55	-0.082830372497361	0.174575264020122	26	8	-0.089136934008462	0.855033778939491	0.569536907828971
NDUFB8	OXPHOS	Tier 1;Tier 2	ENSG00000166136	85	59	-0.46720500772184	-0.373077071503565	-0.094127936218275	-0.0524785435173999	-0.133718133858172	0.0241559694211309	2183	-0.129411764705882	0.188112743728425	-0.08338858354768	0.238770804583834	71	55	-0.103984146697125	0.109891672547109	26	8	-0.00585189927563046	0.382718791715432	0.571215471278572
PHYH	OXPHOS	Tier 2	ENSG00000107537	85	59	-0.141981597021687	-0.0508168513512525	-0.0911647456704347	-0.0570312413882079	-0.153619307432857	0.0263233437325928	2183	-0.129411764705882	0.188112743728425	-0.0890880498498817	0.188112743728425	71	55	-0.0146956939550288	0.571606675532239	26	8	-0.220214440682871	0.640572271580656	0.571215471278572
ARSA	sphingolipid	Tier 1	ENSG00000100299	85	59	0.147829784037417	0.164048547250458	-0.016218763213041	-0.0345782271128732	-0.0968025792396814	0.0236481455635011	2184	-0.12901296111665	0.189479526224636	-0.030961799048784	0.169735328156417	71	55	-0.044290150114978	0.176142086228659	26	8	-0.0376769143394705	0.669890044729042	0.571677544934158
H3C2	arginine	Tier 2	ENSG00000286522	85	59	-0.0555701219924816	-0.00507672105039049	-0.0504934009420911	-0.0411096843530518	-0.105042690214443	0.0190547532889437	2184	-0.12901296111665	0.189479526224636	-0.0382019410224791	0.237155306742253	71	55	-0.0387781690477122	0.231961672905078	26	8	-0.0489701647690951	0.452593620794896	0.571677544934158
M6PR	sphingolipid	Tier 1	ENSG00000003056	85	59	0.0349827881763243	0.0140316797496518	0.0209511084266725	0.0447112535349714	-0.0244910887603818	0.120569135599797	2831	0.12901296111665	0.189479526224636	0.0187742534139469	0.221424159771614	71	55	0.0197477427566326	0.166896940821889	26	8	-0.0521549723019518	0.919153761667732	0.571677544934158
GALC	sphingolipid	Tier 1	ENSG00000054983	85	59	0.136305001445037	0.0957654831235086	0.0405395183215285	0.0454182826443094	-0.0224273582641706	0.117692310490269	2830	0.128614157527418	0.190853613407555	0.0405395183215285	0.206455213808279	71	55	0.0555304565202915	0.0807673961036948	26	8	-0.013146897309671	1	0.572155630852374
MVD	cholesterol/isoprenoid	Tier 1;Tier 2	ENSG00000167508	85	59	-0.628813275546095	-0.675042773882722	0.046229498336627	0.0588251579176707	-0.0280257366281459	0.143107745721716	2830	0.128614157527418	0.190853613407555	0.046229498336627	0.207918178488192	71	55	0.0353595430713241	0.34493918432004	26	8	0.279930848280931	0.173799371292493	0.572155630852374
TAS2R14	glutamine/glutamate	Tier 1	ENSG00000212127	85	59	0.0703400243131334	0.0439089491741326	0.0264310751390007	0.0448845714553024	-0.0222820364084716	0.117286149213659	2830	0.128614157527418	0.190853613407555	0.0330874817944227	0.176137657083488	71	55	0.0505429317532703	0.140023149295338	26	8	-0.126276869547981	0.699719586564903	0.572155630852374
MAOA	arginine;serine/glycine/one-carbon;tryptophan	Tier 1	ENSG00000189221	85	59	0.000657197337047666	-0.0537962795642959	0.0544534769013436	0.0481195525821732	-0.0224704135843899	0.118819636087241	2829	0.128215353938185	0.192235021520188	0.0544534769013436	0.224509015090506	71	55	0.0786244440042416	0.0824908916334576	26	8	-0.134903665907329	0.452593620794896	0.574362938045243
ANGPTL3	fatty-acid synthesis	Tier 2	ENSG00000132855	85	59	0.0533206733277708	0.0132028933428066	0.0401177799849642	0.0472992446848047	-0.0247858448977747	0.11731913383688	2828	0.127816550348953	0.193623766649813	0.0274910505221485	0.285347856824209	71	55	0.0153397565750269	0.626270666506243	26	8	0.104392611060536	0.760747580347756	0.574362938045243
HMGCS2	BCAA;cholesterol/isoprenoid	Tier 1	ENSG00000134240	85	59	0.0378215192575098	0.0221563785713045	0.0156651406862053	0.0356854219143598	-0.0196272252636177	0.0934959440530405	2828	0.127816550348953	0.193623766649813	0.0156651406862053	0.152738019005499	71	55	0.0212449760005179	0.162413399545902	26	8	0.0634853489901868	0.791857490811325	0.574362938045243
NUBP1	iron	Tier 1	ENSG00000103274	85	59	-0.520238016525846	-0.559864695571619	0.039626679045773	0.0565495048138114	-0.0296726095979735	0.14929887402869	2828	0.127816550348953	0.193623766649813	0.036547235929921	0.199252433542436	71	55	0.045549069959742	0.397513266854292	26	8	0.184439307491605	0.084438190880557	0.574362938045243
P4HA1	arginine;glycolysis	Tier 1;Tier 2	ENSG00000122884	85	59	-0.0249880119759944	-0.0464372498864255	0.0214492379104311	0.052005555096238	-0.0232968223035422	0.125393227556104	2828	0.127816550348953	0.193623766649813	0.0204772244103745	0.258764040587873	71	55	0.0204772244103745	0.199189825253769	26	8	0.0287336208713084	0.791857490811325	0.574362938045243
ALDH1B1	BCAA;arginine;glycolysis;tryptophan	Tier 1	ENSG00000137124	85	59	0.209807733608522	0.163321463507066	0.046486270101456	0.0441096232733585	-0.0232990619881658	0.104581279136583	2826	0.127018943170488	0.19642333152078	0.044663962514693	0.209388646403536	71	55	0.028977284219909	0.408580226852353	26	8	0.112750268650851	0.47739524671309	0.57834754843172
LARS1	BCAA	Tier 1	ENSG00000133706	85	59	-1.30298138969653	-1.34036236254271	0.03738097284618	0.0525181470091774	-0.0284659513267767	0.139118547067144	2826	0.127018943170488	0.19642333152078	0.03884321110547	0.174842994995889	71	55	0.04156660927971	0.153719836261393	26	8	-0.018232122491205	0.919153761667732	0.57834754843172
ATP6V1G3	OXPHOS;iron	Tier 1	ENSG00000151418	85	59	0.126695798781952	0.115743857943973	0.010951940837979	0.0419820726050908	-0.0226933315605645	0.101954462777328	2825	0.126620139581256	0.197834182643428	0.00873267271687302	0.253660209608865	71	55	0.014381994778437	0.224367245085853	26	8	-0.000426546974261255	0.556063538525548	0.57834754843172
BCKDK	BCAA	Tier 1;Tier 2	ENSG00000103507	85	59	0.0451698856340564	-0.0199455288281356	0.065115414462192	0.0436396585514237	-0.0258183314905635	0.114411172656616	2825	0.126620139581256	0.197834182643428	0.0569333161626705	0.253660209608865	71	55	0.0786779451770103	0.192390720396056	26	8	-0.0540618187514602	0.699719586564903	0.57834754843172
COX4I1	OXPHOS	Tier 1;Tier 2	ENSG00000131143	85	59	-0.477657172554779	-0.41047427525723	-0.0671828972975492	-0.0679486283702071	-0.159321616529346	0.0386907804710525	2190	-0.126620139581256	0.197834182643428	-0.0738050296398675	0.188112743728425	71	55	-0.119941424309647	0.104530564886745	26	8	0.285415166817095	0.200933413709765	0.57834754843172
S1PR5	sphingolipid	Tier 1	ENSG00000180739	85	59	-0.0481487085245675	-0.0200180175643254	-0.0281306909602421	-0.035820927689827	-0.0917326205913209	0.0200568654135514	2190	-0.126620139581256	0.197834182643428	-0.027705586419803	0.287183515121501	71	55	-0.0115996272052581	0.874922903120415	26	8	-0.228450481551826	0.0217965773036523	0.57834754843172
VARS2	BCAA	Tier 1	ENSG00000137411	85	59	-0.586513112071004	-0.531861071336196	-0.0546520407348083	-0.0512863220468956	-0.125087281706037	0.0272113297731545	2190	-0.126620139581256	0.197834182643428	-0.0410517801746495	0.237155306742253	71	55	-0.0681864641204439	0.107721719731482	26	8	0.0564058988239989	0.88700130251839	0.57834754843172
CHST2	glycolysis	Tier 2	ENSG00000175040	85	59	0.0252588883840842	0.0593270073817924	-0.0340681189977082	-0.0490712691090553	-0.123864880867101	0.0283466913425883	2191	-0.126221335992024	0.199252433542436	-0.0340681189977082	0.172275001443881	71	55	-0.0495266571205056	0.0710310487439829	26	8	0.0824742521530965	0.215606006559306	0.580091620952413
RHOT1	OXPHOS	Tier 2	ENSG00000126858	85	59	-0.122052333368397	-0.204206096156545	0.082153762788148	0.0667242353249405	-0.0319072692299611	0.157073133728377	2824	0.126221335992024	0.199252433542436	0.079018325554474	0.213845209600102	71	55	0.058341989923608	0.231961672905078	26	8	0.148794624583457	0.16130486426762	0.580091620952413
TGFA	glycolysis	Tier 2	ENSG00000163235	85	59	0.173850552065237	0.139840604674495	0.0340099473907428	0.0390420494447714	-0.0224617885172029	0.100869835155055	2823	0.125822532402792	0.200678099502097	0.048872569768137	0.120711139085064	71	55	0.048872569768137	0.11098952772735	26	8	0.02817514458907	0.823302467507629	0.581842867550228
LPAR5	sphingolipid	Tier 1	ENSG00000184574	85	59	-0.101879070906047	-0.0951274507722878	-0.00675162013375953	-0.0424335243567572	-0.110369197331107	0.0242360123709881	2192	-0.125822532402792	0.200678099502097	0.0194567845565978	0.281700384738547	71	55	-0.009239781499852	0.126062773979394	26	8	0.0470692983389836	0.730019850675947	0.581842867550228
PMPCA	OXPHOS	Tier 2	ENSG00000165688	85	59	-1.04882520048834	-1.11513739382386	0.06631219333552	0.0625609498692676	-0.0326326259452984	0.155411770700603	2822	0.125423728813559	0.202111195641247	0.0762259285645099	0.140316873594777	71	55	0.0950722409878799	0.18905584374462	26	8	0.206426001376365	0.340034249467904	0.584797148043936
COA3	OXPHOS	Tier 1	ENSG00000183978	85	59	-0.167527710955806	-0.164609537751623	-0.002918173204183	-0.0548345083186488	-0.128248113779393	0.0263208347326215	2194	-0.125024925224327	0.203551736911653	-0.01048383671623	0.156266699148541	71	55	-0.046530398099306	0.0261891580860968	26	8	0.130596677348965	0.264209380233026	0.586561331671947
GLYATL3	serine/glycine/one-carbon	Tier 1	ENSG00000203972	85	59	-0.00684255080783029	0.0414289418247807	-0.048271492632611	-0.0431400300829365	-0.10610214538653	0.023219733070383	2194	-0.125024925224327	0.203551736911653	-0.048271492632611	0.224509015090506	71	55	-0.0455319999924586	0.378586403799248	26	8	-0.0445096992818268	0.319883420415998	0.586561331671947
NDUFA13	OXPHOS	Tier 1	ENSG00000186010	85	59	-0.502439549071563	-0.488050685314892	-0.0143888637566707	-0.0442407493332589	-0.114479906621506	0.0289181864696825	2195	-0.124626121635095	0.204999738096399	-0.016195214389584	0.185401027055264	71	55	-0.072688169012946	0.022175840613444	26	8	0.274527422288311	0.00882672500133459	0.588918710903617
B3GNT5	sphingolipid	Tier 1	ENSG00000176597	85	59	-0.0193149997320607	0.0181666361290201	-0.0374816358610808	-0.0439688245465892	-0.10768976110976	0.0214703841021589	2196	-0.124227318045862	0.206455213808279	-0.0400049599759819	0.152738019005499	71	55	-0.0421412184158326	0.255834077573424	26	8	-0.0588958458991012	0.502922621667626	0.588918710903617
MTRR	OXPHOS;vitamin B12	Tier 1;Tier 2	ENSG00000124275	85	59	-0.211991840333185	-0.26158006931692	0.0495882289837349	0.0551206658563671	-0.0315947414696956	0.148132409653758	2819	0.124227318045862	0.206455213808279	0.049588228983735	0.212352148133028	71	55	0.048350653097766	0.20440320637142	26	8	-0.067983395046002	0.919153761667732	0.588918710903617
P4HA3	arginine	Tier 1	ENSG00000149380	85	59	-0.0234042093769907	0.0302979011229788	-0.0537021104999696	-0.0444349333644082	-0.111612179483204	0.0270254546950607	2196	-0.124227318045862	0.206455213808279	-0.0696985256617081	0.14474054641726	71	55	-0.0875579477677234	0.14134905061635	26	8	-0.0201318818970272	0.791857490811325	0.588918710903617
SLC25A6	OXPHOS	Tier 2	ENSG00000169100	85	59	-0.225214012304989	-0.283618053286211	0.058404040981222	0.0411336632718223	-0.02696205820885	0.10734229598979	2819	0.124227318045862	0.206455213808279	0.069348625735247	0.13706792534803	71	55	0.073055928437721	0.0749641168916546	26	8	-0.042280539150254	0.699719586564903	0.588918710903617
COX5B	OXPHOS	Tier 1;Tier 2	ENSG00000135940	85	59	-0.206280044666233	-0.154366309541724	-0.051913735124509	-0.0475592976859682	-0.122795371023337	0.0277191702066003	2197	-0.12382851445663	0.207918178488192	-0.051913735124509	0.181387822347474	71	55	-0.066252380008531	0.102445160822204	26	8	0.143761488568853	0.428536792061782	0.591896104889772
NDUFA4L2	OXPHOS	Tier 1		85	59	-0.0748671320026843	-0.0201177918077216	-0.0547493401949627	-0.043295951847749	-0.108154311071544	0.0249251407498353	2198	-0.123429710867398	0.209388646403536	-0.0540070786503871	0.245310394660921	71	55	-0.0380622643321397	0.368024496968286	26	8	-0.0489289637380207	0.173799371292493	0.593688290606011
STMN1	glycolysis	Tier 2	ENSG00000117632	85	59	0.0715108466484522	0.0629999272534389	0.00851091939501331	0.042292376184979	-0.0268104607456639	0.109009508393817	2817	0.123429710867398	0.209388646403536	0.0212349140251678	0.162284754219907	71	55	0.0734215915377052	0.0765863484581671	26	8	-0.0928224400352054	0.583624193952907	0.593688290606011
BRIP1	iron	Tier 1	ENSG00000136492	85	59	-0.0877023851075509	-0.00804867861367545	-0.0796537064938754	-0.052815055673259	-0.130285610679516	0.028603739803531	2199	-0.123030907278165	0.210866631646613	-0.0813633315491789	0.165978597608012	71	55	-0.0715569436287854	0.306234401397732	26	8	-0.0833498541337825	0.640572271580656	0.595487367770035
OGDHL	TCA;tryptophan	Tier 1	ENSG00000197444	85	59	-0.130197027707389	-0.177763915166997	0.0475668874596079	0.0496847724203416	-0.0238353370644803	0.123982213946307	2816	0.123030907278165	0.210866631646613	0.067739785407926	0.145862987374527	71	55	0.067663797004157	0.0934673207305316	26	8	-0.0674894294857142	0.36098085015453	0.595487367770035
MERTK	glycolysis	Tier 2	ENSG00000153208	85	59	-0.146282553373225	-0.193745689723943	0.0474631363507181	0.0418376271244021	-0.0297493399533665	0.11597744156012	2815	0.122632103688933	0.212352148133028	0.049412882471315	0.200678099502097	71	55	0.039010417921827	0.297026380337128	26	8	0.0659108266293955	0.452593620794896	0.598485495336998
RRAGD	glycolysis	Tier 2	ENSG00000025039	85	59	0.0338412793626875	0.048849846555272	-0.0150085671925845	-0.0407024201546748	-0.110422806634841	0.0237675682877356	2202	-0.121834496510469	0.215345829605279	-0.0150085671925845	0.226062909029488	71	55	0.0316241589720187	0.782959087837865	26	8	-0.230601922320143	0.00993471212722205	0.604509565412832
B3GAT1	glycolysis	Tier 2	ENSG00000109956	85	59	0.0368144903053307	0.009921815885042	0.0268926744202887	0.0364804582287922	-0.0263847767337536	0.09848897105894	2813	0.121834496510469	0.215345829605279	0.0353050332804868	0.19642333152078	71	55	0.00165307345556927	0.512964190134625	26	8	-0.0816583891491025	0.340034249467904	0.604509565412832
SCD	cholesterol/isoprenoid;fatty-acid synthesis	Tier 2	ENSG00000099194	85	59	-1.13970857414953	-1.19233084279959	0.0526222686500601	0.101979238372398	-0.0725908080457451	0.271778393607916	2812	0.121435692921236	0.216854021524544	0.06250441655489	0.162284754219907	71	55	0.14773300913551	0.0569545796842657	26	8	-0.635686921472178	0.0195698653801023	0.606332432460704
CRAT	fatty-acid oxidation	Tier 1	ENSG00000095321	85	59	0.0403494001119906	0.0326640193276595	0.00768538078433113	-0.0453644887263182	-0.107835055381668	0.027131570473859	2203	-0.121435692921236	0.216854021524544	0.0169818095123042	0.250296841458049	71	55	0.0224932344133749	0.836323294413534	26	8	-0.2291192959837	0.084438190880557	0.606332432460704
CLN6	glycolysis	Tier 2	ENSG00000128973	85	59	-0.0222464996608495	0.0323170790299792	-0.0545635786908287	-0.0456327920763671	-0.118833921119463	0.031983687334466	2204	-0.121036889332004	0.218369798550836	-0.0545224985567995	0.188112743728425	71	55	-0.06313288804956	0.239736826782068	26	8	-0.0373829293523782	0.556063538525548	0.608162042512389
TUBB1	iron	Tier 1	ENSG00000101162	85	59	0.0914213681333323	0.0890864551250443	0.00233491300828792	-0.0376974747423326	-0.105269071951308	0.0253912962723083	2204	-0.121036889332004	0.218369798550836	0.0166785417826475	0.287183515121501	71	55	0.0410157839702442	0.292492517624303	26	8	-0.0493283844670825	0.669890044729042	0.608162042512389
ATP6V1G2	OXPHOS;iron	Tier 1	ENSG00000213760	85	59	-0.0232933606489141	-0.0705128909903952	0.0472195303414812	0.0435678634623417	-0.0254955567132723	0.112006076794881	2810	0.120638085742772	0.219893173692482	0.0371993454843704	0.23554754814801	71	55	0.0361713711044664	0.294753607235287	26	8	0.0335040543805977	0.823302467507629	0.609998352168536
SDC1	glycolysis	Tier 2	ENSG00000115884	85	59	-0.0671871692837781	-0.00802239869652816	-0.0591647705872499	-0.0463488438912572	-0.113453182574729	0.029177776675855	2205	-0.120638085742772	0.219893173692482	-0.0508626911893334	0.250296841458049	71	55	-0.0352123247637856	0.386629011447294	26	8	-0.0293474126717553	0.52915371486718	0.609998352168536
ATXN2	cholesterol/isoprenoid	Tier 2	ENSG00000204842	85	59	0.0179510473374459	-0.110793842758844	0.12874489009629	0.0521312659063607	-0.0276839745207494	0.131468318709147	2809	0.120239282153539	0.221424159771614	0.12874489009629	0.226062909029488	71	55	0.130011824593239	0.155143668028859	26	8	-0.033249270212507	0.88700130251839	0.611841318194752
GRIK2	glutamine/glutamate	Tier 1	ENSG00000164418	85	59	-0.128748937455071	-0.191384974852022	0.062636037396951	0.0403571579332175	-0.0271244065334088	0.111364621384941	2809	0.120239282153539	0.221424159771614	0.032615736409556	0.309832750171265	71	55	0.01553450676758	0.525719940193461	26	8	0.095827901684226	0.319883420415998	0.611841318194752
POR	OXPHOS	Tier 2	ENSG00000127948	85	59	-0.100761566599198	-0.0778544959113612	-0.0229070706878371	-0.0390362129996662	-0.102200120271202	0.0209934483845753	2207	-0.119840478564307	0.222962769422605	-0.0341005131096203	0.158653284648643	71	55	-0.0218058844987713	0.23004617297374	26	8	-0.012655585880537	0.855033778939491	0.612669534644217
CSKMT	OXPHOS;TCA	Tier 1;Tier 2	ENSG00000214756	85	59	-0.00981580439657893	-0.0574788320380992	0.0476630276415203	0.0389138735177075	-0.0276755239306399	0.1031726947243	2807	0.119441674975075	0.224509015090506	0.042534841034732	0.251974612582093	71	55	0.0397316548606784	0.34493918432004	26	8	-0.0308599937103805	0.88700130251839	0.612669534644217
EEPD1	cholesterol/isoprenoid	Tier 2	ENSG00000122547	85	59	0.0436195379758186	0.0905066904927444	-0.0468871525169258	-0.0394531857174254	-0.107602539013381	0.0241816031981466	2208	-0.119441674975075	0.224509015090506	-0.0468871525169258	0.269184087497085	71	55	-0.0434394639059785	0.2224967231185	26	8	-0.0962526598601096	0.452593620794896	0.612669534644217
GFPT2	glutamine/glutamate	Tier 1	ENSG00000131459	85	59	0.121816034718012	0.140955468383131	-0.019139433665119	-0.0311251853930342	-0.0820936139275426	0.0182366823496281	2208	-0.119441674975075	0.224509015090506	-0.022905691482483	0.206455213808279	71	55	-0.018116493861275	0.365412962417882	26	8	-0.011876665453827	0.640572271580656	0.612669534644217
NDUFAB1	OXPHOS;fatty-acid oxidation	Tier 1;Tier 2	ENSG00000004779	85	59	-0.717465791785375	-0.671195669344743	-0.046270122440632	-0.056127425150688	-0.144538311935782	0.0365101639001803	2208	-0.119441674975075	0.224509015090506	-0.046270122440632	0.278084674807159	71	55	-0.043877414404443	0.285779290750833	26	8	0.0197482790153535	0.95143897231668	0.612669534644217
ACOX2	cholesterol/isoprenoid;fatty-acid oxidation	Tier 1	ENSG00000168306	85	59	0.0137539357719239	-0.0373136726634222	0.0510676084353461	0.0473289268359002	-0.0305077491380854	0.119130366099468	2806	0.119042871385842	0.226062909029488	0.0432039732889434	0.317637826733116	71	55	0.0612538173619492	0.195768639433228	26	8	0.0895469406318147	0.556063538525548	0.612669534644217
ACY1	arginine	Tier 1	ENSG00000243989	85	59	0.0322327949590282	-0.0145406608047542	0.0467734557637824	0.0430622720981936	-0.0268243047416869	0.109426718987328	2806	0.119042871385842	0.226062909029488	0.044307256877592	0.255353641096436	71	55	0.0449150496375365	0.218789229858259	26	8	-0.0330162506948846	0.88700130251839	0.612669534644217
AKR1D1	cholesterol/isoprenoid	Tier 1	ENSG00000122787	85	59	-0.118327794431134	-0.188129772993498	0.069801978562364	0.0458099282283444	-0.0353278582077385	0.125278851461719	2806	0.119042871385842	0.226062909029488	0.044442851414918	0.411883826452936	71	55	0.071085993183687	0.339937312730669	26	8	0.174719423367007	0.556063538525548	0.612669534644217
GNG3	glutamine/glutamate	Tier 1	ENSG00000162188	85	59	-0.0946447681322925	-0.0566044278759963	-0.0380403402562962	-0.0410613130239713	-0.102587287252892	0.029602141960819	2209	-0.119042871385842	0.226062909029488	-0.0326525290325223	0.30025603081475	71	55	-0.0407123943735951	0.332522153479632	26	8	-0.0494378323889673	1	0.612669534644217
STEAP3	iron	Tier 1	ENSG00000115107	85	59	0.0875442209349742	0.0594465711634466	0.0280976497715276	0.0365043970957154	-0.0252728497051798	0.099842230552819	2806	0.119042871385842	0.226062909029488	0.0380660131013159	0.169735328156417	71	55	0.0211361717244211	0.564936367036854	26	8	0.145549191341811	0.0444634891447178	0.612669534644217
GRIK1	glutamine/glutamate	Tier 1	ENSG00000171189	85	59	-0.0885811698819344	-0.0489052855812368	-0.0396758843006976	-0.0459282976917951	-0.123678618909977	0.0313354627443484	2210	-0.11864406779661	0.227624463301285	-0.0347437437226684	0.240394052139701	71	55	-0.0361006068829118	0.33745390147623	26	8	-0.00768035690372595	0.88700130251839	0.613369736987431
H2AC21	arginine	Tier 2	ENSG00000184270	85	59	-0.00537072694591476	0.0284561100155754	-0.0338268369614902	-0.0349515911477322	-0.104286833768911	0.0250791638196544	2210	-0.11864406779661	0.227624463301285	-0.0305827200159155	0.321588280231707	71	55	-0.0960115735031872	0.0233495460854758	26	8	0.131151168825704	0.108781091860842	0.613369736987431
ARSI	sphingolipid	Tier 1	ENSG00000183876	85	59	0.0736982093715771	0.0369792729220366	0.0367189364495405	0.0341915635021555	-0.0220203831985487	0.094537316573966	2805	0.11864406779661	0.227624463301285	0.0443137943589131	0.174842994995889	71	55	0.0600386950133245	0.0963870349400317	26	8	-0.0870370449225118	0.340034249467904	0.613369736987431
CD320	vitamin B12	Tier 1	ENSG00000167775	85	59	0.033885965038331	0.0869100333067283	-0.0530240682683973	-0.0439808518365563	-0.115141332720623	0.0279531852136026	2211	-0.118245264207378	0.229193689773647	-0.0601178614338092	0.200678099502097	71	55	-0.0882567466913458	0.101414943687847	26	8	-0.0205563352010738	0.919153761667732	0.615249980913287
CYP11A1	cholesterol/isoprenoid	Tier 1	ENSG00000140459	85	59	0.101417143087401	0.0663456570294451	0.0350714860579564	0.0387099314311264	-0.02623300710902	0.104993433131712	2804	0.118245264207378	0.229193689773647	0.0329486122401004	0.272720575397391	71	55	0.0322003586719454	0.49103583543253	26	8	0.168942022424625	0.173799371292493	0.615249980913287
B3GNT3	glycolysis;sphingolipid	Tier 1;Tier 2	ENSG00000179913	85	59	-0.0115878812365873	0.026770382141957	-0.0383582633785443	-0.0384997520124257	-0.108956501235515	0.02834307914576	2212	-0.117846460618146	0.230770600118796	-0.0368434843410474	0.253660209608865	71	55	-0.0425455582465415	0.114335101488458	26	8	-0.00841947496621475	0.791857490811325	0.615545123088907
BCS1L	OXPHOS	Tier 1	ENSG00000074582	85	59	-0.424430416567865	-0.496586067809476	0.0721556512416105	0.0513600464910098	-0.0296899091928443	0.143333231021052	2803	0.117846460618146	0.230770600118796	0.076954627030334	0.218369798550836	71	55	-0.00771718777775399	0.730597278274659	26	8	0.282542722270157	0.084438190880557	0.615545123088907
TPBG	glycolysis	Tier 2	ENSG00000146242	85	59	-0.0015037290498818	0.0434411028361754	-0.0449448318860572	-0.0412164247913497	-0.102249301741936	0.026958127842372	2212	-0.117846460618146	0.230770600118796	-0.0456357237475798	0.227624463301285	71	55	-0.0431325744983883	0.389332882360382	26	8	-0.0501134196110946	0.264209380233026	0.615545123088907
GART	folate;serine/glycine/one-carbon	Tier 1	ENSG00000159131	85	59	-0.351590409048292	-0.378108166360398	0.026517757312105	0.0498036817944673	-0.0341011984134259	0.14122593782093	2802	0.117447657028913	0.232355205811889	0.020673761445507	0.30025603081475	71	55	0.020673761445507	0.595242958697853	26	8	0.123865137934342	0.264209380233026	0.615545123088907
CETP	cholesterol/isoprenoid	Tier 2	ENSG00000087237	85	59	-0.0230286770240662	-0.0151582185079538	-0.0078704585161124	-0.0359312832158597	-0.102722875752938	0.0225818618497506	2213	-0.117447657028913	0.232355205811889	-0.0007263663960645	0.285347856824209	71	55	-0.0034684974663771	0.2224967231185	26	8	-0.0205044875288561	0.583624193952907	0.615545123088907
MCEE	BCAA;fatty-acid oxidation	Tier 1	ENSG00000124370	85	59	-0.0386581109945796	0.00578483345826941	-0.044442944452849	-0.0405523550616305	-0.104746822069004	0.0247696973750569	2213	-0.117447657028913	0.232355205811889	-0.0575767250157037	0.172275001443881	71	55	-0.0739666800925169	0.0757716901500372	26	8	0.128931743352659	0.149500978394344	0.615545123088907
TACO1	OXPHOS	Tier 1	ENSG00000136463	85	59	0.0152998923953236	0.0426493207618553	-0.0273494283665318	-0.0378394458823531	-0.0949849445243312	0.0214833806066667	2213	-0.117447657028913	0.232355205811889	-0.0273494283665318	0.292738228129561	71	55	-0.0338115103373025	0.202654496701083	26	8	0.0539915750862858	0.108781091860842	0.615545123088907
GPS2	cholesterol/isoprenoid	Tier 2	ENSG00000132522	85	59	0.085225945752908	0.023259954014851	0.061965991738057	0.0432860188429282	-0.0308853368761365	0.11617385035863	2801	0.117048853439681	0.233947518129483	0.0723718290947008	0.172275001443881	71	55	0.0999927103482457	0.168411941861414	26	8	-0.0027708675406343	0.669890044729042	0.617055914628925
PDHX	OXPHOS	Tier 1;Tier 2	ENSG00000110435	85	59	0.093832721176065	0.0658212257348908	0.0280114954411742	0.0340143104022335	-0.0238733866264781	0.0956295647931184	2801	0.117048853439681	0.233947518129483	0.0271790782747138	0.255353641096436	71	55	0.0318701276484703	0.264158268093104	26	8	0.0699667353118804	0.405240820459417	0.617055914628925
KPNB1	cholesterol/isoprenoid	Tier 2	ENSG00000108424	85	59	-1.39177650258164	-1.27967001296121	-0.11210648962043	-0.0903669117446521	-0.255361941393127	0.0570015868292437	2215	-0.116650049850449	0.23554754814801	-0.11210648962043	0.215345829605279	71	55	-0.08192428428564	0.49103583543253	26	8	-0.38541276528334	0.0647043508389117	0.617055914628925
ASL	arginine;glutamine/glutamate	Tier 1	ENSG00000126522	85	59	0.0522495509905027	0.0222169954777896	0.0300325555127131	0.0401988878039805	-0.0288396798038105	0.108842544907858	2800	0.116650049850449	0.23554754814801	0.0268849596618529	0.260481024605199	71	55	0.0269740905315401	0.215126320584974	26	8	-0.0517190040274108	0.36098085015453	0.617055914628925
CERS5	sphingolipid	Tier 1	ENSG00000139624	85	59	0.083639429994384	-0.034696650776209	0.118336080770593	0.0532448146779022	-0.030850496725475	0.143091684051654	2800	0.116650049850449	0.23554754814801	0.11613693634264	0.276288718298007	71	55	0.0912243228015623	0.237776026625555	26	8	0.0064669448336723	0.699719586564903	0.617055914628925
GLUD2	arginine;glutamine/glutamate	Tier 1	ENSG00000182890	85	59	0.0401638327498516	-0.0318466333179455	0.0720104660677971	0.0410884392598075	-0.0286258176216678	0.1200662419447	2800	0.116650049850449	0.23554754814801	0.0491986304168652	0.37803784271703	71	55	0.0621545904538901	0.522515863192671	26	8	0.327506591025167	0.0157052588389172	0.617055914628925
ARSB	sphingolipid	Tier 1	ENSG00000113273	85	59	0.0124527560729405	-0.0340957026407765	0.046548458713717	0.0410152567375549	-0.0256404130635333	0.104707113903077	2799	0.116251246261216	0.237155306742253	0.0291821516111413	0.386891585472887	71	55	0.0649802317962068	0.519321848996394	26	8	0.116535182586288	0.281973201045743	0.617828954096054
RIMS1	glutamine/glutamate	Tier 1	ENSG00000079841	85	59	0.0290265519134943	0.0261948052495431	0.0028317466639512	-0.0391312566636641	-0.0931467076336704	0.0224120225521132	2216	-0.116251246261216	0.237155306742253	-0.0073078577343822	0.134934405796428	71	55	0.0190567425924771	0.683069342515936	26	8	-0.226308541346366	0.0157052588389172	0.617828954096054
SLC25A44	BCAA	Tier 1	ENSG00000160785	85	59	-0.094044786403528	-0.0581402937226587	-0.0359044926808694	-0.0402960040261713	-0.106414878590618	0.0312055411732925	2216	-0.116251246261216	0.237155306742253	-0.0259078150155629	0.348044287219109	71	55	-0.023301636580322	0.253781822631394	26	8	-0.0808421656214983	0.699719586564903	0.617828954096054
CSNK1G2	sphingolipid	Tier 1	ENSG00000133275	85	59	-0.0252794918888756	0.0203747574455055	-0.0456542493343811	-0.0351447093271319	-0.0966829893544955	0.0266659877640637	2219	-0.115054835493519	0.24202505967063	-0.0456542493343811	0.272720575397391	71	55	-0.0120260479813421	0.494137315813491	26	8	-0.131541791435276	0.47739524671309	0.62298251305975
CUBN	vitamin B12	Tier 1	ENSG00000107611	85	59	0.00176951594753483	0.0576041522432763	-0.0558346362957415	-0.0367717065297492	-0.103000501940243	0.0253330872263338	2219	-0.115054835493519	0.24202505967063	-0.0558346362957415	0.265679205127485	71	55	-0.0684946609504654	0.109891672547109	26	8	0.00688812825087145	0.791857490811325	0.62298251305975
MPI	glycolysis	Tier 2	ENSG00000178802	85	59	-0.152787920501147	-0.0986841771958813	-0.0541037433052657	-0.034827053885289	-0.102735409485651	0.0264437373400778	2219	-0.115054835493519	0.24202505967063	-0.036850703720297	0.294605724042056	71	55	-0.007565790657521	0.66868431976753	26	8	-0.149960635558291	0.138367904121731	0.62298251305975
NEU2	sphingolipid	Tier 1	ENSG00000115488	85	59	0.0584213408496263	0.112278567378851	-0.0538572265292244	-0.0381573768808958	-0.0945549410604155	0.0232363536770261	2219	-0.115054835493519	0.24202505967063	-0.062795469419639	0.155083665849526	71	55	-0.0313985723928564	0.980377943332367	26	8	-0.127585115750407	0.00993471212722205	0.62298251305975
PRKACB	glycolysis	Tier 2	ENSG00000142875	85	59	0.0556838204907288	-0.015449110015442	0.0711329305061708	0.0430692976316692	-0.0264203340064421	0.109813419799473	2796	0.115054835493519	0.24202505967063	0.0711329305061708	0.229193689773647	71	55	0.0325182239446291	0.405796425994065	26	8	0.0390284870341683	0.556063538525548	0.62298251305975
VAPA	sphingolipid	Tier 1	ENSG00000101558	85	59	0.0579324936497051	0.0799715664017305	-0.0220390727520254	-0.0406092264881314	-0.103348620799009	0.0283487881238353	2219	-0.115054835493519	0.24202505967063	-0.0155484369199138	0.30025603081475	71	55	-0.0220390727520254	0.290243105872577	26	8	-0.093597022060867	0.319883420415998	0.62298251305975
PET117	OXPHOS	Tier 1	ENSG00000232838	85	59	-0.0241578932362777	0.0470355870402757	-0.0711934802765535	-0.0535636999351984	-0.131437041250844	0.0363282280307779	2220	-0.114656031904287	0.243663837229723	-0.0839820081070649	0.152738019005499	71	55	-0.104113399016033	0.0983737306233158	26	8	0.135939324648962	0.149500978394344	0.62298251305975
SLC6A19	amino-acid transport	Tier 1	ENSG00000174358	85	59	0.0181641301338781	0.0505633229264598	-0.0323991927925817	-0.0353608744639789	-0.0912990186182206	0.023078466659837	2220	-0.114656031904287	0.243663837229723	-0.0300697891767648	0.262205875107409	71	55	-0.023108305810412	0.451684629875601	26	8	-0.0718884967179776	0.173799371292493	0.62298251305975
ACADSB	BCAA;OXPHOS;fatty-acid oxidation	Tier 1;Tier 2	ENSG00000196177	85	59	-0.234168718678914	-0.274893060770251	0.040724342091337	0.052901940629081	-0.031478888548244	0.13290196746652	2795	0.114656031904287	0.243663837229723	0.029097948463693	0.311772041218195	71	55	0.033439401426823	0.249711762497119	26	8	0.0232146001234526	0.88700130251839	0.62298251305975
B4GALT4	glycolysis;sphingolipid	Tier 1;Tier 2	ENSG00000121578	85	59	-0.0404599594144275	-0.108874994882245	0.0684150354678176	0.0564407543097426	-0.039775647295907	0.148966960057981	2795	0.114656031904287	0.243663837229723	0.0459436024833281	0.445039529672753	71	55	0.0368345892636618	0.454646895114502	26	8	0.267140758236469	0.0590400187453341	0.62298251305975
ARG2	arginine	Tier 1	ENSG00000081181	85	59	0.13750293631172	0.0678778305612898	0.0696251057504299	0.0390779205879903	-0.0240778088311712	0.102042270841728	2794	0.114257228315055	0.245310394660921	0.0751550773964111	0.216854021524544	71	55	0.0768589651550749	0.0824908916334576	26	8	-0.14180039140316	0.247232704165249	0.62298251305975
LRPPRC	OXPHOS	Tier 2	ENSG00000138095	85	59	-0.46829993763333	-0.484304895645765	0.0160049580124351	0.0388726643181411	-0.0270739984861154	0.103700693267265	2794	0.114257228315055	0.245310394660921	0.0160759750655085	0.245310394660921	71	55	0.0253979139715	0.528934033930519	26	8	0.171724441072365	0.0708097817375973	0.62298251305975
UGCG	sphingolipid	Tier 1	ENSG00000148154	85	59	-0.0362443616566583	-0.099356616980225	0.0631122553235667	0.0436533344606452	-0.0339799765597803	0.110150577197943	2794	0.114257228315055	0.245310394660921	0.0523983898301001	0.279888561913776	71	55	0.0668567252675608	0.425520374726393	26	8	0.0755884886449561	0.405240820459417	0.62298251305975
PLPP3	sphingolipid	Tier 1	ENSG00000162407	85	59	0.0487356414592675	0.0605379797807362	-0.0118023383214687	-0.0472814795814213	-0.121942839578035	0.0344447648406215	2221	-0.114257228315055	0.245310394660921	-0.0079924966366547	0.258764040587873	71	55	-0.0316398539292054	0.362813029064128	26	8	-0.146869131242945	0.187003126910017	0.62298251305975
SLC2A9	glucose transport	Tier 1	ENSG00000109667	85	59	0.109335160899995	0.0820327409608541	0.0273024199391405	0.0363542802793188	-0.0286916637133389	0.103693920804545	2793	0.113858424725823	0.246964741597523	0.0367402820487709	0.215345829605279	71	55	0.0295466017058597	0.313263289134751	26	8	0.00404459631777199	0.88700130251839	0.624663994830094
TOMM70	OXPHOS	Tier 2	ENSG00000154174	85	59	-0.348124193902679	-0.299709524066137	-0.048414669836542	-0.0497382856139278	-0.138862262788853	0.0351372007482397	2222	-0.113858424725823	0.246964741597523	-0.038758448174302	0.292738228129561	71	55	-0.045638470037877	0.266268176100427	26	8	-0.152600690224283	0.382718791715432	0.624663994830094
ARID1A	arginine	Tier 2	ENSG00000117713	85	59	-0.140070735832638	-0.0620285323732371	-0.0780422034594014	-0.0512503041485991	-0.138384407246667	0.0361808689184735	2223	-0.11345962113659	0.248626887460703	-0.0686972950363316	0.262205875107409	71	55	-0.0448139508560921	0.463599051979541	26	8	-0.0729764117322842	0.669890044729042	0.624663994830094
CYP1B1	cholesterol/isoprenoid;tryptophan	Tier 1	ENSG00000138061	85	59	-0.148787097296968	-0.0884215217683392	-0.0603655755286286	-0.0420814081349359	-0.111371736759993	0.0299895490347404	2223	-0.11345962113659	0.248626887460703	-0.0409660347111936	0.305978119421983	71	55	-0.0568658768888363	0.535392084194316	26	8	-0.111182164827865	0.127884811106401	0.624663994830094
DECR2	fatty-acid oxidation	Tier 1	ENSG00000242612	85	59	0.023130001595124	0.0492931861898579	-0.0261631845947339	-0.034403718997991	-0.0965774188304562	0.0255633500544151	2223	-0.11345962113659	0.248626887460703	-0.0261631845947339	0.24202505967063	71	55	-0.0224760280658279	0.522515863192671	26	8	-0.0180615328998274	0.382718791715432	0.624663994830094
CD44	glycolysis	Tier 2	ENSG00000026508	85	59	0.0211917565927834	-0.0226895635900691	0.0438813201828525	0.0393458325531401	-0.0290608392468148	0.108781458087667	2792	0.11345962113659	0.248626887460703	0.0438813201828525	0.292738228129561	71	55	0.0221597988368268	0.909921648085168	26	8	0.287427639130288	0.00420588228248837	0.624663994830094
IDH3A	OXPHOS;TCA	Tier 1;Tier 2	ENSG00000166411	85	59	-0.00898510038239057	-0.0149555151793605	0.00597041479696998	0.0430038106476543	-0.0304266686649157	0.116589089034236	2790	0.112662013958126	0.251974612582093	0.00597041479696998	0.285347856824209	71	55	-0.000469168299513699	0.764131403451915	26	8	0.161191516160181	0.0195698653801023	0.628600976971582
PKM	OXPHOS;glycolysis	Tier 1;Tier 2	ENSG00000067225	85	59	-0.439007113105472	-0.369224003157725	-0.069783109947747	-0.049863562063608	-0.136472588610185	0.0356351290805966	2225	-0.112662013958126	0.251974612582093	-0.073035476799842	0.204999738096399	71	55	-0.056943408138053	0.64028058599091	26	8	-0.180381200964794	0.149500978394344	0.628600976971582
PLPP6	cholesterol/isoprenoid	Tier 1	ENSG00000205808	85	59	0.000696525957432546	-0.0263763364156236	0.0270728623730562	0.0389075440636403	-0.02370213586653	0.0974093752935944	2790	0.112662013958126	0.251974612582093	0.0394348329223916	0.173555449110801	71	55	0.0326282767633052	0.255834077573424	26	8	0.0264382964077896	0.319883420415998	0.628600976971582
STC2	glycolysis	Tier 2	ENSG00000113739	85	59	0.071889620545	0.0443739529933348	0.0275156675516652	0.0345411698566098	-0.0273967627380331	0.0909804396784832	2790	0.112662013958126	0.251974612582093	0.0220938582654867	0.212352148133028	71	55	0.0314209271608577	0.150902005393792	26	8	-0.0413166103557509	0.52915371486718	0.628600976971582
B3GNT2	sphingolipid	Tier 1	ENSG00000170340	85	59	-0.0356732902699197	-0.0893249464203509	0.0536516561504312	0.0393482222576983	-0.0289585098968624	0.113292291310665	2789	0.112263210368893	0.253660209608865	0.0460821267494728	0.304062777197668	71	55	0.0243852484330866	0.683069342515936	26	8	0.0294128290173851	0.382718791715432	0.630577845013586
SLC2A3	glucose transport	Tier 1	ENSG00000059804	85	59	-0.0582378552422865	-0.0822190868467092	0.0239812316044226	0.0358879043745016	-0.0278961171668183	0.107779525571756	2789	0.112263210368893	0.253660209608865	0.0317368834793919	0.222962769422605	71	55	0.0418130701633514	0.168411941861414	26	8	-0.0314056276308978	0.611804938252237	0.630577845013586
KIF20A	glycolysis	Tier 2	ENSG00000112984	85	59	-0.454695944078715	-0.384712387215796	-0.0699835568629189	-0.0530845180006495	-0.13834359217336	0.0472188957470768	2227	-0.111864406779661	0.255353641096436	-0.076420676824897	0.250296841458049	71	55	-0.111312054651452	0.0782370893441537	26	8	0.081729406952689	0.669890044729042	0.632560247768715
TAS2R4	glutamine/glutamate	Tier 1	ENSG00000127364	85	59	0.0884479825426879	0.130313091847707	-0.0418651093050189	-0.0434730164223572	-0.109524573942015	0.0332100820006471	2227	-0.111864406779661	0.255353641096436	-0.0356448229786238	0.298364622594992	71	55	-0.0426708280665342	0.226248979846628	26	8	0.0841189852477993	0.583624193952907	0.632560247768715
NDUFA3	OXPHOS	Tier 1;Tier 2	ENSG00000170906	85	59	-0.339873705638051	-0.272863488054388	-0.0670102175836623	-0.0496874332967816	-0.134316296844899	0.0337435126580917	2228	-0.111465603190429	0.257054915383487	-0.06264289221097	0.262205875107409	71	55	-0.022081102504889	0.442863634104839	26	8	0.0291980181509914	0.640572271580656	0.633440733894387
ETFA	OXPHOS	Tier 1;Tier 2	ENSG00000140374	85	59	0.0751770997017057	0.067639277167612	0.00753782253409371	0.0393848127785657	-0.0260055687221181	0.101665690929234	2787	0.111465603190429	0.257054915383487	0.0273694315371997	0.158653284648643	71	55	0.0619580060365071	0.0575986416257482	26	8	0.000215598151867391	0.88700130251839	0.633440733894387
VAMP2	glutamine/glutamate	Tier 1	ENSG00000220205	85	59	0.105325952595278	0.066290224740869	0.0390357278544088	0.0403697609378151	-0.0310713001390864	0.11026060598929	2787	0.111465603190429	0.257054915383487	0.0475645380886545	0.226062909029488	71	55	0.0287060022296734	0.322799061014375	26	8	0.0896811960861311	0.319883420415998	0.633440733894387
PYGB	glycolysis	Tier 2	ENSG00000100994	85	59	-0.0655441608408325	-0.0937013558230048	0.0281571949821722	0.036843937390506	-0.0266615368758024	0.104197593125527	2786	0.111066799601196	0.258764040587873	0.0267350425542678	0.255353641096436	71	55	0.0188643062040537	0.578314209118661	26	8	0.0937622865692604	0.16130486426762	0.636541507508844
COX6B2	OXPHOS	Tier 1	ENSG00000160471	85	59	-0.0516528114790758	-0.102025881930684	0.0503730704516084	0.0344555820987048	-0.0302910947765688	0.0961645593431523	2785	0.110667996011964	0.260481024605199	0.0542427245122029	0.233947518129483	71	55	0.0919205135228076	0.083363753815129	26	8	-0.0152333039823438	0.611804938252237	0.637433633869223
MTMR2	riboflavin	Tier 1	ENSG00000087053	85	59	-0.0197012677204684	-0.0624967933991251	0.0427955256786567	0.0481608559733192	-0.0353758907375817	0.125670803512498	2785	0.110667996011964	0.260481024605199	0.0281768978366259	0.348044287219109	71	55	-0.000914662254323302	0.734299296675808	26	8	0.182507598972815	0.1001151093641	0.637433633869223
PCCA	BCAA;fatty-acid oxidation	Tier 1	ENSG00000175198	85	59	0.000524034682646597	0.0225231831227153	-0.0219991484400687	-0.0451078945312472	-0.12426475194683	0.0357224242157446	2230	-0.110667996011964	0.260481024605199	-0.0601949640110873	0.189479526224636	71	55	-0.0433105601672399	0.106649539584093	26	8	0.139083196954644	0.231035010974767	0.637433633869223
NDUFS2	OXPHOS	Tier 1;Tier 2	ENSG00000158864	85	59	-0.385455083962634	-0.365341128454641	-0.0201139555079932	-0.0478142258692829	-0.136457686411192	0.0367987519013749	2231	-0.110269192422732	0.262205875107409	-0.0134033905866455	0.285347856824209	71	55	-0.026864725057556	0.158021341296143	26	8	0.135940381294531	0.200933413709765	0.638335682158036
SLC7A9	amino-acid transport	Tier 1	ENSG00000021488	85	59	0.0340500954591185	0.0577335665311834	-0.0236834710720649	-0.0330621800626714	-0.101577982806204	0.0243419999481658	2231	-0.110269192422732	0.262205875107409	-0.0239053144380005	0.260481024605199	71	55	-0.022262001879282	0.292492517624303	26	8	-0.0781248926599028	0.730019850675947	0.638335682158036
GID8	OXPHOS	Tier 1	ENSG00000101193	85	59	-0.285224802573652	-0.333277028289279	0.048052225715627	0.0430513305911056	-0.0366534930624904	0.121158712528283	2784	0.110269192422732	0.262205875107409	0.04966720946567	0.19642333152078	71	55	0.050898573303395	0.0963870349400317	26	8	-0.0117535312431475	0.791857490811325	0.638335682158036
ACOX3	fatty-acid oxidation	Tier 1	ENSG00000087008	85	59	-0.0464563962446942	-0.122546100165794	0.0760897039211001	0.0394569589728886	-0.0214408430159282	0.102506895588414	2783	0.1098703888335	0.263938599541371	0.0860721921819246	0.180064518353244	71	55	0.0760897039211001	0.2224967231185	26	8	0.0433920317267175	0.919153761667732	0.639247517242565
ANXA5	cholesterol/isoprenoid	Tier 2	ENSG00000164111	85	59	0.0573667644297365	0.0840018765309964	-0.0266351121012599	-0.0389284750537131	-0.108606884697667	0.0296815244497765	2232	-0.1098703888335	0.263938599541371	-0.036809476542864	0.184056059628348	71	55	-0.0114469825749176	0.494137315813491	26	8	-0.173999098608287	0.0489421815821301	0.639247517242565
CPT1C	fatty-acid oxidation	Tier 1	ENSG00000169169	85	59	-0.149429551742353	-0.166177334948586	0.016747783206233	0.0330907311022771	-0.025938774831089	0.0943057661130103	2783	0.1098703888335	0.263938599541371	0.02231246563442	0.195019864726359	71	55	0.011351458594888	0.34493918432004	26	8	0.073740859367471	0.699719586564903	0.639247517242565
BCKDHA	BCAA;OXPHOS	Tier 1;Tier 2	ENSG00000248098	85	59	0.0290917602422398	0.0802085321322212	-0.0511167718899814	-0.0453225082695609	-0.130512407446335	0.0349716664056588	2233	-0.109471585244267	0.265679205127485	-0.0667581484565133	0.199252433542436	71	55	-0.0438286585361684	0.375928587669539	26	8	0.01716465424115	0.983804096811716	0.642361365821932
ACO2	OXPHOS;TCA	Tier 1;Tier 2	ENSG00000100412	85	59	-0.0572922717366393	-0.110348837397019	0.0530565656603801	0.0423696358824326	-0.0373538415888075	0.115433263104148	2781	0.109072781655035	0.267427698858291	0.0404614621557661	0.398134978061841	71	55	0.0276151925820684	0.525719940193461	26	8	-0.0875299887582997	0.823302467507629	0.644382100320659
SGMS1	sphingolipid	Tier 1	ENSG00000198964	85	59	0.00581570514033261	0.057220838887962	-0.0514051337476294	-0.0422569797622915	-0.11161138108027	0.0341391952095971	2234	-0.109072781655035	0.267427698858291	-0.0499293720405285	0.274500687026979	71	55	-0.0209136751438377	0.362813029064128	26	8	-0.166577742216576	0.382718791715432	0.644382100320659
THEM5	fatty-acid oxidation	Tier 1	ENSG00000196407	85	59	-0.20072697662294	-0.241609447298188	0.040882470675248	0.0325711280461753	-0.0292421466548729	0.104100804357728	2780	0.108673978065803	0.269184087497085	0.0443780033595244	0.243663837229723	71	55	0.052426832249018	0.13610283340477	26	8	-0.141388630877562	0.382718791715432	0.647509253059428
PDK4	OXPHOS	Tier 1;Tier 2	ENSG00000004799	85	59	0.0748286242568523	0.107193375544182	-0.0323647512873296	-0.0409130891023629	-0.123186654810937	0.0369003497156943	2236	-0.10827517447657	0.270948377576551	-0.0509925303264591	0.202111195641247	71	55	-0.079389657785441	0.310908619475207	26	8	-0.0991655732463558	0.300530054314924	0.649540083426298
PLPP2	sphingolipid	Tier 1	ENSG00000141934	85	59	0.0461250683452797	0.0532671502686625	-0.00714208192338283	0.0337481078585859	-0.0248519353134346	0.0938262256137852	2779	0.10827517447657	0.270948377576551	-0.0072970439887662	0.289027127207192	71	55	0.0120579255822757	0.127285291948356	26	8	-0.11968671387639	0.127884811106401	0.649540083426298
LYRM4	OXPHOS;TCA;iron	Tier 1;Tier 2	ENSG00000214113	85	59	-0.619936453124815	-0.586378387508841	-0.0335580656159741	-0.0439335920949421	-0.119405010850086	0.0358162538417312	2237	-0.107876370887338	0.272720575397391	-0.0345671825006151	0.292738228129561	71	55	-0.030032051071332	0.347457632708685	26	8	-0.042088973340337	0.823302467507629	0.652680427900197
PC	OXPHOS;TCA;glycolysis	Tier 1;Tier 2	ENSG00000173599	85	59	-0.0399494369024453	-0.0397474972597133	-0.000201939642732005	-0.0345910730199007	-0.122798771076053	0.0347613235082516	2238	-0.107477567298106	0.274500687026979	-0.0239417069643824	0.213845209600102	71	55	-0.0531480924389185	0.259973110882658	26	8	0.0451993117704613	0.640572271580656	0.655829052592376
TKT	PPP	Tier 1;Tier 2	ENSG00000163931	85	59	-0.178524852539035	-0.230064395167168	0.0515395426281334	0.0344831139937278	-0.0282602606576525	0.096155297819529	2776	0.107078763708873	0.276288718298007	0.053524276708481	0.251974612582093	71	55	0.00232674012856299	0.840167164948425	26	8	0.181585370006037	0.0489421815821301	0.656767121610751
ANGPTL4	glycolysis	Tier 2	ENSG00000167772	85	59	-0.0162471449726547	0.0107474019897191	-0.0269945469623738	-0.0328815153293069	-0.098521255186572	0.0251732609151665	2239	-0.107078763708873	0.276288718298007	-0.0249110158739347	0.216854021524544	71	55	-0.0192322257714036	0.683069342515936	26	8	-0.194436770390545	0.0269187221199446	0.656767121610751
PRKACA	glycolysis	Tier 2	ENSG00000072062	85	59	-0.0925648340326878	-0.0280437370248103	-0.0645210970078775	-0.0336111734424802	-0.0954755914326794	0.0312848648641555	2239	-0.107078763708873	0.276288718298007	-0.0678527566675656	0.250296841458049	71	55	-0.0624905401489298	0.516137943041988	26	8	-0.0375398166114481	0.231035010974767	0.656767121610751
GBA2	sphingolipid	Tier 1	ENSG00000070610	85	59	-0.0371357087098242	0.000921935559616594	-0.0380576442694408	-0.0348207973620184	-0.0993125636957551	0.0271431869274186	2240	-0.106679960119641	0.278084674807159	-0.0380576442694408	0.335666352837377	71	55	-0.019011381590123	0.381255756438333	26	8	-0.0549938833450616	0.215606006559306	0.658544608031173
NDUFA8	OXPHOS	Tier 1;Tier 2	ENSG00000119421	85	59	-0.56072470970856	-0.527186365114849	-0.0335383445937111	-0.0364061887442599	-0.111243452649004	0.0302901344993353	2240	-0.106679960119641	0.278084674807159	-0.0335383445937111	0.304062777197668	71	55	-0.059717746016373	0.071803829849377	26	8	0.089927966272608	0.52915371486718	0.658544608031173
LHPP	OXPHOS;glycolysis	Tier 1;Tier 2	ENSG00000107902	85	59	0.0855618425461741	0.120817913365548	-0.0352560708193737	-0.0325479052630055	-0.090226674233916	0.0253802071943943	2241	-0.106281156530409	0.279888561913776	-0.0352560708193737	0.283520148162201	71	55	-0.0122046817587237	0.66868431976753	26	8	-0.139410881552136	0.173799371292493	0.658544608031173
MECR	fatty-acid oxidation	Tier 1	ENSG00000116353	85	59	-0.0958841398622769	-0.0609057252722281	-0.0349784145900488	-0.0308983725840881	-0.084974892461361	0.0231842123966553	2241	-0.106281156530409	0.279888561913776	-0.045481799450652	0.197834182643428	71	55	-0.0392813527269336	0.397513266854292	26	8	-0.162859992457733	0.084438190880557	0.658544608031173
EXT1	glycolysis	Tier 2	ENSG00000182197	85	59	-0.04201849500782	-0.0703528719352964	0.0283343769274764	0.0391673169600409	-0.0322684099653674	0.107485109841463	2774	0.106281156530409	0.279888561913776	0.03783155290308	0.227624463301285	71	55	0.0807055462902313	0.0842440821132134	26	8	-0.128218545980442	0.699719586564903	0.658544608031173
ACSL3	fatty-acid oxidation	Tier 1	ENSG00000123983	85	59	0.0818631365880314	0.060770544192772	0.0210925923952594	0.0341012033697466	-0.0277338082853633	0.105678926689471	2773	0.105882352941177	0.281700384738547	0.0206466773560526	0.309832750171265	71	55	0.0211405801158927	0.591839161806476	26	8	0.05376563710199	0.47739524671309	0.658544608031173
ATP12A	OXPHOS	Tier 1	ENSG00000075673	85	59	-0.112321896196092	-0.144636041362403	0.032314145166311	0.0440197267642477	-0.0322617271855893	0.120648598422958	2773	0.105882352941177	0.281700384738547	0.032314145166311	0.276288718298007	71	55	0.038352608273466	0.481794481485608	26	8	0.107476267785374	0.382718791715432	0.658544608031173
DNMT3L	methionine	Tier 1	ENSG00000142182	85	59	0.103990179912155	0.0908854711505662	0.0131047087615885	0.03524107150638	-0.0318784484853026	0.101384686326896	2773	0.105882352941177	0.281700384738547	0.0153155573150737	0.269184087497085	71	55	0.0107198047348692	0.416999577685821	26	8	-0.047686518522459	1	0.658544608031173
AANAT	tryptophan	Tier 1	ENSG00000129673	85	59	0.0255751072811011	0.0787403119725853	-0.0531652046914842	-0.037356587208183	-0.105727797269567	0.032694210332649	2242	-0.105882352941176	0.281700384738547	-0.0531652046914842	0.31960906052972	71	55	-0.065762807317559	0.301606996847834	26	8	-0.159833849366373	0.187003126910017	0.658544608031173
CP	iron	Tier 1	ENSG00000047457	85	59	-0.0251692130469616	0.0100067063837883	-0.03517591943075	-0.0448372923432905	-0.123692713544713	0.0372843404236224	2242	-0.105882352941176	0.281700384738547	-0.0655308848053545	0.119741888187271	71	55	-0.0960891573220347	0.0417029154709105	26	8	0.327550793756342	0.0647043508389117	0.658544608031173
SLC2A7	glucose transport	Tier 1	ENSG00000197241	85	59	-0.0201160094135057	0.0461557285219657	-0.0662717379354714	-0.0426156237828596	-0.118908433792972	0.0355162266619985	2243	-0.105483549351944	0.283520148162201	-0.0645933854997243	0.345961388647212	71	55	-0.0156538698372143	0.794317809658053	26	8	-0.125026325695226	0.0330484168246057	0.661703221826491
GRM6	glutamine/glutamate	Tier 1	ENSG00000113262	85	59	0.0120245742970285	-0.0263375971945503	0.0383621714915788	0.0327304846031371	-0.0314270732792179	0.0922407782050687	2771	0.105084745762712	0.285347856824209	0.0304940156720728	0.309832750171265	71	55	0.00091085923427878	0.381255756438333	26	8	0.00668136708193319	0.95143897231668	0.663671232981276
CHPF2	glycolysis	Tier 2	ENSG00000033100	85	59	-0.0703569088683096	-0.0912861380135186	0.0209292291452091	0.0312774517563348	-0.0269623839350584	0.095907482290115	2770	0.10468594217348	0.287183515121501	0.0233367655078008	0.272720575397391	71	55	0.010238694605796	0.428383072230586	26	8	0.0831407466512339	0.640572271580656	0.663671232981276
FGF21	glucose transport	Tier 1	ENSG00000105550	85	59	-0.13589055083854	-0.0895555014131645	-0.0463350494253759	-0.0421571562725221	-0.119915824039309	0.0316346663327538	2245	-0.10468594217348	0.287183515121501	-0.0379565122096821	0.333631259101396	71	55	0.004813761247871	0.937267858995533	26	8	-0.0905733192353344	0.138367904121731	0.663671232981276
GRIN2C	glutamine/glutamate	Tier 1	ENSG00000161509	85	59	-0.116598077138622	-0.176021568613357	0.0594234914747346	0.033867547593338	-0.0305139668681567	0.0942653058097929	2770	0.10468594217348	0.287183515121501	0.05771036942725	0.193623766649813	71	55	0.065064086140674	0.137400078524123	26	8	-0.113222935404251	0.611804938252237	0.663671232981276
NAGA	sphingolipid	Tier 1	ENSG00000198951	85	59	0.0136948270409743	0.0347554139804579	-0.0210605869394837	-0.0345801159863407	-0.0989088452547329	0.0278174775325942	2245	-0.10468594217348	0.287183515121501	-0.0268902043436245	0.251974612582093	71	55	0.0037866565163166	0.509800634446046	26	8	-0.03902205647979	0.669890044729042	0.663671232981276
PGM2	PPP;glycolysis	Tier 1;Tier 2	ENSG00000169299	85	59	0.0114942999147066	0.0309312134955881	-0.0194369135808814	-0.0395208131773092	-0.122437123932781	0.0297461950422324	2245	-0.10468594217348	0.287183515121501	-0.00809934922503665	0.386891585472887	71	55	-0.0449447762405858	0.137400078524123	26	8	0.0973063566009153	0.200933413709765	0.663671232981276
ACSF2	fatty-acid oxidation	Tier 1	ENSG00000167107	85	59	0.0604645177894317	0.0368733978306819	0.0235911199587499	0.0323865089093472	-0.025092066179906	0.0868968217815335	2768	0.103888334995015	0.290878696989313	0.0229042328758625	0.31960906052972	71	55	-0.0075837966479174	0.643803452509694	26	8	0.0884721193761885	0.0773798239689274	0.668926254314185
COX19	OXPHOS	Tier 1	ENSG00000240230	85	59	-0.0276515817859443	-0.086477465954848	0.0588258841689036	0.0545395439775597	-0.0435250710435203	0.136281689652763	2768	0.103888334995015	0.290878696989313	0.0374292472216211	0.37803784271703	71	55	0.0067497659276063	0.798113894125065	26	8	0.346101007705375	0.0269187221199446	0.668926254314185
MMS19	iron	Tier 1	ENSG00000155229	85	59	-0.24260906422523	-0.195098106857693	-0.047510957367537	-0.0358850186072277	-0.102642119367958	0.0328120444123118	2247	-0.103888334995015	0.290878696989313	-0.048322662943947	0.243663837229723	71	55	-0.026506659792171	0.463599051979541	26	8	-0.165204194316748	0.502922621667626	0.668926254314185
AHCYL2	methionine	Tier 1	ENSG00000158467	85	59	-0.19976613871946	-0.159497726156067	-0.040268412563393	-0.0354259622859116	-0.100997933961453	0.0332494808370602	2248	-0.103489531405783	0.292738228129561	-0.042704550731057	0.227624463301285	71	55	-0.014939255379009	0.679462028156993	26	8	-0.175423735110783	0.108781091860842	0.672107931900716
FUT1	sphingolipid	Tier 1	ENSG00000174951	85	59	0.000920939524893914	0.0359956202436713	-0.0350746807187773	-0.0408258783868444	-0.113903541934595	0.0303590471616709	2249	-0.10309072781655	0.294605724042056	-0.0350746807187773	0.289027127207192	71	55	-0.0438339806991384	0.140023149295338	26	8	0.149542434264291	0.127884811106401	0.675145588307898
ACTG1	cholesterol/isoprenoid	Tier 2	ENSG00000184009	85	59	-0.304724646348303	-0.281290599063258	-0.0234340472850449	-0.036122818570491	-0.107846978426511	0.030787548967872	2250	-0.102691924227318	0.296481187892107	-0.022405956746725	0.206455213808279	71	55	-0.046627973401808	0.294753607235287	26	8	-0.038791282463883	0.52915371486718	0.675145588307898
SLC22A13	NAD	Tier 1	ENSG00000172940	85	59	-0.0525131129955231	-0.0319651061503773	-0.0205480068451458	-0.0386331861865788	-0.112702476234383	0.0348962098068275	2250	-0.102691924227318	0.296481187892107	-0.0197247396876682	0.327573849031179	71	55	-0.0342072842419915	0.213311527096711	26	8	0.0244312395482908	0.823302467507629	0.675145588307898
TAS2R13	glutamine/glutamate	Tier 1	ENSG00000212128	85	59	0.146134641903461	0.103252652871078	0.042881989032383	0.0446047567836225	-0.0386468319311777	0.127496852665769	2765	0.102691924227318	0.296481187892107	0.0421829933827701	0.317637826733116	71	55	0.020630767329655	0.428383072230586	26	8	0.0515738442369298	0.699719586564903	0.675145588307898
VEGFA	glycolysis	Tier 2	ENSG00000112715	85	59	-0.13038806982371	-0.112775391049648	-0.017612678774062	-0.0312033073678769	-0.0983886609752832	0.0322473260288506	2250	-0.102691924227318	0.296481187892107	0.006497981394974	0.457239869413484	71	55	-0.019670408198696	0.228141948811512	26	8	0.0618052849211898	0.382718791715432	0.675145588307898
CCND1	arginine	Tier 2	ENSG00000110092	85	59	-0.336056837583373	-0.425657906314712	0.089601068731339	0.0665667092464301	-0.0633635650197641	0.186171551061148	2764	0.102293120638086	0.298364622594992	0.089601068731339	0.31960906052972	71	55	0.125267879624132	0.169937241984725	26	8	-0.0264408884758686	0.919153761667732	0.675145588307898
IER3	glycolysis	Tier 2	ENSG00000137331	85	59	1.7100512071544e-05	0.0440232394369618	-0.0440061389248903	-0.0342305524103715	-0.0901368593028697	0.0308425747550319	2251	-0.102293120638086	0.298364622594992	-0.0440061389248903	0.278084674807159	71	55	-0.0240471294898031	0.654419913078369	26	8	-0.117790336075471	0.149500978394344	0.675145588307898
POLD1	iron	Tier 1	ENSG00000062822	85	59	-1.30816932197111	-1.33265114980272	0.0244818278316123	-0.0509334101402692	-0.147766460947713	0.0470732651866824	2251	-0.102293120638086	0.298364622594992	0.01305493526305	0.237155306742253	71	55	-0.06722243108832	0.0432057398219877	26	8	0.151739090512775	0.0647043508389117	0.675145588307898
ST3GAL6	sphingolipid	Tier 1	ENSG00000064225	85	59	0.0460646690969046	-0.0451658389465367	0.0912305080434413	0.0534316817891675	-0.0460250079441478	0.144147594791497	2764	0.102293120638086	0.298364622594992	0.0771138260050668	0.454784880297227	71	55	0.0896725855016669	0.290243105872577	26	8	0.196662154107812	0.556063538525548	0.675145588307898
HEXB	sphingolipid	Tier 1	ENSG00000049860	85	59	-0.0856086615999591	-0.0523825616667713	-0.0332260999331878	-0.0400457445135625	-0.116708877505594	0.0374087416032978	2252	-0.101894317048853	0.30025603081475	-0.0387913749579469	0.232355205811889	71	55	-0.0487776113449308	0.437038102473143	26	8	0.12630474726857	0.88700130251839	0.678338424816683
SLC40A1	iron	Tier 1	ENSG00000138449	85	59	-0.0323015900634454	0.0206503546295848	-0.0529519446930302	-0.0418186823525578	-0.109771241074876	0.033105064390213	2253	-0.101495513459621	0.302155414962983	-0.0461884585541094	0.311772041218195	71	55	-0.0120407435252695	0.741721811766598	26	8	-0.275723234820256	0.0140378346430221	0.681486732385884
HELZ2	cholesterol/isoprenoid	Tier 2	ENSG00000130589	85	59	0.016800313073505	0.0579122804475601	-0.0411119673740551	-0.0367090663061208	-0.103613934885437	0.0294853533618983	2254	-0.101096709870389	0.304062777197668	-0.0411119673740551	0.292738228129561	71	55	-0.0785045676472731	0.0710310487439829	26	8	0.0596479301538418	0.319883420415998	0.681486732385884
KDM4A	cholesterol/isoprenoid	Tier 2	ENSG00000066135	85	59	-0.0913656469832053	-0.0718722020540064	-0.0194934449291989	-0.0368214758373527	-0.107219386253363	0.036243787059234	2254	-0.101096709870389	0.304062777197668	-0.0295836913413107	0.246964741597523	71	55	-0.0267404673981522	0.466604782544002	26	8	-0.07349226534452	0.281973201045743	0.681486732385884
SDS	methionine;serine/glycine/one-carbon	Tier 1	ENSG00000135094	85	59	0.0644908886692776	0.11272400499033	-0.0482331163210527	-0.0327091413642621	-0.091299150897629	0.0305747157642017	2254	-0.101096709870389	0.304062777197668	-0.0480130154746189	0.313719317296417	71	55	-0.0727284908364269	0.2224967231185	26	8	0.0282896573262553	0.95143897231668	0.681486732385884
SMARCB1	arginine	Tier 2	ENSG00000099956	85	59	-0.320761394320517	-0.279814168707181	-0.0409472256133361	-0.0591866724077906	-0.178603795423933	0.0564967416704661	2254	-0.101096709870389	0.304062777197668	-0.048002399129126	0.289027127207192	71	55	-0.014158942272502	0.400262925862987	26	8	-0.012390262482684	0.730019850675947	0.681486732385884
LDHC	OXPHOS;glycolysis;methionine	Tier 1;Tier 2	ENSG00000166796	85	59	0.0289869106186345	-0.0226673955978298	0.0516543062164642	0.0359021141476905	-0.0402494975321456	0.108380165461757	2760	0.100697906281157	0.305978119421983	0.0397966373831262	0.382449007810493	71	55	0.105637213573249	0.179307143657493	26	8	-0.0991480454698129	0.405240820459417	0.68360934275924
PPARA	cholesterol/isoprenoid	Tier 2	ENSG00000186951	85	59	-0.0699534702167987	-0.0779375464226933	0.0079840762058946	0.0310800760906924	-0.0294336106419968	0.0962690019451846	2760	0.100697906281157	0.305978119421983	0.0079840762058946	0.333631259101396	71	55	0.0146974475049821	0.42266887663303	26	8	-0.203754899834533	0.502922621667626	0.68360934275924
MAFG	PPP	Tier 2	ENSG00000197063	85	59	-0.0245246608782137	0.046312546218568	-0.0708372070967816	-0.0336924800391787	-0.09244546784958	0.0329106195516494	2257	-0.0999002991026919	0.309832750171265	-0.0715691396095878	0.263938599541371	71	55	-0.0676600225476235	0.408580226852353	26	8	0.0113712303092809	0.95143897231668	0.690003326332431
SLC30A5	zinc	Tier 1	ENSG00000145740	85	59	-0.081131387387658	-0.0660644377822787	-0.0150669496053793	-0.0382888725852489	-0.107934984085182	0.0331245042236838	2257	-0.0999002991026919	0.309832750171265	-0.0137530228539692	0.360708578756238	71	55	-0.0065630552479326	0.535392084194316	26	8	-0.0487898991890123	0.231035010974767	0.690003326332431
HAX1	glycolysis	Tier 2	ENSG00000143575	85	59	-0.0413638857847701	0.0150015932073777	-0.0563654789921478	-0.0373249018268688	-0.107228360514559	0.0347853762420514	2258	-0.0995014955134597	0.311772041218195	-0.0562750961392038	0.304062777197668	71	55	-0.0680005306448614	0.42266887663303	26	8	-0.0664195961336631	0.556063538525548	0.690003326332431
PCK1	TCA;glycolysis	Tier 1;Tier 2	ENSG00000124253	85	59	-0.175254682870682	-0.22480953940123	0.0495548565305482	0.0344564284649976	-0.0349462154576947	0.0956637544664673	2757	0.0995014955134597	0.311772041218195	0.049747736521209	0.202111195641247	71	55	0.07578899998119	0.0790732565379521	26	8	-0.0120253648254785	0.340034249467904	0.690003326332431
SLC36A4	amino-acid transport;tryptophan	Tier 1	ENSG00000180773	85	59	0.0572271094790843	0.0448774778779848	0.0123496316010995	0.0320155678070367	-0.0267442734823847	0.0942397739591871	2757	0.0995014955134597	0.311772041218195	0.0267390871492684	0.224509015090506	71	55	0.0053774300667243	0.451684629875601	26	8	0.0112749705792483	0.88700130251839	0.690003326332431
TPST1	glycolysis	Tier 2	ENSG00000169902	85	59	-0.0722387847267603	-0.018069327573651	-0.0541694571531093	-0.0412090070957645	-0.116285263601181	0.0346023283036826	2258	-0.0995014955134597	0.311772041218195	-0.0622968665590951	0.333631259101396	71	55	-0.028504456873196	0.303914848818572	26	8	-0.0359726345338829	0.730019850675947	0.690003326332431
GSTZ1	OXPHOS	Tier 1	ENSG00000100577	85	59	-0.0358417238128224	-0.038908633939461	0.0030669101266385	0.0379307704993008	-0.0331029205185705	0.110412982956886	2756	0.0991026919242273	0.313719317296417	0.0030669101266385	0.279888561913776	71	55	-0.0087097646459078	0.454646895114502	26	8	0.0998121804407713	0.36098085015453	0.691063457133449
PAXIP1	glycolysis	Tier 2	ENSG00000157212	85	59	-0.194885926809119	-0.251269252099272	0.0563833252901531	0.0389481518279816	-0.0347583575228556	0.109883139195078	2756	0.0991026919242273	0.313719317296417	0.065737457525451	0.230770600118796	71	55	0.070756406914963	0.176142086228659	26	8	0.067147458887927	0.823302467507629	0.691063457133449
SMARCA4	arginine	Tier 2	ENSG00000127616	85	59	-0.261708754150228	-0.321117881227803	0.059409127077575	0.0434060119214459	-0.0450123312013988	0.133684295774247	2756	0.0991026919242273	0.313719317296417	0.059452673176433	0.352233945641473	71	55	0.059452673176433	0.509800634446046	26	8	0.0652756653993371	0.52915371486718	0.691063457133449
NDUFB3	OXPHOS	Tier 1;Tier 2	ENSG00000119013	85	59	-0.513442751684338	-0.488970075771785	-0.024472675912553	-0.0416257476502328	-0.12017291829378	0.0392654768364035	2261	-0.0983050847457627	0.317637826733116	-0.024472675912553	0.304062777197668	71	55	-0.042053997234914	0.173018870628633	26	8	0.252805573670937	0.247232704165249	0.697518835687652
PYURF	OXPHOS	Tier 1	ENSG00000145337	85	59	-0.30137362596972	-0.262277211793074	-0.0390964141766464	-0.0382514768372849	-0.108500462952331	0.0350483541130696	2261	-0.0983050847457627	0.317637826733116	-0.0407642445531735	0.309832750171265	71	55	-0.099749270082003	0.349987747204989	26	8	0.0716271598052095	0.47739524671309	0.697518835687652
TM7SF2	cholesterol/isoprenoid	Tier 1;Tier 2	ENSG00000149809	85	59	0.13315616327891	0.173014969505586	-0.0398588062266761	-0.0295223602157482	-0.0886670747946393	0.033326658830577	2262	-0.0979062811565304	0.31960906052972	-0.033989534644992	0.356455389358312	71	55	-0.047638491997239	0.285779290750833	26	8	-0.0407161570955265	0.36098085015453	0.700757753832244
CHST1	glycolysis	Tier 2	ENSG00000175264	85	59	0.0308745508534242	0.0793798153159433	-0.0485052644625191	-0.0291606541184244	-0.0858527084842431	0.0279270038761948	2263	-0.097507477567298	0.321588280231707	-0.0452122648749605	0.335666352837377	71	55	-0.0155767209142281	0.890451871921791	26	8	-0.104349774997987	0.108781091860842	0.703988575319423
ALPI	folate	Tier 1	ENSG00000163295	85	59	0.00274092551752485	0.0351952840414235	-0.0324543585238986	-0.0328278334476424	-0.0962732007721503	0.032732197506531	2264	-0.0971086739780658	0.323575485398233	-0.0324543585238986	0.30025603081475	71	55	-0.0253754688077907	0.598655662161281	26	8	-0.0876405631797097	0.760747580347756	0.703988575319423
GRM1	glutamine/glutamate	Tier 1	ENSG00000152822	85	59	-0.0712301825390867	-0.0143657041412445	-0.0568644783978421	-0.0282184768694498	-0.0789605356091838	0.0315264609558772	2264	-0.0971086739780658	0.323575485398233	-0.0594578023756253	0.395870687315872	71	55	-0.0409521831090811	0.633259185198029	26	8	-0.0498369542117583	0.1001151093641	0.703988575319423
IDH2	OXPHOS;TCA	Tier 1;Tier 2	ENSG00000182054	85	59	-0.0362741565816162	-0.0768985398959894	0.0406243833143732	0.0326703929282573	-0.0305021136560533	0.0986166337064125	2751	0.0971086739780658	0.323575485398233	0.0406243833143732	0.313719317296417	71	55	0.0662551270143171	0.414181824735844	26	8	0.135204527041939	0.1001151093641	0.703988575319423
TCIRG1	OXPHOS;iron	Tier 1;Tier 2	ENSG00000110719	85	59	-0.0277257940920105	-0.0304236304394989	0.00269783634748837	0.0270733766916667	-0.029982697596507	0.0863072743640825	2751	0.0971086739780658	0.323575485398233	0.0171927690387104	0.290878696989313	71	55	0.0374231582844547	0.259973110882658	26	8	-0.0677684182429086	0.611804938252237	0.703988575319423
TUBB2A	iron	Tier 1	ENSG00000137267	85	59	0.114506439911604	0.103992858604677	0.0105135813069274	0.0310238332340541	-0.0283381263253758	0.0957161522655822	2750	0.0967098703888336	0.325570675322592	0.038309408141029	0.14699207909878	71	55	0.0347076626611504	0.173018870628633	26	8	-0.049837827402164	0.452593620794896	0.706159198216831
COPRS	arginine	Tier 2	ENSG00000172301	85	59	0.0251080522909231	0.0640890799287892	-0.0389810276378661	-0.04218878176165	-0.117940127035914	0.0370051275515098	2266	-0.0963110667996012	0.327573849031179	-0.0389810276378661	0.331604142565998	71	55	-0.0412902468443248	0.37328232222187	26	8	0.0328643544429756	0.52915371486718	0.706159198216831
COX8A	OXPHOS	Tier 1;Tier 2	ENSG00000176340	85	59	-0.000135413010707536	-0.0631204358709578	0.0629850228602503	0.0400867769187962	-0.0421264381637358	0.117669287188366	2749	0.0963110667996012	0.327573849031179	0.0701804249020688	0.315674579017923	71	55	0.0356990407395923	0.741721811766598	26	8	0.215928642129762	0.405240820459417	0.706159198216831
IARS1	BCAA	Tier 1	ENSG00000196305	85	59	-1.1039063555282	-1.16132596065138	0.0574196051231763	0.0432312050675644	-0.0530793248321213	0.129011296978021	2749	0.0963110667996012	0.327573849031179	0.0675623133949501	0.279888561913776	71	55	0.0510626875676801	0.738007501019304	26	8	0.0886894989425151	0.300530054314924	0.706159198216831
ISCU	OXPHOS;TCA;iron	Tier 1;Tier 2	ENSG00000136003	85	59	-1.3113236796713	-1.23564241390465	-0.0756812657666501	-0.0714664843841932	-0.212980760988318	0.0770234588029898	2266	-0.0963110667996012	0.327573849031179	-0.0675531325397651	0.360708578756238	71	55	-0.109059483675	0.235826580230837	26	8	0.00444722777020012	0.699719586564903	0.706159198216831
NDUFS6	OXPHOS	Tier 1;Tier 2	ENSG00000145494	85	59	0.106576661016199	0.104106445471043	0.002470215545156	0.0323618717233204	-0.0316929837617799	0.098339973429911	2749	0.0963110667996012	0.327573849031179	0.002470215545156	0.333631259101396	71	55	0.00973168949657902	0.629760782931411	26	8	0.10946865796175	0.108781091860842	0.706159198216831
SEC24C	cholesterol/isoprenoid	Tier 2	ENSG00000176986	85	59	0.0304614423764891	0.0631467747180666	-0.0326853323415775	-0.0323621053643123	-0.090961500527824	0.0279468289579339	2267	-0.0959122632103689	0.329585005282466	-0.0326853323415775	0.329585005282466	71	55	-0.0339052441883034	0.414181824735844	26	8	-0.0471862079630129	0.187003126910017	0.707255360879699
MRPS12	OXPHOS	Tier 2	ENSG00000128626	85	59	-0.477488458809908	-0.512771031043388	0.0352825722334797	0.0324398589733796	-0.0340539718244588	0.100548440768408	2748	0.0959122632103688	0.329585005282466	0.03560873834246	0.290878696989313	71	55	0.049514132369159	0.342432408904139	26	8	0.024338015493649	0.669890044729042	0.707255360879699
NUBP2	iron	Tier 1	ENSG00000095906	85	59	-0.324932760902434	-0.363247274256445	0.0383145133540108	0.0383406233661129	-0.0323633574322475	0.104687842202646	2748	0.0959122632103688	0.329585005282466	0.038508462540498	0.317637826733116	71	55	0.049395168434992	0.116609233138396	26	8	-0.066070296164237	0.382718791715432	0.707255360879699
NFYC	cholesterol/isoprenoid	Tier 2	ENSG00000066136	85	59	-0.528879772119801	-0.62629880536357	0.097419033243769	0.0530461440537543	-0.048850412268323	0.140339224653288	2747	0.0955134596211367	0.331604142565998	0.097419033243769	0.409572991802893	71	55	0.040689709549571	0.636765808127782	26	8	0.218650843949221	0.264209380233026	0.70943189288362
TCN1	vitamin B12	Tier 1	ENSG00000134827	85	59	-0.116576527896186	-0.148078066433603	0.031501538537417	0.0315123024305972	-0.0350301550005882	0.096764331301351	2747	0.0955134596211367	0.331604142565998	0.031046636639001	0.369310013594397	71	55	0.0640591564760856	0.400262925862987	26	8	0.00277350280133021	0.88700130251839	0.70943189288362
COX11	OXPHOS	Tier 1;Tier 2	ENSG00000166260	85	59	-0.150370480029587	-0.155862480627601	0.00549200059801427	-0.0347721801648076	-0.110853336159201	0.0364088889476878	2269	-0.0951146560319043	0.333631259101396	0.002516259294984	0.309832750171265	71	55	-0.02873085105614	0.306234401397732	26	8	0.0643428297892945	1	0.709522290728109
SLC2A4	glucose transport	Tier 1	ENSG00000181856	85	59	0.11468589439508	0.0907101184855513	0.0239757759095288	0.0211583183291738	-0.0237910999730689	0.0679468695925083	2746	0.0951146560319043	0.333631259101396	0.0276238480726598	0.309832750171265	71	55	0.0239757759095288	0.431256943592931	26	8	-0.00725804620887036	0.95143897231668	0.709522290728109
HK3	glycolysis	Tier 1	ENSG00000160883	85	59	0.0954593786206557	0.100893002063084	-0.005433623442428	-0.0306524737211522	-0.0912146779285114	0.034541413731009	2270	-0.094715852442672	0.335666352837377	-0.00538573392109699	0.285347856824209	71	55	-0.004816832115251	0.466604782544002	26	8	-0.0535901803305585	0.428536792061782	0.709522290728109
LRRC7	glutamine/glutamate	Tier 1	ENSG00000033122	85	59	0.051529853100954	0.0830934401180629	-0.0315635870171089	-0.0324145164639691	-0.0888886625725975	0.0333105859812399	2270	-0.094715852442672	0.335666352837377	-0.031183426999106	0.333631259101396	71	55	-0.0582597087457322	0.192390720396056	26	8	0.0968308814555854	0.319883420415998	0.709522290728109
AOC3	serine/glycine/one-carbon	Tier 1	ENSG00000131471	85	59	0.0464037683908533	0.0245717063154948	0.0218320620753585	0.0399434735309162	-0.0481777657616657	0.124273072238005	2745	0.0947158524426719	0.335666352837377	0.0218320620753585	0.418862574942534	71	55	0.0182161427398467	0.886565448538881	26	8	0.301644195609573	0.0708097817375973	0.709522290728109
ATF3	cholesterol/isoprenoid	Tier 2	ENSG00000162772	85	59	-0.145429334851267	-0.169202383272696	0.023773048421429	0.028824389555335	-0.0306754448207443	0.091067429772849	2745	0.0947158524426719	0.335666352837377	0.023773048421429	0.311772041218195	71	55	0.044207552868647	0.392048226866208	26	8	0.0799620568620485	0.855033778939491	0.709522290728109
GNB5	glutamine/glutamate	Tier 1	ENSG00000069966	85	59	0.0153939760468478	0.00878914788934843	0.0066048281574994	0.0285741056336066	-0.0313815575369604	0.0916989676273045	2745	0.0947158524426719	0.335666352837377	0.0069180051958098	0.304062777197668	71	55	0.00563379739220923	0.19071791601024	26	8	-0.0815896908950472	0.200933413709765	0.709522290728109
NT5C2	NAD	Tier 1	ENSG00000076685	85	59	0.0763696992033917	0.0285048600882103	0.0478648391151814	0.0283789102454913	-0.0325382468453335	0.0839228045281766	2745	0.0947158524426719	0.335666352837377	0.0467943507166508	0.313719317296417	71	55	0.0460116456337317	0.339937312730669	26	8	-0.112988288776666	0.452593620794896	0.709522290728109
ADH6	glycolysis	Tier 1	ENSG00000172955	85	59	-0.21014427760395	-0.27736127353949	0.06721699593554	0.0396071139346184	-0.0463402544835791	0.125930848571407	2744	0.0943170488534397	0.337709421450787	0.06721699593554	0.290878696989313	71	55	0.085473868250307	0.174575264020122	26	8	-0.058234198192787	0.47739524671309	0.712773846171167
CIAO2B	iron	Tier 1	ENSG00000166595	85	59	-0.389014064395501	-0.363968538784283	-0.0250455256112177	-0.0318104690249576	-0.0993961380368401	0.0361100996674002	2272	-0.0939182452642073	0.339760462345647	-0.024941749307952	0.339760462345647	71	55	-0.04653335434622	0.159475252909326	26	8	0.135441511676515	0.084438190880557	0.714965384250452
CYP39A1	cholesterol/isoprenoid	Tier 1	ENSG00000146233	85	59	0.0549980962288977	0.0205786164064187	0.034419479822479	0.0395475684653147	-0.0390460835465444	0.12057219601216	2743	0.0939182452642073	0.339760462345647	0.0074954172871636	0.572305992908955	71	55	0.039476644553294	0.299310842023664	26	8	-0.119812202063397	0.699719586564903	0.714965384250452
DEPDC1	glycolysis	Tier 2	ENSG00000024526	85	59	0.0239609391245803	-0.0130276356820005	0.0369885748065808	0.0308664656418923	-0.0368655349414687	0.0946433020326527	2742	0.0935194416749752	0.341819472652219	0.029677447642506	0.367147788259449	71	55	0.049544999967848	0.24769392642126	26	8	-0.00911850706075185	0.730019850675947	0.717160617213868
TAS2R1	glutamine/glutamate	Tier 1	ENSG00000169777	85	59	-0.0922934508526249	-0.0664738994228964	-0.0258195514297285	-0.028131311452135	-0.0870953813827715	0.0288482167807816	2273	-0.0935194416749751	0.341819472652219	-0.0258195514297285	0.389124631813895	71	55	-0.0109336427664377	0.871047935518241	26	8	-0.12353352708611	0.084438190880557	0.717160617213868
LDHAL6B	OXPHOS;glycolysis;methionine	Tier 1	ENSG00000171989	85	59	0.0665396367823398	0.043285731463325	0.0232539053190148	0.0337338649448565	-0.0333632622398735	0.0993956921595244	2741	0.0931206380857428	0.34388644922608	0.0232539053190148	0.335666352837377	71	55	0.000995099916448097	0.519321848996394	26	8	0.0105688428596986	0.760747580347756	0.717234366775813
NMNAT1	NAD	Tier 1	ENSG00000173614	85	59	0.0798025081599804	0.0126392421499629	0.0671632660100176	0.0381911259646054	-0.0397939401251712	0.111176924147753	2741	0.0931206380857428	0.34388644922608	0.0761549833066798	0.382449007810493	71	55	0.0677091678640578	0.463599051979541	26	8	0.0124688488033367	0.791857490811325	0.717234366775813
SREBF1	cholesterol/isoprenoid;fatty-acid synthesis	Tier 1;Tier 2	ENSG00000072310	85	59	0.0200340201126562	-0.021854984890163	0.0418890050028192	0.0285399929336465	-0.0331256896452972	0.0876919718412262	2741	0.0931206380857428	0.34388644922608	0.0418890050028192	0.367147788259449	71	55	0.0760446852550999	0.11098952772735	26	8	-0.0978761628729847	0.452593620794896	0.717234366775813
SRR	serine/glycine/one-carbon	Tier 1	ENSG00000167720	85	59	0.0694425245914182	0.113932826408046	-0.0444903018166273	-0.0335126639025647	-0.107200167606109	0.0342619225001057	2274	-0.0931206380857428	0.34388644922608	-0.0561652826157037	0.227624463301285	71	55	-0.0578047023964131	0.285779290750833	26	8	-0.0624440757393445	0.791857490811325	0.717234366775813
SLC2A12	glucose transport	Tier 1	ENSG00000146411	85	59	0.0960751772726488	0.0682108299979908	0.027864347274658	0.0288928996019914	-0.0319847142622443	0.0947470050166721	2740	0.0927218344965104	0.345961388647212	0.027864347274658	0.317637826733116	71	55	0.044084050695908	0.33745390147623	26	8	-0.0747874784955177	0.823302467507629	0.720497759247586
PSPH	serine/glycine/one-carbon	Tier 1	ENSG00000146733	85	59	0.0820663500209003	0.0442644256336671	0.0378019243872332	0.0322476297481183	-0.0381010859636189	0.0959088870803875	2739	0.0923230309072782	0.348044287219109	0.0445227937519787	0.311772041218195	71	55	0.0658097692163466	0.220637392120462	26	8	-0.0780880996930341	0.149500978394344	0.720584360048948
GRIA2	glutamine/glutamate	Tier 1	ENSG00000120251	85	59	0.0857746250389469	0.0957663123103705	-0.00999168727142363	-0.0303170988394217	-0.0973628583919062	0.0344358990760292	2276	-0.0923230309072781	0.348044287219109	-0.0131693448411034	0.335666352837377	71	55	-0.028733095033352	0.0702650996926028	26	8	0.0658670438663203	0.611804938252237	0.720584360048948
INSIG2	cholesterol/isoprenoid	Tier 2	ENSG00000125629	85	59	-0.098258761327232	-0.0914017698552682	-0.00685699147196378	-0.0297399316447898	-0.104096740215394	0.0352242473137447	2276	-0.0923230309072781	0.348044287219109	-0.0130192977004902	0.323575485398233	71	55	-0.00844914291456	0.322799061014375	26	8	-0.0021478664254846	0.583624193952907	0.720584360048948
NMNAT2	NAD	Tier 1	ENSG00000157064	85	59	0.0484375982325184	0.0708767375391073	-0.0224391393065889	-0.0284031305996591	-0.0837652493233694	0.0344468355591713	2276	-0.0923230309072781	0.348044287219109	-0.0335890211795635	0.267427698858291	71	55	-0.0224391393065889	0.381255756438333	26	8	-0.0191255944394438	0.823302467507629	0.720584360048948
SLC30A8	zinc	Tier 1	ENSG00000164756	85	59	-0.0218948980162745	0.026986495811497	-0.0488813938277715	-0.0327583418623636	-0.0990010849465913	0.0378969217478479	2277	-0.0919242273180458	0.350135140967898	-0.0476058253426872	0.360708578756238	71	55	-0.0628663107664778	0.381255756438333	26	8	-0.00948886901220379	0.611804938252237	0.723851858047837
AHR	cholesterol/isoprenoid	Tier 1	ENSG00000106546	85	59	0.0332949114171048	-0.00181363849988233	0.0351085499169871	0.0298320656191772	-0.0437971603440475	0.101724390823787	2737	0.0915254237288135	0.352233945641473	0.0351085499169871	0.352233945641473	71	55	0.0249543522857067	0.836323294413534	26	8	0.0916597427486804	0.127884811106401	0.726064717147095
FDPS	cholesterol/isoprenoid	Tier 1;Tier 2	ENSG00000160752	85	59	-0.95414262863995	-0.98416949998973	0.0300268713497806	0.0575211069175374	-0.0560657184554076	0.164173704544123	2737	0.0915254237288135	0.352233945641473	0.050289027294211	0.287183515121501	71	55	0.0806104566757051	0.0906189904863225	26	8	-0.213060639591425	0.231035010974767	0.726064717147095
INMT	tryptophan	Tier 1	ENSG00000241644	85	59	-0.0701946686569797	-0.0284183860114149	-0.0417762826455648	-0.0355224639668315	-0.118014697327768	0.0435896567159522	2279	-0.0911266201395813	0.354340696708645	-0.0355223349549763	0.414202376992468	71	55	-0.0997954954716328	0.199189825253769	26	8	0.074921340340569	0.231035010974767	0.729342658531498
AKR1C3	cholesterol/isoprenoid	Tier 1	ENSG00000196139	85	59	0.142241634702033	0.0802476292246242	0.0619940054774088	0.0344191282710454	-0.0411317974422981	0.107003245462962	2735	0.0907278165503489	0.356455389358312	0.0569540719477346	0.489823444145026	71	55	0.027757817239203	0.741721811766598	26	8	0.23476774344305	0.0444634891447178	0.729556429567829
AMN	vitamin B12	Tier 1	ENSG00000166126	85	59	-0.0124013382238954	-0.0654019511256763	0.053000612901781	0.0334347981187323	-0.040212242687909	0.100202748469582	2734	0.0903290129611167	0.358578018498635	0.0503148046853685	0.418862574942534	71	55	0.0010797391554946	0.734299296675808	26	8	0.0595445790769423	0.95143897231668	0.729556429567829
CAT	tryptophan	Tier 1	ENSG00000121691	85	59	0.116818753967956	0.0967184496025683	0.020100304365388	0.0280756184863144	-0.0338614137143603	0.0908589630148017	2734	0.0903290129611167	0.358578018498635	0.020100304365388	0.307901443283147	71	55	-0.0040744196153808	0.836323294413534	26	8	0.115112174849439	0.247232704165249	0.729556429567829
SEC24D	cholesterol/isoprenoid	Tier 2	ENSG00000150961	85	59	0.0226111402484543	-0.00902289333701476	0.0316340335854691	0.0297256633148975	-0.0362870662054856	0.0939367259872183	2734	0.0903290129611167	0.358578018498635	0.0398042914662634	0.30025603081475	71	55	0.0246365207271566	0.437038102473143	26	8	0.0987625387799584	0.300530054314924	0.729556429567829
MAPT	iron	Tier 1	ENSG00000186868	85	59	0.124227233015458	0.173833572630532	-0.049606339615074	-0.0317432898080963	-0.111580715226758	0.0454440695898408	2281	-0.0903290129611166	0.358578018498635	-0.046691036508707	0.305978119421983	71	55	-0.061176725369343	0.218789229858259	26	8	0.260743354601091	0.300530054314924	0.729556429567829
PM20D1	OXPHOS	Tier 1	ENSG00000162877	85	59	-0.0688957644402733	-0.060543632603813	-0.00835213183646031	-0.0303822531983753	-0.095924780274159	0.035367178891332	2281	-0.0903290129611166	0.358578018498635	-0.0322362952121717	0.245310394660921	71	55	-0.0038853116256548	0.760382148127533	26	8	-0.178309899060679	0.187003126910017	0.729556429567829
PMVK	cholesterol/isoprenoid	Tier 1;Tier 2	ENSG00000163344	85	59	-0.431331694970944	-0.389736904859125	-0.0415947901118188	-0.0343539771668622	-0.10138848870296	0.0352603101672175	2281	-0.0903290129611166	0.358578018498635	-0.0519110072983	0.369310013594397	71	55	-0.062616846209262	0.211507809398121	26	8	0.0957613182167295	0.47739524671309	0.729556429567829
UCP2	OXPHOS	Tier 1	ENSG00000175567	85	59	0.0698864443127449	0.0970411354830813	-0.0271546911703364	-0.0291362086537061	-0.0882539365035363	0.0356758239051125	2281	-0.0903290129611166	0.358578018498635	-0.0132197717163472	0.421204196212474	71	55	0.0221558885405662	0.775412065666023	26	8	-0.0823776499741178	0.138367904121731	0.729556429567829
AKR1C1	cholesterol/isoprenoid	Tier 1	ENSG00000187134	85	59	0.138902557674425	0.0907755754373853	0.0481269822370394	0.0345359704007019	-0.0384781595894945	0.106685482507786	2733	0.0899302093718843	0.360708578756238	0.0373059892976867	0.418862574942534	71	55	0.033370930407138	0.414181824735844	26	8	0.0726958867057369	0.611804938252237	0.72968554900259
GRIK5	glutamine/glutamate	Tier 1	ENSG00000105737	85	59	-0.216527260721286	-0.264459167522105	0.047931906800819	0.0367560794985104	-0.0459851366900906	0.119405273581734	2733	0.0899302093718843	0.360708578756238	0.033115989539225	0.421204196212474	71	55	0.036144748600541	0.434141962619225	26	8	-0.058355825748198	0.791857490811325	0.72968554900259
LDLRAP1	vitamin B12	Tier 1	ENSG00000157978	85	59	0.0356522167667718	0.0381038484484801	-0.0024516316817083	0.0286430090664693	-0.0329553494996789	0.0942244963694499	2733	0.0899302093718843	0.360708578756238	-0.0024516316817083	0.369310013594397	71	55	0.0587714581976159	0.0150990748626101	26	8	-0.242809358461557	0.00783047705635395	0.72968554900259
WDR26	OXPHOS	Tier 1	ENSG00000162923	85	59	-0.359796967858647	-0.376600893869592	0.0168039260109457	0.0395169406191741	-0.0490076417015351	0.131886245957391	2733	0.0899302093718843	0.360708578756238	0.02102153880724	0.34388644922608	71	55	0.028286660551942	0.303914848818572	26	8	-0.0259145018518331	0.730019850675947	0.72968554900259
VCAN	glycolysis	Tier 2	ENSG00000038427	85	59	-0.107801367824016	-0.0810239992770731	-0.026777368546943	-0.0379961704569815	-0.117125971792597	0.0449244058781387	2283	-0.0895314057826521	0.362847064475417	-0.0364385246520885	0.489823444145026	71	55	-0.0220727061561753	0.598655662161281	26	8	0.0123100989757239	0.823302467507629	0.732961452130599
SHMT2	folate;serine/glycine/one-carbon	Tier 1	ENSG00000182199	85	59	0.0231734696051644	-0.0116265856914127	0.0348000552965771	0.0262606410033378	-0.0348578159076463	0.094456474813547	2731	0.0891326021934198	0.364993469717372	0.0355101455021195	0.331604142565998	71	55	0.0689997591163577	0.108802416952365	26	8	-0.0975554220785527	0.247232704165249	0.736243970344185
HMOX2	iron	Tier 1	ENSG00000103415	85	59	-0.148024365951474	-0.10738686474508	-0.0406375012063938	-0.0385511278550703	-0.118790559720756	0.0450521362428854	2285	-0.0887337986041874	0.367147788259449	-0.038443169016801	0.373658157186614	71	55	-0.038443169016801	0.416999577685821	26	8	-0.0397192477589772	0.47739524671309	0.73742912805454
SLC37A2	glycolysis	Tier 1	ENSG00000134955	85	59	0.00941599764445872	-0.0131676428427016	0.0225836404871603	0.0364202431990282	-0.0376234451565807	0.112075969464983	2730	0.0887337986041874	0.367147788259449	0.014191257852773	0.425910415761633	71	55	-0.014637217577121	0.941181270666322	26	8	0.167311979724182	0.0773798239689274	0.73742912805454
TUBA1B	iron	Tier 1	ENSG00000123416	85	59	-0.358075934229856	-0.370055529765936	0.0119795955360792	0.0367462946710537	-0.0484669468315705	0.129287496817194	2730	0.0887337986041874	0.367147788259449	0.017409640462976	0.345961388647212	71	55	0.025369064797417	0.23004617297374	26	8	-0.139804736177553	0.611804938252237	0.73742912805454
GPC1	glycolysis	Tier 2	ENSG00000063660	85	59	-0.0313119624881734	-0.0252281207894098	-0.00608384169876355	-0.0278935232122175	-0.0899990778582898	0.0329860502810922	2286	-0.0883349950149551	0.369310013594397	-0.0207345639556237	0.325570675322592	71	55	-0.0213564236448228	0.297026380337128	26	8	0.00898638327236229	0.855033778939491	0.739667715170623
SLC39A1	zinc	Tier 1	ENSG00000143570	85	59	-0.063768822061965	-0.0175198689334753	-0.0462489531284897	-0.0296407379061152	-0.101367478693191	0.0414436954639608	2286	-0.0883349950149551	0.369310013594397	-0.0498104267570305	0.362847064475417	71	55	-0.021803854221881	0.917725401038127	26	8	-0.222449133120683	0.0647043508389117	0.739667715170623
ATP6V1E1	OXPHOS;iron	Tier 1;Tier 2	ENSG00000131100	85	59	-1.06382829970624	-1.10006493152902	0.0362366318227825	0.0468255113183252	-0.066604975569889	0.182408891984803	2728	0.0879361914257228	0.371480138929651	0.04095560158207	0.402686905000396	71	55	0.0232850142780101	0.704862945162344	26	8	0.0889691704550248	0.173799371292493	0.740861520012241
RIMKLB	glutamine/glutamate	Tier 1	ENSG00000166532	85	59	0.137656764610455	0.122677292917356	0.014979471693099	0.0295827656808611	-0.0355776737387224	0.0969615018052091	2728	0.0879361914257228	0.371480138929651	-0.00023489067739102	0.497516341543643	71	55	0.018957356524562	0.381255756438333	26	8	-0.0428272932657105	0.556063538525548	0.740861520012241
SLC39A2	zinc	Tier 1	ENSG00000165794	85	59	0.014463388803807	0.0231549386469117	-0.00869154984310464	-0.030309276278642	-0.0969148736031354	0.0395750388011518	2287	-0.0879361914257228	0.371480138929651	0.0048430715881507	0.407269885371302	71	55	0.0155424347783273	0.564936367036854	26	8	-0.00491077728656056	0.791857490811325	0.740861520012241
CASR	glutamine/glutamate	Tier 1	ENSG00000036828	85	59	0.107719652980151	0.0517116674775496	0.0560079855026013	0.0279547067735899	-0.0368782771121757	0.0954520464598087	2726	0.0871385842472583	0.375844060999976	0.0587023026733563	0.373658157186614	71	55	0.0082954589158654	0.591839161806476	26	8	0.0505384674894451	0.760747580347756	0.747453259340797
SMARCA2	arginine	Tier 2	ENSG00000080503	85	59	-0.0698407621811376	-0.121150785756353	0.0513100235752157	0.0316157108275495	-0.0376138752350557	0.0996142159422772	2726	0.0871385842472583	0.375844060999976	0.0521852672754224	0.369310013594397	71	55	0.0752124261758553	0.0954057950447232	26	8	-0.0786105173276394	0.187003126910017	0.747453259340797
ANXA13	cholesterol/isoprenoid	Tier 2	ENSG00000104537	85	59	-0.0705633064838832	-0.0801336662985685	0.00957035981468531	-0.0339190887114955	-0.11215373065215	0.0428951028428505	2290	-0.0867397806580259	0.37803784271703	0.00330534748623911	0.341819472652219	71	55	0.0351624298589926	0.704862945162344	26	8	-0.0911993862062068	0.16130486426762	0.749704261118604
H4C16	arginine	Tier 2	ENSG00000197837	85	59	-0.0194871693146015	0.0044848978910608	-0.0239720672056623	-0.028456611817655	-0.0958377689316414	0.0324466999780938	2290	-0.0867397806580259	0.37803784271703	-0.0281904433414386	0.325570675322592	71	55	-0.0793480791153013	0.124849421131526	26	8	0.157439185100508	0.138367904121731	0.749704261118604
HAGH	OXPHOS	Tier 1	ENSG00000063854	85	59	-0.0885235493963755	-0.0687954317459288	-0.0197281176504467	-0.0305267123280569	-0.0967518538181724	0.0357608261846208	2291	-0.0863409770687936	0.380239494397019	-0.0136659196078143	0.449897248863949	71	55	0.00223934739052921	0.752900580675584	26	8	-0.245423527562723	0.0157052588389172	0.751958215810352
DNMT1	methionine	Tier 1	ENSG00000130816	85	59	-1.06114070924683	-1.06110838203045	-3.23272163798016e-05	0.0448154997884661	-0.0576234841193444	0.147967294779942	2724	0.0863409770687935	0.380239494397019	-3.23272163798016e-05	0.339760462345647	71	55	0.02367277183119	0.184133729068472	26	8	-0.160685150622494	0.340034249467904	0.751958215810352
LGMN	cholesterol/isoprenoid	Tier 2	ENSG00000100600	85	59	0.034646828887236	0.0491225683575538	-0.0144757394703178	-0.0265602486876373	-0.0831388992509796	0.0319842868600988	2292	-0.0859421734795614	0.382449007810493	-0.0144757394703178	0.364993469717372	71	55	-0.0117510721206322	0.457620075310443	26	8	-0.0769618443745326	0.583624193952907	0.753327213186433
TAS2R41	glutamine/glutamate	Tier 1	ENSG00000221855	85	59	0.0403007292457716	0.0194617432426517	0.0208389860031199	0.023680833206187	-0.0328272000511222	0.0791056205999033	2723	0.0859421734795614	0.382449007810493	0.0228369107728702	0.369310013594397	71	55	0.0151818534702683	0.253781822631394	26	8	-0.0377220065615883	0.52915371486718	0.753327213186433
PFKM	PPP;glycolysis	Tier 1	ENSG00000152556	85	59	-0.211206362837985	-0.14812484010672	-0.0630815227312653	-0.033059083659689	-0.100274327631458	0.0513937128839768	2293	-0.0855433698903291	0.384666374438681	-0.068571716907635	0.373658157186614	71	55	-0.01328496650887	0.636765808127782	26	8	-0.121991951256333	0.47739524671309	0.753327213186433
ABCD4	vitamin B12	Tier 1	ENSG00000119688	85	59	-0.00243649209148373	-0.0270266686686256	0.0245901765771419	0.0301568245043737	-0.0380393604995878	0.101657313861532	2722	0.085543369890329	0.384666374438681	0.0232442506980219	0.409572991802893	71	55	0.0173281937285175	0.522515863192671	26	8	0.0417322553835859	0.919153761667732	0.753327213186433
ABCG8	cholesterol/isoprenoid	Tier 2	ENSG00000143921	85	59	-0.0496177714120164	-0.0722884748176843	0.0226707034056679	0.0280392289854483	-0.0379967772079876	0.0928404185553808	2722	0.085543369890329	0.384666374438681	0.0320654070878839	0.350135140967898	71	55	0.0246572035299922	0.233888468751826	26	8	-0.0305650936461231	0.502922621667626	0.753327213186433
FUT2	sphingolipid	Tier 1	ENSG00000176920	85	59	0.0438119321674972	-0.00678575972773184	0.050597691895229	0.0271246112070189	-0.0397053913984956	0.100599063730766	2722	0.085543369890329	0.384666374438681	0.050597691895229	0.358578018498635	71	55	0.036736314314712	0.654419913078369	26	8	0.111403245309864	0.0489421815821301	0.753327213186433
GLS2	arginine;glutamine/glutamate	Tier 1	ENSG00000135423	85	59	0.00219288599402303	-0.0138483661834803	0.0160412521775034	0.029844127364818	-0.0319019914008055	0.0952866725934778	2722	0.085543369890329	0.384666374438681	0.00522451060048276	0.309832750171265	71	55	-0.014726452796803	0.598655662161281	26	8	0.0897868048183798	0.428536792061782	0.753327213186433
RNLS	NAD	Tier 1	ENSG00000184719	85	59	0.0681613270932471	0.0114375311977056	0.0567237958955416	0.034244415263873	-0.0440448986829109	0.100223180549482	2721	0.0851445663010968	0.386891585472887	0.0496584846471069	0.416528630796274	71	55	0.0378041932729186	0.466604782544002	26	8	-0.0386710785786951	0.428536792061782	0.756635621451131
TP53INP1	cholesterol/isoprenoid	Tier 2	ENSG00000164938	85	59	-0.169701188497466	-0.149839026562558	-0.019862161934908	-0.0257682443141965	-0.080485994091336	0.0381323660813658	2295	-0.0847457627118644	0.389124631813895	-0.012914268783931	0.462172104439348	71	55	-0.011213051311004	0.805720315018204	26	8	-0.15046277873137	0.149500978394344	0.759950179974025
GPR87	glycolysis	Tier 2	ENSG00000138271	85	59	0.133299552272281	0.151877571110999	-0.018578018838718	-0.028734627039382	-0.0929364777790951	0.0331685127579982	2296	-0.0843469591226321	0.391365504071398	-0.0118374477678564	0.296481187892107	71	55	-0.00906173130165799	0.619315549115787	26	8	-0.0180144970763382	0.730019850675947	0.762391275582409
ABCA1	cholesterol/isoprenoid	Tier 2	ENSG00000165029	85	59	-0.0186808057407815	-0.0138950921497334	-0.0047857135910481	-0.022158051274496	-0.0806575022038349	0.032112649321036	2297	-0.0839481555333999	0.393614192563439	-0.0047857135910481	0.425910415761633	71	55	0.0284083606916989	0.693934504481054	26	8	-0.137794089958854	0.00993471212722205	0.762391275582409
FTMT	iron	Tier 1	ENSG00000181867	85	59	0.135945230941157	0.0769970016037182	0.0589482293374391	0.0305763746220709	-0.0360074907634962	0.101155982715176	2718	0.0839481555333999	0.393614192563439	0.0634414134558821	0.329585005282466	71	55	0.0941832347208354	0.114335101488458	26	8	-0.160955080752893	0.127884811106401	0.762391275582409
GGPS1	cholesterol/isoprenoid	Tier 1;Tier 2	ENSG00000152904	85	59	-1.029555199661	-0.995361563802865	-0.0341936358581318	-0.044908935182773	-0.139532820772474	0.0586628570892042	2297	-0.0839481555333999	0.393614192563439	-0.021613033100355	0.454784880297227	71	55	-0.0839269617867909	0.165392205735016	26	8	0.0881231655197863	0.52915371486718	0.762391275582409
GRM2	glutamine/glutamate	Tier 1	ENSG00000164082	85	59	-0.221112467643083	-0.191411026003887	-0.0297014416391963	-0.0316132071421306	-0.103494943319878	0.0437584391723001	2297	-0.0839481555333999	0.393614192563439	-0.022976093520526	0.484730627140708	71	55	-0.016487954785254	0.734299296675808	26	8	-0.04636983837154	0.340034249467904	0.762391275582409
SEC24B	cholesterol/isoprenoid	Tier 2	ENSG00000138802	85	59	-0.0461291345310816	-0.0284756843660185	-0.0176534501650631	0.0381834886465927	-0.0477198824678572	0.122220501541653	2718	0.0839481555333999	0.393614192563439	-0.0176534501650631	0.386891585472887	71	55	-0.0486389732937675	0.844014850739117	26	8	0.161932985805948	0.0157052588389172	0.762391275582409
AFG3L2	OXPHOS	Tier 2	ENSG00000141385	85	59	-0.924208822063837	-0.858845627760356	-0.0653631943034809	-0.037998058576863	-0.126679757812869	0.053525012642235	2298	-0.0835493519441675	0.395870687315872	-0.0619325394453849	0.44746464164975	71	55	-0.100633507767457	0.257897835570447	26	8	0.157441199364546	0.200933413709765	0.762577640504791
GPC3	glycolysis	Tier 2	ENSG00000147257	85	59	-0.132056848027803	-0.0882200931510451	-0.0438367548767581	-0.0364922157661253	-0.113680946050893	0.0465312207604982	2298	-0.0835493519441675	0.395870687315872	-0.0516115471032965	0.335666352837377	71	55	-0.0504142152996213	0.525719940193461	26	8	-0.0126239544400347	0.983804096811716	0.762577640504791
LGALS3	cholesterol/isoprenoid	Tier 2	ENSG00000131981	85	59	0.0633454689769711	-0.00787328134356923	0.0712187503205403	0.0326262230342778	-0.0459649459871875	0.105036184703451	2717	0.0835493519441675	0.395870687315872	0.0686290362593917	0.384666374438681	71	55	0.0374572918505393	0.301606996847834	26	8	-0.0984470828896571	0.428536792061782	0.762577640504791
NOS1	arginine	Tier 1	ENSG00000089250	85	59	-0.0218625701809502	-0.0263182865352943	0.0044557163543441	0.0248891289210384	-0.0357462316170021	0.0896132942195961	2717	0.0835493519441675	0.395870687315872	0.0121766313697184	0.352233945641473	71	55	0.0339348444311941	0.105585835124781	26	8	-0.0926810714113138	0.428536792061782	0.762577640504791
GNB3	glutamine/glutamate	Tier 1	ENSG00000111664	85	59	-0.0587368961715473	-0.0926932001394984	0.0339563039679511	0.0250536299139038	-0.0294442694004508	0.0785496437933489	2716	0.0831505483549353	0.398134978061841	0.0407236132340789	0.298364622594992	71	55	0.0358847962973603	0.49103583543253	26	8	0.0662848254950441	0.502922621667626	0.765894535454114
MCCC1	BCAA	Tier 1;Tier 2	ENSG00000078070	85	59	-0.0905112605502139	-0.126326636109157	0.0358153755589427	0.0324819482996901	-0.0477709882273216	0.11262023243788	2715	0.0827517447657029	0.400407054241274	0.0358153755589427	0.472125078740436	71	55	0.010944871873689	0.99215051263074	26	8	0.132813267303442	0.200933413709765	0.766090461502275
PFKL	PPP;glycolysis	Tier 1	ENSG00000141959	85	59	-0.0671550600386889	-0.0345140528533343	-0.0326410071853546	-0.0281667568578554	-0.0862689382099832	0.0394283469736038	2300	-0.0827517447657029	0.400407054241274	-0.0219407691886018	0.487273442821611	71	55	-0.0335806669220279	0.636765808127782	26	8	-0.136301441003075	0.149500978394344	0.766090461502275
RPE	PPP;glycolysis	Tier 1;Tier 2	ENSG00000197713	85	59	-0.140886108134759	-0.134260769010502	-0.00662533912425656	0.0341017548799662	-0.0460002596551804	0.115057813305513	2715	0.0827517447657029	0.400407054241274	-0.00283708539695263	0.414202376992468	71	55	0.013288720475406	0.386629011447294	26	8	-0.0621089695816953	0.760747580347756	0.766090461502275
TUBB4B	iron	Tier 1	ENSG00000188229	85	59	-0.400249884960142	-0.327394195646953	-0.072855689313189	-0.0513574099610889	-0.193704002624358	0.0717608882816138	2300	-0.0827517447657029	0.400407054241274	-0.072855689313189	0.400407054241274	71	55	-0.094447633171179	0.431256943592931	26	8	-0.106920941313432	0.247232704165249	0.766090461502275
MTHFD2L	folate;serine/glycine/one-carbon	Tier 1	ENSG00000163738	85	59	-0.170373427260781	-0.210157250989783	0.039783823729002	0.0298278040160995	-0.0412566100362611	0.102101424566593	2714	0.0823529411764705	0.402686905000396	0.0244738328089129	0.518341236661936	71	55	0.00459076734549699	0.760382148127533	26	8	0.0828175713710645	0.556063538525548	0.767333211687665
OXA1L	OXPHOS	Tier 1;Tier 2	ENSG00000155463	85	59	-0.0832693454158313	-0.106020516060774	0.0227511706449425	0.0257529561992401	-0.0351627199281982	0.0871946542436006	2714	0.0823529411764705	0.402686905000396	0.029168708244115	0.348044287219109	71	55	0.0290070226233164	0.28136210618379	26	8	0.0453554366886509	0.88700130251839	0.767333211687665
TNRC6B	cholesterol/isoprenoid	Tier 2	ENSG00000100354	85	59	-0.0178274016196372	-0.0315431601887809	0.0137157585691437	0.0342216878978355	-0.0418966174597	0.121649091153268	2714	0.0823529411764705	0.402686905000396	0.0137157585691437	0.333631259101396	71	55	0.0339267383876568	0.231961672905078	26	8	-0.0810926144328679	0.611804938252237	0.767333211687665
ACOXL	fatty-acid oxidation	Tier 1	ENSG00000153093	85	59	0.0215153564116617	-0.0147078641932075	0.0362232206048692	0.0253646050925531	-0.0361360322850278	0.0844588387859977	2713	0.0819541375872383	0.404974519191262	0.0412827757882646	0.380239494397019	71	55	0.0445676382945638	0.195768639433228	26	8	-0.0398089117319641	1	0.767549021608137
NMRK2	NAD	Tier 1	ENSG00000077009	85	59	-0.0849690492548294	-0.114843127938092	0.0298740786832624	0.0271429266665874	-0.0355331761743161	0.0866917059268388	2713	0.0819541375872383	0.404974519191262	0.0252507092242192	0.467133891683391	71	55	0.0252507092242192	0.512964190134625	26	8	-0.109089981344269	0.405240820459417	0.767549021608137
SLC50A1	glucose transport	Tier 1	ENSG00000169241	85	59	-0.0307675338852259	0.00656810245385365	-0.0373356363390795	-0.0270398074876777	-0.0997249304502305	0.0342108851288378	2302	-0.0819541375872382	0.404974519191262	-0.0372162118845314	0.433026975934596	71	55	-0.0556619923306116	0.102445160822204	26	8	0.146943124747969	0.0444634891447178	0.767549021608137
TAS2R60	glutamine/glutamate	Tier 1	ENSG00000185899	85	59	0.0114816766471189	0.0471254552149487	-0.0356437785678298	-0.0258983085599299	-0.0893395648151875	0.0381931497380982	2302	-0.0819541375872382	0.404974519191262	-0.0367334508281833	0.440211858338992	71	55	-0.0702797337123009	0.0749641168916546	26	8	0.181098750877925	0.00613470780183742	0.767549021608137
NAXD	NAD	Tier 1	ENSG00000213995	85	59	-0.242899519709578	-0.229603442240609	-0.013296077468969	-0.027719680363537	-0.0965151586310241	0.0510615498804208	2303	-0.081555333998006	0.407269885371302	-0.013296077468969	0.393614192563439	71	55	0.00683821018644801	0.968609646044481	26	8	-0.153263650704025	0.36098085015453	0.770864716011098
TNFRSF12A	cholesterol/isoprenoid	Tier 2	ENSG00000006327	85	59	0.0419574869144837	0.0846467916413445	-0.0426893047268608	-0.0291786609401974	-0.0915651633807832	0.0427062984862566	2304	-0.0811565304087737	0.409572991802893	-0.0426893047268608	0.445039529672753	71	55	-0.0418807783292251	0.64028058599091	26	8	0.0144397602480601	0.823302467507629	0.771089419234246
UQCRC1	OXPHOS	Tier 1;Tier 2	ENSG00000010256	85	59	-0.5602497107741	-0.497219256026317	-0.0630304547477825	-0.0294791111174395	-0.0979748588821551	0.0387239494638515	2304	-0.0811565304087737	0.409572991802893	-0.0576791926497005	0.469625819947972	71	55	-0.0683471342367221	0.325212276455732	26	8	0.109518048583771	0.247232704165249	0.771089419234246
DLG2	glutamine/glutamate	Tier 1	ENSG00000150672	85	59	-0.142153282892093	-0.164471821724242	0.0223185388321486	0.0236462029266959	-0.0378997862253196	0.0861526294637064	2711	0.0811565304087736	0.409572991802893	0.042570497963626	0.262205875107409	71	55	0.043399549754769	0.362813029064128	26	8	0.06912685307837	0.428536792061782	0.771089419234246
PXMP2	serine/glycine/one-carbon	Tier 1	ENSG00000176894	85	59	0.0863895160428528	-0.013088158243681	0.0994776742865338	0.03329644700376	-0.0454806608342075	0.111900412254136	2711	0.0811565304087736	0.409572991802893	0.0884665448288922	0.497516341543643	71	55	0.0738768776627233	0.365412962417882	26	8	0.0996655686552752	0.855033778939491	0.771089419234246
FBP2	PPP;glycolysis	Tier 1;Tier 2	ENSG00000130957	85	59	-0.00886328025563298	0.00593378495205238	-0.0147970652076854	-0.02623448302179	-0.0885074914958247	0.0337312345048324	2305	-0.0807577268195414	0.411883826452936	-0.0196125127759371	0.373658157186614	71	55	-0.00644338804482412	0.980377943332367	26	8	-0.210503071425925	0.053793571342494	0.772350548408428
GRIN2D	glutamine/glutamate	Tier 1	ENSG00000105464	85	59	-0.0218677231513658	-0.0535724600013524	0.0317047368499866	0.0260481526313435	-0.0348471439184247	0.0892348690212211	2710	0.0807577268195414	0.411883826452936	0.0357145318661892	0.352233945641473	71	55	0.0398771753259543	0.0993792704378521	26	8	-0.130133093765707	0.108781091860842	0.772350548408428
SLC25A13	OXPHOS;glycolysis	Tier 1;Tier 2	ENSG00000004864	85	59	-0.0554108065086543	-0.101420851752011	0.046010045243357	0.0277052491852184	-0.0404740129016844	0.0956224509737467	2710	0.0807577268195414	0.411883826452936	0.046010045243357	0.411883826452936	71	55	0.0529269506133	0.156577491314728	26	8	-0.151490827635922	0.0920086902528621	0.772350548408428
GRIN1	glutamine/glutamate	Tier 1	ENSG00000176884	85	59	-0.130628354881914	-0.176027007542928	0.045398652661014	0.022215643119615	-0.0371934474597706	0.0836378245870984	2709	0.080358923230309	0.414202376992468	0.046546282306362	0.37803784271703	71	55	0.04147113061295	0.460604138476124	26	8	0.0625887917890585	0.405240820459417	0.773616079779583
NSMAF	sphingolipid	Tier 1	ENSG00000035681	85	59	-0.134279471741947	-0.077853379106645	-0.056426092635302	-0.0372213256670328	-0.117782041566247	0.0473557006702114	2306	-0.080358923230309	0.414202376992468	-0.0536455258031873	0.425910415761633	71	55	-0.0527527094621921	0.283564873457616	26	8	-0.122139528263275	0.47739524671309	0.773616079779583
PRSS1	vitamin B12	Tier 1	ENSG00000204983	85	59	0.0527356586874102	0.00201559322816471	0.0507200654592455	0.0330732314455955	-0.0465333495931593	0.10244247886912	2709	0.080358923230309	0.414202376992468	0.0424325262823816	0.507872774793067	71	55	0.0469785653368479	0.437038102473143	26	8	0.0539361889379859	0.556063538525548	0.773616079779583
SLC38A5	amino-acid transport	Tier 1	ENSG00000017483	85	59	0.102524266251225	0.0865246704940937	0.0159995957571316	0.0229594809514909	-0.0328870166406874	0.078954485327594	2708	0.0799601196410769	0.416528630796274	0.016128892152756	0.416528630796274	71	55	0.0185641460998537	0.538635945442789	26	8	0.0107159099170375	0.983804096811716	0.774885937660526
SPHK2	sphingolipid	Tier 1	ENSG00000063176	85	59	-0.0883101026202762	-0.0860736230289824	-0.00223647959129381	0.0250265410585854	-0.0359716778537527	0.0805838753317119	2708	0.0799601196410769	0.416528630796274	-0.00223647959129381	0.395870687315872	71	55	-0.00373906705509799	0.460604138476124	26	8	-0.0065649876063651	0.669890044729042	0.774885937660526
SLC2A10	glucose transport	Tier 1	ENSG00000197496	85	59	-0.00900554035440915	0.00398464480862664	-0.0129901851630358	-0.0238915333844479	-0.089698003415151	0.0351302013620768	2307	-0.0799601196410768	0.416528630796274	-0.0165983220144277	0.382449007810493	71	55	-0.0373956019336425	0.255834077573424	26	8	-0.0466074263902278	0.52915371486718	0.774885937660526
HEPH	iron	Tier 1	ENSG00000089472	85	59	-0.0306398814799925	-0.0435808317056733	0.0129409502256808	0.024288087084177	-0.0406412353391928	0.0845706878150743	2707	0.0795613160518445	0.418862574942534	0.0124264949875017	0.411883826452936	71	55	-0.0026190998610687	0.719529127603918	26	8	0.0663912493042325	0.502922621667626	0.775142799238345
MCOLN1	iron	Tier 1	ENSG00000090674	85	59	0.0764905569761961	0.095214489684571	-0.0187239327083749	-0.0215941949361596	-0.0763466632834439	0.0291168466178888	2308	-0.0795613160518445	0.418862574942534	-0.0236742992915562	0.364993469717372	71	55	-0.0440548860934717	0.2224967231185	26	8	2.92373452372013e-05	0.36098085015453	0.775142799238345
SLC39A4	zinc	Tier 1	ENSG00000147804	85	59	-0.122785282133308	-0.0796970405662252	-0.0430882415670828	-0.0322282552076751	-0.0999835920477356	0.0411661481171823	2308	-0.0795613160518445	0.418862574942534	-0.0330621509498071	0.479666638787878	71	55	-0.0362786254266834	0.782959087837865	26	8	-0.1467316573086	0.0647043508389117	0.775142799238345
SUPV3L1	OXPHOS	Tier 2	ENSG00000156502	85	59	-0.873829628729388	-0.844890554253352	-0.0289390744760359	-0.0326818080594379	-0.118583812128346	0.0515560322338508	2308	-0.0795613160518445	0.418862574942534	-0.0112463392359959	0.523616987005154	71	55	-0.018699939239892	0.454646895114502	26	8	-0.096519060966203	0.95143897231668	0.775142799238345
DDO	glutamine/glutamate;serine/glycine/one-carbon	Tier 1	ENSG00000203797	85	59	0.077637035624384	0.0431545793078866	0.0344824563164974	0.0324522381821989	-0.0498989907480318	0.120707679985693	2706	0.0791625124626121	0.421204196212474	0.0215482088165955	0.358578018498635	71	55	0.0360826106393759	0.202654496701083	26	8	-0.0335142170603023	0.791857490811325	0.777438333401325
PFKFB4	glycolysis	Tier 2	ENSG00000114268	85	59	-0.0345422135469982	-0.0547104982992458	0.0201682847522476	0.0293236723885755	-0.0437499509255452	0.110983201287848	2706	0.0791625124626121	0.421204196212474	0.0269145604894485	0.398134978061841	71	55	0.0379062114950434	0.394775027671459	26	8	-0.0928859151965193	1	0.777438333401325
B3GAT3	glycolysis	Tier 2	ENSG00000149541	85	59	0.0483868689075726	0.0520492969896167	-0.0036624280820442	0.025273000986249	-0.0414266701647551	0.0961645815147104	2705	0.0787637088733799	0.423553481090049	-0.0036624280820442	0.371480138929651	71	55	0.0276133478255143	0.168411941861414	26	8	-0.157698885617299	0.187003126910017	0.779736004301368
ME3	OXPHOS	Tier 1	ENSG00000151376	85	59	-0.0469521247449015	-0.107731338883189	0.0607792141382872	0.0318604070996146	-0.0434884454731656	0.110935056728002	2705	0.0787637088733799	0.423553481090049	0.0607792141382872	0.369310013594397	71	55	0.0963751304589925	0.116609233138396	26	8	-0.198706684040658	0.084438190880557	0.779736004301368
NEU3	sphingolipid	Tier 1	ENSG00000162139	85	59	0.049254831707101	0.0661465816742577	-0.0168917499671568	-0.0298066747655803	-0.0979602784435571	0.0367403110430116	2311	-0.0783649052841475	0.425910415761633	-0.0200836325685915	0.389124631813895	71	55	-0.0114090365630128	0.602077212711078	26	8	-0.121013927895144	0.16130486426762	0.78102013903302
SERINC4	serine/glycine/one-carbon	Tier 1	ENSG00000184716	85	59	-0.0471051605791034	-0.0789944528072699	0.0318892922281665	0.0241783906838969	-0.0340393912272364	0.085626909040588	2704	0.0783649052841475	0.425910415761633	0.0342569230542346	0.302155414962983	71	55	0.0184607751583215	0.463599051979541	26	8	0.0314564898630257	0.88700130251839	0.78102013903302
SLC16A10	amino-acid transport	Tier 1	ENSG00000112394	85	59	0.16193973471427	0.212873573626988	-0.0509338389127181	-0.0277895202922846	-0.0955293066754792	0.0422443605202461	2311	-0.0783649052841475	0.425910415761633	-0.065180421721967	0.350135140967898	71	55	-0.022836965212362	0.801914757933663	26	8	-0.113518868904358	0.0773798239689274	0.78102013903302
THEM4	fatty-acid oxidation	Tier 1	ENSG00000159445	85	59	-0.0997434238089154	-0.0688948475319353	-0.0308485762769801	-0.0269108274221132	-0.0980465388655433	0.0423782759092918	2313	-0.077567298105683	0.430647177742723	-0.0308485762769801	0.380239494397019	71	55	-0.000407457013421403	0.817164280303276	26	8	-0.210686207817043	0.0773798239689274	0.787660382089023
TPH1	tryptophan	Tier 1	ENSG00000129167	85	59	-0.0188267878354238	0.00320965778001684	-0.0220364456154407	-0.027926435819633	-0.0914067312539948	0.0377994793919723	2313	-0.077567298105683	0.430647177742723	-0.0254122313864669	0.382449007810493	71	55	-0.0315234692567616	0.386629011447294	26	8	0.00653765594553952	0.760747580347756	0.787660382089023
B3GALT5	sphingolipid	Tier 1	ENSG00000183778	85	59	0.05682646701691	0.0246613369010846	0.0321651301158254	0.0242016506346727	-0.0434127555267453	0.0923735921012978	2701	0.0771684945164506	0.433026975934596	0.0174977880181045	0.620176905507571	71	55	-0.0014302332980544	0.69030565398076	26	8	-0.0541515295593338	0.583624193952907	0.788503541253837
NIBAN1	cholesterol/isoprenoid	Tier 2	ENSG00000135842	85	59	-0.174127928726702	-0.21102538388816	0.036897455161458	0.0242150072269954	-0.0405376757462015	0.0921867328384445	2701	0.0771684945164506	0.433026975934596	0.037957638570827	0.356455389358312	71	55	0.036801713456088	0.355082944069703	26	8	0.0364435981099675	0.919153761667732	0.788503541253837
GLS	arginine;glutamine/glutamate	Tier 1	ENSG00000115419	85	59	0.015632405363041	-0.00235282863168015	0.0179852339947212	0.0264166111537635	-0.0365898528153484	0.0937845986176492	2700	0.0767696909272184	0.435414365684731	0.0249381529184924	0.402686905000396	71	55	0.0261037647992243	0.548426288860044	26	8	-0.001235410576901	0.919153761667732	0.788503541253837
GYS2	glycolysis	Tier 2	ENSG00000111713	85	59	0.0469061223748541	0.0302203953543753	0.0166857270204788	0.0230005703261379	-0.0369568001827112	0.0882225279765918	2700	0.0767696909272184	0.435414365684731	0.0222129840429333	0.384666374438681	71	55	0.0129440449507944	0.403023985514667	26	8	-0.13037591373007	0.16130486426762	0.788503541253837
DLG3	glutamine/glutamate	Tier 1	ENSG00000082458	85	59	-0.112524797954461	-0.0918448698055125	-0.020679928148949	-0.0241712113324886	-0.0866646061017011	0.0376027867847053	2315	-0.0767696909272183	0.435414365684731	-0.010521034111332	0.572305992908955	71	55	-0.0132606744796013	0.741721811766598	26	8	0.00860690574208999	0.919153761667732	0.788503541253837
SMARCC2	arginine	Tier 2	ENSG00000139613	85	59	0.0990003115596028	0.132084732396437	-0.033084420836834	-0.0258345200826016	-0.0873255514699948	0.0368838368314715	2315	-0.0767696909272183	0.435414365684731	-0.033513126822147	0.404974519191262	71	55	-0.038592874651781	0.156577491314728	26	8	0.199666981299458	0.00783047705635395	0.788503541253837
ADH7	glycolysis	Tier 1	ENSG00000196344	85	59	0.0482766132915009	0.0301452777544477	0.0181313355370532	0.0263432574006664	-0.0421809079613744	0.087755198112685	2699	0.076370887337986	0.437809331687683	0.0181313355370532	0.462172104439348	71	55	-0.0060787614019875	0.859441954380739	26	8	0.104223190990552	0.281973201045743	0.788503541253837
FPGS	folate	Tier 1	ENSG00000136877	85	59	-0.235770073843286	-0.256507128533426	0.02073705469014	0.0287333131287125	-0.0418195423250193	0.0997500528193228	2699	0.076370887337986	0.437809331687683	0.0224270962609065	0.407269885371302	71	55	0.017271463218151	0.647334340862006	26	8	0.0693092248418155	0.231035010974767	0.788503541253837
MAT2A	methionine	Tier 1	ENSG00000168906	85	59	-1.66858354269226	-1.64100902951482	-0.0275745131774401	0.0667264587068236	-0.103575793123522	0.239857011307355	2699	0.076370887337986	0.437809331687683	-0.0213123414439032	0.421204196212474	71	55	-0.0845028463050102	0.960767752212317	26	8	0.29176789441084	0.0140378346430221	0.788503541253837
PFKFB1	glycolysis	Tier 2	ENSG00000158571	85	59	-0.139147754586284	-0.155061401715041	0.015913647128757	0.0271483371783134	-0.0462529752736419	0.0932023700275079	2699	0.076370887337986	0.437809331687683	0.01506358583232	0.454784880297227	71	55	0.00726121685202899	0.522515863192671	26	8	0.114111888115156	0.247232704165249	0.788503541253837
SRM	arginine;methionine	Tier 1	ENSG00000116649	85	59	-0.0515573944120634	-0.0831766342057151	0.0316192397936517	0.0272396353022101	-0.0427942962940978	0.0921205050042849	2699	0.076370887337986	0.437809331687683	0.0316192397936517	0.404974519191262	71	55	0.0390783874016513	0.397513266854292	26	8	0.046643210153127	0.699719586564903	0.788503541253837
TAS2R30	glutamine/glutamate	Tier 1	ENSG00000256188	85	59	-0.0298717545295066	-0.00125391755905809	-0.0286178369704485	-0.0286289572085907	-0.0977301406793332	0.0391684690001796	2316	-0.076370887337986	0.437809331687683	-0.0286178369704485	0.464649313446996	71	55	-0.0303800561063924	0.276991488088103	26	8	0.0740863968987704	0.556063538525548	0.788503541253837
GCDH	tryptophan	Tier 1	ENSG00000105607	85	59	-0.129157982944386	-0.132055863347527	0.00289788040314037	0.0237734098425707	-0.037148239685026	0.0882682558794436	2698	0.0759720837487536	0.440211858338992	0.019249589692278	0.290878696989313	71	55	0.019288277991065	0.408580226852353	26	8	0.0107841348556037	0.919153761667732	0.791820565572812
ALDH6A1	BCAA;OXPHOS	Tier 1;Tier 2	ENSG00000119711	85	59	-0.00837851815502598	-0.00325530833281844	-0.00512320982220754	-0.0260588855663498	-0.0888927443309078	0.0357994114762513	2318	-0.0755732801595215	0.442621929735012	-0.00995253747318242	0.375844060999976	71	55	-0.049192870754134	0.253781822631394	26	8	0.167704398331064	0.138367904121731	0.793124574601316
FAM162A	glycolysis	Tier 2	ENSG00000114023	85	59	-0.0205854267534117	-0.0399743930987936	0.0193889663453819	0.0236460803211919	-0.0436513489896376	0.086373650475355	2697	0.0755732801595215	0.442621929735012	0.0193889663453819	0.457239869413484	71	55	0.0173003630894342	0.294753607235287	26	8	-0.137799842492381	0.187003126910017	0.793124574601316
PRODH2	arginine;serine/glycine/one-carbon	Tier 1	ENSG00000250799	85	59	-0.0687532432027633	-0.0360073272070378	-0.0327459159957254	-0.0243774882638413	-0.0777977585706775	0.0379820047866527	2318	-0.0755732801595215	0.442621929735012	-0.0224751739295885	0.59743133342759	71	55	-0.0160028246836314	0.886565448538881	26	8	-0.147677152203738	0.0403356711507055	0.793124574601316
CKM	arginine	Tier 1	ENSG00000104879	85	59	0.0286962817629505	0.0696568458201811	-0.0409605640572307	-0.0230013878743714	-0.08534927144584	0.0401105199665716	2319	-0.0751744765702891	0.445039529672753	-0.031598937735004	0.494944915846877	71	55	-0.0471446515939829	0.47568653416865	26	8	-0.0112406032905505	0.583624193952907	0.79342906047718
GATM	arginine;serine/glycine/one-carbon	Tier 1	ENSG00000171766	85	59	-0.0375758276840819	-0.0558460560065187	0.0182702283224367	0.0212082297186592	-0.0392727031442443	0.0825690933937587	2696	0.0751744765702891	0.445039529672753	0.0181559822218008	0.442621929735012	71	55	0.0273900647327725	0.568266840709165	26	8	-0.00107907315883631	0.95143897231668	0.79342906047718
H4C13	arginine	Tier 2	ENSG00000275126	85	59	0.0777157977568919	0.044428848737921	0.0332869490189709	0.0224713488985638	-0.0364455206263287	0.0772874725711581	2696	0.0751744765702891	0.445039529672753	0.0394340844881343	0.380239494397019	71	55	0.054601873039079	0.290243105872577	26	8	-0.00703121570923505	0.669890044729042	0.79342906047718
SLC17A7	glutamine/glutamate	Tier 1	ENSG00000104888	85	59	-0.138490828576321	-0.134598031752725	-0.00389279682359583	-0.0244767633588787	-0.0875275549774659	0.0427912319310385	2319	-0.0751744765702891	0.445039529672753	0.00559848908640601	0.555839565167508	71	55	0.020775079478743	0.704862945162344	26	8	-0.153517556645312	0.118030006895741	0.79342906047718
MTF1	cholesterol/isoprenoid	Tier 2	ENSG00000188786	85	59	0.15278799088981	0.0950059580096651	0.0577820328801444	0.0402961777071191	-0.0605420742929058	0.139794761019892	2695	0.0747756729810569	0.44746464164975	0.0577820328801444	0.457239869413484	71	55	0.075345869371653	0.352529520346205	26	8	-0.135745669553605	0.281973201045743	0.794742231458424
CAD	glutamine/glutamate	Tier 1	ENSG00000084774	85	59	-0.807890041071788	-0.799388932644504	-0.00850110842728302	-0.038649736508273	-0.146132143922546	0.0646241068803601	2320	-0.0747756729810568	0.44746464164975	-0.00850110842728302	0.442621929735012	71	55	0.037241902020098	0.941181270666322	26	8	-0.203885801088149	0.108781091860842	0.794742231458424
SMARCC1	arginine	Tier 2	ENSG00000173473	85	59	-0.078980828245332	-0.0388690007867355	-0.0401118274585966	-0.0221313143632042	-0.0954852891759938	0.0463461986273106	2320	-0.0747756729810568	0.44746464164975	-0.0550996920926414	0.409572991802893	71	55	0.00287586145093689	0.228141948811512	26	8	0.128658475498005	0.281973201045743	0.794742231458424
ETFB	OXPHOS	Tier 1;Tier 2	ENSG00000105379	85	59	-0.0866714967296563	-0.0822155241211846	-0.00445597260847169	0.0234558627264951	-0.0351352452747774	0.0826084389988347	2694	0.0743768693918245	0.449897248863949	-0.00445597260847169	0.487273442821611	71	55	0.00328698491146071	0.532158097706085	26	8	0.0239452953343018	0.669890044729042	0.796058791222927
GYS1	glycolysis	Tier 2	ENSG00000104812	85	59	-0.0256124370836717	-0.0111751874292167	-0.0144372496544549	0.0245835127054047	-0.0404956286931025	0.0855492200843077	2694	0.0743768693918245	0.449897248863949	-0.0225775472594393	0.583410796126002	71	55	-0.0174646515575458	0.952929652393533	26	8	0.264869673820837	0.0298485359481618	0.796058791222927
ORMDL1	sphingolipid	Tier 1	ENSG00000128699	85	59	-0.0975685395962168	-0.0611450548490155	-0.0364234847472013	-0.0266316802667679	-0.0873240454845736	0.0446633896871081	2321	-0.0743768693918245	0.449897248863949	-0.0459486436432941	0.352233945641473	71	55	-0.0498848029997335	0.257897835570447	26	8	0.10783297674941	0.730019850675947	0.796058791222927
HIBCH	BCAA	Tier 1;Tier 2	ENSG00000198130	85	59	0.0923740562324776	0.105611591516652	-0.0132375352841747	-0.0240163156835856	-0.0873306927646874	0.0383262793710028	2322	-0.0739780658025923	0.452337334213608	-0.0132375352841747	0.484730627140708	71	55	-0.0575248692971122	0.184133729068472	26	8	0.0583403676579986	0.452593620794896	0.796384433802513
TAS2R7	glutamine/glutamate	Tier 1	ENSG00000121377	85	59	0.0206050255275001	0.047439450633013	-0.0268344251055129	-0.0218247511496101	-0.0782400156057092	0.0368825825398361	2322	-0.0739780658025923	0.452337334213608	-0.0268344251055129	0.452337334213608	71	55	-0.0278992060983276	0.595242958697853	26	8	0.0075649156139041	0.52915371486718	0.796384433802513
GAPDHS	glycolysis	Tier 1;Tier 2	ENSG00000105679	85	59	-0.114380200613628	-0.143423806241555	0.0290436056279265	0.0224991773729584	-0.0368928798614318	0.0880224061531162	2693	0.0739780658025921	0.452337334213608	0.0307798109328805	0.440211858338992	71	55	0.031977110671377	0.451684629875601	26	8	-0.130007106920169	0.247232704165249	0.796384433802513
ME2	OXPHOS;glycolysis	Tier 1;Tier 2	ENSG00000082212	85	59	0.188802790052804	0.128353713572138	0.060449076480666	0.0314096265821258	-0.0552882133801929	0.11341344369087	2693	0.0739780658025921	0.452337334213608	0.04984718067111	0.608756826381258	71	55	0.050270391523373	0.571606675532239	26	8	-0.0447117831983466	0.823302467507629	0.796384433802513
CYP27A1	cholesterol/isoprenoid	Tier 1	ENSG00000135929	85	59	-0.0683288677725746	-0.0827600567276166	0.0144311889550421	0.0223104527950866	-0.0351963585680459	0.0772659470163309	2692	0.07357926221336	0.454784880297227	0.0182293777690003	0.409572991802893	71	55	0.0191543963333935	0.636765808127782	26	8	0.0110959884715645	0.88700130251839	0.796719914366854
HIBADH	BCAA	Tier 1	ENSG00000106049	85	59	-0.115585003303416	-0.151684573284554	0.0360995699811382	0.0281362147302837	-0.0448904884015286	0.101773947988382	2692	0.07357926221336	0.454784880297227	0.0264756672202257	0.513093099233542	71	55	0.063458639296488	0.144029772877134	26	8	-0.266279181034449	0.0590400187453341	0.796719914366854
MIOX	glycolysis	Tier 2	ENSG00000100253	85	59	0.0262911016280922	-0.000506246483555586	0.0267973481116478	0.0267764293405362	-0.0438042271325602	0.105106661861415	2692	0.07357926221336	0.454784880297227	0.0171515705643447	0.550402601294276	71	55	0.029435161465848	0.448733310936374	26	8	0.0658079480632249	0.502922621667626	0.796719914366854
MLYCD	fatty-acid oxidation	Tier 1	ENSG00000103150	85	59	0.154768384230503	0.124183714435573	0.03058466979493	0.0225513204810045	-0.0396053643956508	0.0847902878735163	2692	0.07357926221336	0.454784880297227	0.029370720984418	0.428274986115733	71	55	-0.017156704642307	0.945096102967897	26	8	0.124724164002331	0.053793571342494	0.796719914366854
ECSIT	OXPHOS	Tier 1	ENSG00000130159	85	59	-0.586873732301621	-0.56785001485733	-0.0190237174442912	-0.0304057586967146	-0.109232500199226	0.0480697025833957	2324	-0.0731804586241276	0.457239869413484	-0.017338550113998	0.477145508409619	71	55	0.027093940497103	0.820987743252713	26	8	-0.0923781848715235	0.36098085015453	0.797419685980865
STS	sphingolipid	Tier 1	ENSG00000101846	85	59	-0.00397018722568802	-0.0133460807809774	0.00937589355528941	0.0292381346757617	-0.046382334451139	0.103296867238044	2691	0.0731804586241276	0.457239869413484	0.0299603792403125	0.309832750171265	71	55	0.0671822520018945	0.306234401397732	26	8	-0.0301452764421166	0.405240820459417	0.797419685980865
TAT	methionine	Tier 1	ENSG00000198650	85	59	0.0186910202237662	0.016328050206076	0.00236297001769025	0.0266142951696637	-0.046088746886962	0.101757970511884	2691	0.0731804586241276	0.457239869413484	0.0110765702241661	0.373658157186614	71	55	0.005855928781664	0.408580226852353	26	8	0.0817116030718515	0.405240820459417	0.797419685980865
CYP1A1	tryptophan	Tier 1	ENSG00000140465	85	59	-0.0244435929705504	-0.0320803106403749	0.0076367176698245	0.0313604769499517	-0.048786933327823	0.116289702140067	2690	0.0727816550348954	0.459702283561207	0.0043645326050889	0.531581937494381	71	55	0.0025517495915304	0.719529127603918	26	8	-0.0183390838539473	0.919153761667732	0.797419685980865
SLC39A8	zinc	Tier 1	ENSG00000138821	85	59	-0.0276068514009533	-0.056273282153979	0.0286664307530257	0.0261530475418094	-0.0425980178639323	0.0934362674594171	2690	0.0727816550348954	0.459702283561207	0.0326702463204203	0.339760462345647	71	55	0.0333588261118775	0.320397553825789	26	8	0.023851621861664	0.919153761667732	0.797419685980865
SPR	folate	Tier 1	ENSG00000116096	85	59	0.0201934062585159	0.00460893693112374	0.0155844693273922	0.0209994643788891	-0.0438627459804801	0.0841565195178773	2690	0.0727816550348954	0.459702283561207	0.0247921616190428	0.437809331687683	71	55	0.0134564880617543	0.578314209118661	26	8	0.119969659153377	0.231035010974767	0.797419685980865
FOXRED1	OXPHOS	Tier 1	ENSG00000110074	85	59	-0.212504433832509	-0.171615221998964	-0.0408892118335449	-0.0339843996479157	-0.104512605524776	0.0508723982361631	2325	-0.0727816550348953	0.459702283561207	-0.015530430200889	0.547693972831423	71	55	-0.054609474364516	0.318007755910628	26	8	0.108222724957165	0.52915371486718	0.797419685980865
SUCLG2	OXPHOS;TCA	Tier 1	ENSG00000172340	85	59	0.120650699032306	0.122712046195022	-0.00206134716271633	-0.0229554416064355	-0.0853121269377316	0.0398939169110702	2325	-0.0727816550348953	0.459702283561207	-0.00205791504936899	0.505273103675279	71	55	0.032827132360877	0.99215051263074	26	8	-0.0758083604167045	0.823302467507629	0.797419685980865
ATP6V1A	OXPHOS;iron	Tier 1	ENSG00000114573	85	59	-1.35045825662162	-1.30462393037821	-0.0458343262434149	-0.0447443783863558	-0.164947279900874	0.0808305510305625	2326	-0.072382851445663	0.462172104439348	-0.0439225475159402	0.462172104439348	71	55	-0.12789088624438	0.148123712636521	26	8	0.34091731899931	0.0217965773036523	0.798156728208222
ENPP3	NAD;riboflavin	Tier 1	ENSG00000154269	85	59	-0.0483510548146921	-0.068385387564754	0.0200343327500619	0.0282120765740564	-0.0455297553609547	0.106073734803996	2689	0.072382851445663	0.462172104439348	0.00893805568972039	0.531581937494381	71	55	0.020786797510888	0.428383072230586	26	8	-0.0320214070003587	0.823302467507629	0.798156728208222
CITED2	glycolysis	Tier 2	ENSG00000164442	85	59	-0.0832232825017326	-0.0397504552904656	-0.043472827211267	-0.0208140696836645	-0.0830995719120691	0.0390308705768136	2327	-0.0719840478564308	0.464649313446996	-0.0384038968785328	0.528920145482578	71	55	-0.0255622866998819	0.925537088617473	26	8	-0.0916860801860785	0.231035010974767	0.798156728208222
EXT2	glycolysis	Tier 2	ENSG00000151348	85	59	-0.0372829676993698	0.00279209515710399	-0.0400750628564738	-0.0302271134887547	-0.102056471251399	0.0540757728196984	2327	-0.0719840478564308	0.464649313446996	-0.0400750628564738	0.472125078740436	71	55	0.0145322522628111	0.972531779039936	26	8	-0.159977784594996	0.36098085015453	0.798156728208222
RMND5A	OXPHOS	Tier 1	ENSG00000153561	85	59	-0.225790349440429	-0.202485175746672	-0.023305173693757	-0.0272179460553721	-0.102995681996081	0.0462836474499903	2327	-0.0719840478564308	0.464649313446996	-0.032675521451903	0.380239494397019	71	55	-0.054648848763442	0.294753607235287	26	8	0.017332636671241	0.95143897231668	0.798156728208222
SLC30A1	zinc	Tier 1	ENSG00000170385	85	59	0.0895241313022121	0.111994338672492	-0.0224702073702797	-0.0223331195229461	-0.09066283137697	0.0403403651428845	2327	-0.0719840478564308	0.464649313446996	-0.0182020227393918	0.643291754843453	71	55	-0.0022196838986446	0.541889632874066	26	8	-0.0308237504821444	0.983804096811716	0.798156728208222
TRDMT1	methionine	Tier 1	ENSG00000107614	85	59	0.024107093523274	0.00853564543279672	0.0155714480904773	-0.0263866303755339	-0.0912158438653367	0.0430987005794306	2327	-0.0719840478564308	0.464649313446996	-0.00485165235530885	0.603082118660147	71	55	0.0019897922399409	0.760382148127533	26	8	-0.00167653763107977	0.730019850675947	0.798156728208222
SLC19A1	folate	Tier 1	ENSG00000173638	85	59	-0.00960718308625907	-0.00444470054991126	-0.00516248253634782	0.019884515893405	-0.0352308519147236	0.0747157724666588	2688	0.0719840478564306	0.464649313446996	-0.00323890787518828	0.442621929735012	71	55	0.0115284602141405	0.187404474703832	26	8	-0.0468032732336722	0.855033778939491	0.798156728208222
H2AZ2	arginine	Tier 2	ENSG00000105968	85	59	0.0750967748322188	0.0309267952105051	0.0441699796217137	0.0229836588073198	-0.0398939378871049	0.0950474606291283	2687	0.0715852442671985	0.467133891683391	0.0496744294735328	0.437809331687683	71	55	0.052823032854288	0.285779290750833	26	8	-0.0184652269070628	0.823302467507629	0.799329270001792
SLC3A2	amino-acid transport;tryptophan	Tier 1	ENSG00000168003	85	59	-0.0746764537866167	-0.112532672391193	0.0378562186045766	0.0249899057010584	-0.0400312099570166	0.087017923579019	2687	0.0715852442671985	0.467133891683391	0.0355074952258533	0.50009486352013	71	55	0.0271392947036394	0.657974460608907	26	8	0.252163970165962	0.0269187221199446	0.799329270001792
POLR3K	glycolysis	Tier 2	ENSG00000161980	85	59	-1.13677954169236	-1.11385110318841	-0.0229284385039501	-0.0402054800283813	-0.154668043529444	0.0686598644023644	2328	-0.0715852442671984	0.467133891683391	-0.0276488759021956	0.487273442821611	71	55	-0.0247700638733801	0.419828602862295	26	8	-0.0434812549835648	0.791857490811325	0.799329270001792
FTCD	folate;serine/glycine/one-carbon	Tier 1	ENSG00000160282	85	59	-0.265005858040331	-0.201543447167711	-0.0634624108726194	-0.0282617188416877	-0.10592022928779	0.0520150646478935	2329	-0.0711864406779661	0.469625819947972	-0.0635252287907445	0.472125078740436	71	55	-0.031904509233046	0.906022980448991	26	8	-0.206983336303081	0.0489421815821301	0.799329270001792
MAT2B	methionine	Tier 1	ENSG00000038274	85	59	-0.0166580910350338	-0.0395818592102979	0.0229237681752641	0.0261422758488204	-0.0507373469639529	0.113106905368415	2686	0.0711864406779661	0.469625819947972	-0.000532608429712103	0.634581581963738	71	55	0.0129330170076576	0.752900580675584	26	8	0.046004150913126	0.247232704165249	0.799329270001792
TALDO1	PPP;glycolysis	Tier 1;Tier 2	ENSG00000177156	85	59	-0.0988858662711064	-0.0623398857660767	-0.0365459805050297	-0.0230014144686663	-0.0930352356541962	0.0472536004036331	2329	-0.0711864406779661	0.469625819947972	-0.0365459805050297	0.423553481090049	71	55	-0.0357645080180877	0.451684629875601	26	8	-0.0274234292430499	0.95143897231668	0.799329270001792
ADI1	methionine	Tier 1	ENSG00000182551	85	59	-0.00343717668654292	0.00718590400129741	-0.0106230806878403	-0.0289318203992367	-0.100225182138305	0.042742948090268	2330	-0.0707876370887338	0.472125078740436	-0.0106230806878403	0.398134978061841	71	55	-0.0403886825020611	0.106649539584093	26	8	0.165692369894066	0.187003126910017	0.799329270001792
PPFIA2	glutamine/glutamate	Tier 1	ENSG00000139220	85	59	-0.000587164540606977	-0.00638648419273591	0.00579931965212894	-0.0284010881918585	-0.101670983355512	0.0470572374159414	2330	-0.0707876370887338	0.472125078740436	-0.00140994684950567	0.437809331687683	71	55	-0.0143983877550468	0.437038102473143	26	8	0.0483402795171026	0.95143897231668	0.799329270001792
ADHFE1	OXPHOS	Tier 1	ENSG00000147576	85	59	-0.175560653272214	-0.220203456579708	0.044642803307494	0.0321178721893805	-0.0505709116114887	0.115401942885131	2685	0.0707876370887337	0.472125078740436	0.024619592520001	0.575072763336069	71	55	0.012134454873653	0.564936367036854	26	8	-0.0830084514553006	0.231035010974767	0.799329270001792
ATP5MC3	OXPHOS	Tier 1;Tier 2	ENSG00000154518	85	59	-0.0736804367860489	-0.100557273062918	0.0268768362768689	0.0262748116451304	-0.0489480023441429	0.0978385802688129	2685	0.0707876370887337	0.472125078740436	0.0268768362768689	0.442621929735012	71	55	0.0539199446557309	0.383936630793116	26	8	-0.106313774447561	0.281973201045743	0.799329270001792
COG2	glycolysis	Tier 2	ENSG00000135775	85	59	-0.351927406118054	-0.349008747905978	-0.00291865821207565	0.0308641639739242	-0.0465940408051877	0.108227682114096	2685	0.0707876370887337	0.472125078740436	-0.00654305177493203	0.54229656610454	71	55	-0.00742151010730902	0.643803452509694	26	8	-0.090245372564834	0.640572271580656	0.799329270001792
H3C3	arginine	Tier 2	ENSG00000287080	85	59	-0.159426278821824	-0.196047250980564	0.0366209721587404	0.0264280224450539	-0.0424294876798529	0.0962065375744795	2685	0.0707876370887337	0.472125078740436	0.051412202098055	0.380239494397019	71	55	0.070279462629452	0.185763779662298	26	8	-0.0617571441173645	0.319883420415998	0.799329270001792
ALCAM	cholesterol/isoprenoid	Tier 2	ENSG00000170017	85	59	-0.00911751030523653	-0.0662047185613869	0.0570872082561504	0.0263913302859535	-0.0450942481428717	0.0892602892485465	2684	0.0703888334995015	0.474631648260823	0.042704517739533	0.572305992908955	71	55	0.0272179376162987	0.775412065666023	26	8	0.122348126264381	0.340034249467904	0.799737335733033
CALM1	glutamine/glutamate	Tier 1	ENSG00000198668	85	59	0.0440911086872022	0.0619855468591364	-0.0178944381719343	-0.0179205668578007	-0.0692416257914359	0.0359483503130498	2331	-0.0703888334995015	0.474631648260823	-0.0060320148516065	0.566791500455644	71	55	-0.0012944230158884	0.921630299743665	26	8	-0.0704881348485065	0.149500978394344	0.799737335733033
ENPP1	NAD;riboflavin	Tier 1	ENSG00000197594	85	59	0.0894084609319528	0.07566641606184	0.0137420448701127	0.0220742169209374	-0.0374264216321487	0.0885930035325454	2684	0.0703888334995015	0.474631648260823	-0.0014504412747634	0.440211858338992	71	55	-0.00200906309612039	0.847866262379998	26	8	0.0677773688272445	0.200933413709765	0.799737335733033
GLB1L	sphingolipid	Tier 1	ENSG00000163521	85	59	-0.245623466251485	-0.177824950368117	-0.067798515883368	-0.030393106823488	-0.114270028256011	0.0574922481880214	2331	-0.0703888334995015	0.474631648260823	-0.042155590047073	0.657917749953324	71	55	-0.00373585843593199	0.972531779039936	26	8	-0.062885620865835	0.47739524671309	0.799737335733033
PHKA2	glycolysis	Tier 2	ENSG00000044446	85	59	0.0148967379115288	-0.00812660364146094	0.0230233415529897	0.0243501029822397	-0.0402175882056232	0.0973322269105511	2683	0.0699900299102692	0.477145508409619	0.0230233415529897	0.484730627140708	71	55	0.030160291434099	0.34493918432004	26	8	-0.0041327590812284	0.52915371486718	0.800153750444635
PPFIA1	glutamine/glutamate	Tier 1	ENSG00000131626	85	59	0.00461345413781497	-0.0348584857465467	0.0394719398843617	-0.0329026782917475	-0.12607653912423	0.0577651177229498	2332	-0.0699900299102692	0.477145508409619	0.0424232730094516	0.482195018697361	71	55	0.0239601965178775	0.622788900545966	26	8	0.0845522490798954	0.556063538525548	0.800153750444635
SLC39A6	zinc	Tier 1	ENSG00000141424	85	59	0.0698599605244166	0.106466177307164	-0.036606216782747	-0.0219797792596583	-0.088912973026369	0.0404950888267483	2332	-0.0699900299102692	0.477145508409619	-0.036606216782747	0.474631648260823	71	55	-0.0421306432598104	0.416999577685821	26	8	-0.103308712464768	0.95143897231668	0.800153750444635
SLC5A10	glucose transport	Tier 1	ENSG00000154025	85	59	0.111708201913917	0.0644232613635354	0.0472849405503811	0.0253315581937525	-0.0455006610932997	0.0957631394312741	2683	0.0699900299102692	0.477145508409619	0.046965190967284	0.425910415761633	71	55	0.0166865903469421	0.650873183684916	26	8	0.0980400701961308	0.611804938252237	0.800153750444635
PRMT3	arginine	Tier 2	ENSG00000185238	85	59	-0.0733808201531927	-0.0654162373663206	-0.00796458278687212	-0.0241119243129883	-0.0881301967501917	0.0391587069507289	2333	-0.0695912263210369	0.479666638787878	-0.0140173442511419	0.44746464164975	71	55	-0.055662698939752	0.394775027671459	26	8	-0.00112704407421806	0.47739524671309	0.803427394980407
TAS2R40	glutamine/glutamate	Tier 1	ENSG00000221937	85	59	-0.110744814287267	-0.098366828316674	-0.012377985970593	-0.0250151690560349	-0.0920525585625867	0.0386658451020416	2334	-0.0691924227318046	0.482195018697361	-0.010407904487735	0.531581937494381	71	55	-0.0280275723033408	0.149507934772704	26	8	0.128492808318533	0.36098085015453	0.806705410427339
FDX2	cholesterol/isoprenoid;iron	Tier 1	ENSG00000267673	85	59	-0.867766048472497	-0.830576857920219	-0.037189190552278	-0.0404602379449458	-0.137771945289488	0.0648782980194359	2335	-0.0687936191425723	0.484730627140708	-0.037189190552278	0.505273103675279	71	55	-0.037546707728917	0.47568653416865	26	8	0.206391017080927	0.36098085015453	0.807122223493726
NDUFA7	OXPHOS	Tier 1;Tier 2	ENSG00000267855	85	59	-0.163283268657705	-0.133002151554729	-0.030281117102976	-0.0237629043703937	-0.0919001903252707	0.0460482217669986	2335	-0.0687936191425723	0.484730627140708	-0.02874435248637	0.539607844277548	71	55	-0.020348795170135	0.494137315813491	26	8	-0.0497957567482058	0.52915371486718	0.807122223493726
NDUFV2	OXPHOS	Tier 1;Tier 2	ENSG00000178127	85	59	-0.2704635567572	-0.206140092086322	-0.064323464670878	-0.0275014111207958	-0.106044170966962	0.0461794260169217	2335	-0.0687936191425723	0.484730627140708	-0.064323464670878	0.492380609217392	71	55	-0.093935191932432	0.19071791601024	26	8	0.167895413496465	0.16130486426762	0.807122223493726
GRIN2A	glutamine/glutamate	Tier 1	ENSG00000183454	85	59	-0.0893887895433867	-0.111101531207359	0.0217127416639719	0.0263811697689031	-0.0480650659937628	0.106503628019467	2680	0.0687936191425722	0.484730627140708	0.0188499087596269	0.454784880297227	71	55	0.0406823955956328	0.454646895114502	26	8	-0.0583955155693456	0.640572271580656	0.807122223493726
ALDOA	PPP;glycolysis	Tier 1;Tier 2	ENSG00000149925	85	59	-0.372700218690727	-0.29687381313318	-0.075826405557547	-0.030923165384895	-0.12152335123719	0.0605680281251174	2336	-0.0683948155533399	0.487273442821611	-0.075826405557547	0.411883826452936	71	55	-0.078778082193801	0.0944325710170459	26	8	0.170301041694524	0.215606006559306	0.808496006185799
ATP4A	OXPHOS	Tier 1	ENSG00000105675	85	59	0.142762691300372	0.157215951901729	-0.014453260601357	-0.0197420536022755	-0.0806310594161939	0.048526580774698	2336	-0.0683948155533399	0.487273442821611	-0.026542678851378	0.369310013594397	71	55	-0.011297141095919	0.775412065666023	26	8	-0.147064290836916	0.502922621667626	0.808496006185799
GRIK4	glutamine/glutamate	Tier 1	ENSG00000149403	85	59	0.0520554701370908	0.0438131095596135	0.0082423605774773	-0.0204984172064219	-0.0838445538629317	0.0424647036510724	2336	-0.0683948155533399	0.487273442821611	0.0119045710250857	0.657917749953324	71	55	0.023009246059727	0.941181270666322	26	8	-0.0573352275696777	0.247232704165249	0.808496006185799
EBP	cholesterol/isoprenoid	Tier 1;Tier 2	ENSG00000147155	85	59	-0.0570851073509767	-0.118106085719403	0.0610209783684262	0.0286317001368254	-0.0451288031589774	0.104352704796571	2678	0.0679960119641077	0.489823444145026	0.0610209783684262	0.467133891683391	71	55	0.0654297900879288	0.460604138476124	26	8	-0.0318147547832517	0.640572271580656	0.809872017719879
PAM	glycolysis	Tier 2	ENSG00000145730	85	59	0.0319654288733818	0.0598986508023121	-0.0279332219289303	-0.0248464842922843	-0.0891357532223911	0.0407387764443322	2337	-0.0679960119641077	0.489823444145026	-0.025853109020714	0.575072763336069	71	55	-0.0263926873262337	0.66868431976753	26	8	-0.0491952026626292	0.760747580347756	0.809872017719879
ST6GALNAC5	sphingolipid	Tier 1	ENSG00000117069	85	59	-0.0975644759134832	-0.0876396389201431	-0.00992483699334011	-0.0221095307258104	-0.085054217612259	0.0396830224007119	2337	-0.0679960119641077	0.489823444145026	0.000229014935916649	0.631689320733453	71	55	-0.0077844631828053	0.738007501019304	26	8	-0.038729761866882	0.405240820459417	0.809872017719879
ACSBG1	fatty-acid oxidation	Tier 1	ENSG00000103740	85	59	0.0388643863276327	0.0020231029059464	0.0368412834216863	0.0272553732566199	-0.0476979617770828	0.0993450789277465	2677	0.0675972083748755	0.492380609217392	0.0388574347215136	0.528920145482578	71	55	0.0212239335857141	0.813345163090735	26	8	0.163525687369179	0.36098085015453	0.81125019861722
LETM1	OXPHOS	Tier 1	ENSG00000168924	85	59	-0.627514468271439	-0.689399095789025	0.0618846275175859	0.030967138525823	-0.056147419457968	0.113074583740817	2677	0.0675972083748755	0.492380609217392	0.0618846275175859	0.467133891683391	71	55	0.0610783258753389	0.494137315813491	26	8	0.0774076596193165	0.319883420415998	0.81125019861722
SLC1A4	amino-acid transport	Tier 1	ENSG00000115902	85	59	0.0175379515269283	0.0562836521888544	-0.0387457006619261	-0.0249912236071158	-0.093417588010597	0.0455158513572035	2338	-0.0675972083748754	0.492380609217392	-0.0443969052371709	0.327573849031179	71	55	-0.0262066562425307	0.622788900545966	26	8	-0.171896782515297	0.231035010974767	0.81125019861722
IMMT	OXPHOS	Tier 2	ENSG00000132305	85	59	-0.283108949627646	-0.267731271497793	-0.015377678129853	0.0282582580414849	-0.0534954105456564	0.100071996667537	2676	0.0671984047856431	0.494944915846877	-0.026575515086654	0.59461499646597	71	55	0.043927537120289	0.173018870628633	26	8	-0.198136535772816	0.428536792061782	0.81307068780049
PFKFB3	glycolysis	Tier 2	ENSG00000170525	85	59	-0.111595705962546	-0.115237077908114	0.003641371945568	-0.0238169838250233	-0.0888629298930364	0.0443486756882315	2339	-0.0671984047856431	0.494944915846877	-0.00883000574915199	0.53692581395156	71	55	0.0507364846302846	0.929445673998591	26	8	-0.0512747933031872	0.200933413709765	0.81307068780049
ACAD10	fatty-acid oxidation	Tier 1	ENSG00000111271	85	59	0.0249803723112743	0.000429901850205441	0.0245504704610688	0.0231335091948931	-0.0438921043121479	0.0901274629287019	2675	0.0667996011964107	0.497516341543643	0.0210683510187674	0.553117808385429	71	55	0.024333738212312	0.403023985514667	26	8	-0.0238453782353237	0.556063538525548	0.81307068780049
AGXT	glutamine/glutamate;serine/glycine/one-carbon	Tier 1	ENSG00000172482	85	59	0.0368058991962118	0.0408368475174918	-0.00403094832128	0.0267891712358843	-0.0436799923563811	0.0873675424882963	2675	0.0667996011964107	0.497516341543643	-0.0147512185234087	0.407269885371302	71	55	0.0167149063446165	0.235826580230837	26	8	-0.0472849523523183	0.669890044729042	0.81307068780049
AKR1A1	glycolysis	Tier 1;Tier 2	ENSG00000117448	85	59	0.0571452290092398	0.0547449804726025	0.00240024853663729	0.0253783422866727	-0.0494826440130958	0.0944280645647159	2675	0.0667996011964107	0.497516341543643	-9.23655792268926e-05	0.59743133342759	71	55	0.0015614334284213	0.672269444977815	26	8	0.0384936060821975	0.791857490811325	0.81307068780049
FUT8	glycolysis	Tier 2	ENSG00000033170	85	59	-0.0100265816497053	-0.0153481153917501	0.00532153374204481	0.0263564976387038	-0.0494800113546839	0.101448310713452	2675	0.0667996011964107	0.497516341543643	-0.0102930821057752	0.660858960834524	71	55	-0.00982098303699874	0.898232528218888	26	8	0.548720095933377	0.00284420829470843	0.81307068780049
NEK1	OXPHOS	Tier 1	ENSG00000137601	85	59	-0.117637940287279	-0.188736909288038	0.071098969000759	0.0367424639346373	-0.0529283998780237	0.125959473015918	2675	0.0667996011964107	0.497516341543643	0.071098969000759	0.464649313446996	71	55	0.111400311259641	0.162413399545902	26	8	-0.10311509810123	0.382718791715432	0.81307068780049
B4GAT1	sphingolipid	Tier 1	ENSG00000174684	85	59	-0.0126640956869656	0.0411255295640131	-0.0537896252509787	-0.0265147871875418	-0.0989418990519086	0.0465473009516928	2342	-0.0660019940179462	0.502680458691364	-0.0537896252509787	0.474631648260823	71	55	-0.0541298017077293	0.42266887663303	26	8	0.0672439635656988	0.88700130251839	0.818667598237839
CTSA	sphingolipid	Tier 1	ENSG00000064601	85	59	-0.0193854229626179	-0.00998855289685851	-0.00939687006575942	0.0199404279004869	-0.0410260474689817	0.0803158629894856	2673	0.0660019940179462	0.502680458691364	-0.00940975422025639	0.502680458691364	71	55	0.0274119297754757	0.299310842023664	26	8	-0.114019648262763	0.36098085015453	0.818667598237839
RAB5IF	OXPHOS	Tier 1	ENSG00000101084	85	59	0.0644230830800936	0.0875815580587117	-0.0231584749786181	-0.0218176262419734	-0.0907453732891677	0.0488717144902561	2342	-0.0660019940179462	0.502680458691364	-0.0231584749786181	0.513093099233542	71	55	-0.0242447548537018	0.509800634446046	26	8	-0.161801615668365	0.52915371486718	0.818667598237839
ASAH2	sphingolipid	Tier 1	ENSG00000188611	85	59	-0.0267385677596725	-0.00735359707287836	-0.0193849706867942	-0.0189045167114474	-0.077180429365327	0.0343004793924196	2343	-0.0656031904287139	0.505273103675279	-0.0193849706867942	0.515713703718306	71	55	-0.0398424022452318	0.381255756438333	26	8	-0.109749659610564	0.247232704165249	0.819110932708948
JAK2	arginine	Tier 2	ENSG00000096968	85	59	-0.026383755426756	0.00645949188084171	-0.0328432473075977	-0.0245292622064065	-0.0908518173992726	0.0480966551584548	2343	-0.0656031904287139	0.505273103675279	-0.0328432473075977	0.577845841717284	71	55	-0.0328432473075977	0.414181824735844	26	8	0.0300614832373099	0.583624193952907	0.819110932708948
SDHA	OXPHOS;TCA	Tier 1;Tier 2	ENSG00000073578	85	59	0.0574601043387865	0.0685858848532866	-0.0111257805145001	-0.0213152431088702	-0.0838200977825541	0.0398613401064458	2343	-0.0656031904287139	0.505273103675279	-0.00770680266412213	0.640382836256257	71	55	-0.0115069359086454	0.451684629875601	26	8	-0.0493316090389691	0.699719586564903	0.819110932708948
SPNS2	sphingolipid	Tier 1	ENSG00000183018	85	59	0.0622952721426856	0.0945449941724393	-0.0322497220297537	-0.0206962598833388	-0.0733026169212013	0.0377717590045077	2343	-0.0656031904287139	0.505273103675279	-0.0322497220297537	0.54229656610454	71	55	-0.0058232656500883	0.626270666506243	26	8	-0.117771022475023	0.382718791715432	0.819110932708948
SAMD8	sphingolipid	Tier 1	ENSG00000156671	85	59	-0.0529434025452052	-0.018234990941188	-0.0347084116040172	-0.0260714543201046	-0.0975329111982534	0.0500248967743037	2344	-0.0652043868394816	0.507872774793067	-0.0347084116040172	0.50009486352013	71	55	-0.0067099081260605	0.960767752212317	26	8	-0.129690464443672	0.138367904121731	0.821439127156713
TKTL2	PPP	Tier 1	ENSG00000151005	85	59	-0.0454726889992424	-0.0524160823034638	0.00694339330422142	0.0173403333839289	-0.0327569012907685	0.0775558425092737	2671	0.0652043868394816	0.507872774793067	0.0082903628635578	0.474631648260823	71	55	0.0082903628635578	0.693934504481054	26	8	0.0361415187500248	0.231035010974767	0.821439127156713
NDUFB6	OXPHOS	Tier 1;Tier 2	ENSG00000165264	85	59	-0.335188919969083	-0.392864613146755	0.057675693177672	0.0230108539522656	-0.0519190113075829	0.0949194820765088	2670	0.0648055832502492	0.510479448069545	0.057675693177672	0.544991951647273	71	55	0.031638958460333	0.99215051263074	26	8	0.103971683862692	0.247232704165249	0.823282144169464
TAS1R2	glutamine/glutamate	Tier 1	ENSG00000179002	85	59	-0.0268334629707182	-0.045734393181678	0.0189009302109598	0.0236093946046758	-0.0415102403393403	0.0850065929301566	2669	0.064406779661017	0.513093099233542	0.0189009302109598	0.389124631813895	71	55	0.0586749552207201	0.159475252909326	26	8	-0.0120856062175921	0.319883420415998	0.823282144169464
UQCC5	OXPHOS	Tier 1	ENSG00000168273	85	59	-0.0319320519271571	-0.0780502550053276	0.0461182030781706	0.0257703331375561	-0.0557803528833798	0.10306273597051	2669	0.064406779661017	0.513093099233542	0.0371372903071817	0.646206150985052	71	55	0.0371372903071817	0.585058522751367	26	8	-0.0567061934344081	0.730019850675947	0.823282144169464
MRPS30	OXPHOS	Tier 2	ENSG00000112996	85	59	-0.412530949800975	-0.386592502030324	-0.0259384477706501	-0.023989442514791	-0.0897150879969689	0.0431256384751991	2346	-0.0644067796610169	0.513093099233542	-0.009134652271646	0.646206150985052	71	55	0.010455983389569	0.813345163090735	26	8	-0.0982571397818716	0.340034249467904	0.823282144169464
FH	OXPHOS;TCA	Tier 1;Tier 2	ENSG00000091483	85	59	-0.185556405027913	-0.224016416927044	0.038460011899131	0.0245993654525294	-0.0502730186340629	0.0953369443498068	2668	0.0640079760717847	0.515713703718306	0.030051722333646	0.442621929735012	71	55	0.046688466102203	0.251741056008535	26	8	-0.0353121103405385	0.669890044729042	0.823282144169464
LMBRD1	vitamin B12	Tier 1	ENSG00000168216	85	59	-0.0419767285786595	-0.0300335032982624	-0.0119432252803971	-0.028086436021856	-0.10794528215136	0.0511042255800997	2347	-0.0640079760717847	0.515713703718306	-0.0214417225049552	0.484730627140708	71	55	0.0037807872749261	0.945096102967897	26	8	-0.18586331676115	0.0489421815821301	0.823282144169464
MTHFD1L	folate;serine/glycine/one-carbon	Tier 1	ENSG00000120254	85	59	-0.0347024169178943	0.0391340153660292	-0.0738364322839235	-0.0228931210983936	-0.0924469333839082	0.0483115225528859	2347	-0.0640079760717847	0.515713703718306	-0.0738364322839235	0.523616987005154	71	55	-0.0080204344098095	0.956848180749151	26	8	-0.103936901982344	0.281973201045743	0.823282144169464
PSMC4	glycolysis	Tier 2	ENSG00000013275	85	59	-1.60280729453485	-1.54492643378097	-0.0578808607538772	-0.0423858730380003	-0.188178583611248	0.0796433012822341	2347	-0.0640079760717847	0.515713703718306	-0.05416116877741	0.523616987005154	71	55	0.0532693404464601	0.817164280303276	26	8	-0.174119131668265	0.149500978394344	0.823282144169464
TTC19	OXPHOS	Tier 1	ENSG00000011295	85	59	-0.0123480768091153	-0.0539486813410241	0.0416006045319089	0.0261751558043151	-0.0445161388268964	0.0970386092201288	2668	0.0640079760717847	0.515713703718306	0.0270698469023732	0.564043839996685	71	55	-0.0045964188557953	0.775412065666023	26	8	0.120548263776842	0.428536792061782	0.823282144169464
ACSS1	glycolysis	Tier 1	ENSG00000154930	85	59	0.113940926712775	0.136412939335251	-0.022472012622476	-0.0185527033672032	-0.0823607747887047	0.0440281577775232	2348	-0.0636091724825524	0.518341236661936	-0.022472012622476	0.489823444145026	71	55	-0.014527536025476	0.719529127603918	26	8	-0.10501919254301	0.247232704165249	0.823282144169464
GBGT1	sphingolipid	Tier 1	ENSG00000148288	85	59	-0.216286141103195	-0.208677927816835	-0.00760821328636022	-0.0218973716615382	-0.102359211192821	0.0494725863181327	2348	-0.0636091724825524	0.518341236661936	-0.0047371717905475	0.640382836256257	71	55	0.007381351380849	0.817164280303276	26	8	-0.0322183208106785	0.452593620794896	0.823282144169464
SLC7A2	amino-acid transport	Tier 1	ENSG00000003989	85	59	0.124530227210641	0.131764599554231	-0.00723437234359024	-0.0199467550521893	-0.0967991468779498	0.0409160031146935	2348	-0.0636091724825524	0.518341236661936	-0.012062691139558	0.586202608349834	71	55	-0.028109396884864	0.460604138476124	26	8	0.0247059370284048	0.52915371486718	0.823282144169464
ACOT8	cholesterol/isoprenoid;fatty-acid oxidation	Tier 1	ENSG00000101473	85	59	0.105278197176863	0.0824874871759896	0.0227907100008731	0.0217043937230574	-0.0399950982692354	0.0761682486709238	2667	0.0636091724825523	0.518341236661936	0.0227907100008731	0.544991951647273	71	55	0.0318826098717101	0.541889632874066	26	8	-0.0433886836256085	0.760747580347756	0.823282144169464
ALDH1L1	folate;serine/glycine/one-carbon	Tier 1	ENSG00000144908	85	59	-0.01990536997903	-0.055851012406112	0.035945642427082	0.0223046484201441	-0.0480789986731223	0.0932308315133514	2667	0.0636091724825523	0.518341236661936	0.0376465806037201	0.505273103675279	71	55	0.0103442167365048	0.697570386272506	26	8	0.00610922377539031	0.669890044729042	0.823282144169464
MBTPS2	cholesterol/isoprenoid	Tier 2	ENSG00000012174	85	59	-0.683271084236506	-0.667349739054201	-0.0159213451823049	0.0393953676070715	-0.0881210925450773	0.165093920804311	2667	0.0636091724825523	0.518341236661936	-0.0159213451823049	0.575072763336069	71	55	0.02567364137752	0.274823619171093	26	8	-0.292060275907282	0.084438190880557	0.823282144169464
RETSAT	OXPHOS	Tier 2	ENSG00000042445	85	59	-0.071007645955806	-0.0884176023366168	0.0174099563808108	0.0248296043991	-0.0527167520025351	0.101616586504654	2667	0.0636091724825523	0.518341236661936	0.0289667875122681	0.425910415761633	71	55	0.0266825215448556	0.643803452509694	26	8	-0.0144994809843938	0.919153761667732	0.823282144169464
GRM7	glutamine/glutamate	Tier 1	ENSG00000196277	85	59	-0.0102194638886409	-0.00756433173123317	-0.00265513215740772	0.021948275502701	-0.0432811025556692	0.0852300371998872	2666	0.0632103688933201	0.52097567290783	-0.00290907118825656	0.550402601294276	71	55	-0.00401418985265976	0.585058522751367	26	8	0.0971098708782479	0.611804938252237	0.824683464289076
GNMT	methionine;serine/glycine/one-carbon	Tier 1	ENSG00000124713	85	59	-0.0780398150820574	-0.0596924213878037	-0.0183473936942537	-0.0180537829609009	-0.0767627193060066	0.0366733008053942	2349	-0.06321036889332	0.52097567290783	-0.0183473936942537	0.497516341543643	71	55	-0.0102677619207597	0.484864379521896	26	8	-0.0365823408758509	0.428536792061782	0.824683464289076
HOMER1	glycolysis	Tier 2	ENSG00000152413	85	59	-0.00883800325102658	0.0248030539337026	-0.0336410571847291	-0.0225739066248699	-0.0910878665869328	0.0475853568305983	2349	-0.06321036889332	0.52097567290783	-0.0336410571847291	0.416528630796274	71	55	-0.00760513198701058	0.723212115289637	26	8	-0.150830266243285	0.556063538525548	0.824683464289076
CD38	NAD	Tier 1	ENSG00000004468	85	59	-0.0384049786136121	-0.0877660136671808	0.0493610350535687	0.0225819201120357	-0.0474261313643284	0.0927180374614085	2665	0.0628115653040877	0.523616987005154	0.0386915765991865	0.474631648260823	71	55	0.0725961767484657	0.294753607235287	26	8	-0.0233985055331826	1	0.826086240951148
CYP8B1	cholesterol/isoprenoid	Tier 1	ENSG00000180432	85	59	-0.129002490326298	-0.130580689098797	0.00157819877249843	0.023699094166483	-0.0476418492450325	0.101433204770264	2665	0.0628115653040877	0.523616987005154	-0.000280468496309999	0.608756826381258	71	55	0.0874604927696442	0.108802416952365	26	8	-0.311904231141921	0.00993471212722205	0.826086240951148
SPTSSA	sphingolipid	Tier 1	ENSG00000165389	85	59	-0.496062335429982	-0.548324578370418	0.0522622429404361	0.0347750702552599	-0.0764532307080153	0.136005559320145	2665	0.0628115653040877	0.523616987005154	0.044970040665368	0.442621929735012	71	55	-0.019798650366324	0.749168432189857	26	8	0.073260031002766	0.1001151093641	0.826086240951148
NSDHL	cholesterol/isoprenoid;glycolysis	Tier 1;Tier 2	ENSG00000147383	85	59	-0.509511755631936	-0.551948927888994	0.042437172257058	0.0247988475907118	-0.0649328906650327	0.115267270080794	2664	0.0624127617148553	0.526265153209337	0.042437172257058	0.569545561640713	71	55	0.00813547461785802	0.661536757313468	26	8	-0.0724449662676116	0.983804096811716	0.82841292790589
QPRT	NAD	Tier 1	ENSG00000103485	85	59	0.0605947869798584	0.0368037359390214	0.023791051040837	0.0180811453002737	-0.0424185681461542	0.0804040832501202	2664	0.0624127617148553	0.526265153209337	0.0210411495376002	0.547693972831423	71	55	0.0441147142261429	0.503504288238091	26	8	0.0292428141155862	0.919153761667732	0.82841292790589
SCAP	cholesterol/isoprenoid	Tier 2	ENSG00000114650	85	59	-1.07046054169895	-1.09410310580682	0.0236425641078701	0.0399411794934262	-0.0831820705214209	0.17062466724789	2663	0.0620139581256232	0.528920145482578	0.0525199572639601	0.440211858338992	71	55	0.0666135279940301	0.206162866929524	26	8	-0.271349001983223	0.0365375040413468	0.829880868759538
SLC2A11	glucose transport	Tier 1	ENSG00000133460	85	59	-0.0974996077675818	-0.0964942227627959	-0.00100538500478591	0.0252361792399292	-0.0398152285157226	0.0883417623480945	2663	0.0620139581256232	0.528920145482578	-0.00100538500478591	0.534250502622111	71	55	-0.001540371197343	0.782959087837865	26	8	-0.0138682130568684	0.791857490811325	0.829880868759538
G6PC3	glycolysis	Tier 1	ENSG00000141349	85	59	0.172331701819858	0.16401089813128	0.00832080368857799	0.0211251239909275	-0.0392485382547738	0.0803579528250188	2662	0.0616151545363908	0.531581937494381	0.00832080368857799	0.515713703718306	71	55	0.019403619446086	0.416999577685821	26	8	-0.07042840506571	0.611804938252237	0.829880868759538
SDSL	serine/glycine/one-carbon	Tier 1	ENSG00000139410	85	59	0.0748971432603817	0.033407278696854	0.0414898645635277	0.0205408692763425	-0.0445393324830416	0.0865100122527917	2662	0.0616151545363908	0.531581937494381	0.0414898645635277	0.472125078740436	71	55	0.0407697777910715	0.608946614215415	26	8	0.0632084183678602	0.47739524671309	0.829880868759538
SMARCD3	arginine;cholesterol/isoprenoid	Tier 2	ENSG00000082014	85	59	-0.0654400542502167	-0.0857593513125997	0.020319297062383	0.0201796401692744	-0.0444238463611479	0.0826725185755062	2662	0.0616151545363908	0.531581937494381	0.020319297062383	0.423553481090049	71	55	0.0468362341621252	0.231961672905078	26	8	-0.0630742455185044	0.382718791715432	0.829880868759538
H2AJ	arginine	Tier 2	ENSG00000246705	85	59	-0.225763736169204	-0.245765397846027	0.0200016616768231	0.0236828333272301	-0.0516526381859475	0.101181546315386	2661	0.0612163509471586	0.534250502622111	0.020983975445119	0.487273442821611	71	55	0.032102309908765	0.414181824735844	26	8	-0.0481114886027105	0.855033778939491	0.829880868759538
HAO1	serine/glycine/one-carbon	Tier 1	ENSG00000101323	85	59	0.116633980569335	0.0828650076772454	0.0337689728920893	0.0195774178132309	-0.0422358238921647	0.0730521232058325	2661	0.0612163509471586	0.534250502622111	0.0337689728920893	0.386891585472887	71	55	0.0326787286588441	0.342432408904139	26	8	0.0374588918989247	0.791857490811325	0.829880868759538
LPL	cholesterol/isoprenoid	Tier 2	ENSG00000175445	85	59	0.159235020327914	0.129688966998455	0.029546053329459	0.0178253811620864	-0.0425821124593744	0.0781572350465256	2661	0.0612163509471586	0.534250502622111	0.0316391625666	0.442621929735012	71	55	0.067351673226097	0.0896852131673025	26	8	-0.25275649712541	0.0330484168246057	0.829880868759538
INSIG1	cholesterol/isoprenoid	Tier 2	ENSG00000186480	85	59	-0.0479382445233987	-0.0189353091796062	-0.0290029353437926	-0.0182323096019026	-0.0685139288174406	0.0348093530138616	2354	-0.0612163509471585	0.534250502622111	-0.0333967782033129	0.464649313446996	71	55	-0.0482990987987939	0.168411941861414	26	8	0.0387738688748373	0.730019850675947	0.829880868759538
SLC6A6	amino-acid transport	Tier 1	ENSG00000131389	85	59	0.00725134655974433	0.0229927352768548	-0.0157413887171104	-0.0215867098938837	-0.0884051295771213	0.0473661696243707	2354	-0.0612163509471585	0.534250502622111	-0.0157931733306569	0.572305992908955	71	55	-0.0235236068012356	0.469621296248214	26	8	-0.017387861807997	0.52915371486718	0.829880868759538
SPAG4	glycolysis	Tier 2	ENSG00000061656	85	59	-0.038499129911076	0.0204214879619008	-0.0589206178729768	-0.0218558653644031	-0.0845945267090763	0.0452381980515126	2354	-0.0612163509471585	0.534250502622111	-0.0596766543286976	0.469625819947972	71	55	-0.0515550437694294	0.290243105872577	26	8	0.13514815283423	0.281973201045743	0.829880868759538
TUBA8	iron	Tier 1	ENSG00000183785	85	59	0.0426959274948152	0.0696881662110063	-0.0269922387161911	-0.0236288878874359	-0.082929398947855	0.0436277050926152	2354	-0.0612163509471585	0.534250502622111	-0.0312080970840344	0.617313140165999	71	55	-0.0312080970840344	0.545153097287322	26	8	-0.0117389732599534	0.699719586564903	0.829880868759538
ELF3	glycolysis	Tier 2	ENSG00000163435	85	59	-0.09530579428913	-0.0759723836886828	-0.0193334106004472	-0.0208668801952408	-0.0822063809747297	0.0396354378247041	2355	-0.0608175473579262	0.53692581395156	-0.0196863810985262	0.742121173228095	71	55	-0.0269265647298167	0.602077212711078	26	8	-0.00340549001167249	0.983804096811716	0.832205542590123
TAS2R31	glutamine/glutamate	Tier 1	ENSG00000256436	85	59	-0.0162530436833452	0.0533237837548601	-0.0695768274382053	-0.0192467523638014	-0.0839420766142287	0.0402736217520242	2355	-0.0608175473579262	0.53692581395156	-0.0436549268526281	0.714658878468502	71	55	0.0017594755988744	0.867176060804458	26	8	-0.190162090326277	0.0590400187453341	0.832205542590123
AMACR	cholesterol/isoprenoid;fatty-acid oxidation	Tier 1	ENSG00000242110	85	59	0.0433825905832025	0.0556821247872571	-0.0122995342040546	-0.0212800021915868	-0.0879390669442484	0.0487840223505685	2358	-0.0596211365902293	0.544991951647273	-0.006348150480394	0.611603065443353	71	55	-0.0351323790185219	0.279170980657345	26	8	0.0806825947383752	0.319883420415998	0.839180627836368
ATP6V0A2	OXPHOS;iron	Tier 1	ENSG00000185344	85	59	-0.1175060911177	-0.110168788108378	-0.00733730300932187	0.021587507953156	-0.053781402312635	0.102518343537462	2657	0.0596211365902293	0.544991951647273	-0.00999315733959914	0.502680458691364	71	55	-0.0317375654501755	0.764131403451915	26	8	0.011327247626423	0.611804938252237	0.839180627836368
FKBP4	glycolysis	Tier 2	ENSG00000004478	85	59	0.0113220138934984	-0.0223799932400924	0.0337020071335909	0.0196943133649773	-0.0476943723455782	0.0853821054762693	2657	0.0596211365902293	0.544991951647273	0.0387232575415371	0.523616987005154	71	55	0.0567256557110235	0.633259185198029	26	8	-0.0705901376840376	0.88700130251839	0.839180627836368
GLA	sphingolipid	Tier 1	ENSG00000102393	85	59	-0.17142723779582	-0.155189719081416	-0.0162375187144035	-0.0332724639765435	-0.125106790924374	0.0693929900076424	2358	-0.0596211365902293	0.544991951647273	-0.0158407350020971	0.54229656610454	71	55	-0.039938086507687	0.419828602862295	26	8	-0.00399542001981776	0.88700130251839	0.839180627836368
NOS3	arginine	Tier 1	ENSG00000164867	85	59	-0.0524389839679233	-0.114237087760951	0.0617981037930279	0.0189711703308745	-0.0423621745539162	0.0847024801081452	2657	0.0596211365902293	0.544991951647273	0.0647677683290854	0.487273442821611	71	55	-0.00047166692472489	0.87880087224653	26	8	0.107305233654393	0.452593620794896	0.839180627836368
TDO2	NAD;tryptophan	Tier 1	ENSG00000151790	85	59	-0.0723074282478478	-0.0455604386874951	-0.0267469895603527	-0.0239562011809119	-0.0957425765662542	0.0568389236176241	2358	-0.0596211365902293	0.544991951647273	-0.0121013132188277	0.454784880297227	71	55	0.0022306964103288	0.952929652393533	26	8	-0.132339444953973	0.640572271580656	0.839180627836368
PPARG	cholesterol/isoprenoid	Tier 2	ENSG00000132170	85	59	0.0818662918710798	0.0911704343726176	-0.0093041425015378	-0.0250744899363322	-0.100853338499293	0.0535835403739758	2359	-0.059222333000997	0.547693972831423	-0.0265989584198765	0.409572991802893	71	55	-0.0093041425015378	0.69030565398076	26	8	-0.0257522611232974	0.502922621667626	0.841505864676788
PRMT6	arginine	Tier 2	ENSG00000198890	85	59	0.0494000327579149	0.0646778184857576	-0.0152777857278427	-0.0227296142531677	-0.08954365393044	0.0503889984294446	2359	-0.059222333000997	0.547693972831423	-0.0152777857278427	0.539607844277548	71	55	-0.0208078621825269	0.290243105872577	26	8	0.140447942326871	0.138367904121731	0.841505864676788
H4C8	arginine	Tier 2	ENSG00000158406	85	59	0.125143798097859	0.145240606498179	-0.02009680840032	0.0194926328272689	-0.0471058758948847	0.0840910818260699	2655	0.0588235294117647	0.550402601294276	-0.02009680840032	0.603082118660147	71	55	-0.010041646957807	0.723212115289637	26	8	-0.0228642016818929	0.88700130251839	0.842002679336422
HFE	iron	Tier 1	ENSG00000010704	85	59	0.0109141176167	0.0133938237526639	-0.00247970613596394	-0.0171739322205418	-0.0810452384261697	0.0424976771365538	2360	-0.0588235294117647	0.550402601294276	0.000966563781131295	0.583410796126002	71	55	0.0213310764871089	0.933355962096032	26	8	-0.0984693549211038	0.108781091860842	0.842002679336422
PIPOX	serine/glycine/one-carbon	Tier 1	ENSG00000179761	85	59	0.0633840779422317	0.0624587330629557	0.000925344879275917	0.0182800944049263	-0.0433743259396384	0.0795710346723627	2655	0.0588235294117647	0.550402601294276	-0.00594121143704521	0.487273442821611	71	55	-0.0175073893113835	0.863307370120977	26	8	-0.0025741244274721	0.556063538525548	0.842002679336422
SLC25A15	arginine	Tier 1	ENSG00000102743	85	59	-0.104779163132812	-0.0984097677635255	-0.006369395369286	0.0184124844545768	-0.0456962778413847	0.0830187011245498	2655	0.0588235294117647	0.550402601294276	-0.01494093506388	0.442621929735012	71	55	-0.0163391847886227	0.414181824735844	26	8	-0.0740070060623912	0.983804096811716	0.842002679336422
ACBD6	fatty-acid oxidation	Tier 1	ENSG00000230124	85	59	0.123596470505368	0.0994216950007818	0.024174775504586	-0.0214194841947508	-0.100363634459855	0.0530117817894336	2361	-0.0584247258225324	0.553117808385429	0.022012808761726	0.449897248863949	71	55	0.040210212221496	0.85172131019849	26	8	-0.285169423880686	0.1001151093641	0.845240633593317
ABCB7	OXPHOS;iron	Tier 1;Tier 2	ENSG00000131269	85	59	-0.726829179950215	-0.69256663179369	-0.0342625481565251	-0.0342777305005262	-0.137256786534598	0.0757965686306126	2362	-0.0580259222333001	0.555839565167508	-0.0297992412405046	0.603082118660147	71	55	-0.0297570691096101	0.555001651096019	26	8	-0.161184171262488	0.428536792061782	0.847565298073998
ATP6V0A4	OXPHOS;iron	Tier 1	ENSG00000105929	85	59	-0.0418527378713499	-0.0142725120639531	-0.0275802258073968	-0.021018913111187	-0.0856893392185371	0.0505427488363964	2362	-0.0580259222333001	0.555839565167508	-0.0230782032824416	0.505273103675279	71	55	-0.0347777049274424	0.585058522751367	26	8	-0.0424765512779344	0.428536792061782	0.847565298073998
ETHE1	cholesterol/isoprenoid	Tier 2	ENSG00000105755	85	59	-0.0123246187630456	0.0457046677203484	-0.058029286483394	-0.0211884334518056	-0.0852057153029736	0.0468709932856154	2363	-0.0576271186440678	0.558567842416909	-0.0445365150462712	0.726821217459939	71	55	-0.0647300697233299	0.386629011447294	26	8	-0.0101323258932633	0.699719586564903	0.848062143540512
GNB1	glutamine/glutamate	Tier 1	ENSG00000078369	85	59	0.0383976764860244	0.0209074424043344	0.01749023408169	0.0198055866383755	-0.0506569622049497	0.0865906088891054	2652	0.0576271186440678	0.558567842416909	0.0206951828729172	0.474631648260823	71	55	0.0468057198247461	0.478735187320911	26	8	-0.0518022176618859	0.919153761667732	0.848062143540512
SLC1A7	glutamine/glutamate	Tier 1	ENSG00000162383	85	59	0.0151861535455204	0.0112362145183765	0.00394993902714391	-0.0190054910243571	-0.0771918521196081	0.0427203597069081	2363	-0.0576271186440678	0.558567842416909	-0.00641561771806015	0.696551302013422	71	55	-0.0112570335441539	0.457620075310443	26	8	0.00536236584006217	0.823302467507629	0.848062143540512
SLC6A12	amino-acid transport	Tier 1	ENSG00000111181	85	59	0.0864088356824159	0.104554813649706	-0.01814597796729	0.0174995896905837	-0.0495318784366923	0.0882438703463383	2652	0.0576271186440678	0.558567842416909	0.005813893136663	0.423553481090049	71	55	-0.0293551043851408	0.805720315018204	26	8	0.0499344949746916	0.502922621667626	0.848062143540512
ATP6AP1	OXPHOS;iron	Tier 1;Tier 2	ENSG00000071553	85	59	-0.571786500298019	-0.60921989185423	0.0374333915562103	0.0372943679794684	-0.0845540693022515	0.174344228155182	2651	0.0572283150548354	0.561302610624557	0.025721511133008	0.591804741250348	71	55	0.0184367364403201	0.451684629875601	26	8	0.223302554419342	0.382718791715432	0.851298911065385
ATP5F1C	OXPHOS	Tier 1;Tier 2	ENSG00000165629	85	59	-0.192011518003131	-0.22371497723293	0.031703459229799	-0.0254477328238007	-0.106920545966216	0.0584316313087435	2365	-0.0568295114656032	0.564043839996685	0.031703459229799	0.518341236661936	71	55	0.022927713884941	0.332522153479632	26	8	0.0882264008086796	0.187003126910017	0.852708674598843
CAND1	iron	Tier 1	ENSG00000111530	85	59	-0.241638820880987	-0.21540141221466	-0.0262374086663267	-0.0268304608686627	-0.106911079807824	0.0609008291237448	2365	-0.0568295114656032	0.564043839996685	-0.029799402411787	0.539607844277548	71	55	-0.012132097971104	0.921630299743665	26	8	-0.115278786393018	0.281973201045743	0.852708674598843
SLC27A2	cholesterol/isoprenoid;fatty-acid oxidation	Tier 1	ENSG00000140284	85	59	-0.0746038092876924	-0.0436967829611178	-0.0309070263265746	-0.0201241396701563	-0.0814754647891821	0.044092923871527	2365	-0.0568295114656032	0.564043839996685	-0.026301010386891	0.646206150985052	71	55	-0.01957003447625	0.956848180749151	26	8	-0.180292729690052	0.0590400187453341	0.852708674598843
ACSS2	cholesterol/isoprenoid;glycolysis	Tier 1;Tier 2	ENSG00000131069	85	59	0.0925668495678783	0.0793415100882721	0.0132253394796063	0.0227943507496694	-0.0531224756212614	0.102908119654007	2649	0.0564307078763708	0.566791500455644	0.00993258186395921	0.577845841717284	71	55	0.0122996514951309	0.87880087224653	26	8	0.224427291121994	0.0330484168246057	0.853208527338346
AOC2	serine/glycine/one-carbon	Tier 1	ENSG00000131480	85	59	0.0229612679061877	-0.0034780857936523	0.02643935369984	-0.0255110062566792	-0.105034697897969	0.0589238439113548	2366	-0.0564307078763708	0.566791500455644	0.0198881618880387	0.555839565167508	71	55	-0.0355295845149316	0.478735187320911	26	8	0.17255951623472	0.52915371486718	0.853208527338346
BCAT1	BCAA	Tier 1	ENSG00000060982	85	59	0.016962340195869	0.00466031504475262	0.0123020251511164	0.0183957539781977	-0.0463044635531288	0.0840951547163934	2649	0.0564307078763708	0.566791500455644	0.0124641419671281	0.54229656610454	71	55	0.0244761136175943	0.661536757313468	26	8	0.121070402497103	0.428536792061782	0.853208527338346
COX6A2	OXPHOS	Tier 1	ENSG00000156885	85	59	-0.0906468482718691	-0.119798785964286	0.029151937692417	0.0198741420833074	-0.0566659411189946	0.0920232985232314	2649	0.0564307078763708	0.566791500455644	0.0390257301091374	0.430647177742723	71	55	0.0315271562233829	0.591839161806476	26	8	0.0749655780000091	0.281973201045743	0.853208527338346
ARSH	sphingolipid	Tier 1	ENSG00000205667	85	59	-0.188925660383233	-0.188516925231397	-0.000408735151836009	0.0234732228355192	-0.0574415572613216	0.0981450366875466	2648	0.0560319042871387	0.569545561640713	-0.000408735151836009	0.660858960834524	71	55	0.013729430067521	0.386629011447294	26	8	-0.115245190093454	0.699719586564903	0.853322135150416
DHCR24	cholesterol/isoprenoid	Tier 1	ENSG00000116133	85	59	-0.128187797278911	-0.14303760460594	0.014849807327029	0.0191452845104519	-0.0454868999671442	0.085298874762682	2648	0.0560319042871387	0.569545561640713	0.00826896617930753	0.614455181713969	71	55	-0.00294458370753001	0.481794481485608	26	8	0.036637759786129	0.95143897231668	0.853322135150416
GLB1L3	sphingolipid	Tier 1	ENSG00000166105	85	59	0.0125655497081943	0.0193389501876419	-0.00677340047944765	-0.0181583599274685	-0.0792745743104416	0.0392152464977916	2367	-0.0560319042871386	0.569545561640713	-0.00237343408816221	0.628802686004931	71	55	-0.0375022214760578	0.693934504481054	26	8	-0.0392913267221007	0.760747580347756	0.853322135150416
ACOX1	fatty-acid oxidation	Tier 1	ENSG00000161533	85	59	-0.0829261915682783	-0.0862374135863568	0.0033112220180785	0.0213569596525183	-0.0564490206166965	0.0984453086661619	2647	0.0556331006979063	0.572305992908955	0.0030218187115684	0.617313140165999	71	55	0.0216310915843238	0.497249245080521	26	8	-0.0898574513709506	0.36098085015453	0.853322135150416
ATF5	cholesterol/isoprenoid	Tier 2	ENSG00000169136	85	59	0.0374705563935226	0.0172592263244977	0.0202113300690249	0.0197671694476373	-0.0486261760691714	0.0857264442305871	2647	0.0556331006979063	0.572305992908955	0.0260597594889019	0.702568577700588	71	55	0.0414709910878919	0.817164280303276	26	8	0.173059084716173	0.16130486426762	0.853322135150416
DAO	arginine;serine/glycine/one-carbon	Tier 1	ENSG00000110887	85	59	0.0728317314030158	0.0855156634112472	-0.0126839320082314	-0.0198086180710288	-0.090234688206198	0.0551680536366352	2368	-0.0556331006979063	0.572305992908955	-0.0133273707984706	0.620176905507571	71	55	0.0205590312821355	0.798113894125065	26	8	-0.0616361164827928	0.173799371292493	0.853322135150416
MTR	folate;methionine;serine/glycine/one-carbon;vitamin B12	Tier 1	ENSG00000116984	85	59	0.00341172321870744	-0.0241264983190206	0.027538221537728	0.0213343671096891	-0.0544934113718752	0.0945502323194696	2647	0.0556331006979063	0.572305992908955	0.022528351358534	0.52097567290783	71	55	0.0202005309455256	0.734299296675808	26	8	0.120042815739344	0.173799371292493	0.853322135150416
TAS1R1	glutamine/glutamate	Tier 1	ENSG00000173662	85	59	0.0599747471966203	0.120018659638231	-0.0600439124416105	-0.023223912933517	-0.105528829830937	0.0538696347013335	2368	-0.0556331006979063	0.572305992908955	-0.054111300472218	0.625921714375323	71	55	-0.0609779720481042	0.216952213693103	26	8	0.0684891332267879	0.281973201045743	0.853322135150416
TMEM186	OXPHOS	Tier 1	ENSG00000184857	85	59	-0.0267326716893441	-0.0480109883050065	0.0212783166156624	0.0199383763737208	-0.0614518835787724	0.101354361077925	2647	0.0556331006979063	0.572305992908955	0.0186452874448789	0.600253718720938	71	55	0.0077443824384075	0.741721811766598	26	8	0.104433788584448	0.382718791715432	0.853322135150416
ALAS2	serine/glycine/one-carbon	Tier 1	ENSG00000158578	85	59	-0.119521295927812	-0.165197511352433	0.0456762154246205	0.0254236815826398	-0.0572933631488703	0.103904211621895	2646	0.0552342971086739	0.575072763336069	0.00504294332946401	0.807434105948234	71	55	0.026513631122004	0.945096102967897	26	8	0.0340048028945227	0.919153761667732	0.856542976614483
GFUS	glycolysis	Tier 2	ENSG00000104522	85	59	-0.0541699244936934	-0.096516122416464	0.0423461979227706	0.0214925898383163	-0.057049735561504	0.10700655206368	2645	0.0548354935194417	0.577845841717284	0.0344955836697999	0.603082118660147	71	55	-0.0238336508667431	0.949012261656823	26	8	0.130915090632432	0.127884811106401	0.858861398426111
ME1	OXPHOS;glycolysis	Tier 1;Tier 2	ENSG00000065833	85	59	-0.0807691457722888	-0.101144185232397	0.020375039460108	0.0220728186282364	-0.0617015779322711	0.114978864170114	2645	0.0548354935194417	0.577845841717284	0.0024833434859786	0.754435278222588	71	55	-0.0259136068036503	0.933355962096032	26	8	0.0473681093083964	0.88700130251839	0.858861398426111
ATP6V0C	OXPHOS;iron	Tier 1;Tier 2	ENSG00000185883	85	59	-1.40005628690722	-1.34136071997713	-0.0586955669300899	0.0434569083358257	-0.104443987867598	0.202857311622339	2644	0.0544366899302093	0.580625196568257	-0.0637260916724525	0.614455181713969	71	55	-0.094752420736	0.952929652393533	26	8	0.400298451318255	0.1001151093641	0.859373980664968
EGLN3	glycolysis	Tier 2	ENSG00000129521	85	59	0.0338838143750924	0.0171293686715787	0.0167544457035137	0.0184166363973495	-0.0471954889414359	0.0874533590218757	2644	0.0544366899302093	0.580625196568257	0.0212511295132865	0.50009486352013	71	55	0.0206947705057982	0.368024496968286	26	8	-0.0353816855886626	0.823302467507629	0.859373980664968
NIT2	glutamine/glutamate	Tier 1	ENSG00000114021	85	59	-0.206133441585028	-0.257801795311029	0.051668353726001	0.0208534967791937	-0.0606619992007101	0.10389138019309	2644	0.0544366899302093	0.580625196568257	0.047048616239992	0.589000600922337	71	55	0.039177786421264	0.820987743252713	26	8	0.127086932570518	0.699719586564903	0.859373980664968
PLCB2	glutamine/glutamate	Tier 1	ENSG00000137841	85	59	0.0232900191658063	0.0197243301170525	0.00356568904875378	0.0196604817663589	-0.0548646516804689	0.084003798030421	2644	0.0544366899302093	0.580625196568257	-0.0113127217239846	0.657917749953324	71	55	-0.0193267495369412	0.968609646044481	26	8	0.134537553740359	0.281973201045743	0.859373980664968
B3GALT1	sphingolipid	Tier 1	ENSG00000172318	85	59	-0.080064370955553	-0.107618529701165	0.0275541587456118	0.0175703052982339	-0.0496265704243214	0.0863775191023166	2643	0.0540378863409772	0.583410796126002	0.019301638106005	0.628802686004931	71	55	0.0583671229025703	0.24369256155454	26	8	-0.131854972450154	0.0708097817375973	0.861690422730037
H3C10	arginine	Tier 2	ENSG00000278828	85	59	-0.00729449539506655	0.00969362594051169	-0.0169881213355782	-0.0215477929252353	-0.0919052835855571	0.05562468625906	2372	-0.0540378863409771	0.583410796126002	-0.0159218097476862	0.402686905000396	71	55	-0.0288899184972182	0.362813029064128	26	8	0.215318600184257	0.264209380233026	0.861690422730037
GALK1	glycolysis	Tier 2	ENSG00000108479	85	59	0.0958064057537072	0.0978424301964754	-0.00203602444276817	-0.0168802612830335	-0.0836385302347787	0.0455937088312513	2374	-0.0532402791625125	0.589000600922337	-0.00899835163041909	0.657917749953324	71	55	-0.00588086870085329	0.882681751316059	26	8	-0.0134056573969952	0.919153761667732	0.862361501182138
MMAB	vitamin B12	Tier 1	ENSG00000139428	85	59	-0.0281605473686734	-0.0175755907318882	-0.0105849566367853	-0.0251026144966275	-0.113592258673112	0.0613653364800019	2374	-0.0532402791625125	0.589000600922337	-0.0713842667548521	0.285347856824209	71	55	-0.0588520320437518	0.299310842023664	26	8	0.132307463471157	0.215606006559306	0.862361501182138
ABCG2	iron;sphingolipid	Tier 1	ENSG00000118777	85	59	-0.0139752208908106	-0.00522926023814143	-0.00874596065266918	0.0164906887793188	-0.0422682478124081	0.0796042611897288	2641	0.0532402791625124	0.589000600922337	-0.011133727840449	0.684574190138604	71	55	-0.026064549940227	0.775412065666023	26	8	-0.0256608435983996	0.699719586564903	0.862361501182138
B3GALT4	sphingolipid	Tier 1	ENSG00000235863	85	59	-0.145970579704312	-0.193481631604087	0.0475110518997742	0.0220523260218396	-0.0524188116020848	0.103806421052804	2641	0.0532402791625124	0.589000600922337	0.047832406550365	0.589000600922337	71	55	-0.00735114150048902	0.820987743252713	26	8	0.108158350003067	0.0708097817375973	0.862361501182138
NADK	NAD	Tier 1	ENSG00000008130	85	59	-0.163396705315853	-0.190582666712276	0.027185961396423	0.0240786311416372	-0.0554868415106817	0.103489786660857	2641	0.0532402791625124	0.589000600922337	0.023242194595835	0.634581581963738	71	55	0.0651152006825	0.437038102473143	26	8	-0.0820961807833876	0.730019850675947	0.862361501182138
TXN	glycolysis	Tier 2	ENSG00000136810	85	59	-0.803925212168438	-0.843909644419628	0.0399844322511905	0.021408943833957	-0.0693080552773137	0.105284840606576	2641	0.0532402791625124	0.589000600922337	0.0387334533129521	0.611603065443353	71	55	0.063817241644478	0.626270666506243	26	8	0.00169760239385841	0.669890044729042	0.862361501182138
GCK	glycolysis	Tier 1	ENSG00000106633	85	59	-0.0052322542782303	-0.00407727809391199	-0.00115497618431831	0.019706595721954	-0.0491128825986611	0.086979265448034	2640	0.0528414755732802	0.591804741250348	-0.00115497618431831	0.59461499646597	71	55	-0.0034115133170168	0.574955816778944	26	8	-0.0595590617627408	0.340034249467904	0.862361501182138
PLPPR1	sphingolipid	Tier 1	ENSG00000148123	85	59	-0.0184874481944711	-0.04330204976164	0.0248146015671689	0.0216182383339676	-0.0523727343185148	0.0879608525685213	2640	0.0528414755732802	0.591804741250348	0.0274036899784134	0.561302610624557	71	55	0.0502585756790029	0.538635945442789	26	8	-0.143499496275971	0.319883420415998	0.862361501182138
ALDH4A1	arginine;glutamine/glutamate;serine/glycine/one-carbon	Tier 1	ENSG00000159423	85	59	0.0261923493932728	0.0311323546402508	-0.004940005246978	-0.0139152030415269	-0.0708468062926283	0.0442373261856096	2375	-0.0528414755732801	0.591804741250348	-0.0075820623780815	0.484730627140708	71	55	0.0039989621132683	0.824815464264795	26	8	0.0307420332881099	0.823302467507629	0.862361501182138
GCAT	serine/glycine/one-carbon	Tier 1	ENSG00000100116	85	59	-0.0726095218498168	-0.0640701469410801	-0.00853937490873671	-0.0168981884828682	-0.0804464032666424	0.0449384753755833	2375	-0.0528414755732801	0.591804741250348	-0.000639035194085799	0.681592121613201	71	55	0.0121105214726345	0.937267858995533	26	8	-0.0672024867066636	0.340034249467904	0.862361501182138
GNAI1	cholesterol/isoprenoid	Tier 2	ENSG00000127955	85	59	-0.00133583405044552	0.00899545380156868	-0.0103312878520142	-0.0232981208939565	-0.0932338829683685	0.0489008863741848	2375	-0.0528414755732801	0.591804741250348	-0.0103312878520142	0.515713703718306	71	55	-0.0326327775068323	0.416999577685821	26	8	-0.040993890263292	0.983804096811716	0.862361501182138
GPC4	glycolysis	Tier 2	ENSG00000076716	85	59	-0.0526287781066084	0.000669937931417348	-0.0532987160380258	-0.0161592884326687	-0.0809983475420073	0.0468756892579312	2375	-0.0528414755732801	0.591804741250348	-0.0531023331811499	0.52097567290783	71	55	-0.0644461226372564	0.561615308636668	26	8	0.0245628397853087	0.983804096811716	0.862361501182138
TMEM223	OXPHOS	Tier 1	ENSG00000168569	85	59	0.0104576939605254	0.0673201811988762	-0.0568624872383507	-0.0157768350972719	-0.0864547660455954	0.0505436973528132	2375	-0.0528414755732801	0.591804741250348	-0.0521418847573395	0.608756826381258	71	55	-0.0067634574631658	0.988226006353541	26	8	-0.0710499302438339	0.200933413709765	0.862361501182138
CASP6	glycolysis	Tier 2	ENSG00000138794	85	59	-0.165267498086852	-0.155010228740168	-0.010257269346684	-0.0223872111419731	-0.100396637481525	0.0571409670250689	2376	-0.0524426719840478	0.59461499646597	-0.00628742390542683	0.534250502622111	71	55	0.000225494773410995	0.47568653416865	26	8	0.012514524118372	0.88700130251839	0.863431978300673
DBT	BCAA	Tier 1;Tier 2	ENSG00000137992	85	59	0.0274094422777556	0.0149505213820731	0.0124589208956825	-0.0188751573761135	-0.0900408613804559	0.0493936413242734	2376	-0.0524426719840478	0.59461499646597	0.0124589208956825	0.617313140165999	71	55	-0.0191775341016312	0.297026380337128	26	8	0.0065315563346329	0.640572271580656	0.863431978300673
SNAP25	glutamine/glutamate	Tier 1	ENSG00000132639	85	59	0.0651558408629292	0.0514099029024245	0.0137459379605047	0.0183698043174102	-0.0465250029459494	0.0852104616490332	2639	0.0524426719840478	0.59461499646597	0.0139107168880942	0.566791500455644	71	55	0.013274048114761	0.633259185198029	26	8	0.0714199177712863	0.611804938252237	0.863431978300673
NASP	glycolysis	Tier 2	ENSG00000132780	85	59	-0.375293246926984	-0.381301379237928	0.00600813231094399	-0.0234211653267532	-0.0949816223356117	0.0570073473690176	2377	-0.0520438683948156	0.59743133342759	0.00647434010568498	0.513093099233542	71	55	-0.025085951818401	0.541889632874066	26	8	-0.064420908209342	0.730019850675947	0.863431978300673
PRMT1	arginine	Tier 2	ENSG00000126457	85	59	-1.73349101753269	-1.73793438057868	0.00444336304598902	-0.0343607486779285	-0.149713180144993	0.0819562550180593	2377	-0.0520438683948156	0.59743133342759	0.00704335474171991	0.605916499288844	71	55	-0.000470963430149851	0.574955816778944	26	8	0.206599337780555	0.428536792061782	0.863431978300673
SMPD1	sphingolipid	Tier 1	ENSG00000166311	85	59	-0.041934461662724	0.00103911643551986	-0.0429735780982439	-0.0184117254725636	-0.0922573072249525	0.0541230523764021	2377	-0.0520438683948156	0.59743133342759	-0.0558130959310711	0.50009486352013	71	55	-0.0502512532738514	0.503504288238091	26	8	0.0161306020490508	0.52915371486718	0.863431978300673
ARID2	arginine	Tier 2	ENSG00000189079	85	59	-0.21879113809041	-0.220561540190039	0.001770402099629	0.0231375733634971	-0.0602059484008709	0.106544507161336	2638	0.0520438683948155	0.59743133342759	0.001770402099629	0.577845841717284	71	55	0.012095992196198	0.3349821802267	26	8	-0.112022354812629	0.823302467507629	0.863431978300673
GAD1	glutamine/glutamate	Tier 1	ENSG00000128683	85	59	-0.0694266793565459	-0.0804045642362799	0.010977884879734	0.0197258159749337	-0.0487678405359735	0.090590403113712	2638	0.0520438683948155	0.59743133342759	0.0272557649945285	0.428274986115733	71	55	0.0185469813502436	0.416999577685821	26	8	0.0157845043223546	0.823302467507629	0.863431978300673
ALDOC	PPP;cholesterol/isoprenoid;glycolysis	Tier 1;Tier 2	ENSG00000109107	85	59	-0.161093618143795	-0.176601501920902	0.015507883777107	0.0184831988329847	-0.0585617745092855	0.0951635668389075	2637	0.0516450648055833	0.600253718720938	0.011050750755055	0.690553061341384	71	55	0.00317598526725399	0.941181270666322	26	8	0.142685630806074	0.502922621667626	0.864855357993842
AMT	folate;serine/glycine/one-carbon	Tier 1	ENSG00000145020	85	59	-0.116002066703518	-0.150504630053073	0.0345025633495547	0.0173537752863983	-0.0430945761962617	0.0779884676799185	2637	0.0516450648055833	0.600253718720938	0.0338475951781865	0.59461499646597	71	55	0.035595581108387	0.58844433038713	26	8	-0.0726709743680103	0.452593620794896	0.864855357993842
COX7A2	OXPHOS	Tier 1;Tier 2	ENSG00000112695	85	59	-0.128753731063102	-0.0571768401104659	-0.0715768909526366	-0.0220468482268409	-0.0891876553992462	0.0516073095171233	2378	-0.0516450648055833	0.600253718720938	-0.0643905891652886	0.646206150985052	71	55	-0.0728692277214386	0.622788900545966	26	8	-0.10378447729267	0.428536792061782	0.864855357993842
BST1	NAD	Tier 1	ENSG00000109743	85	59	-0.155044515996677	-0.197050245913419	0.042005729916742	0.0229288731929909	-0.0656080542019324	0.116884547572127	2636	0.0512462612163509	0.603082118660147	0.042005729916742	0.631689320733453	71	55	0.05288353018863	0.672269444977815	26	8	0.0232638951959971	0.502922621667626	0.866278689265644
KDELR3	glycolysis	Tier 2	ENSG00000100196	85	59	0.0201975321268839	0.000682501658921262	0.0195150304679627	0.0182343660033935	-0.0507837232720141	0.0908760135958059	2636	0.0512462612163509	0.603082118660147	0.0164052033272348	0.739052793978234	71	55	0.0306337208933737	0.509800634446046	26	8	-0.0100921827336235	0.583624193952907	0.866278689265644
SMARCD2	arginine	Tier 2	ENSG00000108604	85	59	-0.0816906750100918	-0.119725363171299	0.0380346881612076	0.0202479790271353	-0.059822422045932	0.0944183309671236	2636	0.0512462612163509	0.603082118660147	0.0380346881612076	0.603082118660147	71	55	0.0233781907440009	0.89434092927504	26	8	0.00930059685339961	0.983804096811716	0.866278689265644
GABBR2	glutamine/glutamate	Tier 1	ENSG00000136928	85	59	-0.0672795622897508	-0.0798127766171642	0.0125332143274134	0.0170396815765046	-0.0431573073139487	0.076349617006656	2635	0.0508474576271187	0.605916499288844	0.0144575597457052	0.54229656610454	71	55	0.0210781572542834	0.512964190134625	26	8	-0.0173818423345451	0.983804096811716	0.866496611744291
GRPEL1	OXPHOS	Tier 2	ENSG00000109519	85	59	-1.12126926571327	-1.1316982671942	0.0104290014809325	-0.0251520833064065	-0.136510837632596	0.070227565651595	2380	-0.0508474576271186	0.605916499288844	0.0117784713926599	0.65205122420208	71	55	-0.10516061776887	0.206162866929524	26	8	0.311649122391245	0.0365375040413468	0.866496611744291
TFF3	glycolysis	Tier 2	ENSG00000160180	85	59	0.0154638626317467	0.0542706408391238	-0.0388067782073772	-0.0150786523098373	-0.0741117288618226	0.04182142647709	2380	-0.0508474576271186	0.605916499288844	-0.0286147652764098	0.826366685442171	71	55	0.0144876478256982	0.503504288238091	26	8	-0.317269812181118	0.0195698653801023	0.866496611744291
TRIB3	cholesterol/isoprenoid	Tier 2	ENSG00000101255	85	59	-0.100322627095273	-0.109608228300658	0.00928560120538491	-0.0180380187105158	-0.0771982054225274	0.0434455037355755	2380	-0.0508474576271186	0.605916499288844	0.00896926743863831	0.572305992908955	71	55	0.024849221865748	0.874922903120415	26	8	-0.111291937779861	0.0444634891447178	0.866496611744291
CHDH	serine/glycine/one-carbon	Tier 1	ENSG00000016391	85	59	-0.0585219677723944	-0.0171633554266405	-0.0413586123457539	-0.0182288071984637	-0.0851667005420983	0.0510008856462457	2381	-0.0504486540378863	0.608756826381258	-0.0413586123457539	0.580625196568257	71	55	-0.0509869326893226	0.425520374726393	26	8	0.0203431300461926	0.983804096811716	0.866496611744291
DLG4	glutamine/glutamate	Tier 1	ENSG00000132535	85	59	-0.0405865920761813	-0.0281819719713695	-0.0124046201048118	0.0149116681214348	-0.0518544828014545	0.077853155338427	2634	0.0504486540378863	0.608756826381258	-0.0129888503577176	0.591804741250348	71	55	0.006756940064895	0.137400078524123	26	8	-0.162675613907785	0.0365375040413468	0.866496611744291
FDFT1	cholesterol/isoprenoid	Tier 1;Tier 2	ENSG00000079459	85	59	-0.828775833753963	-0.792426847774287	-0.036348985979676	-0.0215897105515421	-0.110211482816536	0.06205803754059	2381	-0.0504486540378863	0.608756826381258	-0.027615664952093	0.813733027953464	71	55	0.03208982017883	0.615850675719371	26	8	-0.293506133249168	0.0330484168246057	0.866496611744291
PARP8	NAD	Tier 1	ENSG00000151883	85	59	0.148939670035618	0.158832821667006	-0.00989315163138865	-0.0174034262351929	-0.0850115501916082	0.0511574783576186	2381	-0.0504486540378863	0.608756826381258	-0.017058160373006	0.558567842416909	71	55	-0.011333491717516	0.564936367036854	26	8	-0.0812720455897342	0.919153761667732	0.866496611744291
SLC1A1	glutamine/glutamate	Tier 1	ENSG00000106688	85	59	-0.168205966985115	-0.175287812940593	0.00708184595547803	0.0203423840586667	-0.0573213788086502	0.0966070569154158	2634	0.0504486540378863	0.608756826381258	-0.00140629037058101	0.539607844277548	71	55	0.019256477997115	0.448733310936374	26	8	-0.106162873677815	0.382718791715432	0.866496611744291
SLC25A29	amino-acid transport	Tier 1	ENSG00000197119	85	59	0.0801616397477334	0.104900033592076	-0.0247383938443425	-0.0165169330484811	-0.0771714811376688	0.0443287523576091	2382	-0.0500498504486541	0.611603065443353	-0.0247383938443425	0.589000600922337	71	55	0.010837852381381	0.756638513195003	26	8	-0.0359915023969515	0.88700130251839	0.867923144126647
SLC5A9	glucose transport	Tier 1	ENSG00000117834	85	59	0.0712706214196169	0.0614470990578861	0.00982352236173083	-0.0133955184586234	-0.0695159050405686	0.0431921490500422	2382	-0.0500498504486541	0.611603065443353	-0.0011803304595376	0.807434105948234	71	55	-0.0426832934894069	0.315629667719305	26	8	0.126617043680127	0.36098085015453	0.867923144126647
COX10	OXPHOS	Tier 1;Tier 2	ENSG00000006695	85	59	-0.316800326697542	-0.295694373889045	-0.0211059528084977	0.0169202680682649	-0.0603342382445872	0.0937107240165071	2633	0.050049850448654	0.611603065443353	-0.00386821390144598	0.672675875739269	71	55	-0.029498676282641	0.794317809658053	26	8	0.162127450326538	0.127884811106401	0.867923144126647
DMAC2L	OXPHOS	Tier 1	ENSG00000125375	85	59	-0.0704530574837871	-0.0787506813505103	0.00829762386672322	0.0165386637541791	-0.047901516676279	0.0838281354984581	2632	0.0496510468594218	0.614455181713969	0.0131312072116071	0.583410796126002	71	55	-0.0373738839921236	0.558303719021979	26	8	0.166906267822741	0.1001151093641	0.868173460074094
HMOX1	iron	Tier 1	ENSG00000100292	85	59	0.103303615435482	0.117453748884942	-0.0141501334494597	-0.0177428384923283	-0.0748075692036637	0.0500930606018145	2383	-0.0496510468594218	0.614455181713969	-0.005136117521443	0.705584248177991	71	55	-0.018925145373193	0.726901524922616	26	8	-0.00818027926461486	0.791857490811325	0.868173460074094
PYGL	glycolysis	Tier 2	ENSG00000100504	85	59	0.0504163414655868	0.0253082644880927	0.0251080769774941	0.0136007877171622	-0.0621613089430906	0.0890451635075777	2632	0.0496510468594218	0.614455181713969	0.028175210823464	0.564043839996685	71	55	0.0340128959908926	0.568266840709165	26	8	-0.0551729121394809	0.730019850675947	0.868173460074094
TAS2R10	glutamine/glutamate	Tier 1	ENSG00000121318	85	59	0.0303635460018063	0.0659781163959507	-0.0356145703941444	-0.0197601770695751	-0.0848943188184146	0.0493715294845735	2383	-0.0496510468594218	0.614455181713969	-0.0354812998281816	0.553117808385429	71	55	-0.0565138053903229	0.2224967231185	26	8	0.20903693667391	0.0708097817375973	0.868173460074094
ACP2	riboflavin	Tier 1	ENSG00000134575	85	59	0.0347881863815134	0.0561359727696604	-0.0213477863881471	-0.0138900274818133	-0.0675623817051635	0.0403102543750939	2384	-0.0492522432701894	0.617313140165999	-0.0227504256545677	0.591804741250348	71	55	-0.0227504256545677	0.561615308636668	26	8	-0.0204444739783843	0.556063538525548	0.868173460074094
ACSL6	fatty-acid oxidation	Tier 1	ENSG00000164398	85	59	0.0128168643558339	-0.0447381741551538	0.0575550385109877	0.0179378804053346	-0.0521080358158503	0.0864471317772863	2631	0.0492522432701894	0.617313140165999	0.0467874396828641	0.672675875739269	71	55	0.0128075429016904	1	26	8	0.162138826822274	0.0647043508389117	0.868173460074094
CHPF	glycolysis	Tier 2	ENSG00000123989	85	59	0.0204258705661797	0.0524692555116794	-0.0320433849454997	-0.0145244671470633	-0.0726180501625702	0.0466965856821377	2384	-0.0492522432701894	0.617313140165999	-0.0352961454058567	0.577845841717284	71	55	-0.0352961454058567	0.66868431976753	26	8	0.0320932650544675	0.47739524671309	0.868173460074094
OGDH	OXPHOS;TCA;serine/glycine/one-carbon;tryptophan	Tier 1;Tier 2	ENSG00000105953	85	59	-0.525419000017427	-0.456224627054196	-0.0691943729632311	-0.0257389344988628	-0.123920962102388	0.0791923421090771	2384	-0.0492522432701894	0.617313140165999	-0.0691943729632311	0.59461499646597	71	55	-0.0920405370857639	0.325212276455732	26	8	-0.0315674709873315	0.231035010974767	0.868173460074094
SPHK1	sphingolipid	Tier 1	ENSG00000176170	85	59	-0.0156729003311878	0.0168944885541369	-0.0325673888853247	-0.0173134379407782	-0.090198439596197	0.0535183303737136	2384	-0.0492522432701894	0.617313140165999	-0.0403138758488944	0.575072763336069	71	55	-0.0320543319140382	0.55170915714979	26	8	-0.0879792550027466	0.502922621667626	0.868173460074094
ADSL	glutamine/glutamate	Tier 1	ENSG00000239900	85	59	-0.504120559060876	-0.501736180603623	-0.00238437845725303	0.0282078235976365	-0.0760556578061124	0.141049516549068	2629	0.0484546360917249	0.623046442183262	-0.012005985465226	0.672675875739269	71	55	-0.024727017394057	0.771646445219928	26	8	0.192423528926625	0.556063538525548	0.874494608710503
GCNT2	sphingolipid	Tier 1	ENSG00000111846	85	59	0.0922032045544412	0.105854210168488	-0.0136510056140464	-0.0149970395243063	-0.0851021024494464	0.0514755031802625	2386	-0.0484546360917249	0.623046442183262	-0.0139786835625994	0.600253718720938	71	55	-0.0460277216390933	0.24369256155454	26	8	0.106438388918007	0.281973201045743	0.874494608710503
ADORA2B	glycolysis	Tier 2	ENSG00000170425	85	59	0.0725643728882653	0.0851705993681355	-0.0126062264798703	-0.0170615299980981	-0.0822639167298065	0.0496254024586877	2387	-0.0480558325024926	0.625921714375323	-0.0126062264798703	0.583410796126002	71	55	-0.0258451142902323	0.591839161806476	26	8	0.0113877923365265	0.823302467507629	0.877657855708
SLC52A1	riboflavin	Tier 1	ENSG00000132517	85	59	0.054469632519746	0.0413763551520135	0.0130932773677325	0.0156952879606804	-0.0554601461246377	0.0780238689364539	2627	0.0476570289132603	0.628802686004931	0.014406910642459	0.623046442183262	71	55	-0.0253890987817195	0.445792968994895	26	8	0.19158917239215	0.215606006559306	0.8808228101577
AGO4	cholesterol/isoprenoid	Tier 2	ENSG00000134698	85	59	-0.00708944262211025	0.0153487020823313	-0.0224381447044415	-0.0130195226781811	-0.0789010302143375	0.0480808712035018	2389	-0.0472582253240279	0.631689320733453	-0.0149010033416053	0.745193656654684	71	55	-0.0035379988985079	0.55170915714979	26	8	0.0689510683185443	0.36098085015453	0.882240673467493
KYAT3	tryptophan	Tier 1	ENSG00000137944	85	59	0.0298389496033037	0.0329693841255324	-0.0031304345222287	-0.020653734476045	-0.0996310425124421	0.0543446311148172	2389	-0.0472582253240279	0.631689320733453	-0.0143366138279074	0.580625196568257	71	55	-0.0204005046782708	0.541889632874066	26	8	0.124945911983674	0.173799371292493	0.882240673467493
NMNAT3	NAD	Tier 1	ENSG00000163864	85	59	-0.0152165798571117	-0.0228766545932576	0.0076600747361459	0.0151249794690268	-0.0469484908782528	0.0719982667068979	2626	0.0472582253240279	0.631689320733453	0.0077725333363284	0.600253718720938	71	55	0.009480439415893	0.425520374726393	26	8	0.0117484230719976	0.669890044729042	0.882240673467493
FLAD1	riboflavin	Tier 1	ENSG00000160688	85	59	-0.0227460853043564	-0.0380919157319944	0.0153458304276379	-0.0156768591020507	-0.0854383899394839	0.0548334516792503	2390	-0.0468594217347956	0.634581581963738	0.0137579558307098	0.617313140165999	71	55	0.0126432522273851	0.805720315018204	26	8	-0.0738555809693421	0.502922621667626	0.883657981985008
HIGD2A	OXPHOS	Tier 1	ENSG00000146066	85	59	-0.354783330070075	-0.341015258619914	-0.0137680714501616	-0.0161963831125515	-0.0835991966001019	0.0544101382548392	2390	-0.0468594217347956	0.634581581963738	-0.00816328445792652	0.65205122420208	71	55	0.044151719386545	0.840167164948425	26	8	-0.120403509026052	0.264209380233026	0.883657981985008
SP1	cholesterol/isoprenoid	Tier 2	ENSG00000185591	85	59	-0.270766603291052	-0.284266996641937	0.013500393350885	0.0192975503559198	-0.0668604122050535	0.101285253209544	2625	0.0468594217347955	0.634581581963738	0.013500393350885	0.569545561640713	71	55	0.001373690099367	0.906022980448991	26	8	0.118672294709603	0.264209380233026	0.883657981985008
LCT	glycolysis	Tier 2	ENSG00000115850	85	59	-0.0522651859492866	-0.0534465334785573	0.0011813475292707	0.0132311614651028	-0.0461001742080379	0.0710884601780635	2624	0.0464606181455634	0.637479432841422	0.00121648674204505	0.75135075472222	71	55	-0.0152426047518387	0.615850675719371	26	8	0.124723360107681	0.319883420415998	0.88594582595678
ST6GALNAC6	sphingolipid	Tier 1	ENSG00000160408	85	59	0.00916211166586838	0.00388783999869489	0.00527427166717349	0.0149848284577888	-0.0455796602177129	0.0768737711458145	2624	0.0464606181455634	0.637479432841422	0.00921802107358918	0.513093099233542	71	55	0.00944573999719434	0.672269444977815	26	8	-0.0458029888039061	0.583624193952907	0.88594582595678
COQ10A	OXPHOS	Tier 1	ENSG00000135469	85	59	-0.133425292243044	-0.130951909530443	-0.002473382712601	0.0161389911862414	-0.0510458480460902	0.0832805730401567	2623	0.046061814556331	0.640382836256257	-0.00235029648586402	0.564043839996685	71	55	-0.002473382712601	0.272667364089974	26	8	-0.176706137334675	0.0920086902528621	0.887285472775955
GOT1	OXPHOS;arginine;glutamine/glutamate;glycolysis;methionine	Tier 1;Tier 2	ENSG00000120053	85	59	0.0357258573640597	0.0103663983799147	0.025359458984145	0.0158474568405802	-0.0528731340137813	0.0874511393243271	2623	0.046061814556331	0.640382836256257	0.0186393555545866	0.681592121613201	71	55	0.0186393555545866	0.568266840709165	26	8	0.0909533944467882	0.919153761667732	0.887285472775955
PNRC1	cholesterol/isoprenoid	Tier 2	ENSG00000146278	85	59	-0.129687494276101	-0.138115811187833	0.00842831691173199	0.0128281967405796	-0.0460855334699889	0.0731554119567761	2623	0.046061814556331	0.640382836256257	0.0116441365706483	0.603082118660147	71	55	0.020083836860426	0.365412962417882	26	8	-0.0618229949258449	0.760747580347756	0.887285472775955
BCKDHB	BCAA	Tier 1;Tier 2	ENSG00000083123	85	59	-0.00560800547041518	-0.00197194073441449	-0.00363606473600069	0.0146316810343197	-0.0476209568028063	0.0798060035107077	2622	0.0456630109670988	0.643291754843453	-0.00363606473600069	0.620176905507571	71	55	-0.00856486141269188	0.984301784945959	26	8	0.0137045456552388	0.405240820459417	0.887285472775955
B4GALT2	glycolysis;sphingolipid	Tier 1;Tier 2	ENSG00000117411	85	59	0.16689207083981	0.159373376350095	0.00751869448971501	-0.0206860677686989	-0.108436454028831	0.066640260872909	2393	-0.0456630109670987	0.643291754843453	-0.02369759820685	0.345961388647212	71	55	-0.05374556381622	0.0944325710170459	26	8	0.143839713132952	0.0111649418572373	0.887285472775955
PARP4	NAD	Tier 1	ENSG00000102699	85	59	0.00115400343730099	-0.00372919794989605	0.00488320138719704	-0.0126040060891179	-0.0696719503868676	0.0436312901295059	2393	-0.0456630109670987	0.643291754843453	-0.0010123429076091	0.603082118660147	71	55	-0.00477257348536474	0.308565657497062	26	8	0.0404796547367301	0.730019850675947	0.887285472775955
GALE	glycolysis	Tier 2	ENSG00000117308	85	59	-0.0538738598951511	-0.0547527098620788	0.000878849966927601	0.0155430151429851	-0.050055348579217	0.0782744115512685	2621	0.0452642073778664	0.646206150985052	0.000878849966927601	0.717692818117953	71	55	0.005916084692921	0.512964190134625	26	8	-0.103754235715007	0.215606006559306	0.887285472775955
GGH	folate	Tier 1	ENSG00000137563	85	59	0.136340444580014	0.146443244000975	-0.0101027994209605	0.0146185069057036	-0.0473460047949322	0.0794518445700074	2621	0.0452642073778664	0.646206150985052	-0.019608647908377	0.660858960834524	71	55	-0.02280430046808	0.683069342515936	26	8	-0.069042235667056	0.52915371486718	0.887285472775955
GNGT2	glutamine/glutamate	Tier 1	ENSG00000167083	85	59	0.101979750953764	0.0864822132916279	0.0154975376621358	0.0119821992417528	-0.0536426388956292	0.0782821705873673	2621	0.0452642073778664	0.646206150985052	0.0154975376621358	0.637479432841422	71	55	0.0275246713171892	0.362813029064128	26	8	0.054027467219378	0.640572271580656	0.887285472775955
SGPL1	sphingolipid	Tier 1	ENSG00000166224	85	59	-0.0153629191054537	-0.0108534137002833	-0.00450950540517045	0.0171915356218566	-0.0563493331128596	0.0966885412751839	2621	0.0452642073778664	0.646206150985052	-0.00450950540517045	0.681592121613201	71	55	-0.0084003781202056	0.820987743252713	26	8	-0.0841889131416368	0.88700130251839	0.887285472775955
TNRC6A	cholesterol/isoprenoid	Tier 2	ENSG00000090905	85	59	0.0804559865801606	0.0762217953478239	0.00423419123233665	0.0167052987433558	-0.0556620604183257	0.0956960605358635	2621	0.0452642073778664	0.646206150985052	0.0091530517847366	0.564043839996685	71	55	0.000942596506464707	0.906022980448991	26	8	0.165522017532487	0.0708097817375973	0.887285472775955
APOC2	cholesterol/isoprenoid	Tier 2	ENSG00000234906	85	59	0.0240129065279997	0.0745401397432023	-0.0505272332152026	-0.0157144781208821	-0.0871250692723119	0.05490872571254	2395	-0.0448654037886341	0.649125986811304	-0.0529385041958567	0.643291754843453	71	55	-0.0251821452769437	0.968609646044481	26	8	-0.0283801333783735	0.640572271580656	0.887285472775955
EP300	PPP;cholesterol/isoprenoid	Tier 2	ENSG00000100393	85	59	-0.219416393825823	-0.236207040280208	0.0167906464543842	-0.0174852186740474	-0.103643682228461	0.0575210712349276	2395	-0.0448654037886341	0.649125986811304	0.003846939686736	0.605916499288844	71	55	0.00209844910773399	0.661536757313468	26	8	-0.077359898760431	0.340034249467904	0.887285472775955
RANBP9	OXPHOS	Tier 1	ENSG00000010017	85	59	-0.0624208141257338	-0.0313132815584097	-0.0311075325673241	-0.0190614571386063	-0.0880279991977649	0.0521268763852159	2395	-0.0448654037886341	0.649125986811304	-0.0311075325673241	0.646206150985052	71	55	-0.0208396355065832	0.760382148127533	26	8	0.0353189518880594	0.583624193952907	0.887285472775955
SLC30A3	zinc	Tier 1	ENSG00000115194	85	59	0.16880052683636	0.224631596283752	-0.055831069447392	-0.0152648176379254	-0.0845310198312379	0.0544681174869218	2395	-0.0448654037886341	0.649125986811304	-0.042479836796447	0.807434105948234	71	55	-0.055831069447392	0.55170915714979	26	8	0.0297074175452159	0.611804938252237	0.887285472775955
GPAM	cholesterol/isoprenoid	Tier 2	ENSG00000119927	85	59	0.0622230393324291	0.0856774447145917	-0.0234544053821626	0.0143459977779081	-0.0540522730321405	0.0838154618066357	2620	0.044865403788634	0.649125986811304	-0.00206932796192831	0.577845841717284	71	55	0.0448556754155197	0.200916711817019	26	8	-0.104448446517139	0.149500978394344	0.887285472775955
TNF	sphingolipid	Tier 1	ENSG00000232810	85	59	0.0825268719583094	0.0375728257973813	0.0449540461609281	0.0106665546864709	-0.0413712885609018	0.0650074407537782	2620	0.044865403788634	0.649125986811304	0.0463096175651987	0.625921714375323	71	55	0.0525379399627845	0.228141948811512	26	8	-0.0295191247102849	0.47739524671309	0.887285472775955
COX6C	OXPHOS	Tier 1;Tier 2	ENSG00000164919	85	59	-0.42387211576011	-0.407068666022764	-0.0168034497373462	-0.0179124731141671	-0.0994278343807597	0.0571778749793374	2396	-0.0444666001994017	0.65205122420208	-0.008777205815443	0.696551302013422	71	55	0.00608890687647495	0.719529127603918	26	8	-0.14415183731183	0.855033778939491	0.888429621492332
FBP1	PPP;glycolysis	Tier 1	ENSG00000165140	85	59	-0.0870989626575652	-0.031171378756613	-0.0559275839009522	-0.0158962895730607	-0.0863246410248362	0.0521354541081391	2396	-0.0444666001994017	0.65205122420208	-0.0576991359287375	0.614455181713969	71	55	-0.0644413120871292	0.437038102473143	26	8	-0.0606140290636384	0.855033778939491	0.888429621492332
LPAR1	sphingolipid	Tier 1	ENSG00000198121	85	59	-0.0994419575218068	-0.0559704768164893	-0.0434714807053175	-0.017275205147281	-0.0992248310314566	0.0616060640872677	2396	-0.0444666001994017	0.65205122420208	-0.0400403514517839	0.663805418324653	71	55	-0.0593036027682651	0.561615308636668	26	8	-0.0667325641046865	0.95143897231668	0.888429621492332
ACOT4	fatty-acid oxidation	Tier 1	ENSG00000177465	85	59	0.171655088163653	0.187662038153558	-0.016006949989905	-0.0152608146785109	-0.0867141550833041	0.0532227258978398	2397	-0.0440677966101695	0.654981824788289	-0.021734503542455	0.572305992908955	71	55	-0.000110143023099002	0.840167164948425	26	8	-0.046969376204927	0.281973201045743	0.888429621492332
DDC	tryptophan	Tier 1	ENSG00000132437	85	59	-0.0108330948912843	-0.0211940649287065	0.0103609700374221	0.0107096994400048	-0.0449768489937776	0.0666909217485333	2618	0.0440677966101695	0.654981824788289	0.0076474413338181	0.75135075472222	71	55	0.0224658003740579	0.349987747204989	26	8	-0.153249120686431	0.0489421815821301	0.888429621492332
DLAT	OXPHOS;TCA;glycolysis	Tier 1;Tier 2	ENSG00000150768	85	59	0.00677189316547762	0.00949274091173863	-0.00272084774626101	0.0154524050273452	-0.0544571990603913	0.0840522837587054	2618	0.0440677966101695	0.654981824788289	0.0159855474664827	0.462172104439348	71	55	-0.00758441583353451	0.730597278274659	26	8	-0.138894026055512	0.669890044729042	0.888429621492332
TNFRSF1A	sphingolipid	Tier 1	ENSG00000067182	85	59	0.175528616470562	0.157195352341897	0.0183332641286647	0.0141157973410511	-0.0512392488473875	0.0755793901710875	2618	0.0440677966101695	0.654981824788289	0.021934715669107	0.54229656610454	71	55	-0.00847221871196902	0.548426288860044	26	8	-0.070748748042654	0.319883420415998	0.888429621492332
GRM4	glutamine/glutamate	Tier 1	ENSG00000124493	85	59	-0.0409528849563782	-0.0807941710674162	0.039841286111038	0.012710110973644	-0.0516136295717746	0.0764583606221967	2617	0.0436689930209373	0.657917749953324	0.039841286111038	0.693549781312618	71	55	0.0250317830087433	0.984301784945959	26	8	0.100417852633973	0.138367904121731	0.888429621492332
ECI2	fatty-acid oxidation	Tier 1	ENSG00000198721	85	59	0.103263120612559	0.0964162770027605	0.00684684360979901	-0.0174403436939239	-0.0959733004350706	0.0525802219174288	2398	-0.0436689930209372	0.657917749953324	0.0121057329701345	0.580625196568257	71	55	0.010976382763743	0.817164280303276	26	8	-0.0254250009041471	0.583624193952907	0.888429621492332
HDLBP	glycolysis	Tier 2	ENSG00000115677	85	59	0.00137212709608755	0.00463014701032286	-0.00325801991423532	-0.0141358127383089	-0.0871653935029516	0.05739470984299	2398	-0.0436689930209372	0.657917749953324	0.00079925786206554	0.748270198977511	71	55	-0.00256537847797573	0.749168432189857	26	8	0.0428791695002644	0.855033778939491	0.888429621492332
L2HGDH	OXPHOS	Tier 1	ENSG00000087299	85	59	0.0177490355836445	0.045328452639173	-0.0275794170555285	-0.0161986049457393	-0.0888768889447737	0.0600500107050473	2398	-0.0436689930209372	0.657917749953324	-0.0253518973292304	0.628802686004931	71	55	-0.0411056409343704	0.708519471783084	26	8	-0.0507675758311341	0.983804096811716	0.888429621492332
ABCB11	cholesterol/isoprenoid	Tier 1	ENSG00000073734	85	59	0.00413099335051148	0.00454333922438659	-0.000412345873875106	-0.0193097414962914	-0.097100943900812	0.0561837426852052	2399	-0.0432701894317049	0.660858960834524	0.00155227505352689	0.666757083073402	71	55	0.00858094495219027	0.622788900545966	26	8	-0.00156669788891926	0.699719586564903	0.888429621492332
ACOT13	fatty-acid oxidation	Tier 1	ENSG00000112304	85	59	-0.0134575182408584	-0.0142056678050552	0.000748149564196752	0.0132673443000052	-0.0461468415307016	0.0752042344536117	2616	0.0432701894317049	0.660858960834524	-0.0028613032508049	0.732928528149442	71	55	0.00412805394690425	0.929445673998591	26	8	0.105274218205981	0.300530054314924	0.888429621492332
B4GALT5	sphingolipid	Tier 1	ENSG00000158470	85	59	-0.0340111630430315	-0.00789179702746406	-0.0261193660155674	-0.017563293149719	-0.0945516237319339	0.0541232134728226	2399	-0.0432701894317049	0.660858960834524	-0.0334224868305077	0.564043839996685	71	55	-0.00168534021551436	0.890451871921791	26	8	-0.0729097609967923	0.215606006559306	0.888429621492332
DEGS2	sphingolipid	Tier 1	ENSG00000168350	85	59	0.0746781219208155	0.0743382049095133	0.000339917011302232	0.0134793729901689	-0.0477574064839848	0.0781960754359533	2616	0.0432701894317049	0.660858960834524	0.00381575870405	0.634581581963738	71	55	0.01028656249191	0.368024496968286	26	8	-0.240773901187717	0.0647043508389117	0.888429621492332
NQO2	OXPHOS	Tier 2	ENSG00000124588	85	59	0.140325562575585	0.125378577905483	0.0149469846701022	0.0161192693310579	-0.0467181072154734	0.0763999211235266	2616	0.0432701894317049	0.660858960834524	0.0187101895507576	0.654981824788289	71	55	0.01166270673877	0.87880087224653	26	8	0.0795720515216644	0.452593620794896	0.888429621492332
RXRA	cholesterol/isoprenoid;fatty-acid synthesis;glycolysis	Tier 1;Tier 2	ENSG00000186350	85	59	0.0150138602825909	-0.00114644222789718	0.0161603025104881	0.0118648458645216	-0.0486788547149546	0.0737833909070338	2616	0.0432701894317049	0.660858960834524	0.0310427311682943	0.479666638787878	71	55	0.0198545430361105	0.679462028156993	26	8	0.162897549733852	0.36098085015453	0.888429621492332
ACACA	cholesterol/isoprenoid	Tier 2	ENSG00000278540	85	59	-0.876379131098375	-0.817834852883173	-0.058544278215202	-0.0248728504753892	-0.133574287182536	0.0863595446013261	2400	-0.0428713858424726	0.663805418324653	-0.058544278215202	0.657917749953324	71	55	-0.060671765048916	0.629760782931411	26	8	-0.028756081749779	0.730019850675947	0.888429621492332
PHB2	OXPHOS	Tier 2	ENSG00000215021	85	59	-1.51402004088441	-1.47159605998166	-0.04242398090275	-0.0220625695505961	-0.129204069805142	0.0776562649358346	2400	-0.0428713858424726	0.663805418324653	-0.0412852529495851	0.763712195759761	71	55	0.00751405104582004	0.972531779039936	26	8	-0.06781482154422	0.669890044729042	0.888429621492332
SEC24A	cholesterol/isoprenoid	Tier 2	ENSG00000113615	85	59	0.0246427832773846	0.0595149131740084	-0.0348721298966238	-0.0136612454439693	-0.0757233999199934	0.0516199532013524	2400	-0.0428713858424726	0.663805418324653	-0.0390790570197408	0.732928528149442	71	55	-0.0211944114501914	0.874922903120415	26	8	-0.11010736594042	0.108781091860842	0.888429621492332
TUBB3	iron	Tier 1	ENSG00000258947	85	59	0.0275230597964261	0.0311122282065573	-0.00358916841013124	-0.0146982521676413	-0.0814580159704667	0.0499021036704102	2400	-0.0428713858424726	0.663805418324653	-0.00443830591409326	0.690553061341384	71	55	0.0163149567294477	0.619315549115787	26	8	-0.0170005980313631	0.699719586564903	0.888429621492332
GNG8	glutamine/glutamate	Tier 1	ENSG00000167414	85	59	-0.0732308088287085	-0.0869794042861951	0.0137485954574866	0.0125074411713704	-0.0465750311327468	0.067894689174721	2615	0.0428713858424725	0.663805418324653	0.0114035463410608	0.561302610624557	71	55	0.0709735836639249	0.106649539584093	26	8	-0.113445543449163	0.1001151093641	0.888429621492332
PLSCR1	cholesterol/isoprenoid	Tier 2	ENSG00000188313	85	59	0.0321023716667661	0.0362619806645024	-0.00415960899773631	0.0150379297284764	-0.0605386329583858	0.0923206131999208	2614	0.0424725822532404	0.666757083073402	-0.0056301162369486	0.577845841717284	71	55	-0.0307180163319304	0.937267858995533	26	8	0.0343490136656367	0.319883420415998	0.891535039109511
CLDN3	glycolysis	Tier 2	ENSG00000165215	85	59	0.0523992801720311	0.0946437512717441	-0.042244471099713	-0.0157235795720764	-0.0795365173435878	0.0522389968167673	2402	-0.042073778664008	0.669713915488902	-0.0426906839173937	0.681592121613201	71	55	-0.0432731662603588	0.481794481485608	26	8	0.048685066441562	0.52915371486718	0.891848203327557
LBR	cholesterol/isoprenoid	Tier 1	ENSG00000143815	85	59	-0.00729414324144574	-0.0139364076851423	0.00664226444369654	-0.0139398511493348	-0.0892979789770719	0.0551765641861326	2402	-0.042073778664008	0.669713915488902	0.00664226444369654	0.603082118660147	71	55	-0.018599170215517	0.665106733703232	26	8	0.0690381122025418	0.669890044729042	0.891848203327557
SLC2A8	glucose transport	Tier 1	ENSG00000136856	85	59	0.0565755675698733	0.051434205549007	0.0051413620208663	-0.011481818417363	-0.064712608692644	0.0409104569631885	2402	-0.042073778664008	0.669713915488902	0.011212444397844	0.944942683006411	71	55	-0.0033471991106337	0.679462028156993	26	8	-0.0424777236756754	0.52915371486718	0.891848203327557
GPRC6A	glutamine/glutamate	Tier 1	ENSG00000173612	85	59	0.0420426655487527	0.0263427061281489	0.0156999594206038	-0.0179376633972196	-0.086552351412145	0.0582817359796732	2403	-0.0416749750747757	0.672675875739269	-0.0041364159077928	0.575072763336069	71	55	-0.0325595521343571	0.66868431976753	26	8	-0.0930770531656962	0.231035010974767	0.891848203327557
PDK2	OXPHOS	Tier 1	ENSG00000005882	85	59	-0.0569375306860355	-0.0580476561887586	0.0011101255027231	-0.0121461702246592	-0.0727598881351128	0.0518370423899116	2403	-0.0416749750747757	0.672675875739269	-0.0081025116030895	0.720731216974226	71	55	-0.0218644840054657	0.497249245080521	26	8	0.0605860738558955	0.149500978394344	0.891848203327557
APOD	cholesterol/isoprenoid	Tier 2	ENSG00000189058	85	59	-0.00445808542273058	-0.0773139450825528	0.0728558596598222	0.0199138345730669	-0.0658398468976242	0.104191850249752	2612	0.0416749750747756	0.672675875739269	0.0728558596598222	0.717692818117953	71	55	0.0632808742725786	0.719529127603918	26	8	0.00925463304826429	0.919153761667732	0.891848203327557
FBXO6	cholesterol/isoprenoid	Tier 2	ENSG00000116663	85	59	0.0406077617923663	0.00268292403353505	0.0379248377588313	0.016101732359892	-0.0548329557678986	0.0856454733393444	2612	0.0416749750747756	0.672675875739269	0.0379248377588313	0.649125986811304	71	55	0.0505578905859436	0.0973763327869033	26	8	-0.157060529447676	0.0365375040413468	0.891848203327557
GALM	glycolysis	Tier 1	ENSG00000143891	85	59	0.00847585089328381	-0.0136661993153431	0.0221420502086269	0.0118633987826388	-0.046083813021562	0.0710343118003902	2612	0.0416749750747756	0.672675875739269	0.0332098198019289	0.425910415761633	71	55	0.0349221959522296	0.525719940193461	26	8	0.0923610522278229	0.405240820459417	0.891848203327557
SLC11A2	iron	Tier 1	ENSG00000110911	85	59	0.0490565483288031	0.0406115345578381	0.008445013770965	0.0147383293665548	-0.053724965769376	0.0754952995653659	2612	0.0416749750747756	0.672675875739269	0.008445013770965	0.666757083073402	71	55	0.000856455817669299	0.871047935518241	26	8	0.077145602274535	0.127884811106401	0.891848203327557
ACP4	riboflavin	Tier 1	ENSG00000142513	85	59	-0.10348478762109	-0.0740396496972246	-0.0294451379238651	-0.0150832794934503	-0.0708148408437138	0.0450315853915083	2404	-0.0412761714855434	0.675642923754151	-0.0294451379238651	0.678615019226308	71	55	-0.030338949247868	0.972531779039936	26	8	-0.164524558276098	0.138367904121731	0.894102913159195
STX1A	glutamine/glutamate	Tier 1	ENSG00000106089	85	59	0.064115240359726	0.0563972790272285	0.00771796133249749	0.0127488372869282	-0.047006801617794	0.0711515405526363	2611	0.0412761714855434	0.675642923754151	0.0090776361676576	0.669713915488902	71	55	0.0108304554227563	0.817164280303276	26	8	0.0180538738694007	0.760747580347756	0.894102913159195
ACP3	riboflavin	Tier 1	ENSG00000014257	85	59	0.0886466309491587	0.0848326714062758	0.0038139595428829	0.0191678153579525	-0.0623164317677508	0.101922740377854	2609	0.0404785643070789	0.681592121613201	0.0038139595428829	0.693549781312618	71	55	-0.0239293027580672	0.608946614215415	26	8	0.0172958813467769	0.823302467507629	0.897768727348732
GLDC	cholesterol/isoprenoid;serine/glycine/one-carbon	Tier 1;Tier 2	ENSG00000178445	85	59	-0.107815004374347	-0.112629824801596	0.004814820427249	0.0179993387599772	-0.0664613507712995	0.0978540596303116	2609	0.0404785643070789	0.681592121613201	0.004814820427249	0.628802686004931	71	55	-0.0286354484086597	0.972531779039936	26	8	0.0916081028920908	0.319883420415998	0.897768727348732
LCN2	iron	Tier 1	ENSG00000148346	85	59	-0.166127968082142	-0.165150670113674	-0.000977297968467988	0.0155154042699974	-0.0566212760831226	0.0911264589020483	2609	0.0404785643070789	0.681592121613201	-0.000977297968467988	0.708604550370535	71	55	0.010060883669454	0.756638513195003	26	8	-0.0105484301706732	0.95143897231668	0.897768727348732
RARS1	glycolysis	Tier 2	ENSG00000113643	85	59	-0.600905812328031	-0.598411276396637	-0.00249453593139404	0.0216375304618247	-0.0865514363485999	0.13639345712509	2609	0.0404785643070789	0.681592121613201	0.00302010355734894	0.760616044878154	71	55	-0.0129396285679221	1	26	8	0.353324456116237	0.084438190880557	0.897768727348732
B3GALT2	sphingolipid	Tier 1	ENSG00000162630	85	59	-0.0669112468106353	-0.0415358704662903	-0.0253753763443449	-0.016631443605849	-0.10029177567607	0.0719190217505615	2406	-0.0404785643070787	0.681592121613201	-0.0187215912175522	0.782366911445827	71	55	-0.0232563008498581	0.58844433038713	26	8	0.0426660203849649	0.264209380233026	0.897768727348732
ACAD11	fatty-acid oxidation	Tier 1	ENSG00000240303	85	59	-0.0251018653954464	-0.0220218903721809	-0.0030799750232655	0.0137776158389163	-0.0514687991872087	0.0827199971429382	2608	0.0400797607178465	0.684574190138604	-0.0030799750232655	0.681592121613201	71	55	-0.0058428583403532	0.949012261656823	26	8	0.143085747998858	0.200933413709765	0.898091018980069
ACAT2	BCAA;cholesterol/isoprenoid;tryptophan	Tier 1;Tier 2	ENSG00000120437	85	59	0.0822715058171259	0.0566217393458399	0.025649766471286	-0.0172148352199171	-0.101660302273169	0.0684652022175454	2407	-0.0400797607178465	0.684574190138604	0.013666183822461	0.583410796126002	71	55	0.0155268531902195	0.817164280303276	26	8	0.0178222339661247	0.730019850675947	0.898091018980069
ATP6V1C2	OXPHOS;iron	Tier 1	ENSG00000143882	85	59	0.0436403497093102	0.0906994051649881	-0.0470590554556779	-0.0174902103720436	-0.094446894811287	0.0650416693277412	2407	-0.0400797607178465	0.684574190138604	-0.0518441157052068	0.555839565167508	71	55	-0.0501979828418532	0.760382148127533	26	8	-0.138787728489959	0.264209380233026	0.898091018980069
NDUFV1	OXPHOS	Tier 1;Tier 2	ENSG00000167792	85	59	-0.263853905177363	-0.285844881888787	0.021990976711424	0.0168242532924846	-0.0639944614290801	0.0998210596281067	2608	0.0400797607178465	0.684574190138604	0.026664508121466	0.617313140165999	71	55	0.021990976711424	0.693934504481054	26	8	0.0775170073311786	0.502922621667626	0.898091018980069
MCCC2	BCAA	Tier 1;Tier 2	ENSG00000131844	85	59	0.0192675215173399	0.016365345040176	0.00290217647716392	-0.0158490015099652	-0.090829302169157	0.05348312563656	2408	-0.0396809571286142	0.687561183794231	0.00900257735003602	0.81688703950635	71	55	0.0167405678094561	0.917725401038127	26	8	-0.102707211333627	0.215606006559306	0.898091018980069
SLC25A18	OXPHOS	Tier 1	ENSG00000182902	85	59	0.0814203949180144	0.104602076521987	-0.0231816816039725	-0.0135766763880031	-0.0767516909263622	0.047488758798986	2408	-0.0396809571286142	0.687561183794231	-0.0263178108392681	0.748270198977511	71	55	-0.0108904052935256	0.767886196751554	26	8	-0.0866245372372214	0.855033778939491	0.898091018980069
COX8C	OXPHOS	Tier 1	ENSG00000187581	85	59	0.144402167214341	0.133862484252598	0.010539682961743	0.0131663719697607	-0.0490615378051563	0.0787893764921692	2607	0.0396809571286141	0.687561183794231	0.0121629804438335	0.649125986811304	71	55	0.006543908086829	0.906022980448991	26	8	0.001437661824152	0.95143897231668	0.898091018980069
GUSB	cholesterol/isoprenoid;glycolysis	Tier 2	ENSG00000169919	85	59	-0.17366900947691	-0.165705717547003	-0.007963291929907	0.0131393126618455	-0.052281377890314	0.0732697917448477	2607	0.0396809571286141	0.687561183794231	-0.0083647848157645	0.646206150985052	71	55	0.024003450826795	0.368024496968286	26	8	-0.037047537469692	0.730019850675947	0.898091018980069
PNKD	OXPHOS	Tier 1	ENSG00000127838	85	59	-1.06431677191696e-05	0.000936040553025895	-0.000946683720745065	0.0145984349856972	-0.0538232669531467	0.0806133874087679	2607	0.0396809571286141	0.687561183794231	0.00569633163506088	0.65205122420208	71	55	0.0532561775335532	0.117759545837551	26	8	-0.263712346117909	0.0195698653801023	0.898091018980069
AHCY	methionine	Tier 1	ENSG00000101444	85	59	-0.454354938508136	-0.47102376342625	0.016668824918114	0.0185692309512836	-0.0732661521981785	0.109189460317862	2606	0.0392821535393819	0.690553061341384	0.016668824918114	0.723774031377817	71	55	0.016160742645682	0.898232528218888	26	8	0.125049240181988	0.405240820459417	0.899502696138408
ACADM	BCAA;OXPHOS;fatty-acid oxidation	Tier 1;Tier 2	ENSG00000117054	85	59	-0.00400694275960498	-0.0297534081692692	0.0257464654096642	-0.0145125862458074	-0.0989936264903366	0.0579660244505857	2409	-0.0392821535393818	0.690553061341384	0.0192471780327141	0.672675875739269	71	55	0.0264465013433269	0.647334340862006	26	8	-0.0368234272810999	0.452593620794896	0.899502696138408
RMND5B	OXPHOS	Tier 1	ENSG00000145916	85	59	-0.265220356164183	-0.246719329904647	-0.018501026259536	-0.0160800121542304	-0.0944914710061283	0.0687308632244912	2409	-0.0392821535393818	0.690553061341384	-0.018501026259536	0.735988563989742	71	55	-0.013663226859762	0.790526590258911	26	8	-0.026573196811932	0.791857490811325	0.899502696138408
ALDH9A1	BCAA;arginine;glycolysis;tryptophan	Tier 1;Tier 2	ENSG00000143149	85	59	-0.107853133058566	-0.10024940728416	-0.00760372577440621	0.0156185975904663	-0.0589430332696016	0.0922399632916869	2605	0.0388833499501495	0.693549781312618	-0.0156233192047202	0.823203917674178	71	55	-0.0281634399234161	0.454646895114502	26	8	0.268746567554412	0.0140378346430221	0.900912871401487
ATP6V1B1	OXPHOS;iron	Tier 1	ENSG00000116039	85	59	-0.0816722380475745	-0.0574212643782134	-0.0242509736693611	-0.0135036206930409	-0.0795535984569528	0.0550778197025332	2410	-0.0388833499501495	0.693549781312618	-0.0147303326862838	0.760616044878154	71	55	-0.0145950020365282	0.925537088617473	26	8	-0.0191835375119895	0.583624193952907	0.900912871401487
NMRAL1	arginine	Tier 1	ENSG00000153406	85	59	-0.129485843442081	-0.092924964882021	-0.0365608785600595	-0.0168275217763536	-0.0843264838189799	0.0523765348963342	2410	-0.0388833499501495	0.693549781312618	-0.0201000190728177	0.760616044878154	71	55	-0.0230748628958097	0.976454576409573	26	8	-0.155800791016302	0.281973201045743	0.900912871401487
ACER1	sphingolipid	Tier 1	ENSG00000167769	85	59	-0.288680137732291	-0.243192127222833	-0.045488010509458	-0.0179224114492686	-0.108139600377939	0.0698431500378028	2411	-0.0384845463609173	0.696551302013422	-0.047604620623911	0.628802686004931	71	55	-0.035487644976823	0.378586403799248	26	8	-0.110746469986101	0.640572271580656	0.901494444035703
GNG7	glutamine/glutamate	Tier 1	ENSG00000176533	85	59	-0.0556125634318642	-0.0193998215091888	-0.0362127419226754	-0.0140719521278811	-0.0892133634479515	0.0604304948993147	2411	-0.0384845463609173	0.696551302013422	-0.025081811921586	0.646206150985052	71	55	-0.0164433725575891	0.85172131019849	26	8	-0.112417936888466	0.300530054314924	0.901494444035703
BAAT	cholesterol/isoprenoid	Tier 1	ENSG00000136881	85	59	0.0436440450767122	0.0238004859881312	0.019843559088581	0.0100789470536519	-0.0452109815963511	0.0654278923401486	2604	0.0384845463609171	0.696551302013422	0.0228583959981158	0.625921714375323	71	55	0.0195457818579834	0.984301784945959	26	8	-0.088926565046264	1	0.901494444035703
OAT	OXPHOS;arginine;glutamine/glutamate	Tier 1;Tier 2	ENSG00000065154	85	59	-0.102447905561895	-0.12685901790901	0.0244111123471145	0.0138335798897581	-0.0498004496090357	0.0772386805054219	2604	0.0384845463609171	0.696551302013422	0.0399877841458206	0.591804741250348	71	55	0.038898738834777	0.608946614215415	26	8	-0.0266937332586669	0.699719586564903	0.901494444035703
ARSG	sphingolipid	Tier 1	ENSG00000141337	85	59	0.107224492363662	0.111870628443205	-0.00464613607954276	-0.0137768360035425	-0.0858593119568894	0.0603479362234807	2412	-0.038085742771685	0.69955758152392	-0.00520834078351781	0.684574190138604	71	55	0.0268267127485378	0.730597278274659	26	8	-0.074507749363364	0.583624193952907	0.902077904211666
DSC2	glycolysis	Tier 2	ENSG00000134755	85	59	0.0332640341422451	0.0261308814423727	0.0071331526998724	-0.0108596067855223	-0.0851034444052015	0.046535771156151	2412	-0.038085742771685	0.69955758152392	0.0071331526998724	0.663805418324653	71	55	0.0052069002399516	0.824815464264795	26	8	-0.0089516521214583	0.611804938252237	0.902077904211666
GLUD1	OXPHOS;arginine;glutamine/glutamate	Tier 1;Tier 2	ENSG00000148672	85	59	0.103639197548769	0.121404636112391	-0.017765438563622	-0.0130027525964256	-0.0811688400208837	0.0503634292737831	2412	-0.038085742771685	0.69955758152392	-0.01411219245364	0.745193656654684	71	55	-0.017765438563622	0.636765808127782	26	8	-0.065239856243778	0.730019850675947	0.902077904211666
SLC52A2	riboflavin	Tier 1	ENSG00000185803	85	59	-0.0177996029587142	-0.0341346332894252	0.016335030330711	0.0132681610732979	-0.0477571618045816	0.0764590898043446	2603	0.038085742771685	0.69955758152392	0.016335030330711	0.702568577700588	71	55	-0.0114683270294394	0.956848180749151	26	8	0.0724304849576583	0.0590400187453341	0.902077904211666
SLC6A14	amino-acid transport	Tier 1	ENSG00000268104	85	59	-0.0747234514148135	-0.0797396220279469	0.00501617061313339	-0.0125492811194999	-0.0732678228535012	0.0515184989467401	2413	-0.0376869391824527	0.702568577700588	0.00359408406077129	0.766812129853942	71	55	0.00148236860958741	0.945096102967897	26	8	-0.011249198527542	0.52915371486718	0.902208859443819
SOX9	glycolysis	Tier 2	ENSG00000125398	85	59	-0.469700088460848	-0.434333822868652	-0.0353662655921953	-0.0190431053938069	-0.125849435073405	0.0893947159580125	2413	-0.0376869391824527	0.702568577700588	-0.034437362144356	0.69955758152392	71	55	-0.045319499451202	0.984301784945959	26	8	0.022446338739995	0.823302467507629	0.902208859443819
ATP6V1C1	OXPHOS;iron	Tier 1;Tier 2	ENSG00000155097	85	59	-0.181364508075638	-0.167798317992939	-0.0135661900826995	0.0164687457553426	-0.0786410008231565	0.112115457454615	2602	0.0376869391824526	0.702568577700588	0.000392227981038024	0.7761341645656	71	55	-0.039529251457222	0.764131403451915	26	8	0.087594240338554	0.247232704165249	0.902208859443819
OXCT1	BCAA	Tier 1	ENSG00000083720	85	59	0.101185990485805	0.0785938243990109	0.0225921660867938	0.00840544686035191	-0.0426429497116031	0.0546058243083463	2602	0.0376869391824526	0.702568577700588	0.023474853295325	0.696551302013422	71	55	0.0199599574897446	0.512964190134625	26	8	-0.0724823837230086	0.281973201045743	0.902208859443819
ACSL1	fatty-acid oxidation	Tier 1	ENSG00000151726	85	59	-0.0395821530560502	-0.0648300104790543	0.0252478574230041	0.012409597287682	-0.060964862247279	0.0766195256761192	2601	0.0372881355932204	0.705584248177991	9.43737564539013e-05	0.970835335778527	71	55	0.0163450640622366	0.782959087837865	26	8	0.001667057106363	0.760747580347756	0.902208859443819
GRM5	glutamine/glutamate	Tier 1	ENSG00000168959	85	59	0.15364443792002	0.146713416028542	0.00693102189147798	0.011962960952496	-0.0523473325201489	0.0786519509434413	2601	0.0372881355932204	0.705584248177991	-0.00628247682520799	0.848582213692917	71	55	0.015567018231294	0.532158097706085	26	8	-0.120185361395416	0.264209380233026	0.902208859443819
PPFIA3	glutamine/glutamate	Tier 1	ENSG00000177380	85	59	-0.0648503659140779	-0.0820714683323579	0.01722110241828	0.0104156761038334	-0.0477859330094579	0.0610392732436654	2601	0.0372881355932204	0.705584248177991	0.022861181466704	0.580625196568257	71	55	0.022861181466704	0.428383072230586	26	8	-0.110600161334509	0.556063538525548	0.902208859443819
TAS2R3	glutamine/glutamate	Tier 1	ENSG00000127362	85	59	0.150473679677376	0.138054840416561	0.0124188392608149	0.0130132435150829	-0.050798546680624	0.0760127880512701	2601	0.0372881355932204	0.705584248177991	0.015295815464012	0.643291754843453	71	55	-0.031242840017147	0.756638513195003	26	8	0.129502844549607	0.200933413709765	0.902208859443819
SLC36A2	amino-acid transport	Tier 1	ENSG00000186335	85	59	0.0942390306376494	0.103667409813535	-0.00942837917588549	-0.011746012987072	-0.0754655362514486	0.0535365925192964	2414	-0.0372881355932203	0.705584248177991	-0.0156239988481623	0.65205122420208	71	55	-0.0357666666843198	0.805720315018204	26	8	-0.0125056297368805	0.760747580347756	0.902208859443819
ATP6V0A1	OXPHOS;iron	Tier 1	ENSG00000033627	85	59	-0.0971199167163569	-0.0921803372365736	-0.0049395794797833	0.014699458881599	-0.0513808703181359	0.0891427883526328	2600	0.036889332003988	0.708604550370535	-0.000864781606763107	0.748270198977511	71	55	0.0098791478227747	0.535392084194316	26	8	-0.00426328537013174	0.791857490811325	0.902208859443819
GRHPR	serine/glycine/one-carbon	Tier 1	ENSG00000137106	85	59	-0.0882004438371546	-0.0563922723483316	-0.031808171488823	-0.0138570973358261	-0.0803831276711148	0.0573592617285949	2415	-0.036889332003988	0.708604550370535	-0.0352449064847464	0.666757083073402	71	55	-0.0366240881685733	0.697570386272506	26	8	0.00224199287025706	0.983804096811716	0.902208859443819
PDK3	OXPHOS;cholesterol/isoprenoid;glycolysis	Tier 1;Tier 2	ENSG00000067992	85	59	-0.0795623068574763	-0.0605626747567445	-0.0189996321007318	0.0106929580360336	-0.0532822670952654	0.0812697280541915	2600	0.036889332003988	0.708604550370535	-0.0189996321007318	0.742121173228095	71	55	-0.0189996321007318	0.654419913078369	26	8	-0.0531475985119938	0.95143897231668	0.902208859443819
RHOT2	OXPHOS	Tier 2	ENSG00000140983	85	59	0.0510341686739673	0.0341558257311291	0.0168783429428382	-0.0130900865465059	-0.0728694222323938	0.0462317612065624	2415	-0.036889332003988	0.708604550370535	0.022639997956961	0.788613662121173	71	55	0.0267919294260214	0.980377943332367	26	8	-0.0516688819530905	0.583624193952907	0.902208859443819
SLC35A3	glycolysis	Tier 2	ENSG00000117620	85	59	0.0510418891017178	0.0561872418904963	-0.0051453527887785	-0.0164376817361935	-0.0872875135002663	0.0638397184018911	2415	-0.036889332003988	0.708604550370535	-0.0051453527887785	0.666757083073402	71	55	-0.0019364404760759	0.964688272196028	26	8	-0.0604988079172252	0.47739524671309	0.902208859443819
KIF2A	glycolysis	Tier 2	ENSG00000068796	85	59	-0.108526761681956	-0.083948395043294	-0.024578366638662	-0.0100353267499119	-0.070411577647825	0.0545788027133629	2416	-0.0364905284147558	0.711629441474234	-0.0275305422933715	0.681592121613201	71	55	-0.0344055350747391	0.675862038291691	26	8	-0.0283015879133795	1	0.903192744369474
STXBP1	glutamine/glutamate	Tier 1	ENSG00000136854	85	59	0.0288262480069948	0.0147064456874227	0.0141198023195721	0.00943984539754827	-0.0458578433973771	0.0708525823597071	2599	0.0364905284147556	0.711629441474234	0.0147505135227237	0.705584248177991	71	55	0.0031799029024912	0.913822486025057	26	8	0.0957965058313235	0.247232704165249	0.903192744369474
ARG1	arginine	Tier 1	ENSG00000118520	85	59	0.158654690841859	0.110395553268627	0.048259137573232	0.014600551336098	-0.0598859120234776	0.0762825407122151	2598	0.0360917248255235	0.714658878468502	0.048259137573232	0.720731216974226	71	55	0.027095325101321	0.890451871921791	26	8	0.145695655885826	0.502922621667626	0.903192744369474
CHST6	glycolysis	Tier 2	ENSG00000183196	85	59	0.05115421736367	0.0471261925715536	0.0040280247921164	0.00921316879198671	-0.0434760622598363	0.0603447301632655	2598	0.0360917248255235	0.714658878468502	0.0044329694837815	0.620176905507571	71	55	-0.0056473629258632	0.956848180749151	26	8	0.162021026232936	0.0444634891447178	0.903192744369474
MTHFR	folate;serine/glycine/one-carbon	Tier 1	ENSG00000177000	85	59	-0.0330036415198947	-0.066330154821596	0.0333265133017013	0.0102212093694933	-0.0484348737560207	0.0690465454545459	2598	0.0360917248255235	0.714658878468502	0.0304996465927656	0.723774031377817	71	55	-0.0148158428890904	0.675862038291691	26	8	0.166045648466306	0.138367904121731	0.903192744369474
CACNA1H	glycolysis	Tier 2	ENSG00000196557	85	59	-0.0922383063880298	-0.120507147561116	0.0282688411730864	0.0106872384707052	-0.0490544562081981	0.0745990359123251	2597	0.0356929212362911	0.717692818117953	0.0235932001228575	0.757523723622534	71	55	0.0282688411730864	0.532158097706085	26	8	-0.0244869232530523	0.983804096811716	0.903192744369474
CYP51A1	cholesterol/isoprenoid	Tier 1;Tier 2	ENSG00000001630	85	59	0.00162566968210671	-0.0327427874239485	0.0343684571060552	0.0150097498832006	-0.0642894855493271	0.0931791091805036	2597	0.0356929212362911	0.717692818117953	0.0312177978293942	0.794874034804007	71	55	0.00835766800162367	0.921630299743665	26	8	0.00256360328066051	0.640572271580656	0.903192744369474
H6PD	PPP	Tier 1	ENSG00000049239	85	59	0.0267751563717313	0.0250723503393411	0.00170280603239012	0.0142580442114013	-0.054984573334972	0.0858987183820209	2597	0.0356929212362911	0.717692818117953	0.0026539855924324	0.705584248177991	71	55	0.0053889891798432	0.472648558526428	26	8	-0.284068727983951	0.0403356711507055	0.903192744369474
MED24	glycolysis	Tier 2	ENSG00000008838	85	59	-0.244512486263246	-0.196487737283836	-0.0480247489794101	-0.0169680845581789	-0.12609122265756	0.0830549832031358	2418	-0.0356929212362911	0.717692818117953	-0.0536827097987485	0.687561183794231	71	55	-0.036305370934638	0.840167164948425	26	8	-0.125370918518703	0.149500978394344	0.903192744369474
NCOA2	cholesterol/isoprenoid	Tier 1;Tier 2	ENSG00000140396	85	59	0.0886787773408235	0.0760229721098164	0.0126558052310071	-0.0126310533284119	-0.0823903741170082	0.0441145787270383	2418	-0.0356929212362911	0.717692818117953	0.0136484971517729	0.735988563989742	71	55	0.0168577029909426	0.902126576190188	26	8	-0.047387635884635	0.340034249467904	0.903192744369474
PNP	NAD	Tier 1	ENSG00000198805	85	59	-0.108536094748797	-0.103479561135399	-0.0050565336133974	0.012857170397167	-0.0681447251130992	0.0939674433438747	2597	0.0356929212362911	0.717692818117953	-0.0122642823551239	0.987035609770921	71	55	0.0143547954747988	0.47568653416865	26	8	-0.0712599576852538	0.340034249467904	0.903192744369474
SERINC3	serine/glycine/one-carbon	Tier 1	ENSG00000132824	85	59	0.0120467608099737	0.0286700607735219	-0.0166232999635481	-0.0116933908402255	-0.08811202093114	0.0641140474111908	2418	-0.0356929212362911	0.717692818117953	-0.0166232999635481	0.745193656654684	71	55	-0.0568065013447726	0.3349821802267	26	8	0.0150981817358176	0.47739524671309	0.903192744369474
SUMF2	sphingolipid	Tier 1	ENSG00000129103	85	59	-0.0682468406137378	-0.0431232759020298	-0.025123564711708	-0.0144124444455524	-0.0889122707420822	0.0549608282788882	2418	-0.0356929212362911	0.717692818117953	-0.0124087675501494	0.7761341645656	71	55	-0.0257294480826944	0.832483328266864	26	8	-0.0364877790264091	0.983804096811716	0.903192744369474
ADH1A	glycolysis	Tier 1	ENSG00000187758	85	59	0.116525044936257	0.0925069610329882	0.024018083903269	-0.0140202000546905	-0.0990563943771148	0.0634581903105369	2419	-0.0352941176470588	0.720731216974226	0.011756183747686	0.547693972831423	71	55	0.013905503170303	0.863307370120977	26	8	-0.142626881501423	0.247232704165249	0.905198345709015
PLPPR5	sphingolipid	Tier 1	ENSG00000117598	85	59	0.000851605619264828	0.0114582130051279	-0.0106066073858631	-0.0112242244564623	-0.0807602502626216	0.0517001380457192	2419	-0.0352941176470588	0.720731216974226	-0.0139776745887067	0.932016424251737	71	55	-0.0166242661115426	0.375928587669539	26	8	0.212745670900051	0.00541762223529488	0.905198345709015
ATP5PO	OXPHOS	Tier 1;Tier 2	ENSG00000241837	85	59	-0.662234138106638	-0.666863349671054	0.00462921156441642	0.0175670749095072	-0.0850989303515626	0.116485082368106	2595	0.0348953140578265	0.723774031377817	-0.00757762981578392	0.801147645073911	71	55	-5.83385101959877e-05	1	26	8	0.17085474476206	0.264209380233026	0.905198345709015
H4C12	arginine	Tier 2	ENSG00000273542	85	59	-0.237607709448745	-0.170462494887583	-0.067145214561163	-0.0145541738157017	-0.0905436078142454	0.0610083939953947	2420	-0.0348953140578265	0.723774031377817	-0.0750088846684685	0.663805418324653	71	55	-0.096737453580703	0.389332882360382	26	8	0.199285592842862	0.0708097817375973	0.905198345709015
MET	glycolysis	Tier 2	ENSG00000105976	85	59	-0.109168301643245	-0.0886189330338584	-0.0205493686093861	-0.0158565772512631	-0.0898132746021471	0.0587472382928172	2420	-0.0348953140578265	0.723774031377817	-0.0159551501413346	0.611603065443353	71	55	-0.0232652502767566	0.437038102473143	26	8	0.0396614599347781	0.791857490811325	0.905198345709015
NT5C	NAD	Tier 1	ENSG00000125458	85	59	0.0960002990034023	0.0730130450510508	0.0229872539523515	0.0140596352136421	-0.0540881979390952	0.0789489272690153	2595	0.0348953140578265	0.723774031377817	0.0229872539523515	0.763712195759761	71	55	0.040478841844227	0.64028058599091	26	8	-0.0432833545261826	0.640572271580656	0.905198345709015
ZNF292	glycolysis	Tier 2	ENSG00000188994	85	59	0.148238726304853	0.140042153824462	0.00819657248039099	-0.0118039064996052	-0.0717971115740548	0.0472115152412025	2420	-0.0348953140578265	0.723774031377817	0.00678193415706399	0.583410796126002	71	55	0.016432907745184	0.817164280303276	26	8	-0.0905950818966261	0.264209380233026	0.905198345709015
ABCA2	cholesterol/isoprenoid	Tier 2	ENSG00000107331	85	59	-0.126476567893225	-0.146052828529675	0.01957626063645	0.00881475772844996	-0.0522574981281477	0.0739938726999951	2594	0.0344965104685941	0.726821217459939	0.01957626063645	0.754435278222588	71	55	0.019981897012463	0.726901524922616	26	8	-0.0241229200520451	0.95143897231668	0.905800140382554
PLEKHA8	sphingolipid	Tier 1	ENSG00000106086	85	59	-0.0360581479230106	-0.0477517872040462	0.0116936392810356	0.0117518101950516	-0.0553327865045317	0.0806765864479239	2594	0.0344965104685941	0.726821217459939	0.0116936392810356	0.766812129853942	71	55	0.0068105230167595	0.411375367006027	26	8	-0.108454938890653	0.084438190880557	0.905800140382554
TUBB	iron	Tier 1	ENSG00000196230	85	59	-0.415660586223306	-0.420319207341267	0.004658621117961	0.0200452791143397	-0.090340171232894	0.120052027446766	2594	0.0344965104685941	0.726821217459939	0.004658621117961	0.72987273114439	71	55	-0.018518058868922	0.657974460608907	26	8	-0.00502981457182755	0.95143897231668	0.905800140382554
WARS1	tryptophan	Tier 1	ENSG00000140105	85	59	-0.976388339595516	-0.980226869833158	0.00383853023764202	0.0157851938030713	-0.0769971998764648	0.105770673008811	2594	0.0344965104685941	0.726821217459939	0.00383853023764202	0.732928528149442	71	55	-0.042651194710568	0.561615308636668	26	8	0.208473746443912	0.0242405994467755	0.905800140382554
KYNU	NAD;tryptophan	Tier 1	ENSG00000115919	85	59	-0.00535241851286907	-0.012687972494771	0.00733555398190197	0.0124920928274835	-0.0556927035930046	0.084696942384857	2593	0.034097706879362	0.72987273114439	0.00733555398190197	0.763712195759761	71	55	0.00733555398190197	0.871047935518241	26	8	-0.0358478618948261	0.699719586564903	0.908000261124122
SIRT3	OXPHOS;TCA	Tier 1;Tier 2	ENSG00000142082	85	59	0.080935748765966	0.0527604882434381	0.0281752605225279	0.0117593541784868	-0.0448772435757978	0.0750067044167787	2593	0.034097706879362	0.72987273114439	0.039183148230735	0.59461499646597	71	55	0.0438255145896286	0.266268176100427	26	8	-0.0147184406104793	0.583624193952907	0.908000261124122
NANP	glycolysis	Tier 2	ENSG00000170191	85	59	0.0186143767767156	0.0293344486823029	-0.0107200719055873	-0.011033752228008	-0.0801233509375063	0.0610965774576552	2423	-0.0336989032901296	0.732928528149442	-0.0232897548039088	0.558567842416909	71	55	-0.0107200719055873	0.561615308636668	26	8	-0.0262854600724921	0.699719586564903	0.90999636808539
ST8SIA1	sphingolipid	Tier 1	ENSG00000111728	85	59	0.0274217496620337	0.0105578143681764	0.0168639352938573	0.00970738599261969	-0.0537768986826074	0.0741412106418245	2592	0.0336989032901296	0.732928528149442	0.0188846879777572	0.620176905507571	71	55	0.014278738215763	0.767886196751554	26	8	-0.0205109011746151	1	0.90999636808539
AKR1C2	cholesterol/isoprenoid	Tier 1	ENSG00000151632	85	59	0.0227670058927751	0.0565531647108954	-0.0337861588181203	-0.0152562336741311	-0.0945043846006022	0.0640726484970272	2424	-0.0333000997008973	0.735988563989742	-0.0242772738053623	0.617313140165999	71	55	-0.0640651032895153	0.643803452509694	26	8	0.0389969596386808	0.699719586564903	0.90999636808539
NDUFAF6	OXPHOS	Tier 1	ENSG00000156170	85	59	-0.129711327660522	-0.0994787740501173	-0.0302325536104047	-0.0129977343650478	-0.0837915114337054	0.0588196691867279	2424	-0.0333000997008973	0.735988563989742	-0.0199107714324415	0.858141188501487	71	55	-0.014456315786437	0.844014850739117	26	8	-0.0823749668824439	0.36098085015453	0.90999636808539
S1PR3	sphingolipid	Tier 1	ENSG00000213694	85	59	-0.0978872680804118	-0.0768589236944543	-0.0210283443859576	-0.0165980238480813	-0.0820437479020382	0.0529471354788097	2424	-0.0333000997008973	0.735988563989742	0.00256344759404024	0.896571689011162	71	55	0.0222143167671537	0.595242958697853	26	8	-0.102539809937476	0.149500978394344	0.90999636808539
TAS2R42	glutamine/glutamate	Tier 1	ENSG00000186136	85	59	0.149733598784501	0.132781848422503	0.016951750361998	-0.0114876981439743	-0.0873650466223329	0.0643854812094547	2424	-0.0333000997008973	0.735988563989742	0.016951750361998	0.742121173228095	71	55	0.017954204623914	0.805720315018204	26	8	-0.0162334130289715	0.919153761667732	0.90999636808539
CERT1	sphingolipid	Tier 1	ENSG00000113163	85	59	-0.0881083564273855	-0.0746589225059842	-0.0134494339214013	0.0153278910077874	-0.0681307657137173	0.101503379392383	2591	0.0333000997008972	0.735988563989742	-0.0134494339214013	0.773023161120218	71	55	0.00427025226501321	0.585058522751367	26	8	-0.0115501591282945	0.452593620794896	0.90999636808539
GRM3	glutamine/glutamate	Tier 1	ENSG00000198822	85	59	-0.0663595566349103	-0.0835203176049668	0.0171607609700565	0.00965334296380757	-0.0476286507254232	0.0684053539375713	2590	0.032901296111665	0.739052793978234	0.0214200990767146	0.614455181713969	71	55	0.0308241169426694	0.365412962417882	26	8	-0.108627014967323	0.1001151093641	0.91059558909011
MPC1	OXPHOS	Tier 1;Tier 2	ENSG00000060762	85	59	0.190242390913551	0.220408076569894	-0.0301656856563427	0.0148451161410574	-0.0610045979610542	0.0841586912111093	2590	0.032901296111665	0.739052793978234	-0.0201986576015475	0.643291754843453	71	55	-0.026615539294806	0.906022980448991	26	8	-0.032872596343694	0.919153761667732	0.91059558909011
SLC2A2	glucose transport	Tier 1	ENSG00000163581	85	59	0.0366127155039419	0.0177017499173654	0.0189109655865765	-0.0130159280626814	-0.0791366305461579	0.048789294780259	2425	-0.032901296111665	0.739052793978234	0.0250790559407491	0.835871707467492	71	55	0.015179660919179	0.775412065666023	26	8	0.0047941362916254	0.556063538525548	0.91059558909011
TAS2R50	glutamine/glutamate	Tier 1	ENSG00000212126	85	59	0.196705212961101	0.18470655692457	0.011998656036531	0.0117061907404005	-0.0551166608452465	0.0825221108437031	2590	0.032901296111665	0.739052793978234	0.011998656036531	0.798009209367771	71	55	0.021907368611707	0.605507550278662	26	8	-0.00896232713738698	0.919153761667732	0.91059558909011
RBCK1	glycolysis	Tier 2	ENSG00000125826	85	59	0.0634774991720843	0.0657325281611772	-0.0022550289890929	0.00875787177816807	-0.0500762777281519	0.0759600870614279	2589	0.0325024925224326	0.742121173228095	-0.00300614311889889	0.807434105948234	71	55	-0.0107198994780486	0.650873183684916	26	8	0.00314644301526325	0.791857490811325	0.911195736172235
STC1	glycolysis	Tier 2	ENSG00000159167	85	59	0.0518712433034619	0.0551148792591861	-0.0032436359557242	-0.00985844725685986	-0.0768238086882312	0.0551378044456193	2426	-0.0325024925224326	0.742121173228095	-0.0032436359557242	0.807434105948234	71	55	-0.0244176625908593	0.719529127603918	26	8	-0.0740771266055231	0.556063538525548	0.911195736172235
TKTL1	PPP;glycolysis	Tier 1;Tier 2	ENSG00000007350	85	59	-0.177666535395617	-0.199297036213932	0.021630500818315	0.0137381039495146	-0.0610428980612009	0.0803163807845747	2589	0.0325024925224326	0.742121173228095	0.029714242281767	0.608756826381258	71	55	0.06612074645019	0.187404474703832	26	8	-0.163622703082287	0.118030006895741	0.911195736172235
TPH2	tryptophan	Tier 1	ENSG00000139287	85	59	-0.137944581067668	-0.140114525900325	0.00216994483265698	-0.0129946906320279	-0.0845374648204778	0.0648898020322022	2426	-0.0325024925224326	0.742121173228095	-0.00812613262232809	0.880524138721199	71	55	-0.005779456357979	0.801914757933663	26	8	0.0730325872497315	0.47739524671309	0.911195736172235
GPX4	OXPHOS	Tier 2	ENSG00000167468	85	59	0.0798119616054253	0.0770244120631975	0.00278754954222776	0.00920438824406422	-0.0581194180639541	0.0722557839140444	2588	0.0321036889332005	0.745193656654684	0.0057365908363097	0.672675875739269	71	55	0.0144442035784943	0.809530478979509	26	8	0.0038703861467322	0.640572271580656	0.912587548305649
TAS2R8	glutamine/glutamate	Tier 1	ENSG00000121314	85	59	-0.000354955800225107	-0.00820340845887737	0.00784845265865226	0.0149535007821089	-0.0677284747386864	0.092720295172981	2588	0.0321036889332005	0.745193656654684	0.000880089700843366	0.845400758169847	71	55	0.0426218340669468	0.347457632708685	26	8	-0.0238079029549049	0.382718791715432	0.912587548305649
TIMM17A	OXPHOS	Tier 2	ENSG00000134375	85	59	-0.0874520106524642	-0.0511031276447773	-0.0363488830076869	-0.0119037900441265	-0.0842559682802708	0.0595798016119142	2427	-0.0321036889332004	0.745193656654684	-0.0368249242090641	0.842221821696909	71	55	-0.0847124707742041	0.535392084194316	26	8	0.167737644681988	0.52915371486718	0.912587548305649
BAX	OXPHOS	Tier 2	ENSG00000087088	85	59	0.0928695411896135	0.0866086210610768	0.00626092012853677	0.00973539235303857	-0.0482599119078644	0.0768614209038781	2587	0.0317048853439681	0.748270198977511	0.00626092012853674	0.748270198977511	71	55	0.0128611505178137	0.66868431976753	26	8	-0.0237460434064257	0.791857490811325	0.913977094252807
CDO1	methionine	Tier 1	ENSG00000129596	85	59	0.0283633524563946	0.0291219581284572	-0.000758605672062603	0.00974730604443346	-0.0463039414657267	0.0683201964805137	2587	0.0317048853439681	0.748270198977511	0.0121843048575369	0.566791500455644	71	55	0.0038265928418707	0.693934504481054	26	8	-0.0260014493506566	0.919153761667732	0.913977094252807
IL13RA1	glycolysis	Tier 2	ENSG00000131724	85	59	-0.0459863938044969	-0.0740016912737085	0.0280152974692116	0.0102683329035171	-0.0520000800315905	0.0724763946952668	2587	0.0317048853439681	0.748270198977511	0.0304540024429665	0.874118453418828	71	55	0.0025147171218905	0.929445673998591	26	8	0.120545468838655	0.382718791715432	0.913977094252807
GNB2	glutamine/glutamate	Tier 1	ENSG00000172354	85	59	-0.0182457711856245	-0.065400587864216	0.0471548166785915	0.0133079207280438	-0.0634084347875392	0.0870304652947911	2586	0.0313060817547357	0.75135075472222	0.0471548166785915	0.684574190138604	71	55	0.0483082916975455	0.472648558526428	26	8	-0.0415365624356808	0.699719586564903	0.916946642755207
ACADVL	OXPHOS;fatty-acid oxidation	Tier 1;Tier 2	ENSG00000072778	85	59	0.125608979802453	0.0999783613243546	0.0256306184780987	-0.0084633193264781	-0.0634605493021539	0.0464723236020381	2430	-0.0309072781655035	0.754435278222588	0.0276430955632967	0.848582213692917	71	55	0.02052697082083	0.564936367036854	26	8	0.0499548600942373	0.247232704165249	0.919122185375577
ALPP	folate	Tier 1	ENSG00000163283	85	59	0.222145496815959	0.198964121547314	0.023181375268645	0.00986459690658185	-0.0572794670529061	0.0710826866224385	2585	0.0309072781655035	0.754435278222588	0.023181375268645	0.732928528149442	71	55	0.089664919526369	0.155143668028859	26	8	-0.196666539064614	0.012528651621861	0.919122185375577
ALDH5A1	glutamine/glutamate	Tier 1	ENSG00000112294	85	59	-0.0204699100965063	-0.0247038372468355	0.00423392715032923	0.011321311665855	-0.0646884450755421	0.0858587505769228	2584	0.0305084745762712	0.757523723622534	0.0121425831696735	0.798009209367771	71	55	-0.0045885552854885	0.701213224833372	26	8	-0.0479302182131656	0.281973201045743	0.920502149530997
CPLX1	glutamine/glutamate	Tier 1	ENSG00000168993	85	59	-0.119296726824638	-0.109694652018957	-0.00960207480568097	-0.00955294787742813	-0.076173290599202	0.060018214391071	2431	-0.0305084745762712	0.757523723622534	-0.007017940566729	0.842221821696909	71	55	0.00367136505134601	0.832483328266864	26	8	-0.0936168939508224	0.281973201045743	0.920502149530997
GCLC	glycolysis	Tier 2	ENSG00000001084	85	59	0.0184288528789252	0.020830996324495	-0.00240214344556981	-0.00996344754820667	-0.0746437549393093	0.0554814798755962	2431	-0.0305084745762712	0.757523723622534	-0.0024021434455698	0.708604550370535	71	55	0.0230442640006547	0.906022980448991	26	8	-0.0929246763260593	0.855033778939491	0.920502149530997
NNT	NAD;OXPHOS;TCA	Tier 1;Tier 2	ENSG00000112992	85	59	-0.268130124453245	-0.2768467825751	0.00871665812185507	0.0141842745284099	-0.0625881432945777	0.0902270945168073	2583	0.030109670987039	0.760616044878154	0.012735765873228	0.675642923754151	71	55	0.066668499183359	0.253781822631394	26	8	-0.22831556486766	0.108781091860842	0.921879704178501
MYLIP	cholesterol/isoprenoid	Tier 2	ENSG00000007944	85	59	-0.0103935474024979	0.0115549585819369	-0.0219485059844348	-0.00906087519640531	-0.0720459725401911	0.0534621081565667	2432	-0.0301096709870389	0.760616044878154	-0.0181855839599663	0.794874034804007	71	55	0.016497276231453	0.984301784945959	26	8	-0.0386330884219088	0.823302467507629	0.921879704178501
SARDH	serine/glycine/one-carbon	Tier 1	ENSG00000123453	85	59	-0.0238507597981262	-0.0263698586660049	0.00251909886787867	-0.0096551075893582	-0.0637122516307076	0.0475446914306203	2432	-0.0301096709870389	0.760616044878154	0.0015449094544943	0.742121173228095	71	55	0.0053904864981835	0.964688272196028	26	8	-0.0435639278783196	0.47739524671309	0.921879704178501
EHHADH	BCAA;fatty-acid oxidation;tryptophan	Tier 1	ENSG00000113790	85	59	0.0111451646898252	-0.00600071544940843	0.0171458801392337	0.00995078383729465	-0.0500579590335126	0.0695212517067587	2582	0.0297108673978066	0.763712195759761	0.0171458801392337	0.779248763774352	71	55	0.0114649489936045	0.581681796619631	26	8	0.00806728516703819	0.855033778939491	0.922264674066241
HK1	glycolysis	Tier 1	ENSG00000156515	85	59	-0.0272827487181097	0.00215925934580223	-0.0294420080639119	-0.00876408905824997	-0.0729354031161577	0.0606148690314177	2433	-0.0297108673978066	0.763712195759761	-0.0294420080639119	0.760616044878154	71	55	0.0185215803554099	0.734299296675808	26	8	-0.0435229649002149	0.640572271580656	0.922264674066241
NT5C1B	NAD	Tier 1	ENSG00000185013	85	59	0.0417181554325457	0.0322594918393949	0.0094586635931508	0.0111368968863095	-0.0538025709727475	0.0792905457747807	2582	0.0297108673978066	0.763712195759761	0.00330247452977729	0.896571689011162	71	55	0.012082537372504	0.980377943332367	26	8	0.0387783293829011	0.149500978394344	0.922264674066241
ALDH2	BCAA;arginine;glycolysis;tryptophan	Tier 1	ENSG00000111275	85	59	0.112416489780277	0.123919580937866	-0.0115030911575889	-0.00989047621922505	-0.0767134486865227	0.0600979926373198	2434	-0.0293120638085743	0.766812129853942	-0.00849360063381301	0.807434105948234	71	55	0.000118172519572995	0.741721811766598	26	8	-0.121731403305413	0.215606006559306	0.922264674066241
COA1	OXPHOS	Tier 1	ENSG00000106603	85	59	-0.14970178182013	-0.123316852761296	-0.026384929058834	-0.00857682848500766	-0.0766035031427637	0.0591568146425708	2434	-0.0293120638085743	0.766812129853942	-0.026384929058834	0.769915800565637	71	55	-0.03702242894568	0.463599051979541	26	8	0.021961038767037	0.823302467507629	0.922264674066241
NCOA1	cholesterol/isoprenoid	Tier 1;Tier 2	ENSG00000084676	85	59	-0.181219540606966	-0.157833323999651	-0.023386216607315	-0.0124735225986259	-0.084700936856972	0.0661421179851266	2434	-0.0293120638085743	0.766812129853942	-0.01602023497563	0.845400758169847	71	55	-0.015656159114133	0.756638513195003	26	8	-0.00895672763830904	0.611804938252237	0.922264674066241
SDHC	OXPHOS;TCA;glycolysis	Tier 1;Tier 2	ENSG00000143252	85	59	-0.589446016342885	-0.567742296658183	-0.021703719684702	-0.0118050927746375	-0.0956234733911318	0.0730614436460174	2434	-0.0293120638085743	0.766812129853942	-0.021703719684702	0.726821217459939	71	55	-0.044274697179757	0.451684629875601	26	8	0.0526170612214699	0.340034249467904	0.922264674066241
ABAT	BCAA;glutamine/glutamate	Tier 1	ENSG00000183044	85	59	0.0546295711217322	0.0503008778755597	0.00432869324617247	0.00823947897468577	-0.0505207302927418	0.0660121668979383	2581	0.0293120638085742	0.766812129853942	0.005585229031758	0.842221821696909	71	55	0.0252165976606705	0.902126576190188	26	8	0.0431831413532047	0.382718791715432	0.922264674066241
NT5M	NAD	Tier 1	ENSG00000205309	85	59	0.0849147745801796	0.0801733444663998	0.00474143011377981	0.00857574619794962	-0.0531337030878132	0.0730757861053863	2581	0.0293120638085742	0.766812129853942	0.00239590884771211	0.845400758169847	71	55	-0.002226092620515	0.741721811766598	26	8	0.0694844574190253	0.88700130251839	0.922264674066241
BDH2	OXPHOS	Tier 2	ENSG00000164039	85	59	-0.105392471766297	-0.0924425379690867	-0.0129499337972099	0.012853082062863	-0.0666765812381681	0.0911741422933826	2580	0.028913260219342	0.769915800565637	-0.0121204052042816	0.7761341645656	71	55	0.00445440386179401	0.555001651096019	26	8	-0.111430650778938	0.823302467507629	0.922853234633853
MXI1	glycolysis	Tier 2	ENSG00000119950	85	59	-0.0943160705139574	-0.0866546266137574	-0.0076614439002	0.0108856514758582	-0.0653813187378007	0.082106894939534	2580	0.028913260219342	0.769915800565637	-0.0076614439002	0.735988563989742	71	55	-0.0220693863223766	0.847866262379998	26	8	0.123293618107295	0.231035010974767	0.922853234633853
ACOT11	fatty-acid oxidation	Tier 1	ENSG00000162390	85	59	0.0438234101779876	0.0380431052344377	0.0057803049435499	-0.00850839369474011	-0.069141970007133	0.0463867630547557	2435	-0.0289132602193419	0.769915800565637	0.0011867290843675	0.623046442183262	71	55	-7.38242268374031e-05	0.693934504481054	26	8	-0.0900858951163708	0.640572271580656	0.922853234633853
PLPPR2	sphingolipid	Tier 1	ENSG00000105520	85	59	-0.0302482149052716	-0.0334999522307917	0.00325173732552011	-0.00793925447406728	-0.0596669082476832	0.0476243173341293	2435	-0.0289132602193419	0.769915800565637	0.0010722581659217	0.820044019197412	71	55	-0.0113296666644252	0.917725401038127	26	8	-0.0082217019218819	0.502922621667626	0.922853234633853
SGMS2	sphingolipid	Tier 1	ENSG00000164023	85	59	-0.0542872698425604	0.0084446454514218	-0.0627319152939822	-0.0123409109191798	-0.0833446937087723	0.0620992118924441	2436	-0.0285144566301097	0.773023161120218	-0.0627319152939822	0.757523723622534	71	55	-0.0281842285147159	0.976454576409573	26	8	-0.0922250986764426	0.300530054314924	0.923253108986207
SLC45A3	glucose transport	Tier 1	ENSG00000158715	85	59	0.0459565984993642	0.0675361644211981	-0.0215795659218339	-0.0110655776790823	-0.075930156278808	0.0677347037047443	2436	-0.0285144566301097	0.773023161120218	-0.0217836216283125	0.964358219751877	71	55	-0.0089914896612972	0.824815464264795	26	8	-0.0810534357335764	0.730019850675947	0.923253108986207
ACOT9	fatty-acid oxidation	Tier 1	ENSG00000123130	85	59	-0.188234622426889	-0.195489227372389	0.00725460494549993	-0.0126401920466409	-0.0962700317428571	0.0682469021374016	2437	-0.0281156530408774	0.7761341645656	-0.010762168078447	0.739052793978234	71	55	0.023517598450606	0.871047935518241	26	8	-0.0666063186214849	0.47739524671309	0.923253108986207
ACTL6B	arginine	Tier 2	ENSG00000077080	85	59	-0.0226884371080685	-0.018111589040125	-0.00457684806794342	-0.0111499667997068	-0.0786655349037293	0.0540312857864354	2437	-0.0281156530408774	0.7761341645656	-0.0152111298204494	0.696551302013422	71	55	0.003402936165324	0.913822486025057	26	8	-0.097149754590029	0.231035010974767	0.923253108986207
CYP7B1	cholesterol/isoprenoid	Tier 1	ENSG00000172817	85	59	0.0284049684891219	0.0516938933136458	-0.0232889248245239	-0.00921298770371149	-0.0706420790551649	0.058187754820577	2437	-0.0281156530408774	0.7761341645656	-0.0232889248245239	0.78548856010831	71	55	-0.0306512202385812	0.871047935518241	26	8	-0.0302625727767457	0.382718791715432	0.923253108986207
ST3GAL2	sphingolipid	Tier 1	ENSG00000157350	85	59	-0.0137136496692464	-0.00258440430552534	-0.0111292453637211	-0.00682975319561155	-0.0665620577364925	0.0531809015565421	2437	-0.0281156530408774	0.7761341645656	-0.0134223064520742	0.848582213692917	71	55	-0.008592935236347	0.749168432189857	26	8	-0.186819650221767	0.138367904121731	0.923253108986207
COX14	OXPHOS	Tier 1	ENSG00000178449	85	59	-0.1091090868743	-0.130567028554659	0.021457941680359	0.00952074165826428	-0.0607507271621143	0.0711873449820016	2578	0.0281156530408773	0.7761341645656	0.0219050760280824	0.779248763774352	71	55	0.00492158512791199	0.820987743252713	26	8	-0.0105556578030113	0.405240820459417	0.923253108986207
FAHD1	OXPHOS	Tier 1	ENSG00000180185	85	59	0.0241142487989246	-0.0154353049571157	0.0395495537560403	0.00811180804059215	-0.0502291998967793	0.0765287887083048	2578	0.0281156530408773	0.7761341645656	0.0582072875470636	0.628802686004931	71	55	0.00642371821418148	0.828647355361454	26	8	0.0943513856588566	0.36098085015453	0.923253108986207
FUT9	sphingolipid	Tier 1	ENSG00000172461	85	59	0.148785256218909	0.1416600730212	0.00712518319770816	0.00814015009103861	-0.0501826577741902	0.0691225470313812	2578	0.0281156530408773	0.7761341645656	0.016740037810103	0.646206150985052	71	55	0.029465786133049	0.152305960598482	26	8	-0.112781866972998	0.16130486426762	0.923253108986207
H2AC1	arginine	Tier 2	ENSG00000164508	85	59	-0.091221400934641	-0.0652062925187721	-0.0260151084158689	-0.0108959654140201	-0.0801399608204846	0.059970242143134	2438	-0.0277168494516451	0.779248763774352	-0.0260151084158689	0.748270198977511	71	55	0.0077100485741311	0.741721811766598	26	8	-0.0239293063436019	0.47739524671309	0.926177823610593
ABCD1	fatty-acid oxidation	Tier 1	ENSG00000101986	85	59	-0.0416941531512722	-0.0263592304568979	-0.0153349226943742	-0.00851146910986684	-0.0698223426070337	0.0537485781479498	2439	-0.0273180458624127	0.782366911445827	-0.0219019097996453	0.660858960834524	71	55	-0.0549066734036697	0.211507809398121	26	8	0.223055556760692	0.0920086902528621	0.926763489061668
CERS6	sphingolipid	Tier 1	ENSG00000172292	85	59	-0.134847391958636	-0.111570214535345	-0.0232771774232912	-0.00964073867051361	-0.0864652387218339	0.0700477348430045	2439	-0.0273180458624127	0.782366911445827	-0.0458216032869115	0.577845841717284	71	55	-0.031204140759347	0.734299296675808	26	8	-0.00388592842114841	0.823302467507629	0.926763489061668
HK2	glycolysis	Tier 1;Tier 2	ENSG00000159399	85	59	-0.127599985022136	-0.106746831536914	-0.020853153485222	-0.0115708870178188	-0.0760888256613259	0.0628754912497195	2439	-0.0273180458624127	0.782366911445827	-0.020853153485222	0.690553061341384	71	55	-0.017077475463807	0.760382148127533	26	8	-0.150358348690037	0.264209380233026	0.926763489061668
TIMM8B	OXPHOS	Tier 2	ENSG00000150779	85	59	0.07056312680229	0.0704928604465814	7.02663557086009e-05	0.00842833809580964	-0.0478107058981799	0.0744523215198721	2576	0.0273180458624127	0.782366911445827	0.00795800393217959	0.628802686004931	71	55	0.00649019998764419	0.756638513195003	26	8	0.0145649260592514	0.88700130251839	0.926763489061668
UGT8	sphingolipid	Tier 1	ENSG00000174607	85	59	-0.0372614288659128	-0.0323252156846691	-0.0049362131812437	0.0106152573047877	-0.0536959121331279	0.0821454993210045	2575	0.0269192422731805	0.78548856010831	0.0021610737771903	0.614455181713969	71	55	0.0351380208509596	0.245687531640687	26	8	-0.149552084130717	0.52915371486718	0.928902719324065
HDAC3	cholesterol/isoprenoid	Tier 2	ENSG00000171720	85	59	-0.598721249986046	-0.583312969543952	-0.015408280442094	-0.0151447030723118	-0.12236626113625	0.0931837781243475	2440	-0.0269192422731804	0.78548856010831	-0.015408280442094	0.798009209367771	71	55	0.0329456941131899	0.503504288238091	26	8	-0.246014350972623	0.0920086902528621	0.928902719324065
RPS2	arginine	Tier 2	ENSG00000140988	85	59	-1.26064004133514	-1.29610733389886	0.0354672925637201	0.0135132276892597	-0.0772053592208239	0.0906789239622273	2574	0.0265204386839482	0.788613662121173	0.03268407201207	0.773023161120218	71	55	0.0354672925637201	0.532158097706085	26	8	-0.15512099668445	0.47739524671309	0.93181798402937
GNPDA1	glycolysis	Tier 2	ENSG00000113552	85	59	0.0544716371398124	0.0723096280614435	-0.0178379909216311	-0.00758050774902297	-0.0672818823279419	0.047840895934762	2442	-0.0261216350947159	0.791742169677047	-0.0179584943111962	0.899786498795367	71	55	-0.0347947096606907	0.952929652393533	26	8	-0.0216558904031136	0.699719586564903	0.933171906163598
MAEA	OXPHOS	Tier 1	ENSG00000090316	85	59	-0.389793033344879	-0.396686064009323	0.00689303066444363	-0.0116488330946099	-0.0924533237758184	0.0671765790633386	2442	-0.0261216350947159	0.791742169677047	0.00883486486730606	0.804289293470077	71	55	-0.00546572452517596	0.708519471783084	26	8	0.0223557863009715	0.919153761667732	0.933171906163598
AHCYL1	methionine	Tier 1	ENSG00000168710	85	59	-0.299528645187149	-0.313750515082491	0.0142218698953419	0.0122212455895725	-0.0854976326878242	0.101934223463456	2573	0.0261216350947158	0.791742169677047	-0.03147618916128	0.954647087227111	71	55	0.016948357446355	0.921630299743665	26	8	0.168696300215508	0.340034249467904	0.933171906163598
ACAA1	BCAA;OXPHOS;fatty-acid oxidation	Tier 1;Tier 2	ENSG00000060971	85	59	0.0422263862117919	0.037868550600143	0.00435783561164882	0.00982266643412692	-0.0605807133151146	0.0758108877270416	2572	0.0257228315054836	0.794874034804007	0.0241868340298179	0.739052793978234	71	55	0.0068977761534322	0.767886196751554	26	8	-0.0241817886259037	0.95143897231668	0.933745538388734
ARF1	sphingolipid	Tier 1	ENSG00000143761	85	59	-0.324922227087089	-0.383948564036763	0.0590263369496742	-0.0144257379111991	-0.125328905719961	0.0941602187848711	2443	-0.0257228315054836	0.794874034804007	0.070226089136983	0.845400758169847	71	55	0.111200574913573	0.679462028156993	26	8	-0.18231895493796	0.053793571342494	0.933745538388734
NR1H3	cholesterol/isoprenoid;fatty-acid synthesis;glycolysis	Tier 2	ENSG00000025434	85	59	0.167722483478912	0.145448880799744	0.0222736026791673	0.00619134661453353	-0.0477562064633431	0.0643779910263224	2572	0.0257228315054836	0.794874034804007	0.025791558442559	0.742121173228095	71	55	0.032165910907152	0.764131403451915	26	8	0.0202327783894315	0.669890044729042	0.933745538388734
SLC25A10	glycolysis	Tier 2	ENSG00000183048	85	59	-0.138947143217515	-0.123359645378419	-0.015587497839096	-0.00786985124478783	-0.0646415718252455	0.04582068403479	2443	-0.0257228315054836	0.794874034804007	-0.015447135482766	0.964358219751877	71	55	-0.01987683265261	1	26	8	-0.0807231502342976	0.0647043508389117	0.933745538388734
CD9	cholesterol/isoprenoid	Tier 2	ENSG00000010278	85	59	-0.123755177269948	-0.116717363429249	-0.00703781384069871	0.00947340705784568	-0.0714307039519132	0.0926904746841815	2571	0.0253240279162512	0.798009209367771	-0.008853978533946	0.932016424251737	71	55	0.0315932861351647	0.264158268093104	26	8	-0.190134650187589	0.1001151093641	0.934319240155301
OPA1	OXPHOS	Tier 2	ENSG00000198836	85	59	-0.563646845335914	-0.514580303131846	-0.0490665422040674	-0.0107111702402396	-0.09688404006322	0.0797176276810322	2444	-0.0253240279162512	0.798009209367771	-0.0391510826340979	0.839045454697	71	55	0.015184857097831	0.683069342515936	26	8	-0.111892809510236	0.428536792061782	0.934319240155301
ST3GAL3	sphingolipid	Tier 1	ENSG00000126091	85	59	0.0723378590058594	0.0754194718766933	-0.00308161287083393	-0.00757247389199756	-0.078283479714306	0.0574786891131962	2444	-0.0253240279162512	0.798009209367771	-0.011561802074196	0.932016424251737	71	55	-0.00052748094254361	0.890451871921791	26	8	0.0446398461829082	0.52915371486718	0.934319240155301
UGP2	glycolysis	Tier 2	ENSG00000169764	85	59	-0.0830937124534439	-0.0742363480773682	-0.00885736437607569	-0.00980275573197218	-0.0768734677791651	0.058495130139026	2444	-0.0253240279162512	0.798009209367771	-0.00885736437607569	0.974074642073674	71	55	-0.0135478852468899	0.794317809658053	26	8	0.0613341276918832	0.382718791715432	0.934319240155301
PRKD1	sphingolipid	Tier 1	ENSG00000184304	85	59	0.0436089655597556	0.0347422036955855	0.00886676186417013	0.00739045239254364	-0.0660301458524183	0.0758249562357878	2570	0.024925224327019	0.801147645073911	0.0119636620507949	0.974074642073674	71	55	0.0160699102589953	0.734299296675808	26	8	-0.134263005992777	0.36098085015453	0.937010298993192
BPNT1	glycolysis	Tier 2	ENSG00000162813	85	59	-0.0249038488566029	0.00986731568289913	-0.034771164539502	-0.00775747550349231	-0.076425738079405	0.0587368348014203	2446	-0.0245264207377867	0.804289293470077	-0.0275616176940967	0.663805418324653	71	55	-0.0753390282539084	0.538635945442789	26	8	0.0207061735598789	0.699719586564903	0.937010298993192
CXCR4	glycolysis	Tier 2	ENSG00000121966	85	59	0.05344269773987	0.0612017024777331	-0.0077590047378631	-0.00719581986049573	-0.0645575169126068	0.0544046450714376	2446	-0.0245264207377867	0.804289293470077	-0.0067525708601662	0.7761341645656	71	55	-0.0109198579952931	0.481794481485608	26	8	0.0853889345703525	0.47739524671309	0.937010298993192
NADSYN1	NAD	Tier 1	ENSG00000172890	85	59	-0.0370003722327727	-0.077697332915773	0.0406969606830003	0.00875622118678685	-0.0644208842649929	0.0888169164677305	2569	0.0245264207377867	0.804289293470077	0.0406969606830003	0.851766137720095	71	55	0.00374590394892869	0.693934504481054	26	8	0.176948395908923	0.200933413709765	0.937010298993192
SLC16A3	glycolysis	Tier 2	ENSG00000141526	85	59	0.0538957210988231	0.0799155761407354	-0.0260198550419123	-0.00868973037523548	-0.0763006393209613	0.0567364353106333	2446	-0.0245264207377867	0.804289293470077	0.0092757504496747	0.977314376042358	71	55	-0.0090804723426017	0.984301784945959	26	8	-0.0755622783339009	0.502922621667626	0.937010298993192
SLC7A1	amino-acid transport	Tier 1	ENSG00000139514	85	59	-0.127152579131622	-0.144771098078473	0.017618518946851	0.0112946253436676	-0.0724906453084973	0.086203678560891	2569	0.0245264207377867	0.804289293470077	0.017618518946851	0.807434105948234	71	55	0.029814786229791	0.478735187320911	26	8	-0.0079466059452819	0.791857490811325	0.937010298993192
TGFBI	glycolysis	Tier 2	ENSG00000120708	85	59	0.0483856659362661	0.0550551615772804	-0.0066694956410143	-0.00747890846726837	-0.0709869860088522	0.0515070494646835	2447	-0.0241276171485544	0.807434105948234	-0.0066694956410143	0.867721007991857	71	55	0.0318600653491875	0.712182728748818	26	8	-0.0665066511924942	0.319883420415998	0.939124347280813
IDUA	glycolysis	Tier 2	ENSG00000127415	85	59	-0.172480796366135	-0.185025929697668	0.012545133331533	0.00923190779150202	-0.0698103232102655	0.0919143605755542	2568	0.0241276171485543	0.807434105948234	0.012545133331533	0.611603065443353	71	55	0.049700027964709	0.310908619475207	26	8	-0.0369885946978067	0.983804096811716	0.939124347280813
CDK5	iron	Tier 1	ENSG00000164885	85	59	-0.137595127784025	-0.166800959626827	0.0292058318428024	0.00671238136368481	-0.0544420532678063	0.0682600430639752	2566	0.0233300099700897	0.813733027953464	0.019392261217389	0.864525503774968	71	55	0.041111245065511	0.442863634104839	26	8	-0.189642964588012	0.0708097817375973	0.943342393653769
ELOVL6	cholesterol/isoprenoid	Tier 2	ENSG00000170522	85	59	-0.0209455096536533	-0.054104465403149	0.0331589557494957	0.00824328631036323	-0.0751315577916041	0.0963626335020923	2566	0.0233300099700897	0.813733027953464	0.0342145552495037	0.870918674986474	71	55	0.0519913500721528	0.69030565398076	26	8	-0.00673335842442985	0.919153761667732	0.943342393653769
ETFDH	OXPHOS	Tier 1;Tier 2	ENSG00000171503	85	59	0.068079886626525	0.0543429541495514	0.0137369324769736	0.00988373571316126	-0.0533254626407829	0.077288353958115	2566	0.0233300099700897	0.813733027953464	0.0186642578627262	0.678615019226308	71	55	0.009090669944898	0.633259185198029	26	8	-0.0665622791332805	0.405240820459417	0.943342393653769
GLYCTK	serine/glycine/one-carbon	Tier 1	ENSG00000168237	85	59	0.02241079793769	0.0310035573540264	-0.0085927594163364	-0.00693326859953387	-0.065923853238084	0.0597710798240463	2449	-0.0233300099700897	0.813733027953464	-0.0155485571800856	0.880524138721199	71	55	-0.0085927594163364	0.984301784945959	26	8	-0.14346739708831	0.187003126910017	0.943342393653769
ESYT3	sphingolipid	Tier 1	ENSG00000158220	85	59	0.0457469925947818	0.0538861521274288	-0.00813915953264707	-0.00885099143495652	-0.080002437377006	0.0593757463569346	2450	-0.0229312063808574	0.81688703950635	-0.0198561817852194	0.896571689011162	71	55	0.0005744853229269	0.782959087837865	26	8	-0.022246701259365	0.919153761667732	0.943898935992607
SLC25A28	iron	Tier 1	ENSG00000155287	85	59	-0.181811823875123	-0.170167387087646	-0.011644436787477	-0.00674371222885907	-0.069108867010889	0.057695385422081	2450	-0.0229312063808574	0.81688703950635	-0.014475673529673	0.870918674986474	71	55	-0.019932826153644	0.805720315018204	26	8	-0.0258521936030145	0.983804096811716	0.943898935992607
PGAM2	glycolysis	Tier 1;Tier 2	ENSG00000164708	85	59	-0.00152354222113302	-0.00307268498253286	0.00154914276139984	0.0091193644960018	-0.0580900051591909	0.0736258882320136	2565	0.0229312063808573	0.81688703950635	-0.00079817977274904	0.826366685442171	71	55	0.0110986676709756	0.478735187320911	26	8	-0.0314245102234925	0.405240820459417	0.943898935992607
TFR2	iron	Tier 1	ENSG00000106327	85	59	0.0421783586402588	0.0478929461423174	-0.0057145875020586	0.0078711382609828	-0.0496988504473687	0.0691239648574276	2565	0.0229312063808573	0.81688703950635	-0.0057145875020586	0.804289293470077	71	55	-0.0057145875020586	0.615850675719371	26	8	-0.0640470644311207	0.502922621667626	0.943898935992607
CAPN5	glycolysis	Tier 2	ENSG00000149260	85	59	0.0303448777252976	0.037759371701973	-0.0074144939766754	-0.00631053341493077	-0.0634959658133786	0.0481765411282314	2451	-0.0225324027916252	0.820044019197412	-0.0123089418731179	0.961120516729739	71	55	-0.0074144939766754	0.945096102967897	26	8	-0.0578245446353175	0.791857490811325	0.945998492734269
PET100	OXPHOS	Tier 1	ENSG00000229833	85	59	-0.13521277726316	-0.139871809779858	0.00465903251669728	-0.00596341643912588	-0.0745419548557533	0.0514454329689191	2451	-0.0225324027916252	0.820044019197412	0.00284633594490802	0.798009209367771	71	55	-0.011614393472424	0.437038102473143	26	8	-0.0131594460250576	0.95143897231668	0.945998492734269
GBA1	sphingolipid	Tier 1	ENSG00000177628	85	59	-0.012949053278636	0.00120837026147457	-0.0141574235401106	-0.00964292801147378	-0.0780402248779544	0.0595805022911512	2452	-0.0221335992023928	0.823203917674178	-0.0150460095598505	0.813733027953464	71	55	-0.0216470148912173	0.723212115289637	26	8	-0.0385289523485459	0.823302467507629	0.94809456097548
SLC25A11	OXPHOS	Tier 1;Tier 2	ENSG00000108528	85	59	0.0901594449031572	0.105315360319036	-0.0151559154158788	-0.00514772490024711	-0.0606494503158464	0.0498187360608918	2452	-0.0221335992023928	0.823203917674178	-0.0057220454409832	0.906221001144248	71	55	-0.0246129303402043	0.686683908809315	26	8	0.0259231606522492	0.855033778939491	0.94809456097548
ACER3	sphingolipid	Tier 1	ENSG00000078124	85	59	-0.00303617675786948	-0.0496182104867095	0.0465820337288401	0.00850508226941812	-0.0738629194676005	0.0857601593887033	2562	0.0217347956131606	0.826366685442171	0.0465820337288401	0.835871707467492	71	55	0.0488320666114433	0.679462028156993	26	8	-0.122651559835305	0.319883420415998	0.949189278191677
LDHB	OXPHOS;glycolysis;methionine	Tier 1;Tier 2	ENSG00000111716	85	59	-0.0435091645560372	-0.0573854041353218	0.0138762395792846	-0.0069117375011382	-0.0744267289290917	0.0566078314388571	2453	-0.0217347956131605	0.826366685442171	0.0138762395792846	0.823203917674178	71	55	0.0303446388933345	0.809530478979509	26	8	-0.0099238053848386	0.47739524671309	0.949189278191677
NUBPL	OXPHOS	Tier 1	ENSG00000151413	85	59	0.0682087355242822	0.0652878436945197	0.00292089182976243	-0.00775859608195437	-0.0861805676572783	0.0599927361000337	2453	-0.0217347956131605	0.826366685442171	-0.00830079123028451	0.788613662121173	71	55	-0.0170543869281801	0.310908619475207	26	8	0.130561972670798	0.0708097817375973	0.949189278191677
ISCA1	OXPHOS;TCA;iron	Tier 1;Tier 2	ENSG00000135070	85	59	-0.326376781231779	-0.328013106116562	0.00163632488478299	-0.00890528522659965	-0.0934520621741593	0.0704619620251079	2454	-0.0213359920239282	0.829532272867231	-0.016716400415188	0.569545561640713	71	55	-0.07410718763773	0.114335101488458	26	8	0.369239516897106	0.0195698653801023	0.949189278191677
MMACHC	vitamin B12	Tier 1	ENSG00000132763	85	59	-0.0126993016125335	-0.00240474774583982	-0.0102945538666937	0.00735423702863189	-0.0632240483681285	0.0689199613699404	2561	0.0213359920239282	0.829532272867231	-0.0124379317265644	0.766812129853942	71	55	-0.001492762490643	0.855579904261306	26	8	-0.0620659385766334	0.382718791715432	0.949189278191677
SLC5A1	glucose transport	Tier 1	ENSG00000100170	85	59	0.0460578721036885	0.0372626724222129	0.00879519968147564	-0.00811156529703609	-0.074618651842683	0.0606556944889596	2454	-0.0213359920239282	0.829532272867231	0.0101407258978628	0.951411467273616	71	55	0.0125905294820503	0.805720315018204	26	8	-0.0475160488763249	0.300530054314924	0.949189278191677
VARS1	BCAA	Tier 1	ENSG00000204394	85	59	-1.21464213193261	-1.20933863018557	-0.00530350174703997	-0.0106968260547111	-0.12595332434056	0.0985901767355263	2454	-0.0213359920239282	0.829532272867231	-0.00458904527494997	0.90300295359424	71	55	0.00795888599906003	0.913822486025057	26	8	-0.163785162751955	0.149500978394344	0.949189278191677
XYLT2	glycolysis	Tier 2	ENSG00000015532	85	59	-0.0125486049918201	-0.0118630039910305	-0.000685601000789543	0.00709224982343149	-0.0614845978425984	0.0795634818574265	2561	0.0213359920239282	0.829532272867231	0.00437490703957148	0.773023161120218	71	55	0.0475250870693172	0.272667364089974	26	8	-0.111912405751777	0.108781091860842	0.949189278191677
PLCB1	glutamine/glutamate	Tier 1	ENSG00000182621	85	59	0.0249159520244061	0.00448096196392395	0.0204349900604821	0.00867122703156077	-0.0651815711137147	0.0774422850767909	2560	0.0209371884346958	0.832700630177844	-0.0057944362121554	0.990276520132999	71	55	0.0178838318958215	0.419828602862295	26	8	0.03232345415875	0.669890044729042	0.951048227996856
TUBA1A	iron	Tier 1	ENSG00000167552	85	59	0.071015570572282	0.0554944343703787	0.0155211362019033	0.00796469250166852	-0.0560896569251378	0.0692476264815033	2560	0.0209371884346958	0.832700630177844	0.0246701669242244	0.687561183794231	71	55	0.0239941320757656	0.824815464264795	26	8	-0.0460692873210172	0.983804096811716	0.951048227996856
CHST12	glycolysis	Tier 2	ENSG00000136213	85	59	0.0245040298033538	0.0687104831195226	-0.0442064533161688	-0.00720600752539569	-0.0670846079827749	0.0567836330577905	2456	-0.0205383848454637	0.835871707467492	-0.0449908201837718	0.748270198977511	71	55	-0.059099021145717	0.581681796619631	26	8	-0.00833632519963475	0.791857490811325	0.951048227996856
CTH	glycolysis;methionine;serine/glycine/one-carbon	Tier 1;Tier 2	ENSG00000116761	85	59	0.104412693765868	0.107309283009844	-0.002896589243976	-0.0077652465688325	-0.083188711245294	0.0731832420465359	2456	-0.0205383848454637	0.835871707467492	0.0015353933324988	0.745193656654684	71	55	0.00751312289975101	0.890451871921791	26	8	0.166582236804366	0.556063538525548	0.951048227996856
ENPP7	sphingolipid	Tier 1	ENSG00000182156	85	59	-0.263389705485473	-0.282259904780872	0.018870199295399	0.00611327415532198	-0.0753482939149952	0.0848144760295694	2559	0.0205383848454637	0.835871707467492	0.018870199295399	0.848582213692917	71	55	0.037707794511125	0.330073825146713	26	8	-0.235182262150438	0.0590400187453341	0.951048227996856
S1PR1	sphingolipid	Tier 1	ENSG00000170989	85	59	0.108487605135978	0.120704316544841	-0.0122167114088632	-0.00488267341500038	-0.0673138444641905	0.0529080951897585	2456	-0.0205383848454637	0.835871707467492	-0.0207921729710582	0.735988563989742	71	55	-0.0378852535871856	0.801914757933663	26	8	-0.0885771447994158	0.264209380233026	0.951048227996856
SGPP2	sphingolipid	Tier 1	ENSG00000163082	85	59	0.0247141268153091	0.0166195066183396	0.0080946201969695	0.00844259251870211	-0.0608573462503532	0.0791137519565758	2559	0.0205383848454637	0.835871707467492	0.0188165996349664	0.742121173228095	71	55	0.0481652242342373	0.370647621009557	26	8	-0.133507193674717	0.319883420415998	0.951048227996856
ARNT2	cholesterol/isoprenoid	Tier 1	ENSG00000172379	85	59	-0.00484471027821737	-0.0144760429242838	0.00963133264606643	0.00706234603271659	-0.0636331498065875	0.0762064545496757	2558	0.0201395812562313	0.839045454697	0.00571239812809579	0.845400758169847	71	55	0.00565211812777305	0.574955816778944	26	8	-0.0403942798150233	0.791857490811325	0.953123235745908
ATP6V1B2	OXPHOS;iron	Tier 1	ENSG00000147416	85	59	-1.3043836890903	-1.28608800367286	-0.0182956854174399	0.0156234610412847	-0.124530358022516	0.166186776427198	2558	0.0201395812562313	0.839045454697	-0.0182956854174399	0.829532272867231	71	55	-0.0988110632690999	0.481794481485608	26	8	0.38946534585469	0.0773798239689274	0.953123235745908
PRKD3	sphingolipid	Tier 1	ENSG00000115825	85	59	-0.129250120071105	-0.104817961361901	-0.024432158709204	0.00522493715327946	-0.0699945061952498	0.0791005921151918	2557	0.0197407776669991	0.842221821696909	-0.033748439219546	0.938477527176921	71	55	-0.033748439219546	0.643803452509694	26	8	-0.233425601412629	0.138367904121731	0.954964696428659
FUT7	sphingolipid	Tier 1	ENSG00000180549	85	59	-0.126192268150081	-0.0813792248847697	-0.0448130432653116	-0.00632198659651626	-0.0682660719153637	0.0590224903842077	2458	-0.019740777666999	0.842221821696909	-0.0125782897362576	1	71	55	-0.0265234914620177	0.64028058599091	26	8	0.104972444637687	0.173799371292493	0.954964696428659
COQ10B	OXPHOS	Tier 1	ENSG00000115520	85	59	-0.339642957823873	-0.318449026680642	-0.021193931143231	-0.00882772079227852	-0.0984379997233751	0.0950533254422486	2459	-0.0193419740777667	0.845400758169847	-0.021193931143231	0.832700630177844	71	55	-0.00243512990838002	0.945096102967897	26	8	-0.090377667382662	0.452593620794896	0.954964696428659
GRIA3	glutamine/glutamate	Tier 1	ENSG00000125675	85	59	-0.101518134082173	-0.0948402884370987	-0.0066778456450742	0.00729265806165093	-0.0603571677409188	0.0690678538940489	2556	0.0193419740777667	0.845400758169847	-0.0117240864606354	0.983794913330319	71	55	0.00195459384139	0.972531779039936	26	8	0.0146470898179408	0.640572271580656	0.954964696428659
NDUFA12	OXPHOS	Tier 1	ENSG00000184752	85	59	-0.000158118052566339	-0.0311220307085511	0.0309639126559848	0.00567156983789645	-0.057763012010076	0.0727244281024256	2556	0.0193419740777667	0.845400758169847	0.0285099847865298	0.874118453418828	71	55	0.0156948371336001	0.561615308636668	26	8	-0.107252126295171	0.300530054314924	0.954964696428659
PCYT2	cholesterol/isoprenoid	Tier 2	ENSG00000185813	85	59	-0.0748124495816401	-0.0747732081144464	-3.92414671936819e-05	-0.00617012480924629	-0.0653989611732686	0.0539318297925224	2459	-0.0193419740777667	0.845400758169847	0.0053117395459501	0.909440589103397	71	55	-0.0272566753695644	0.347457632708685	26	8	0.150188594352528	0.149500978394344	0.954964696428659
SLC1A6	glutamine/glutamate	Tier 1	ENSG00000105143	85	59	0.144589260583283	0.165452160701834	-0.020862900118551	-0.00487474533901612	-0.0601367826298152	0.0562142242954357	2459	-0.0193419740777667	0.845400758169847	-0.016754691673273	0.99351759094545	71	55	-0.00621966487768699	0.817164280303276	26	8	-0.0553249285573975	0.382718791715432	0.954964696428659
H4C1	arginine	Tier 2	ENSG00000278637	85	59	0.0955839521712052	0.101985698676558	-0.00640174650535251	-0.00407216330003176	-0.0586775650516302	0.0473103614889678	2460	-0.0189431704885344	0.848582213692917	-0.00972309907342041	0.807434105948234	71	55	-0.00910868150047871	0.636765808127782	26	8	0.0416790192952295	0.405240820459417	0.956571237062998
WDR5	arginine	Tier 2	ENSG00000196363	85	59	-0.838016785393795	-0.877175553145722	0.0391587677519271	0.00885163875119456	-0.0730799380064881	0.0897587299295277	2555	0.0189431704885343	0.848582213692917	0.0391054729180965	0.867721007991857	71	55	0.0638404941538481	0.310908619475207	26	8	-0.220014188090048	0.0365375040413468	0.956571237062998
SLC6A20	amino-acid transport	Tier 1	ENSG00000163817	85	59	-0.00156972752543961	0.0353908915339021	-0.0369606190593417	0.00442405431438911	-0.0564492540185005	0.0637279626942811	2554	0.0185443668993022	0.851766137720095	-0.0369606190593417	0.832700630177844	71	55	-0.0372522620188062	0.859441954380739	26	8	-0.0658420632224761	0.556063538525548	0.956571237062998
TBL1X	cholesterol/isoprenoid	Tier 2	ENSG00000101849	85	59	-0.0526515262008669	-0.0265162201375572	-0.0261353060633097	0.00755897242465281	-0.0635493212716664	0.0813473804717498	2554	0.0185443668993022	0.851766137720095	-0.0261353060633097	0.794874034804007	71	55	-0.0227684946090998	0.574955816778944	26	8	-0.0422608435487344	0.405240820459417	0.956571237062998
ALDH1A3	glycolysis	Tier 1	ENSG00000184254	85	59	0.0542330788111654	0.0759190847431743	-0.0216860059320089	-0.00643818202689574	-0.0695667301242669	0.0575059410795879	2461	-0.0185443668993021	0.851766137720095	-0.0161307015883648	0.880524138721199	71	55	0.0224458953373634	0.535392084194316	26	8	-0.218851250931403	0.0403356711507055	0.956571237062998
AGO3	cholesterol/isoprenoid	Tier 2	ENSG00000126070	85	59	0.00550501043660616	0.00560322926847424	-9.82188318680811e-05	-0.00493806059338203	-0.0848699314203898	0.0604940015359052	2462	-0.0181455633100698	0.854952479584635	-0.00133489328050345	0.829532272867231	71	55	-0.0157459634669898	0.574955816778944	26	8	0.0130867415217505	0.791857490811325	0.956571237062998
ALDH1L2	folate	Tier 1	ENSG00000136010	85	59	-0.00665378758203756	-0.00578400991611499	-0.000869777665922573	0.00640904474693418	-0.0566300020226269	0.0644894861977947	2553	0.0181455633100698	0.854952479584635	-0.000869777665922571	0.788613662121173	71	55	0.00774143811134544	0.425520374726393	26	8	-0.0695745858652144	0.247232704165249	0.956571237062998
ATP5MK	OXPHOS	Tier 1	ENSG00000173915	85	59	-0.0211924206520054	0.00565496697871873	-0.0268473876307241	-0.00510623062294128	-0.0672865583668268	0.0603006746489696	2462	-0.0181455633100698	0.854952479584635	-0.0289715803133633	0.826366685442171	71	55	-0.0289715803133633	0.767886196751554	26	8	-0.0272940572299744	0.611804938252237	0.956571237062998
IL4I1	BCAA;glutamine/glutamate;methionine;tryptophan	Tier 1	ENSG00000104951	85	59	-0.265656348657064	-0.225728590605589	-0.039927758051475	-0.0097314930447484	-0.0930808825812966	0.0805074907445748	2462	-0.0181455633100698	0.854952479584635	-0.039927758051475	0.851766137720095	71	55	-0.012320831761309	0.760382148127533	26	8	-0.122614317441705	0.247232704165249	0.956571237062998
KMO	NAD;tryptophan	Tier 1	ENSG00000117009	85	59	0.022196761780811	0.0175039666539784	0.00469279512683259	0.00702776205911217	-0.0855582837362239	0.0941316396314376	2553	0.0181455633100698	0.854952479584635	-0.0293274828478258	0.912661665053785	71	55	-0.016864232684213	0.913822486025057	26	8	-0.0574086213659624	1	0.956571237062998
PGK2	glycolysis	Tier 1	ENSG00000170950	85	59	0.115414468642429	0.111130864191102	0.004283604451327	-0.00713719982037877	-0.0702819618073032	0.0573767909041975	2462	-0.0181455633100698	0.854952479584635	0.013145259109184	0.980554484271706	71	55	-0.000295704459496102	0.972531779039936	26	8	-0.0150125861826849	0.640572271580656	0.956571237062998
PGM1	PPP;glycolysis	Tier 1	ENSG00000079739	85	59	0.0133969528909272	0.0390329725151898	-0.0256360196242626	-0.00613968988517771	-0.0644805827520634	0.05257617636914	2462	-0.0181455633100698	0.854952479584635	-0.0162690452595235	0.951411467273616	71	55	-0.037011398544733	0.339937312730669	26	8	0.13203168412548	0.084438190880557	0.956571237062998
MED1	cholesterol/isoprenoid	Tier 2	ENSG00000125686	85	59	-0.60714812588279	-0.60050814733471	-0.00663997854808007	-0.0100918342580353	-0.123261168377524	0.100261353493157	2463	-0.0177467597208375	0.858141188501487	-0.00663997854808007	0.769915800565637	71	55	-0.015312026397404	0.949012261656823	26	8	-0.0661968965162375	0.699719586564903	0.95710533820229
CYP11B1	cholesterol/isoprenoid	Tier 1	ENSG00000160882	85	59	-0.0231525854810276	0.000920612624408905	-0.0240731981054365	0.00715709818565775	-0.0579897323693591	0.0709064551782911	2552	0.0177467597208374	0.858141188501487	-0.0151773463465844	0.760616044878154	71	55	-0.00706650060958683	0.394775027671459	26	8	-0.10144266763575	0.452593620794896	0.95710533820229
PPA2	OXPHOS	Tier 1	ENSG00000138777	85	59	-0.478393682032214	-0.505713679522693	0.0273199974904795	0.00730892456816549	-0.0643534438730161	0.0800405549744564	2552	0.0177467597208374	0.858141188501487	0.038860709373926	0.723774031377817	71	55	0.026431776982294	0.937267858995533	26	8	0.0259459819238636	0.855033778939491	0.95710533820229
SLC7A11	amino-acid transport	Tier 1	ENSG00000151012	85	59	0.176046622169042	0.167192440555782	0.00885418161326001	0.00574870429274888	-0.060228768328842	0.0704730987252859	2552	0.0177467597208374	0.858141188501487	0.00885418161326001	0.848582213692917	71	55	0.027648459106599	0.824815464264795	26	8	0.0988165391985606	0.247232704165249	0.95710533820229
CYP11B2	cholesterol/isoprenoid	Tier 1	ENSG00000179142	85	59	0.0507896538004354	0.0552079503660954	-0.00441829656566001	-0.00545327202295047	-0.0719357804108132	0.0603297067343582	2464	-0.0173479561316052	0.861332213569722	0.0071698538601813	0.941709624989996	71	55	-0.0104580001214949	0.779182974519828	26	8	0.111292650998978	0.247232704165249	0.958393290433764
CYP19A1	cholesterol/isoprenoid	Tier 1	ENSG00000137869	85	59	0.0299362308414476	0.04656730786017	-0.0166310770187224	0.00578772192667541	-0.0587709955882592	0.0721146149031823	2551	0.0173479561316052	0.861332213569722	-0.0084237552374865	0.804289293470077	71	55	0.010282224558308	1	26	8	0.101036136604387	0.247232704165249	0.958393290433764
SLC52A3	riboflavin	Tier 1	ENSG00000101276	85	59	0.109839443160201	0.0969003315141971	0.0129391116460034	0.00581200849923765	-0.0668932502605315	0.0849716700029913	2551	0.0173479561316052	0.861332213569722	0.0129391116460034	0.696551302013422	71	55	0.0193366896999064	0.571606675532239	26	8	0.0242341400005261	0.611804938252237	0.958393290433764
AKR1C4	cholesterol/isoprenoid	Tier 1	ENSG00000198610	85	59	0.304311964717735	0.253686654299302	0.0506253104184331	0.00608930117850382	-0.0723425487736611	0.079838450555812	2550	0.0169491525423728	0.864525503774968	0.0506253104184331	0.845400758169847	71	55	0.018760920007021	0.817164280303276	26	8	0.073853477896965	0.855033778939491	0.958923810942855
SLC22A17	iron	Tier 1	ENSG00000092096	85	59	0.0151463980933949	0.00594861804756039	0.00919778004583451	0.00487283010492576	-0.0585822404641676	0.0658659827437388	2550	0.0169491525423728	0.864525503774968	0.0158406079865139	0.708604550370535	71	55	0.0344595002188175	0.506647319513392	26	8	-0.0835451471397087	0.95143897231668	0.958923810942855
SYT1	glutamine/glutamate	Tier 1	ENSG00000067715	85	59	0.156213255340522	0.15032997440495	0.00588328093557236	0.00570006262469658	-0.0584488888980288	0.0682810248403317	2550	0.0169491525423728	0.864525503774968	0.00427657609050802	0.829532272867231	71	55	-0.00507908134295398	0.647334340862006	26	8	-0.0854558631500935	0.247232704165249	0.958923810942855
UNC13B	glutamine/glutamate	Tier 1	ENSG00000198722	85	59	-0.00237851147319265	0.00452913270482321	-0.00690764417801586	-0.00569390760219715	-0.0646499793305591	0.0520851210923378	2465	-0.0169491525423728	0.864525503774968	-0.00690764417801586	0.839045454697	71	55	-0.0108474866512587	0.693934504481054	26	8	0.104269265707706	0.187003126910017	0.958923810942855
AURKA	glycolysis	Tier 2	ENSG00000087586	85	59	-0.792012086204412	-0.758855341464185	-0.033156744740227	0.0104523126024879	-0.0958595746259598	0.120969945843516	2549	0.0165503489531407	0.867721007991857	-0.033156744740227	0.877320291845313	71	55	-0.029424051142063	0.913822486025057	26	8	-0.0232805376637966	0.611804938252237	0.959453455978466
CPT2	fatty-acid oxidation	Tier 1	ENSG00000157184	85	59	-0.151709330900163	-0.118468204994123	-0.03324112590604	0.007541267384412	-0.0691894516742179	0.0881122608211321	2549	0.0165503489531407	0.867721007991857	-0.026308464684934	0.845400758169847	71	55	0.0266577921405472	0.416999577685821	26	8	-0.102669543107236	0.382718791715432	0.959453455978466
GAL3ST1	glycolysis;sphingolipid	Tier 1;Tier 2	ENSG00000128242	85	59	-0.108565535508839	-0.0900283842176066	-0.0185371512912328	-0.00573982608520155	-0.0676003595417875	0.0578625454659765	2466	-0.0165503489531406	0.867721007991857	-0.0185371512912328	0.906221001144248	71	55	-0.0334642787221847	0.85172131019849	26	8	-0.03079627484375	0.52915371486718	0.959453455978466
SMPD3	sphingolipid	Tier 1	ENSG00000103056	85	59	-0.00303761908706188	-0.00597987074804104	0.00294225166097916	-0.00600053954613962	-0.0843028672548818	0.0677013384526635	2466	-0.0165503489531406	0.867721007991857	0.00299010156296317	0.867721007991857	71	55	-0.000863953294241457	0.647334340862006	26	8	0.0378251767592714	0.583624193952907	0.959453455978466
BPGM	glycolysis	Tier 1	ENSG00000172331	85	59	-0.133360553734159	-0.136283466917292	0.00292291318313298	-0.00659792644357536	-0.0828426502137251	0.07080452068414	2467	-0.0161515453639083	0.870918674986474	0.00771811660520899	0.935246442602439	71	55	-0.018552372469321	0.428383072230586	26	8	0.174694051516846	0.583624193952907	0.959982177268463
COX7A1	OXPHOS	Tier 1	ENSG00000161281	85	59	0.0403685402792993	0.0142036178779943	0.0261649224013049	0.0059648903685945	-0.0659191475958412	0.0779330163065577	2548	0.0161515453639083	0.870918674986474	0.0117091166209265	0.961120516729739	71	55	0.0474523862159933	0.509800634446046	26	8	-0.198022664318836	0.0773798239689274	0.959982177268463
GLB1L2	sphingolipid	Tier 1	ENSG00000149328	85	59	-0.0333513159770259	-0.0485884946753205	0.0152371786982946	0.00500532163526894	-0.0465843213840101	0.0578167851540295	2548	0.0161515453639083	0.870918674986474	0.0152371786982946	0.7761341645656	71	55	0.0234366255434994	0.771646445219928	26	8	-0.0424424610012352	0.669890044729042	0.959982177268463
UQCC3	OXPHOS	Tier 1	ENSG00000204922	85	59	-0.179429519566358	-0.161532964447913	-0.0178965551184453	-0.00499594642098901	-0.0767275372407205	0.0606761219300696	2467	-0.0161515453639083	0.870918674986474	-0.005836041665708	0.974074642073674	71	55	-0.015635700706651	0.650873183684916	26	8	0.0390232094891935	0.47739524671309	0.959982177268463
CLU	cholesterol/isoprenoid	Tier 2	ENSG00000120885	85	59	-0.138219578286391	-0.14199190360855	0.00377232532215899	-0.00413527594473806	-0.069565842115193	0.0636503456801926	2468	-0.015752741774676	0.874118453418828	0.00640971771964299	0.944942683006411	71	55	-0.008080325580093	0.633259185198029	26	8	0.112371773474085	0.452593620794896	0.960509927025202
ALG1	glycolysis	Tier 2	ENSG00000033011	85	59	-0.660705379800112	-0.700032600811267	0.0393272210111549	0.00757955233383755	-0.0891372024985479	0.0979272387957759	2547	0.0157527417746759	0.874118453418828	0.051802067308564	0.763712195759761	71	55	0.0393272210111549	0.882681751316059	26	8	-0.115963433118059	0.382718791715432	0.960509927025202
CYP7A1	cholesterol/isoprenoid	Tier 1	ENSG00000167910	85	59	-0.0208826816147545	-0.0264720454400246	0.0055893638252701	0.00720840591252036	-0.0685935889485943	0.0735477848964452	2547	0.0157527417746759	0.874118453418828	0.0055893638252701	0.906221001144248	71	55	-0.0207389547808176	0.619315549115787	26	8	0.033518008506829	0.583624193952907	0.960509927025202
UQCC1	OXPHOS	Tier 1	ENSG00000101019	85	59	-0.2578357556358	-0.269858760249962	0.0120230046141626	0.00582856933662317	-0.0741997673269142	0.0871733069440044	2547	0.0157527417746759	0.874118453418828	0.015241578092672	0.807434105948234	71	55	0.068353414116824	0.150902005393792	26	8	-0.427969755713297	0.00541762223529488	0.960509927025202
ACY3	glutamine/glutamate	Tier 1	ENSG00000132744	85	59	-0.0643158283202104	-0.0581771820331671	-0.0061386462870433	0.0055502105064183	-0.0692093884832759	0.0821213559559398	2546	0.0153539381854437	0.877320291845313	-0.0061386462870433	0.919108070892506	71	55	-0.0061386462870433	0.871047935518241	26	8	-0.164276952431874	0.405240820459417	0.961036657940715
VLDLR	glycolysis	Tier 2	ENSG00000147852	85	59	-0.071444262793664	-0.0984203995767442	0.0269761367830802	0.006001424639403	-0.0634503901881809	0.0735684717683454	2546	0.0153539381854437	0.877320291845313	0.0269761367830802	0.826366685442171	71	55	0.0414032504076722	0.497249245080521	26	8	-0.12790575680384	0.200933413709765	0.961036657940715
ATP5MJ	OXPHOS	Tier 1	ENSG00000156411	85	59	0.0619658646655758	0.0456200353812873	0.0163458292842885	-0.0102215620419378	-0.113450186265611	0.0834668572141437	2469	-0.0153539381854436	0.877320291845313	0.0080460340640613	0.748270198977511	71	55	0.004095564279815	0.87880087224653	26	8	0.0622441235447846	1	0.961036657940715
NDST3	glycolysis	Tier 2	ENSG00000164100	85	59	0.193660663447124	0.202306192720562	-0.00864552927343798	-0.00483380227586349	-0.0697217654162315	0.0621391951513366	2469	-0.0153539381854436	0.877320291845313	-0.00430446830202799	0.970835335778527	71	55	-0.019520196666088	0.672269444977815	26	8	0.0816334087573375	0.583624193952907	0.961036657940715
ACTN2	glutamine/glutamate	Tier 1	ENSG00000077522	85	59	-0.0313334693727202	-0.0455988260840291	0.0142653567113088	0.00534876238087445	-0.0592540188938699	0.0692101204427326	2545	0.0149551345962113	0.880524138721199	0.00532053955165041	0.941709624989996	71	55	0.006388232959924	0.574955816778944	26	8	-0.0196749723473459	0.760747580347756	0.962306566466202
AGO1	cholesterol/isoprenoid	Tier 2	ENSG00000092847	85	59	0.0216962031192131	0.0596234898037569	-0.0379272866845438	-0.00462156256254254	-0.0653452014674862	0.0647050100824454	2470	-0.0149551345962113	0.880524138721199	-0.0379272866845438	0.90300295359424	71	55	-0.02489392409372	0.925537088617473	26	8	-0.0854134474845913	0.640572271580656	0.962306566466202
PHPT1	riboflavin	Tier 1	ENSG00000054148	85	59	-0.164375636319782	-0.142365902338515	-0.022009733981267	0.00582708341567135	-0.0734487813242894	0.0765635239296115	2545	0.0149551345962113	0.880524138721199	-0.022009733981267	0.794874034804007	71	55	-0.016525389925719	0.368024496968286	26	8	-0.115778870241013	0.215606006559306	0.962306566466202
ATP6V1E2	OXPHOS;iron	Tier 1	ENSG00000250565	85	59	-0.152645783822885	-0.151337357997012	-0.00130842582587301	-0.00592892811860397	-0.0730342749219605	0.0637738886322048	2471	-0.0145563310069791	0.883729942403112	-0.015905931556919	0.951411467273616	71	55	-0.015849250767257	0.972531779039936	26	8	0.00458418951931651	0.95143897231668	0.964317371463056
SHPK	PPP	Tier 1	ENSG00000197417	85	59	0.148406110596989	0.158893762788872	-0.0104876521918835	-0.00443865975861452	-0.0679132821417622	0.0567366003876409	2471	-0.0145563310069791	0.883729942403112	-0.013745469978931	0.99351759094545	71	55	-0.013745469978931	0.871047935518241	26	8	-0.053733885009936	0.699719586564903	0.964317371463056
MIF	glycolysis	Tier 2	ENSG00000240972	85	59	0.180987382754346	0.175790088744978	0.005197294009368	0.00410445907173767	-0.0527520309177695	0.0570796851262292	2543	0.0141575274177468	0.886937651151535	0.004270899489528	0.948176648143464	71	55	0.00770811021026499	0.988226006353541	26	8	-0.0360579655374439	0.855033778939491	0.964835102793504
P4HA2	arginine;glycolysis	Tier 1;Tier 2	ENSG00000072682	85	59	-0.159424018397732	-0.19589871634941	0.0364746979516784	-0.00619591928288485	-0.0768246566375375	0.0687578406177158	2472	-0.0141575274177468	0.886937651151535	0.0339748058133779	0.804289293470077	71	55	0.012821954588186	0.400262925862987	26	8	0.085906261091175	0.919153761667732	0.964835102793504
PYCR2	arginine;glutamine/glutamate	Tier 1	ENSG00000143811	85	59	-0.00719650441311326	-0.0160639253678714	0.00886742095475819	0.0047439309409964	-0.0629734113321667	0.0651774052669093	2543	0.0141575274177468	0.886937651151535	0.00769738074674157	0.909440589103397	71	55	0.0106116935990558	0.855579904261306	26	8	-0.0999590192017165	0.138367904121731	0.964835102793504
STARD4	cholesterol/isoprenoid	Tier 2	ENSG00000164211	85	59	0.0870176262847659	0.100485593014512	-0.013467966729746	-0.00565129388803088	-0.0692481109157641	0.0646637958587311	2472	-0.0141575274177468	0.886937651151535	-0.0065750225481296	0.983794913330319	71	55	-0.0094050853483406	0.764131403451915	26	8	0.0154838647622105	0.583624193952907	0.964835102793504
SDHB	OXPHOS;TCA	Tier 1;Tier 2	ENSG00000117118	85	59	-0.30406484272615	-0.304214941765078	0.000150099038928264	-0.00602152346220622	-0.0835834719891262	0.0736553974566539	2473	-0.0137587238285145	0.89014721313331	-0.00183117008746703	0.874118453418828	71	55	-0.00233316007339501	0.497249245080521	26	8	0.189865021071394	0.247232704165249	0.967581112351219
GLO1	OXPHOS	Tier 1	ENSG00000124767	85	59	-0.0212577667104694	-0.0378648649004025	0.0166070981899331	0.00433866596270404	-0.0546561598172707	0.0605501342217076	2541	0.0133599202392822	0.89335857642415	0.0242804407152641	0.813733027953464	71	55	0.00767501759601991	0.898232528218888	26	8	-0.0254742523710938	0.919153761667732	0.968834339409293
STEAP4	iron	Tier 1	ENSG00000127954	85	59	0.116168475803882	0.120840304651291	-0.00467182884740959	0.00448430236797832	-0.0616015587383382	0.0776686806362601	2541	0.0133599202392822	0.89335857642415	-0.003913512410332	0.870918674986474	71	55	0.012365760007478	0.405796425994065	26	8	-0.0514649663596415	0.405240820459417	0.968834339409293
SERINC5	serine/glycine/one-carbon	Tier 1	ENSG00000164300	85	59	0.0383712408636372	0.0457827278212911	-0.0074114869576539	-0.00381569790510225	-0.0654907240442895	0.055930985444741	2474	-0.0133599202392821	0.89335857642415	-0.0074114869576539	0.90300295359424	71	55	0.058833170763867	0.779182974519828	26	8	-0.0615770669066047	0.502922621667626	0.968834339409293
MPC2	OXPHOS	Tier 1	ENSG00000143158	85	59	-0.0767027617513873	-0.0582652119282687	-0.0184375498231186	0.0059454019716074	-0.0700182967382646	0.0797086485365199	2540	0.0129611166500498	0.896571689011162	-0.0184375498231186	0.794874034804007	71	55	0.0336804533256279	0.712182728748818	26	8	0.0362123650790052	0.95143897231668	0.969340907261684
MPST	methionine	Tier 1	ENSG00000128309	85	59	0.0200564697875792	0.0147844413531851	0.0052720284343941	-0.00394211562624292	-0.0733097942491225	0.0667282964859631	2475	-0.0129611166500498	0.896571689011162	0.0052720284343941	0.912661665053785	71	55	0.0052720284343941	0.813345163090735	26	8	0.162570646398808	0.0920086902528621	0.969340907261684
MTHFS	folate;serine/glycine/one-carbon	Tier 1	ENSG00000136371	85	59	-0.019520593410751	-0.0300345225949488	0.0105139291841978	-0.00468449945059575	-0.0656398489129382	0.0550657009691013	2475	-0.0129611166500498	0.896571689011162	0.0119132088038111	0.99351759094545	71	55	-0.0248264576432089	0.629760782931411	26	8	0.0819278167287069	0.0773798239689274	0.969340907261684
SLC25A27	OXPHOS	Tier 1	ENSG00000153291	85	59	-0.207412129071806	-0.197725841518237	-0.00968628755356901	0.00560336494101511	-0.0728654562349218	0.0872028987851486	2540	0.0129611166500498	0.896571689011162	0.00723558503851199	0.678615019226308	71	55	0.025575599620686	0.484864379521896	26	8	-0.16113997016701	0.0647043508389117	0.969340907261684
COX7A2L	OXPHOS	Tier 1;Tier 2	ENSG00000115944	85	59	0.0100145858596591	0.00122150909036713	0.00879307676929194	0.0040500237890674	-0.05979112073146	0.0732802931603139	2539	0.0125623130608175	0.899786498795367	0.0184526371139247	0.690553061341384	71	55	0.00879307676929194	0.937267858995533	26	8	-0.0337065517104417	0.823302467507629	0.971829398227947
ANTXR2	cholesterol/isoprenoid	Tier 2	ENSG00000163297	85	59	0.0293520279221214	0.0323335756903602	-0.0029815477682388	0.00508982909552571	-0.0765505336850147	0.0914086936637355	2538	0.0121635094715853	0.90300295359424	0.0130492500782318	0.870918674986474	71	55	0.0043501587194995	0.643803452509694	26	8	0.140555633647663	0.187003126910017	0.971829398227947
CKB	arginine	Tier 1	ENSG00000166165	85	59	-0.00548547149219859	0.0335561626110696	-0.0390416341032682	-0.00549631066008571	-0.0688049757491108	0.0593575112483614	2477	-0.0121635094715853	0.90300295359424	-0.0378385186264243	0.928787525057336	71	55	-0.0305183116821359	0.917725401038127	26	8	-0.0168946914581514	0.983804096811716	0.971829398227947
KDM1B	cholesterol/isoprenoid	Tier 2	ENSG00000165097	85	59	0.105608144844466	0.0903536180767808	0.0152545267676852	0.0028091734650967	-0.0609806131821295	0.0646804964760867	2538	0.0121635094715853	0.90300295359424	0.0156656224483915	0.90300295359424	71	55	0.0073029277178045	0.929445673998591	26	8	0.0712109670102482	0.983804096811716	0.971829398227947
PDP1	OXPHOS	Tier 1;Tier 2	ENSG00000164951	85	59	-0.00770983184219753	-0.0131910423855601	0.00548121054336253	-0.00382116718196089	-0.0801518931366123	0.0693480018505859	2477	-0.0121635094715853	0.90300295359424	0.000765358384528	0.810582033746911	71	55	-0.0123440001227517	0.386629011447294	26	8	0.0988381949553683	0.231035010974767	0.971829398227947
SUCLG1	OXPHOS;TCA	Tier 1;Tier 2	ENSG00000163541	85	59	-0.0148697919778232	-0.060860395754363	0.0459906037765398	0.00419884488526257	-0.0629277945233696	0.0816549222169756	2538	0.0121635094715853	0.90300295359424	0.0459906037765398	0.912661665053785	71	55	0.0538701174931396	0.85172131019849	26	8	0.00456399862317285	0.855033778939491	0.971829398227947
DMGDH	serine/glycine/one-carbon	Tier 1	ENSG00000132837	85	59	-0.0221613016035048	-0.0471649607614765	0.0250036591579717	0.00474800163949476	-0.0657878261901979	0.077625486816232	2537	0.0117647058823529	0.906221001144248	0.00994269919632805	0.990276520132999	71	55	0.0119541041906182	0.913822486025057	26	8	-0.106776176966025	0.47739524671309	0.973067721380744
PLAUR	cholesterol/isoprenoid	Tier 2	ENSG00000011422	85	59	-0.155256672156926	-0.139337063834446	-0.0159196083224804	-0.00478340121605224	-0.0713078255556588	0.060538116429981	2478	-0.0117647058823529	0.906221001144248	0.013831577727605	0.970835335778527	71	55	0.016577199751548	0.871047935518241	26	8	-0.0744076258352087	0.669890044729042	0.973067721380744
PTS	folate	Tier 1	ENSG00000150787	85	59	0.115770043157266	0.140940537140346	-0.02517049398308	-0.0048581662343528	-0.0840578585924691	0.0640623455423627	2478	-0.0117647058823529	0.906221001144248	-0.025746678460906	0.757523723622534	71	55	-0.039317125043296	0.933355962096032	26	8	-0.158089935440362	0.382718791715432	0.973067721380744
NNMT	NAD	Tier 1	ENSG00000166741	85	59	-0.0152623680978023	-0.0259683824602196	0.0107060143624172	0.00243869125211764	-0.0532976730658248	0.0644137019046541	2536	0.0113659022931207	0.909440589103397	0.0159341483456198	0.687561183794231	71	55	0.0358748242106979	0.629760782931411	26	8	0.008308745691931	0.983804096811716	0.97356339030629
SDHAF1	OXPHOS;TCA	Tier 1;Tier 2	ENSG00000205138	85	59	0.0731515049060169	0.0587352437770163	0.0144162611290006	0.00426993880933692	-0.0582793903314982	0.0643074120648093	2536	0.0113659022931207	0.909440589103397	0.0169053931786084	0.974074642073674	71	55	-0.0226723736570362	0.602077212711078	26	8	0.0911960748708013	0.699719586564903	0.97356339030629
COX17	OXPHOS	Tier 1;Tier 2	ENSG00000138495	85	59	-0.297299706443408	-0.316106534055494	0.018806827612086	-0.00547231476854397	-0.0958074504685473	0.0764621000009738	2479	-0.0113659022931206	0.909440589103397	-0.00349939700208801	0.726821217459939	71	55	0.017198982086922	0.738007501019304	26	8	0.10713132909086	0.36098085015453	0.97356339030629
MMUT	BCAA;fatty-acid oxidation;vitamin B12	Tier 1	ENSG00000146085	85	59	0.0192035203029093	0.0398473758518031	-0.0206438555488938	-0.00482746010862233	-0.0800733360489234	0.0668130807185669	2479	-0.0113659022931206	0.909440589103397	-0.0169636815525183	0.974074642073674	71	55	0.0022638245085539	0.790526590258911	26	8	-0.0159443553909865	0.730019850675947	0.97356339030629
IVD	BCAA	Tier 1;Tier 2	ENSG00000128928	85	59	-0.0428594203550737	-0.041346418823429	-0.00151300153164472	-0.00415728161916187	-0.0803461011154515	0.0689189886471545	2480	-0.0109670987038883	0.912661665053785	-0.0113939328209032	0.723774031377817	71	55	-0.0738562339381964	0.122450052370543	26	8	0.281437850403126	0.0403356711507055	0.975532377786483
MTHFD1	folate;serine/glycine/one-carbon	Tier 1	ENSG00000100714	85	59	-0.243843393074265	-0.26191158071075	0.018068187636485	-0.00477482108064633	-0.0893148823048849	0.0682810518153452	2480	-0.0109670987038883	0.912661665053785	0.018068187636485	0.919108070892506	71	55	-0.069197901315709	0.0963870349400317	26	8	0.27983656049341	0.000602045282444001	0.975532377786483
NDUFAF2	OXPHOS	Tier 1	ENSG00000164182	85	59	-0.0239619561108647	-0.00168340789770495	-0.0222785482131597	0.00314437645768186	-0.0632827345793098	0.0735719585659166	2534	0.010568295114656	0.915884176504164	-0.0332518685649979	0.990276520132999	71	55	-0.0035719440112728	0.972531779039936	26	8	-0.0106753149424795	0.760747580347756	0.976049062476263
PRPS1L1	PPP	Tier 1	ENSG00000229937	85	59	-0.0723111238744079	-0.074972178317263	0.0026610544428551	0.00437669189949024	-0.0537409689654021	0.0596316070140468	2534	0.010568295114656	0.915884176504164	0.0026610544428551	0.877320291845313	71	55	0.0087742775910253	0.719529127603918	26	8	-0.0766032349039146	0.300530054314924	0.976049062476263
SLC39A14	zinc	Tier 1	ENSG00000104635	85	59	0.0594721125058021	0.0493509287110875	0.0101211837947145	0.00402865097986725	-0.065522223871865	0.0701491268300254	2534	0.010568295114656	0.915884176504164	0.0168182418383886	0.854952479584635	71	55	0.0372409051867131	0.207933504108742	26	8	-0.168967357070259	0.0195698653801023	0.976049062476263
H2AC18	arginine	Tier 2	ENSG00000288825	85	59	-0.697838801458497	-0.731756467050894	0.033917665592397	0.005174104435014	-0.0874705942663685	0.0952847467250018	2533	0.0101694915254238	0.919108070892506	0.033917665592397	0.92233329558857	71	55	0.0242016864890799	0.941181270666322	26	8	0.0146874609183352	0.791857490811325	0.976049062476263
PLCB3	glutamine/glutamate	Tier 1	ENSG00000149782	85	59	0.0553122494791666	0.00795412569951546	0.0473581237796511	0.00477554644530963	-0.0657947865692591	0.0795582445948933	2533	0.0101694915254238	0.919108070892506	0.0473581237796511	0.906221001144248	71	55	0.0540413887617066	0.752900580675584	26	8	-0.17377435286894	0.118030006895741	0.976049062476263
SERINC1	serine/glycine/one-carbon	Tier 1	ENSG00000111897	85	59	0.00365895289277413	-0.0255455779430411	0.0292045308358152	0.00487797657313265	-0.0684801322058478	0.0732108459153442	2533	0.0101694915254238	0.919108070892506	0.027626572909508	0.928787525057336	71	55	0.0163642348278669	0.824815464264795	26	8	-0.0184462313422659	0.823302467507629	0.976049062476263
ARMC8	OXPHOS	Tier 1	ENSG00000114098	85	59	0.0123109738123496	0.0339367775273869	-0.0216258037150373	-0.00416458026564081	-0.0810892636557028	0.0722231504438369	2482	-0.0101694915254237	0.919108070892506	-0.0141777551096452	0.89014721313331	71	55	-0.0219653628718816	0.952929652393533	26	8	0.0250599351772874	0.919153761667732	0.976049062476263
CLDN9	glycolysis	Tier 2	ENSG00000213937	85	59	0.0606802040462224	0.0393016557822224	0.021378548264	-0.00288713239535629	-0.0685421159154193	0.060996075938666	2483	-0.0097706879361914	0.92233329558857	0.00154700727721351	0.702568577700588	71	55	-0.002404668415147	0.49103583543253	26	8	0.0544585445136552	1	0.976049062476263
HS6ST2	glycolysis	Tier 2	ENSG00000171004	85	59	-0.020377277413744	-0.0238182066288233	0.0034409292150793	-0.00258872490148483	-0.0689247255068661	0.0645798861085066	2483	-0.0097706879361914	0.92233329558857	0.0016996181422757	0.974074642073674	71	55	0.000947684319871699	0.790526590258911	26	8	-0.0179288047149102	0.699719586564903	0.976049062476263
JAG1	cholesterol/isoprenoid	Tier 2	ENSG00000101384	85	59	0.0130001129049771	0.0524791513911202	-0.0394790384861431	-0.00525820256243002	-0.0905211268790763	0.0746636612610787	2483	-0.0097706879361914	0.92233329558857	-0.0289393917986188	0.798009209367771	71	55	-0.0394497057436598	0.654419913078369	26	8	0.161870085889516	0.382718791715432	0.976049062476263
NFIL3	cholesterol/isoprenoid	Tier 2	ENSG00000165030	85	59	-0.0864955636045064	-0.0879794096191077	0.0014838460146013	0.00364930758547386	-0.0745094785551336	0.0769992140730266	2532	0.0097706879361914	0.92233329558857	0.0014838460146013	0.912661665053785	71	55	-0.0072705152030811	0.813345163090735	26	8	-0.114413273539103	0.215606006559306	0.976049062476263
SLC38A1	amino-acid transport	Tier 1	ENSG00000111371	85	59	-0.0059811299504316	-0.0130957809004342	0.0071146509500026	-0.00234888505438597	-0.0620300462756131	0.0559300082520195	2483	-0.0097706879361914	0.92233329558857	0.0119853854958566	0.867721007991857	71	55	0.00652566836839612	0.633259185198029	26	8	0.077495106141738	0.300530054314924	0.976049062476263
ERRFI1	cholesterol/isoprenoid	Tier 2	ENSG00000116285	85	59	-0.00163150993662401	0.0314334471872302	-0.0330649571238543	-0.00442918664163019	-0.0811824843643128	0.0781134364243641	2484	-0.00937188434695912	0.925559797896487	-0.0386767176501095	0.735988563989742	71	55	-0.0684287403517136	0.585058522751367	26	8	0.165639389977053	0.200933413709765	0.976049062476263
PGLS	PPP;glycolysis	Tier 1;Tier 2	ENSG00000130313	85	59	-0.234574713366847	-0.194945173828767	-0.0396295395380799	-0.00484738107393956	-0.0772868226173713	0.0686814223596561	2484	-0.00937188434695912	0.925559797896487	0.000249008339387485	0.864525503774968	71	55	0.00496358438210398	0.602077212711078	26	8	-0.183096410905863	0.173799371292493	0.976049062476263
SLC43A2	amino-acid transport	Tier 1	ENSG00000167703	85	59	0.125781987230023	0.118487364779942	0.00729462245008002	-0.00524994774053436	-0.0762453034329839	0.0769273078440188	2484	-0.00937188434695912	0.925559797896487	0.00729462245008	0.954647087227111	71	55	0.040305233185266	0.47568653416865	26	8	-0.0933690144587301	0.173799371292493	0.976049062476263
GLYAT	serine/glycine/one-carbon	Tier 1	ENSG00000149124	85	59	0.0281363004211749	0.0236663567059477	0.0044699437152272	0.00306465201837163	-0.0531762276437042	0.0622223976013591	2531	0.00937188434695901	0.925559797896487	0.00535529230943215	0.974074642073674	71	55	0.002811011501827	0.840167164948425	26	8	0.120994330540216	0.382718791715432	0.976049062476263
DLG1	glutamine/glutamate	Tier 1	ENSG00000075711	85	59	-0.0567940658157478	-0.0518955817782416	-0.0048984840375062	0.00398972281525176	-0.0762070708703971	0.0829491901107693	2530	0.00897308075772685	0.928787525057336	-0.000361588853337702	0.832700630177844	71	55	0.02227771855485	0.756638513195003	26	8	-0.170308337658431	0.200933413709765	0.976049062476263
GNG12	glutamine/glutamate	Tier 1	ENSG00000172380	85	59	0.115370717967517	0.110268975446763	0.00510174252075396	0.00193162804622262	-0.0492329853199607	0.0563516303656005	2530	0.00897308075772685	0.928787525057336	-0.000788569143849005	0.990276520132999	71	55	-0.000788569143849005	0.941181270666322	26	8	-0.00236089150928631	0.556063538525548	0.976049062476263
LYRM7	OXPHOS	Tier 1	ENSG00000186687	85	59	-0.0874516743413862	-0.111964183326436	0.0245125089850493	0.00407886589037541	-0.0711799975288933	0.0722665334829717	2530	0.00897308075772685	0.928787525057336	0.0139121047722726	0.75135075472222	71	55	0.0245125089850493	0.933355962096032	26	8	0.0600272981135023	0.583624193952907	0.976049062476263
TUBB2B	iron	Tier 1	ENSG00000137285	85	59	-0.00157604887919715	0.0189907572766098	-0.0205668061558069	-0.00332730704611354	-0.0565145167720834	0.0570882994307786	2485	-0.00897308075772685	0.928787525057336	-0.00926859459454181	0.941709624989996	71	55	-0.0275484467424071	0.672269444977815	26	8	0.0037808968234623	0.855033778939491	0.976049062476263
UQCC6	OXPHOS	Tier 1	ENSG00000204954	85	59	0.034209707328216	0.0309927394421494	0.00321696788606661	-0.00297951399832342	-0.0605837481080868	0.0569714904347737	2486	-0.00857427716849457	0.932016424251737	0.0065665878284472	0.964358219751877	71	55	-0.0363890940667658	0.847866262379998	26	8	0.010374426987361	0.823302467507629	0.976049062476263
VAPB	sphingolipid	Tier 1	ENSG00000124164	85	59	0.0484068708871004	0.0636354618085746	-0.0152285909214742	-0.00336472821335919	-0.0684797785101614	0.0691402362517554	2486	-0.00857427716849457	0.932016424251737	-0.0152285909214742	0.951411467273616	71	55	0.0065903480240178	0.672269444977815	26	8	-0.0302457267093976	0.669890044729042	0.976049062476263
AGO2	cholesterol/isoprenoid	Tier 2	ENSG00000123908	85	59	-0.0532096056172362	-0.0408033868024827	-0.0124062188147535	0.0028939278977321	-0.0686617972255177	0.084289702491751	2529	0.00857427716849446	0.932016424251737	-0.0025176657050056	0.880524138721199	71	55	-0.0362785892434348	0.941181270666322	26	8	0.0550901167779005	0.791857490811325	0.976049062476263
IDH3G	OXPHOS;TCA	Tier 1;Tier 2	ENSG00000067829	85	59	-0.152489738822192	-0.141551764705593	-0.010937974116599	0.00324024925555839	-0.0667927022557224	0.0793060024403347	2529	0.00857427716849446	0.932016424251737	-0.010937974116599	0.961120516729739	71	55	0.024340850278432	0.519321848996394	26	8	-0.172750739858568	0.138367904121731	0.976049062476263
LAP3	arginine	Tier 1	ENSG00000002549	85	59	0.0450925960628173	0.0469290861308638	-0.0018364900680465	0.00407584242928512	-0.0621039256866771	0.0695228137699286	2529	0.00857427716849446	0.932016424251737	-0.0018364900680465	0.944942683006411	71	55	-0.019134863051583	0.643803452509694	26	8	0.00651297121014776	0.791857490811325	0.976049062476263
ARL4C	cholesterol/isoprenoid	Tier 2	ENSG00000188042	85	59	0.087094373647055	0.0680305603643486	0.0190638132827065	0.00263182245096301	-0.0682187495700852	0.0665972606125286	2528	0.00817547357926229	0.935246442602439	0.00429820606324725	0.886937651151535	71	55	-0.0343072560371082	0.538635945442789	26	8	0.185991312811396	0.187003126910017	0.976049062476263
EGFR	glycolysis	Tier 2	ENSG00000146648	85	59	-1.19767709337039	-1.18332977966945	-0.01434731370094	0.00754598497885033	-0.187133582283443	0.203509861286802	2528	0.00817547357926229	0.935246442602439	-0.01434731370094	0.935246442602439	71	55	-0.00628858325970993	0.798113894125065	26	8	0.2264537415126	0.428536792061782	0.976049062476263
AADAT	tryptophan	Tier 1	ENSG00000109576	85	59	-0.124283812181177	-0.139961135690378	0.015677323509201	-0.00379621551097117	-0.0804495033236863	0.0760464595899847	2487	-0.00817547357926218	0.935246442602439	0.015677323509201	0.810582033746911	71	55	0.015659038938215	0.571606675532239	26	8	0.110461019790074	0.382718791715432	0.976049062476263
LPAR3	sphingolipid	Tier 1	ENSG00000171517	85	59	-0.0864267388390716	-0.0922210987139652	0.00579435987489355	-0.00256313086925092	-0.0728664570798164	0.0667644455804486	2487	-0.00817547357926218	0.935246442602439	0.00465071804649206	0.925559797896487	71	55	0.0224511581661522	0.902126576190188	26	8	-0.072212374098394	0.583624193952907	0.976049062476263
NEU1	sphingolipid	Tier 1	ENSG00000204386	85	59	0.0415197245084211	0.0403479816437577	0.0011717428646634	-0.00162151680703717	-0.0692986005100238	0.0589485294613749	2487	-0.00817547357926218	0.935246442602439	-0.0042868163313081	0.977314376042358	71	55	0.0031138040652385	0.752900580675584	26	8	-0.017071323800273	0.919153761667732	0.976049062476263
PSAP	sphingolipid	Tier 1	ENSG00000197746	85	59	0.05737945031101	0.0696314840615667	-0.0122520337505567	-0.00264113372028091	-0.0606855183271599	0.0535155933953817	2487	-0.00817547357926218	0.935246442602439	-0.0056627537444322	0.970835335778527	71	55	-0.00450858286260479	0.882681751316059	26	8	-0.0640759986934248	0.47739524671309	0.976049062476263
ATIC	folate;serine/glycine/one-carbon	Tier 1	ENSG00000138363	85	59	-0.255235445630355	-0.253922327265836	-0.00131311836451897	0.00142069256465659	-0.0770881454687826	0.0783013364670001	2527	0.00777666999002991	0.938477527176921	-0.000849444246461994	0.810582033746911	71	55	-0.00513343771838704	0.941181270666322	26	8	0.0972332116519525	0.36098085015453	0.976049062476263
CYCS	OXPHOS	Tier 1;Tier 2	ENSG00000172115	85	59	-0.204292262168221	-0.205096185567402	0.000803923399181394	-0.00254544994148843	-0.0660657892121576	0.0628988152123925	2488	-0.00777666999002991	0.938477527176921	-0.0095577120399305	0.763712195759761	71	55	-0.00904853863105798	0.519321848996394	26	8	0.20303509824034	0.108781091860842	0.976049062476263
LHX9	glycolysis	Tier 2	ENSG00000143355	85	59	-0.0184295385373503	-0.0325252229472931	0.0140956844099428	-0.00265963907638144	-0.0596729567571127	0.0615784463259755	2488	-0.00777666999002991	0.938477527176921	0.0140956844099428	0.948176648143464	71	55	0.0249077673811309	0.355082944069703	26	8	-0.203079045828677	0.231035010974767	0.976049062476263
UCP1	OXPHOS	Tier 1	ENSG00000109424	85	59	-0.157756719696327	-0.127851780360759	-0.029904939335568	0.00288887907255756	-0.0605513265773175	0.0714996457460627	2527	0.00777666999002991	0.938477527176921	-0.02534138187789	0.820044019197412	71	55	0.013113724269784	0.428383072230586	26	8	-0.080380183489333	0.36098085015453	0.976049062476263
GLB1	sphingolipid	Tier 1	ENSG00000170266	85	59	-0.024569753265917	-0.0107307735315418	-0.0138389797343752	-0.00332146779123846	-0.0637615328392475	0.056141623957826	2489	-0.00737786640079763	0.941709624989996	-0.0247172113484127	0.835871707467492	71	55	0.0185575268680038	0.397513266854292	26	8	-0.120274493350187	0.127884811106401	0.976049062476263
TRAP1	OXPHOS;TCA	Tier 1	ENSG00000126602	85	59	0.0342579099614103	0.0273238569745855	0.00693405298682481	-0.00308885633542237	-0.0679060581409564	0.0584549348683985	2489	-0.00737786640079763	0.941709624989996	0.000970406248927296	0.81688703950635	71	55	-0.032029230237753	0.921630299743665	26	8	-0.0621002533485995	0.611804938252237	0.976049062476263
ARSF	sphingolipid	Tier 1	ENSG00000062096	85	59	0.051519729823766	0.0365048497072907	0.0150148801164753	0.00266142236846443	-0.0541957719632937	0.0639898453910493	2526	0.00737786640079752	0.941709624989996	0.0168261969712948	0.919108070892506	71	55	0.0119613474883582	0.968609646044481	26	8	0.0132074193278529	0.640572271580656	0.976049062476263
ATP5PF	OXPHOS	Tier 1;Tier 2	ENSG00000154723	85	59	-0.22173470692255	-0.234411827884389	0.0126771209618394	0.00309469490685291	-0.0769454198772828	0.085931933496314	2526	0.00737786640079752	0.941709624989996	0.00126919174964099	0.813733027953464	71	55	0.000928115237653016	0.960767752212317	26	8	0.182579756121511	0.281973201045743	0.976049062476263
SLC7A6	amino-acid transport	Tier 1	ENSG00000103064	85	59	0.0111404838985265	0.0270887388132109	-0.0159482549146844	0.00335014645592854	-0.0622939917110783	0.076195491933433	2526	0.00737786640079752	0.941709624989996	-0.0051428218488522	0.801147645073911	71	55	-0.0654558612510147	0.913822486025057	26	8	0.113043915061061	0.319883420415998	0.976049062476263
FUT5	sphingolipid	Tier 1	ENSG00000130383	85	59	0.0405559341623395	0.0384653144035517	0.0020906197587878	-0.00230149098235883	-0.0685395846906744	0.0659871411488633	2490	-0.00697906281156535	0.944942683006411	0.0020906197587878	0.880524138721199	71	55	0.0105362580601242	0.790526590258911	26	8	-0.0263258346212827	0.264209380233026	0.976049062476263
LSS	cholesterol/isoprenoid	Tier 1;Tier 2	ENSG00000160285	85	59	-0.63037869202335	-0.59926604851758	-0.03111264350577	-0.00291970487991654	-0.0976699453580065	0.0977549979574718	2490	-0.00697906281156535	0.944942683006411	-0.048626100189956	0.938477527176921	71	55	-0.0554582608009451	0.760382148127533	26	8	-0.131057015520492	0.138367904121731	0.976049062476263
PPP2CA	glycolysis	Tier 2	ENSG00000113575	85	59	-0.750181268175546	-0.749958496884545	-0.000222771291000901	0.00443999065202911	-0.146691786342471	0.147706958518132	2525	0.00697906281156535	0.944942683006411	-0.024720516636373	0.909440589103397	71	55	0.011463042069687	0.745442148952412	26	8	0.185805026622639	0.791857490811325	0.976049062476263
RBBP7	arginine	Tier 2	ENSG00000102054	85	59	-0.147006100317459	-0.138276653990797	-0.00872944632666114	0.00312404222569153	-0.0866517443847013	0.0953545811219675	2525	0.00697906281156535	0.944942683006411	-0.022712537493308	0.754435278222588	71	55	-0.01388760572177	0.980377943332367	26	8	-0.047362419141608	0.95143897231668	0.976049062476263
SKP1	iron	Tier 1	ENSG00000113558	85	59	-1.17096625950643	-1.05583559616372	-0.11513066334271	-0.00543644962701178	-0.140848606537859	0.14104020085086	2490	-0.00697906281156535	0.944942683006411	-0.1203444683036	0.912661665053785	71	55	-0.0994537737891299	0.996075208832505	26	8	0.155390886479495	0.382718791715432	0.976049062476263
TUBB6	iron	Tier 1	ENSG00000176014	85	59	0.0417583479002332	0.0625511391919688	-0.0207927912917356	-0.00213798036779471	-0.0738064025181956	0.0754489927253648	2490	-0.00697906281156535	0.944942683006411	-0.0186736280753977	0.867721007991857	71	55	-0.029826118431857	0.756638513195003	26	8	0.0464514474935298	0.247232704165249	0.976049062476263
CLN3	sphingolipid	Tier 1	ENSG00000188603	85	59	0.225322486822856	0.241181998669081	-0.015859511846225	-0.00208232425438849	-0.0563306682878275	0.0540390391546602	2491	-0.00658025922233296	0.948176648143464	-0.015572953973308	0.829532272867231	71	55	-0.00522555172113398	0.636765808127782	26	8	-0.056598295693022	0.405240820459417	0.977958675806114
LDHAL6A	OXPHOS;glycolysis;methionine	Tier 1	ENSG00000166800	85	59	-0.00818767281729362	-0.0128202502643002	0.0046325774470066	0.00207653952022086	-0.0745657051630873	0.0752209590619697	2524	0.00658025922233296	0.948176648143464	-0.0011524658657103	0.89335857642415	71	55	0.0203393934116895	0.55170915714979	26	8	-0.00351115952498927	0.47739524671309	0.977958675806114
SFXN4	OXPHOS	Tier 1	ENSG00000183605	85	59	0.00405245896187386	0.00106220187655096	0.0029902570853229	0.00181038148553037	-0.0540295323502039	0.0589291198269759	2523	0.0061814556331008	0.951411467273616	0.0029902570853229	0.938477527176921	71	55	-0.00894020455687952	0.867176060804458	26	8	0.115171097532697	0.340034249467904	0.979149410925908
MBTPS1	cholesterol/isoprenoid	Tier 2	ENSG00000140943	85	59	-0.783443633884696	-0.810251183824512	0.0268075499398159	-0.00387179625441984	-0.110100671393709	0.103622522463498	2492	-0.00618145563310069	0.951411467273616	0.0268075499398159	0.961120516729739	71	55	0.0513974806581819	0.226248979846628	26	8	-0.525369000657264	0.000602045282444001	0.979149410925908
PRKD2	sphingolipid	Tier 1	ENSG00000105287	85	59	-0.241044648972767	-0.251705006965546	0.010660357992779	-0.00303026782675417	-0.0775748001295507	0.0770380140263052	2492	-0.00618145563310069	0.951411467273616	0.010660357992779	0.961120516729739	71	55	0.020252624095833	0.708519471783084	26	8	-0.089172201582096	0.88700130251839	0.979149410925908
H4C6	arginine	Tier 2	ENSG00000274618	85	59	0.0945280789762733	0.0849818344092274	0.00954624456704591	-0.00191217544537114	-0.0635235598149819	0.0654379672505957	2493	-0.00578265204386841	0.954647087227111	0.0242505433903163	0.760616044878154	71	55	0.00449323934467021	0.581681796619631	26	8	-0.0193610368450445	0.983804096811716	0.981049262856391
MAT1A	methionine	Tier 1	ENSG00000151224	85	59	0.0096618532361686	-8.30519547201005e-05	0.0097449051908887	0.00296250726894812	-0.058874387321957	0.0670358522429323	2522	0.00578265204386841	0.954647087227111	0.00980405022833923	0.951411467273616	71	55	0.0113602605866892	0.964688272196028	26	8	-0.0723244615595826	0.611804938252237	0.981049262856391
AOC1	arginine;tryptophan	Tier 1	ENSG00000002726	85	59	-0.149985451004704	-0.185442955729396	0.035457504724692	0.00334630210108962	-0.0783777232320537	0.0738621655215259	2521	0.00538384845463602	0.957883454794594	0.035457504724692	0.938477527176921	71	55	0.056042881777972	0.581681796619631	26	8	-0.161094720244364	0.281973201045743	0.98294435913515
SAT1	arginine	Tier 1	ENSG00000130066	85	59	0.0447114767187272	0.05370832864112	-0.0089968519223928	0.0022324852096785	-0.068202585526686	0.0709465630787664	2521	0.00538384845463602	0.957883454794594	-0.0040781779428032	0.957883454794594	71	55	-0.0149347947458012	0.956848180749151	26	8	0.0811785858670201	0.247232704165249	0.98294435913515
HMGCL	BCAA	Tier 1	ENSG00000117305	85	59	0.13193278835869	0.140176203601217	-0.00824341524252709	-0.000981360303873873	-0.0743068353465369	0.0645666786856214	2495	-0.00498504486540374	0.961120516729739	-0.0096959395417105	0.938477527176921	71	55	-0.027180286362676	0.571606675532239	26	8	0.0694348320498147	0.200933413709765	0.98554986900682
TBL1XR1	cholesterol/isoprenoid	Tier 2	ENSG00000177565	85	59	-0.298544385633214	-0.27005633490904	-0.0284880507241741	-0.0027669572866621	-0.0858933031771054	0.094643976172569	2496	-0.00458624127617147	0.964358219751877	-0.021702846153958	0.826366685442171	71	55	0.042394129485637	0.448733310936374	26	8	-0.213538982197263	0.053793571342494	0.988152254201488
UQCC2	OXPHOS	Tier 1	ENSG00000137288	85	59	-0.22127950671809	-0.211472672071833	-0.00980683464625617	-0.00148674937471671	-0.0697619770570881	0.0652731000761894	2497	-0.00418743768693919	0.967596510548627	-0.00581041702040899	0.967596510548627	71	55	0.00936023500385103	0.339937312730669	26	8	-0.191864837905994	0.0111649418572373	0.990033531083088
ARL6IP5	glutamine/glutamate	Tier 1	ENSG00000144746	85	59	0.104305851484447	0.0907846100086518	0.0135212414757954	0.00182307612286318	-0.0799275386650199	0.0810692530202616	2518	0.00418743768693908	0.967596510548627	0.0135212414757954	0.906221001144248	71	55	0.0240014151958864	0.949012261656823	26	8	0.167048993324942	0.730019850675947	0.990033531083088
PPFIA4	glutamine/glutamate;glycolysis	Tier 1;Tier 2	ENSG00000143847	85	59	-0.122982775234646	-0.140616454969088	0.017633679734442	0.00100212846934108	-0.0639730500449332	0.0623210154207441	2517	0.00378863409770691	0.970835335778527	0.017633679734442	1	71	55	0.024717733162727	0.701213224833372	26	8	-0.140360515468653	0.0489421815821301	0.992628163735902
GSTM2	cholesterol/isoprenoid	Tier 2	ENSG00000213366	85	59	0.0369759962736325	0.0657543160540075	-0.028778319780375	-0.00129297174865845	-0.0672944429940836	0.0684845162142452	2499	-0.00338983050847452	0.974074642073674	-0.0265996231898903	0.845400758169847	71	55	-0.0338670800700908	0.847866262379998	26	8	0.0235231201516708	0.319883420415998	0.99364693678284
SLC5A4	glucose transport	Tier 1	ENSG00000100191	85	59	0.0366309010738739	0.0224277921691925	0.0142031089046814	-0.00054499355575253	-0.0654438697025432	0.0549713585037889	2499	-0.00338983050847452	0.974074642073674	0.0142031089046814	1	71	55	0.0113345658033475	0.976454576409573	26	8	-0.0748412852470658	0.699719586564903	0.99364693678284
A4GALT	sphingolipid	Tier 1	ENSG00000128274	85	59	-0.211831394991349	-0.228494985623923	0.0166635906325732	0.000950311962844964	-0.0678674924440228	0.066272567548883	2515	0.00299102691924236	0.977314376042358	0.0161500471956447	0.990276520132999	71	55	0.025010953253411	0.598655662161281	26	8	-0.189774233207531	0.127884811106401	0.99364693678284
ALPL	folate	Tier 1	ENSG00000162551	85	59	-0.0785952284864926	-0.0624745800658614	-0.0161206484206312	0.00116939846597499	-0.0733998304541048	0.0737562440574464	2515	0.00299102691924236	0.977314376042358	-0.0229068253874013	0.886937651151535	71	55	0.0180259284503884	0.679462028156993	26	8	-0.0642491900707093	0.382718791715432	0.99364693678284
CYC1	OXPHOS	Tier 1;Tier 2	ENSG00000179091	85	59	-0.446136783564068	-0.436810361363043	-0.00932642220102448	0.000846490027945574	-0.0832205434826225	0.0826056277277035	2515	0.00299102691924236	0.977314376042358	-0.000347313463295973	0.932016424251737	71	55	-0.011096583045723	0.949012261656823	26	8	0.09567637170039	0.502922621667626	0.99364693678284
TF	iron	Tier 1	ENSG00000091513	85	59	-0.0537974052297717	-0.0914278344363171	0.0376304292065454	0.000707112097165138	-0.073187232588053	0.0696650560111576	2515	0.00299102691924236	0.977314376042358	0.047099668479933	0.938477527176921	71	55	0.0432858411155023	0.87880087224653	26	8	-0.0395081854879897	0.983804096811716	0.99364693678284
ACADL	fatty-acid oxidation	Tier 1	ENSG00000115361	85	59	0.0934527586918698	0.100171580636827	-0.00671882194495699	-0.000720812047631654	-0.0816073498392593	0.0816743671235129	2501	-0.00259222333000997	0.980554484271706	-0.0182587221316807	0.915884176504164	71	55	-0.0262422743571772	0.595242958697853	26	8	0.0271043236956209	0.340034249467904	0.99364693678284
FA2H	sphingolipid	Tier 1	ENSG00000103089	85	59	0.0799778170401393	0.0745160487652192	0.00546176827492011	-0.000857933753659943	-0.0633550621172848	0.0673529403596446	2501	-0.00259222333000997	0.980554484271706	0.00527665888027851	0.886937651151535	71	55	0.00987748812226151	0.756638513195003	26	8	-0.010105147158127	1	0.99364693678284
FUT6	sphingolipid	Tier 1	ENSG00000156413	85	59	0.0461163528863243	0.0660233343596495	-0.0199069814733252	-0.00135780708572629	-0.0663348454630495	0.061786225257712	2501	-0.00259222333000997	0.980554484271706	-0.0199069814733252	0.925559797896487	71	55	-0.0140071985470582	0.805720315018204	26	8	-0.0137306156941926	0.669890044729042	0.99364693678284
KYAT1	glutamine/glutamate;tryptophan	Tier 1	ENSG00000171097	85	59	0.00861066287454524	0.00608305216260145	0.00252761071194379	0.00142440549155848	-0.0558955795780284	0.0606150947728114	2514	0.00259222333000997	0.980554484271706	0.00685457099384701	0.92233329558857	71	55	0.0102763179575029	0.87880087224653	26	8	0.00160897208732167	0.95143897231668	0.99364693678284
SHMT1	folate;serine/glycine/one-carbon	Tier 1	ENSG00000176974	85	59	-0.0686264894542016	-0.0746144689790394	0.00598797952483779	0.000997464641179838	-0.0643680662494182	0.0660708174388117	2514	0.00259222333000997	0.980554484271706	0.0071989844457848	0.954647087227111	71	55	0.0174760652710769	0.801914757933663	26	8	-0.0549073570350849	0.382718791715432	0.99364693678284
TAS2R9	glutamine/glutamate	Tier 1	ENSG00000121381	85	59	0.0513487409459426	0.0759390309284601	-0.0245902899825175	-0.00241669917170077	-0.0732702532683266	0.0670329375404059	2501	-0.00259222333000997	0.980554484271706	-0.019666047036803	0.925559797896487	71	55	-0.0103106447891912	0.798113894125065	26	8	-0.0830672607854095	0.36098085015453	0.99364693678284
NDUFV3	OXPHOS;glycolysis	Tier 1;Tier 2	ENSG00000160194	85	59	0.0224459143828641	-0.00260933043355255	0.0250552448164166	-0.000990157634932554	-0.0715634381213626	0.0699012948413193	2502	-0.00219341974077769	0.983794913330319	0.0183772551974005	0.880524138721199	71	55	0.0103812502258258	0.949012261656823	26	8	0.0192164448094485	0.791857490811325	0.99364693678284
NT5C1A	NAD	Tier 1	ENSG00000116981	85	59	-0.0271085178428882	-0.0463293870494565	0.0192208692065683	-0.000642724398384693	-0.0672067900292477	0.0652558444683749	2502	-0.00219341974077769	0.983794913330319	0.0039219082489218	0.944942683006411	71	55	-0.0247555537713374	0.42266887663303	26	8	0.236761767896508	0.00369733354804022	0.99364693678284
PLPPR3	sphingolipid	Tier 1	ENSG00000129951	85	59	-0.0996077877916423	-0.12316998095626	0.023562193164618	-0.00102847366409384	-0.0718638534972436	0.0705324206131	2502	-0.00219341974077769	0.983794913330319	0.025513419489129	0.823203917674178	71	55	0.023278126023597	0.771646445219928	26	8	0.0475936781082495	0.699719586564903	0.99364693678284
SLC1A2	glutamine/glutamate	Tier 1	ENSG00000110436	85	59	0.0555129894779981	0.0992918847576464	-0.0437788952796483	-0.0016224184864703	-0.0829381228366974	0.0723842200038065	2502	-0.00219341974077769	0.983794913330319	-0.0460213300590523	0.951411467273616	71	55	-0.109417765448086	0.437038102473143	26	8	0.0986778639976197	0.281973201045743	0.99364693678284
ISG20	glycolysis	Tier 2	ENSG00000172183	85	59	0.0765481972148846	0.05141613016942	0.0251320670454646	0.000861912948431927	-0.0798346518761549	0.0730627568659153	2513	0.00219341974077758	0.983794913330319	0.0251320670454646	0.990276520132999	71	55	-0.0370443745287279	0.434141962619225	26	8	0.113614696164156	0.300530054314924	0.99364693678284
B4GALNT1	sphingolipid	Tier 1	ENSG00000135454	85	59	-0.0103150004394345	-0.0206181956064785	0.010303195167044	0.000657121821224336	-0.0740810106393219	0.0772242645776508	2512	0.00179461615154541	0.987035609770921	0.0116272790972851	0.980554484271706	71	55	0.0155820327492639	0.752900580675584	26	8	0.014972598842584	0.405240820459417	0.994785354030364
IDH1	OXPHOS;TCA;glycolysis	Tier 1;Tier 2	ENSG00000138413	85	59	-0.0689013547552905	-0.0636188391126996	-0.0052825156425909	0.000811493099469062	-0.0595560101114131	0.0640255048689754	2512	0.00179461615154541	0.987035609770921	0.0033336372104765	0.851766137720095	71	55	-0.000486226272965504	0.89434092927504	26	8	0.0356807726952582	0.855033778939491	0.994785354030364
QSOX1	glycolysis	Tier 2	ENSG00000116260	85	59	0.0422014838174777	0.0582440480140384	-0.0160425641965607	0.000935632612925959	-0.061910307405862	0.0757293637271413	2512	0.00179461615154541	0.987035609770921	-0.0120834598467939	0.951411467273616	71	55	-0.0168189583782832	0.859441954380739	26	8	0.0174623455242793	0.95143897231668	0.994785354030364
ACP5	riboflavin	Tier 1	ENSG00000102575	85	59	-0.0328594410884259	-0.0397660286099606	0.0069065875215347	0.00101273954438763	-0.066185177587224	0.0683697382797948	2511	0.00139581256231303	0.990276520132999	0.0069065875215347	0.964358219751877	71	55	0.0200132385344771	0.836323294413534	26	8	0.16257253475519	0.127884811106401	0.995210282155013
AGMAT	arginine	Tier 1	ENSG00000116771	85	59	-0.0364178939060492	-0.0377890175314236	0.0013711236253744	-0.000376023961259703	-0.0731822710464508	0.0606614817688863	2504	-0.00139581256231303	0.990276520132999	-0.0118557898497213	0.78548856010831	71	55	0.006253105745689	0.683069342515936	26	8	-0.145712008842505	0.215606006559306	0.995210282155013
GAD2	glutamine/glutamate	Tier 1	ENSG00000136750	85	59	-0.0835769354143428	-0.0885717178283474	0.00499478241400461	-0.000308256521799536	-0.0567196272707428	0.0670145262163854	2504	-0.00139581256231303	0.990276520132999	0.0056328692906918	0.948176648143464	71	55	0.0249713854973765	0.715852639646981	26	8	0.00826425324743435	0.88700130251839	0.995210282155013
GID4	OXPHOS	Tier 1	ENSG00000141034	85	59	-0.168522664004878	-0.178732524460944	0.010209860456066	0.000683982076340007	-0.0720962009089663	0.0790480858337537	2511	0.00139581256231303	0.990276520132999	-0.00858888278949901	0.883729942403112	71	55	0.005560676624881	0.859441954380739	26	8	0.0212428614790305	0.52915371486718	0.995210282155013
B4GALT3	sphingolipid	Tier 1	ENSG00000158850	85	59	-0.117953142743504	-0.0960678155279326	-0.0218853272155713	0.000209157045524991	-0.0613667972194757	0.0817924864710153	2510	0.00099700897308086	0.99351759094545	-0.0199863958631153	0.957883454794594	71	55	-0.010272474564759	0.89434092927504	26	8	0.0651602650756981	0.556063538525548	0.996340084101545
H2AC4	arginine	Tier 2	ENSG00000278463	85	59	-0.145596056823345	-0.141327620489515	-0.00426843633382989	7.87141308580987e-05	-0.0674867596881805	0.0716531461377485	2510	0.00099700897308086	0.99351759094545	-0.006764706528988	1	71	55	0.014807613156668	0.820987743252713	26	8	-0.0975855934783991	0.200933413709765	0.996340084101545
ACMSD	tryptophan	Tier 1	ENSG00000153086	85	59	-0.140631793609546	-0.126536461847679	-0.014095331761867	-0.00066268894170792	-0.0684227522635222	0.0686579044254645	2505	-0.000997008973080749	0.99351759094545	-0.000952255486732001	0.870918674986474	71	55	0.001049210620582	0.847866262379998	26	8	-0.0154991598805841	0.88700130251839	0.996340084101545
NR1H2	cholesterol/isoprenoid;fatty-acid synthesis	Tier 2	ENSG00000131408	85	59	-0.067106693290587	-0.0703238404638935	0.00321714717330646	0.000531427354627611	-0.0764806038249849	0.0766122361480928	2509	0.000598205383848471	0.996758768729231	-0.0019925301700386	1	71	55	-0.00695343154440689	0.738007501019304	26	8	0.105856441668709	0.200933413709765	0.998172610954379
TCN2	vitamin B12	Tier 1	ENSG00000185339	85	59	0.0598875017793	0.0572134046825256	0.00267409709677441	-0.000269707721657913	-0.0543156917867608	0.051687746663346	2506	-0.000598205383848471	0.996758768729231	0.0126191264929526	0.925559797896487	71	55	0.0102406839540658	0.925537088617473	26	8	-0.0148195485467589	0.583624193952907	0.998172610954379
TMEM177	OXPHOS	Tier 1	ENSG00000144120	85	59	0.0344642750011451	0.0206490706842549	0.0138152043168902	-8.93504528427572e-05	-0.0639832684446673	0.064004221530683	2507	-0.000199401794616194	1	0.0294541554326356	0.845400758169847	71	55	0.0330901313810027	0.78674032130877	26	8	0.0566672994522013	0.428536792061782	1
IGFBP3	glycolysis	Tier 2	ENSG00000146674	85	59	-0.17438235474594	-0.173305595395077	-0.00107675935086377	0.000121991169393901	-0.0694767811804756	0.0730733001585342	2508	0.000199401794616083	1	0.0100436724999358	0.823203917674178	71	55	0.036330181244348	0.578314209118661	26	8	-0.0911205434156189	0.502922621667626	1
