gene	pathway	candidate_basis	organoid_direction	CRC_ESCA_direction	organoid_effect_global_median	organoid_effect_lineage_median	cellline_effect_global_median	cellline_effect_matched_median	organoid_vs_cellline_difference	matched_rank_biserial	matched_raw_P	matched_BH_FDR	comparison_category	common_essential_status	selectivity	external_support_category	QC_warning	cellline_effect_related_ES_stomach_median	matched_U	global_organoid_vs_cellline_difference	global_rank_biserial	global_raw_P	n_organoid_lineage	n_cellline_matched	n_cellline_related_ES_stomach	n_cellline_global	cellline_binary_depleted_fraction_global	cellline_binary_depleted_fraction_matched	organoid_selectivity_MAD	CRC_cellline_lineage_rank_biserial	CRC_cellline_lineage_raw_P	ESCA_cellline_lineage_rank_biserial	ESCA_cellline_lineage_raw_P	organoid_CRC_ESCA_rank_biserial	organoid_CRC_ESCA_FDR	global_BH_FDR	CRC_cellline_lineage_BH_FDR	ESCA_cellline_lineage_BH_FDR	lineage_external_aligned
"H2AC18"	"arginine"	"class_B_in_scout_shortlist"	"negative_LFC_is_stronger_dependency"	"ESCA-leaning"	-0.728094614497065	-0.731756467050894	NA	NA	NA	NA	NA	NA	"not_testable"	"not_flagged"	"B_selective_metabolic_dependency"	"limited_or_mixed_external_support"	"cross-platform LFC scales; matched cell-line n=0; 576/930 ACH models annotated by DepMap 24Q2; non-significant classified as similar_or_not_resolved"	NA	NA	NA	NA	NA	59	0	0	0	NA	NA	0.163685554224954	NA	NA	NA	NA	0.0101694915254238	0.976049062476263	NA	NA	NA	FALSE
"LSS"	"cholesterol/isoprenoid"	"class_B_in_scout_shortlist"	"negative_LFC_is_stronger_dependency"	"CRC-leaning"	-0.610965504387395	-0.63037869202335	0.0627458944722612	-0.0255318887208265	-0.604846803302524	-0.911418685121107	3.36321651760259e-09	4.10312415147516e-07	"stronger_in_organoids"	"not_flagged"	"B_selective_metabolic_dependency"	"candidate_organoid_enhanced_dependency"	"cross-platform LFC scales; matched cell-line n=17; 576/930 ACH models annotated by DepMap 24Q2; non-significant classified as similar_or_not_resolved"	-0.023224416886052	64	-0.673711398859656	-0.932935085623258	2.93588148821794e-80	85	17	22	930	0.0440860215053763	0.0588235294117647	0.175951982036004	-0.0990213616752604	0.486406006835311	0.152364273204904	0.557184806649565	-0.00697906281156535	0.976049062476263	1.19392513854196e-78	0.786256838493503	0.886893903226295	FALSE
"SDHC"	"OXPHOS;TCA;glycolysis"	"class_B_in_scout_shortlist"	"negative_LFC_is_stronger_dependency"	"CRC-leaning"	-0.577071131458772	-0.589446016342885	-1.08200618716888	-1.42088518680835	0.831439170465461	0.846366782006921	4.00148073028462e-08	2.44090324547362e-06	"weaker_in_organoids"	"both_core_fitness_lists"	"B_selective_metabolic_dependency"	"general_common_fitness_dependency"	"cross-platform LFC scales; matched cell-line n=17; 576/930 ACH models annotated by DepMap 24Q2; non-significant classified as similar_or_not_resolved"	-1.31020315560067	1334	0.504935055710111	0.658422939068101	6.99341981465813e-41	85	17	22	930	0.961290322580645	1	0.185073208569295	-0.315163632537094	0.0267371583016412	0.304378283712785	0.240913406286877	-0.0293120638085743	0.922264674066241	3.32957903407882e-40	0.163096665640012	0.734785889174976	FALSE
"HDAC3"	"cholesterol/isoprenoid"	"class_B_in_scout_shortlist"	"negative_LFC_is_stronger_dependency"	"CRC-leaning"	-0.587004552094128	-0.598721249986046	-1.2284018891457	-1.23710122380857	0.638379973822521	0.782698961937716	3.81945314013793e-07	1.55324427698943e-05	"weaker_in_organoids"	"both_core_fitness_lists"	"B_selective_metabolic_dependency"	"general_common_fitness_dependency"	"cross-platform LFC scales; matched cell-line n=17; 576/930 ACH models annotated by DepMap 24Q2; non-significant classified as similar_or_not_resolved"	-1.32521038776049	1288	0.64139733705157	0.702681534581176	2.55509333796879e-46	85	17	22	930	0.950537634408602	1	0.18263934981799	0.104703777754393	0.461743463171707	0.0956217162872155	0.712566971964778	-0.0269192422731804	0.928902719324065	1.41691539650996e-45	0.782398645929837	0.903030067836528	FALSE
"ATP6V1C1"	"OXPHOS;iron"	"class_B_in_scout_shortlist"	"negative_LFC_is_stronger_dependency"	"CRC-leaning"	-0.192222576106407	-0.181364508075638	-1.04208647887105	-0.846318183070768	0.66495367499513	0.75916955017301	8.43188557492161e-07	2.47067561706611e-05	"weaker_in_organoids"	"both_core_fitness_lists"	"B_selective_metabolic_dependency"	"general_common_fitness_dependency"	"cross-platform LFC scales; matched cell-line n=17; 576/930 ACH models annotated by DepMap 24Q2; non-significant classified as similar_or_not_resolved"	-1.06273337995577	1271	0.849863902764646	0.773835125448029	8.55147676113858e-56	85	17	22	930	0.881720430107527	0.882352941176471	0.189651714880657	0.110175733978743	0.438669307046551	0.3569176882662	0.169091055111836	0.0376869391824526	0.902208859443819	5.79600091588281e-55	0.777165355664355	0.728560839918635	FALSE
"ALDOA"	"PPP;glycolysis"	"class_B_in_scout_shortlist"	"negative_LFC_is_stronger_dependency"	"CRC-leaning"	-0.321060567724934	-0.372700218690727	-1.57509822548344	-1.59092087607583	1.2182206573851	0.75363321799308	1.01257197420742e-06	2.47067561706611e-05	"weaker_in_organoids"	"both_core_fitness_lists"	"B_selective_metabolic_dependency"	"general_common_fitness_dependency"	"cross-platform LFC scales; matched cell-line n=17; 576/930 ACH models annotated by DepMap 24Q2; non-significant classified as similar_or_not_resolved"	-1.4411630111394	1267	1.2540376577585	0.864011681932829	4.18954173684536e-69	85	17	22	930	0.941935483870968	0.823529411764706	0.172081913457261	-0.00347258760391456	0.980526086680511	0.119439579684764	0.645389836353765	-0.0683948155533399	0.808496006185799	5.67915657661261e-68	0.987606777462071	0.886893903226295	FALSE
"FUT4"	"sphingolipid"	"CRC_ESCA_FDR33"	"negative_LFC_is_stronger_dependency"	"CRC-leaning"	0.300758596668684	0.216701022822493	-0.107918980205453	-0.0565076169592329	0.273208639781726	0.73840830449827	1.66442461701795e-06	3.38433005460317e-05	"weaker_in_organoids"	"not_flagged"	"C_weak_or_non_dependent"	"cellline_stronger_dependency"	"cross-platform LFC scales; matched cell-line n=17; 576/930 ACH models annotated by DepMap 24Q2; non-significant classified as similar_or_not_resolved"	-0.10758385229197	1256	0.408677576874137	0.811217310500465	3.90026478650873e-61	85	17	22	930	0.147311827956989	0	0.130625705772237	0.171630011575292	0.227657955408424	0.561471103327496	0.0305233064398135	-0.397008973080758	0.0124730429895565	3.66024849195435e-60	0.555485411196555	0.660496654729209	FALSE
"COA5"	"OXPHOS"	"class_B_in_scout_shortlist;top_OXPHOS_interpreter"	"negative_LFC_is_stronger_dependency"	"CRC-leaning"	-0.7358401013293	-0.829567365325097	-0.331009538098123	-0.239636868203861	-0.589930497121237	-0.710726643598616	4.01076205298978e-06	6.99018529235361e-05	"stronger_in_organoids"	"not_flagged"	"B_selective_metabolic_dependency"	"candidate_organoid_enhanced_dependency"	"cross-platform LFC scales; matched cell-line n=17; 576/930 ACH models annotated by DepMap 24Q2; non-significant classified as similar_or_not_resolved"	-0.710562366449894	209	-0.404830563231177	-0.4952608522501	7.40284863388844e-24	85	17	22	930	0.467741935483871	0.352941176470588	0.202484418369432	0.135009996843102	0.342617500130685	-0.419964973730298	0.105654303657611	-0.294117647058823	0.0659159405978553	1.92159049645615e-23	0.746416696713277	0.669787153761567	FALSE
"ISCA2"	"OXPHOS;TCA;iron"	"CRC_ESCA_FDR33;top_OXPHOS_interpreter"	"negative_LFC_is_stronger_dependency"	"CRC-leaning"	-0.296716555304956	-0.404205932269992	-0.652246509812128	-0.789942865189278	0.385736932919285	0.696885813148789	6.15389412248561e-06	9.38468853679055e-05	"weaker_in_organoids"	"DepMap_inferred_common_essential"	"C_weak_or_non_dependent"	"general_common_fitness_dependency"	"cross-platform LFC scales; matched cell-line n=17; 576/930 ACH models annotated by DepMap 24Q2; non-significant classified as similar_or_not_resolved"	-0.918957887738539	1226	0.355529954507173	0.544072746581707	1.87845232514056e-28	85	17	22	930	0.759139784946237	0.882352941176471	0.134976102117274	-0.186151741555298	0.19070738770985	-0.270052539404553	0.298127736072277	-0.391026919242273	0.0134141758362459	5.87618419659353e-28	0.517028917791149	0.808257417795952	FALSE
"CAMK2D"	"glutamine/glutamate"	"CRC_ESCA_FDR33"	"negative_LFC_is_stronger_dependency"	"CRC-leaning"	0.0173972893289402	-0.0500696895058387	0.184948029247627	0.245712816180412	-0.29578250568625	-0.685813148788927	8.61914788023658e-06	0.000116837337932096	"stronger_in_organoids"	"not_flagged"	"C_weak_or_non_dependent"	"candidate_organoid_enhanced_dependency"	"cross-platform LFC scales; matched cell-line n=17; 576/930 ACH models annotated by DepMap 24Q2; non-significant classified as similar_or_not_resolved"	0.162522961464638	227	-0.167550739918687	-0.493349263241736	1.09835618452141e-23	85	17	22	930	0	0	0.133270229524633	0.224665894980532	0.11428760509096	0.31138353765324	0.230257196763034	-0.376271186440678	0.0150328196323486	2.79165530232524e-23	0.398373937745631	0.734785889174976	FALSE
"ACACA"	"cholesterol/isoprenoid"	"class_B_in_scout_shortlist"	"negative_LFC_is_stronger_dependency"	"CRC-leaning"	-0.826034067342525	-0.876379131098375	-0.130732060206102	-0.229663633063605	-0.64671549803477	-0.663667820069204	1.66585822388731e-05	0.000203234703314252	"stronger_in_organoids"	"not_flagged"	"B_selective_metabolic_dependency"	"candidate_organoid_enhanced_dependency"	"cross-platform LFC scales; matched cell-line n=17; 576/930 ACH models annotated by DepMap 24Q2; non-significant classified as similar_or_not_resolved"	-0.110228522076174	243	-0.695302007136423	-0.803265631222621	5.59910944274995e-60	85	17	22	930	0.293548387096774	0.411764705882353	0.206948568054386	-0.211827843838788	0.136495103162889	-0.123642732049037	0.633810829746247	-0.0428713858424726	0.888429621492332	4.87922394296781e-59	0.449589733660393	0.886893903226295	FALSE
"FDFT1"	"cholesterol/isoprenoid"	"class_B_in_scout_shortlist"	"negative_LFC_is_stronger_dependency"	"CRC-leaning"	-0.826906960209411	-0.828775833753963	0.00835963833443549	-0.179008688773026	-0.649767144980937	-0.658131487889273	1.95811594510573e-05	0.000217172859366271	"stronger_in_organoids"	"not_flagged"	"B_selective_metabolic_dependency"	"candidate_organoid_enhanced_dependency"	"cross-platform LFC scales; matched cell-line n=17; 576/930 ACH models annotated by DepMap 24Q2; non-significant classified as similar_or_not_resolved"	0.0527450846943386	247	-0.835266598543846	-0.862790388955263	6.48856898132663e-69	85	17	22	930	0.153763440860215	0.294117647058824	0.183788437004193	-0.26191728927707	0.0656131949206931	0.44938704028021	0.0833812227854176	-0.0504486540378863	0.866496611744291	7.91605415721849e-68	0.276027923459468	0.669787153761567	FALSE
"COX6A1"	"OXPHOS"	"CRC_ESCA_FDR33;top_OXPHOS_interpreter"	"negative_LFC_is_stronger_dependency"	"CRC-leaning"	-0.0570405084087304	-0.0907815569992681	-0.353705344332137	-0.579939906116006	0.489158349116738	0.63598615916955	3.6921293810109e-05	0.000375366487069442	"weaker_in_organoids"	"DepMap_inferred_common_essential"	"C_weak_or_non_dependent"	"general_common_fitness_dependency"	"cross-platform LFC scales; matched cell-line n=17; 576/930 ACH models annotated by DepMap 24Q2; non-significant classified as similar_or_not_resolved"	-0.465024278257249	1182	0.296664835923406	0.608960573476703	3.21568341870713e-35	85	17	22	930	0.504301075268817	0.588235294117647	0.137875740567276	-0.205303588340524	0.148989309519645	-0.138353765323993	0.593999978205373	-0.356729810568295	0.0241344516539171	1.22597930338209e-34	0.457133030195343	0.886893903226295	FALSE
"ARNT"	"cholesterol/isoprenoid"	"class_B_in_scout_shortlist"	"negative_LFC_is_stronger_dependency"	"CRC-leaning"	-0.182940632221055	-0.249827006544835	0.261031210556217	0.26335512870316	-0.513182135247995	-0.624913494809689	5.03249028935305e-05	0.000472279857923901	"stronger_in_organoids"	"not_flagged"	"B_selective_metabolic_dependency"	"candidate_organoid_enhanced_dependency"	"cross-platform LFC scales; matched cell-line n=17; 576/930 ACH models annotated by DepMap 24Q2; non-significant classified as similar_or_not_resolved"	0.186261540575391	271	-0.443971842777272	-0.647922474445772	1.21153778784779e-39	85	17	22	930	0.0612903225806452	0.0588235294117647	0.179476109893234	-0.083236872566558	0.558490677042947	-0.424168126094571	0.102210068792477	-0.230707876370887	0.18767941045984	5.47435593027518e-39	0.830925153649262	0.669787153761567	FALSE
"COX6B1"	"OXPHOS"	"CRC_ESCA_FDR33;class_B_in_scout_shortlist;top_OXPHOS_interpreter"	"negative_LFC_is_stronger_dependency"	"CRC-leaning"	-0.585602571065347	-0.663170883574727	-0.353893854653734	-0.255083455113196	-0.408087428461531	-0.616608996539792	6.32788984352239e-05	0.000551430400649808	"stronger_in_organoids"	"not_flagged"	"B_selective_metabolic_dependency"	"candidate_organoid_enhanced_dependency"	"cross-platform LFC scales; matched cell-line n=17; 576/930 ACH models annotated by DepMap 24Q2; non-significant classified as similar_or_not_resolved"	-0.353271143458358	277	-0.231708716411613	-0.398393734236028	5.43140343242771e-16	85	17	22	930	0.486021505376344	0.411764705882353	0.166269738299005	0.0613490476691572	0.666299738779329	-0.0108581436077058	0.966630879658641	-0.359122632103689	0.0241092885395134	1.16251091009856e-15	0.841560062820988	0.974619564614498	FALSE
"NDUFAF8"	"OXPHOS"	"CRC_ESCA_FDR33;top_OXPHOS_interpreter"	"negative_LFC_is_stronger_dependency"	"CRC-leaning"	-0.0367155590000645	-0.113765687545644	-0.385365902930553	-0.450993665829778	0.337227978284134	0.612456747404844	7.0883665748354e-05	0.000576520481419946	"weaker_in_organoids"	"not_flagged"	"C_weak_or_non_dependent"	"cellline_stronger_dependency"	"cross-platform LFC scales; matched cell-line n=17; 576/930 ACH models annotated by DepMap 24Q2; non-significant classified as similar_or_not_resolved"	-0.516147432946961	1165	0.348650343930489	0.673609451745653	1.04334990361606e-42	85	17	22	930	0.551612903225807	0.529411764705882	0.134790473590574	-0.089550668210039	0.529044363311106	-0.480210157618214	0.0642918231043332	-0.402193419740778	0.0124730429895565	5.53429079309388e-42	0.796832250913023	0.669787153761567	FALSE
"MSMO1"	"cholesterol/isoprenoid"	"CRC_ESCA_FDR33;class_B_in_scout_shortlist"	"negative_LFC_is_stronger_dependency"	"ESCA-leaning"	-0.624989692180327	-0.783346769162756	0.133954896224671	0.175516772154023	-0.958863541316779	-1	0.000224339520867037	0.00152052341920992	"stronger_in_organoids"	"not_flagged"	"B_selective_metabolic_dependency"	"candidate_organoid_enhanced_dependency"	"cross-platform LFC scales; matched cell-line n=5; 576/930 ACH models annotated by DepMap 24Q2; non-significant classified as similar_or_not_resolved"	0.0616322910580241	0	-0.758944588404997	-0.903332005840966	2.30599229873152e-75	59	5	22	930	0.0548387096774194	0	0.246955846880742	-0.182784383878775	0.198855309393274	-0.147460595446585	0.569943112236518	0.385443668993021	0.0136536858045638	5.6266212089049e-74	0.527398864043031	0.886893903226295	FALSE
"S1PR2"	"sphingolipid"	"CRC_ESCA_FDR33"	"negative_LFC_is_stronger_dependency"	"ESCA-leaning"	-0.030200201228872	-0.0909122981328436	0.420106424801622	0.32591546463448	-0.416827762767323	-1	0.000224339520867037	0.00152052341920992	"stronger_in_organoids"	"not_flagged"	"C_weak_or_non_dependent"	"candidate_organoid_enhanced_dependency"	"cross-platform LFC scales; matched cell-line n=5; 576/930 ACH models annotated by DepMap 24Q2; non-significant classified as similar_or_not_resolved"	0.376754598813875	0	-0.450306626030494	-0.897530864197531	2.01249979480629e-74	59	5	22	930	0.0021505376344086	0	0.116546697255348	-0.338945596127539	0.0171954880019205	-0.321190893169877	0.215908076917724	0.344765702891326	0.0280403073393867	4.09208291610613e-73	0.131115596014644	0.728560839918635	FALSE
"CIAO3"	"iron"	"class_B_in_scout_shortlist"	"negative_LFC_is_stronger_dependency"	"ESCA-leaning"	-0.60418488479366	-0.677241190731956	-2.1658339561389	-2.07270907160332	1.39546788087136	1	0.000224339520867037	0.00152052341920992	"weaker_in_organoids"	"both_core_fitness_lists"	"B_selective_metabolic_dependency"	"general_common_fitness_dependency"	"cross-platform LFC scales; matched cell-line n=5; 576/930 ACH models annotated by DepMap 24Q2; non-significant classified as similar_or_not_resolved"	-2.1560016427883	295	1.56164907134524	0.986645426788796	1.53301231328002e-89	59	5	22	930	0.998924731182796	1	0.176816788161926	-0.0026307481847837	0.985246411179811	0.12784588441331	0.622320801227014	0.286141575274177	0.0753861980394547	1.87027502220162e-87	0.987606777462071	0.886893903226295	FALSE
"ALG1"	"glycolysis"	"class_B_in_scout_shortlist"	"negative_LFC_is_stronger_dependency"	"ESCA-leaning"	-0.6875019942878	-0.700032600811267	-1.25435611670704	-1.23927726270391	0.539244661892647	0.986440677966102	0.000272775213613641	0.00174585899844902	"weaker_in_organoids"	"both_core_fitness_lists"	"B_selective_metabolic_dependency"	"general_common_fitness_dependency"	"cross-platform LFC scales; matched cell-line n=5; 576/930 ACH models annotated by DepMap 24Q2; non-significant classified as similar_or_not_resolved"	-1.08300051296285	293	0.56685412241924	0.51375282092128	1.50768206785512e-25	59	5	22	930	0.891397849462366	1	0.179350734738205	0.3795643481006	0.00763005284635676	-0.12784588441331	0.622320801227014	0.0157527417746759	0.960509927025202	4.27760958786801e-25	0.0934973286508032	0.886893903226295	FALSE
"SDHAF4"	"OXPHOS;TCA"	"class_B_in_scout_shortlist"	"negative_LFC_is_stronger_dependency"	"ESCA-leaning"	-0.377942621065984	-0.471099964470744	0.169567032146688	0.215521066154013	-0.686621030624757	-0.979661016949153	0.000300516712847782	0.00174585899844902	"stronger_in_organoids"	"not_flagged"	"B_selective_metabolic_dependency"	"candidate_organoid_enhanced_dependency"	"cross-platform LFC scales; matched cell-line n=5; 576/930 ACH models annotated by DepMap 24Q2; non-significant classified as similar_or_not_resolved"	0.134050495108255	3	-0.547509653212672	-0.72061595645825	1.27188662579974e-48	59	5	22	930	0.032258064516129	0	0.292887003456294	0.0457750184152372	0.747634766488272	0.180385288966725	0.487063235437835	0.285742771684945	0.0753861980394547	8.16685096566149e-48	0.852443378612795	0.886893903226295	FALSE
"IDI1"	"cholesterol/isoprenoid"	"class_B_in_scout_shortlist"	"negative_LFC_is_stronger_dependency"	"ESCA-leaning"	-0.791141739987544	-0.847281485994789	-0.178456554607581	-0.0583172018197685	-0.788964284175021	-0.979661016949153	0.000300516712847782	0.00174585899844902	"stronger_in_organoids"	"not_flagged"	"B_selective_metabolic_dependency"	"candidate_organoid_enhanced_dependency"	"cross-platform LFC scales; matched cell-line n=5; 576/930 ACH models annotated by DepMap 24Q2; non-significant classified as similar_or_not_resolved"	-0.298188673625227	3	-0.612685185379963	-0.793349263241736	1.49681353046667e-58	59	5	22	930	0.298924731182796	0.2	0.170290090927013	0.068504682731769	0.630139867048437	0.176182136602452	0.497268738022538	0.298105682951147	0.0618479132079639	1.21740833811289e-57	0.841560062820988	0.886893903226295	FALSE
"CPEB2"	"cholesterol/isoprenoid"	"CRC_ESCA_FDR33"	"negative_LFC_is_stronger_dependency"	"CRC-leaning"	0.0876180388926028	0.061638814375446	0.210335264370982	0.206939159974384	-0.145300345598938	-0.554325259515571	0.000322932753822399	0.00179080890756058	"stronger_in_organoids"	"not_flagged"	"C_weak_or_non_dependent"	"candidate_organoid_enhanced_dependency"	"cross-platform LFC scales; matched cell-line n=17; 576/930 ACH models annotated by DepMap 24Q2; non-significant classified as similar_or_not_resolved"	0.188855468675082	322	-0.122717225478379	-0.362060268153458	1.8038077422362e-13	85	17	22	930	0.0032258064516129	0	0.131155044767793	0.0594549089761127	0.676007263577515	0.125744308231173	0.628054547580674	-0.343968095712861	0.0280403073393867	3.6076154844724e-13	0.841560062820988	0.886893903226295	FALSE
"SPTLC2"	"sphingolipid"	"class_B_in_scout_shortlist"	"negative_LFC_is_stronger_dependency"	"ESCA-leaning"	-0.555361764888566	-0.654615308188893	-0.0588687904901114	0.0283119362553006	-0.682927244444194	-0.966101694915254	0.00036410375490176	0.00193133296078325	"stronger_in_organoids"	"not_flagged"	"B_selective_metabolic_dependency"	"candidate_organoid_enhanced_dependency"	"cross-platform LFC scales; matched cell-line n=5; 576/930 ACH models annotated by DepMap 24Q2; non-significant classified as similar_or_not_resolved"	0.0247764244393465	5	-0.496492974398454	-0.658369839373424	7.09582417098764e-41	59	5	22	930	0.213978494623656	0	0.205303028930828	-0.114384931074398	0.421380027059831	0.170577933450088	0.511051283680781	0.306480558325025	0.052866514162965	3.32957903407882e-40	0.777165355664355	0.886893903226295	FALSE
"TUBA1B"	"iron"	"class_B_in_scout_shortlist"	"negative_LFC_is_stronger_dependency"	"ESCA-leaning"	-0.369992076549325	-0.370055529765936	-1.2396386449708	-1.36556861439633	0.995513084630393	0.952542372881356	0.000440103482868259	0.0021477049963971	"weaker_in_organoids"	"both_core_fitness_lists"	"B_selective_metabolic_dependency"	"general_common_fitness_dependency"	"cross-platform LFC scales; matched cell-line n=5; 576/930 ACH models annotated by DepMap 24Q2; non-significant classified as similar_or_not_resolved"	-1.06490147520119	288	0.869646568421475	0.815080313288199	1.05905064157825e-61	59	5	22	930	0.941935483870968	1	0.176658715271687	0.554035567715458	9.84414540206299e-05	-0.116637478108581	0.653157438365285	0.0887337986041874	0.73742912805454	1.07670148560456e-60	0.00400328579683895	0.886893903226295	FALSE
"NSDHL"	"cholesterol/isoprenoid;glycolysis"	"class_B_in_scout_shortlist"	"negative_LFC_is_stronger_dependency"	"ESCA-leaning"	-0.511385127033681	-0.551948927888994	0.142691279626879	0.07982460015416	-0.631773528043154	-0.952542372881356	0.000440103482868259	0.0021477049963971	"stronger_in_organoids"	"not_flagged"	"B_selective_metabolic_dependency"	"candidate_organoid_enhanced_dependency"	"cross-platform LFC scales; matched cell-line n=5; 576/930 ACH models annotated by DepMap 24Q2; non-significant classified as similar_or_not_resolved"	0.129938776934491	7	-0.65407640666056	-0.940276118412319	1.69648949652134e-81	59	5	22	930	0.0129032258064516	0	0.170494811089712	-0.0194675365673997	0.891157011789592	-0.214711033274956	0.408102541017658	0.0624127617148553	0.82841292790589	1.03485859287802e-79	0.937251339985605	0.873482631651829	FALSE
"RACK1"	"sphingolipid"	"CRC_ESCA_FDR33;class_B_in_scout_shortlist"	"negative_LFC_is_stronger_dependency"	"ESCA-leaning"	-0.982002103973337	-1.10507272536405	-2.10433594407106	-2.03174419522596	0.926671469861911	0.938983050847458	0.00053071189658463	0.00223265004770086	"weaker_in_organoids"	"both_core_fitness_lists"	"B_selective_metabolic_dependency"	"general_common_fitness_dependency"	"cross-platform LFC scales; matched cell-line n=5; 576/930 ACH models annotated by DepMap 24Q2; non-significant classified as similar_or_not_resolved"	-2.11562506296207	286	1.12233384009772	0.906345413513872	7.44286016292135e-76	59	5	22	930	0.996774193548387	1	0.228847817056427	0.173103230558771	0.223691987862002	-0.0626970227670753	0.809122121968748	0.325623130608175	0.043625362864637	2.27007234969101e-74	0.555485411196555	0.921628560162777	FALSE
"NUBP1"	"iron"	"class_B_in_scout_shortlist"	"negative_LFC_is_stronger_dependency"	"ESCA-leaning"	-0.549672430484794	-0.559864695571619	-1.67422201000027	-1.36791834504063	0.808053649469013	0.938983050847458	0.00053071189658463	0.00223265004770086	"weaker_in_organoids"	"both_core_fitness_lists"	"B_selective_metabolic_dependency"	"general_common_fitness_dependency"	"cross-platform LFC scales; matched cell-line n=5; 576/930 ACH models annotated by DepMap 24Q2; non-significant classified as similar_or_not_resolved"	-1.45121286299399	286	1.12454957951547	0.872308509226072	2.11084552299933e-70	59	5	22	930	0.975268817204301	1	0.168036756454568	0.301062822266653	0.0343263497599715	0.35061295971979	0.17674686121947	0.127816550348953	0.574362938045243	3.67890219722741e-69	0.190355212305297	0.728560839918635	FALSE
"RBKS"	"PPP"	"class_B_in_scout_shortlist"	"negative_LFC_is_stronger_dependency"	"ESCA-leaning"	-0.273469333377619	-0.353196814391942	0.178686267684291	0.136070262602801	-0.489267076994743	-0.938983050847458	0.00053071189658463	0.00223265004770086	"stronger_in_organoids"	"not_flagged"	"B_selective_metabolic_dependency"	"candidate_organoid_enhanced_dependency"	"cross-platform LFC scales; matched cell-line n=5; 576/930 ACH models annotated by DepMap 24Q2; non-significant classified as similar_or_not_resolved"	0.143222372590303	9	-0.452155601061911	-0.822248772069561	9.2726244688771e-63	59	5	22	930	0.00645161290322581	0	0.177425609356229	-0.0295696095969694	0.835346596227779	-0.0963222416812609	0.710555793257097	0.272981056829511	0.0940054339112158	1.02841835018455e-61	0.913707647043414	0.903030067836528	FALSE
"MBTPS2"	"cholesterol/isoprenoid"	"class_B_in_scout_shortlist"	"negative_LFC_is_stronger_dependency"	"CRC-leaning"	-0.699090381109381	-0.683271084236506	-0.808284968906913	-1.20507102997171	0.521799945735208	0.536332179930796	0.000502456227172634	0.00223265004770086	"weaker_in_organoids"	"not_flagged"	"B_selective_metabolic_dependency"	"general_common_fitness_dependency"	"cross-platform LFC scales; matched cell-line n=17; 576/930 ACH models annotated by DepMap 24Q2; non-significant classified as similar_or_not_resolved"	-0.75098462117392	1110	0.109194587797533	0.150179211469534	0.00225863349847669	85	17	22	930	0.832258064516129	0.823529411764706	0.236485888729822	-0.345469851625802	0.0151672402729372	-0.329597197898424	0.204130915366744	0.0636091724825523	0.823282144169464	0.002995144421893	0.123864368333116	0.728560839918635	FALSE
"TUBB"	"iron"	"class_B_in_scout_shortlist"	"negative_LFC_is_stronger_dependency"	"ESCA-leaning"	-0.436767883161718	-0.420319207341267	-2.01561058533385	-1.16209244948896	0.741773242147692	0.932203389830508	0.00058227295775823	0.0023679100282168	"weaker_in_organoids"	"both_core_fitness_lists"	"B_selective_metabolic_dependency"	"general_common_fitness_dependency"	"cross-platform LFC scales; matched cell-line n=5; 576/930 ACH models annotated by DepMap 24Q2; non-significant classified as similar_or_not_resolved"	-1.3412508727917	285	1.57884270217213	0.864715252887296	3.25535919020328e-69	59	5	22	930	0.956989247311828	1	0.210628380851722	0.613174786909397	1.6318053576648e-05	0.2784588441331	0.283340875395148	0.0344965104685941	0.905800140382554	4.96442276505999e-68	0.00099540126817553	0.799137753034161	FALSE
"CROT"	"fatty-acid oxidation"	"CRC_ESCA_FDR33"	"negative_LFC_is_stronger_dependency"	"ESCA-leaning"	-0.0768263694206087	-0.119961284678711	0.198797854098729	0.208395500143227	-0.328356784821938	-0.91864406779661	0.000699672195335755	0.00275354863970846	"stronger_in_organoids"	"not_flagged"	"C_weak_or_non_dependent"	"candidate_organoid_enhanced_dependency"	"cross-platform LFC scales; matched cell-line n=5; 576/930 ACH models annotated by DepMap 24Q2; non-significant classified as similar_or_not_resolved"	0.257367381325611	12	-0.275624223519338	-0.595937873357228	8.4240398427509e-34	59	5	22	930	0.00860215053763441	0	0.134847688673119	0.379353888245817	0.00766371546318059	-0.0199649737302977	0.938686448016944	0.331206380857428	0.0402363100114572	3.02274370828121e-33	0.0934973286508032	0.962350812252665	FALSE
"SMARCB1"	"arginine"	"class_B_in_scout_shortlist"	"negative_LFC_is_stronger_dependency"	"CRC-leaning"	-0.284102370854025	-0.320761394320517	-0.94132605426165	-0.757604955277561	0.436843560957044	0.510034602076125	0.000936838372730372	0.00357169629603454	"weaker_in_organoids"	"both_core_fitness_lists"	"B_selective_metabolic_dependency"	"general_common_fitness_dependency"	"cross-platform LFC scales; matched cell-line n=17; 576/930 ACH models annotated by DepMap 24Q2; non-significant classified as similar_or_not_resolved"	-0.834157617769569	1091	0.657223683407626	0.646130359750432	1.96231949383103e-39	85	17	22	930	0.837634408602151	0.764705882352941	0.194610662469703	0.241713143217931	0.0893118329726987	0.0535901926444833	0.836422260018259	-0.101096709870389	0.681486732385884	8.55010636597808e-39	0.351485278150621	0.921628560162777	FALSE
"SLC5A2"	"glucose transport"	"CRC_ESCA_FDR33"	"negative_LFC_is_stronger_dependency"	"CRC-leaning"	0.105926580977504	0.0508346905994937	0.11948756659956	0.213482917667878	-0.162648227068384	-0.508650519031142	0.000967332923954771	0.00357620050674188	"stronger_in_organoids"	"not_flagged"	"C_weak_or_non_dependent"	"candidate_organoid_enhanced_dependency"	"cross-platform LFC scales; matched cell-line n=17; 576/930 ACH models annotated by DepMap 24Q2; non-significant classified as similar_or_not_resolved"	0.0806719834034248	355	-0.0135609856220557	-0.0150935882118678	0.758895208951001	85	17	22	930	0.00752688172043011	0	0.116708534767262	0.448595180469326	0.00161466337232831	-0.0444833625218914	0.863920869631733	-0.346759720837488	0.0280403073393867	0.765167070182001	0.0328314885706757	0.932728726505056	FALSE
"PPP2R1A"	"glycolysis"	"CRC_ESCA_FDR33;class_B_in_scout_shortlist"	"negative_LFC_is_stronger_dependency"	"ESCA-leaning"	-0.362210596349573	-0.458567969601728	-1.35394178423115	-1.69914755029287	1.24057958069114	0.877966101694915	0.00119693369220241	0.00429487971907923	"weaker_in_organoids"	"both_core_fitness_lists"	"B_selective_metabolic_dependency"	"general_common_fitness_dependency"	"cross-platform LFC scales; matched cell-line n=5; 576/930 ACH models annotated by DepMap 24Q2; non-significant classified as similar_or_not_resolved"	-0.754259383455394	277	0.991731187881581	0.669865923270941	2.96780726701461e-42	59	5	22	930	0.867741935483871	1	0.228137128628151	0.34525939177102	0.0152292256147274	-0.124343257443082	0.631889582880118	0.345962113659023	0.0280403073393867	1.50863536073243e-41	0.123864368333116	0.886893903226295	FALSE
"SLC38A2"	"amino-acid transport;glutamine/glutamate"	"class_B_in_scout_shortlist"	"negative_LFC_is_stronger_dependency"	"ESCA-leaning"	-0.423773537631127	-0.434749806441842	-0.173627136248138	0.0956628046128229	-0.530412611054665	-0.871186440677966	0.00130629357374376	0.00455336617133538	"stronger_in_organoids"	"not_flagged"	"B_selective_metabolic_dependency"	"candidate_organoid_enhanced_dependency"	"cross-platform LFC scales; matched cell-line n=5; 576/930 ACH models annotated by DepMap 24Q2; non-significant classified as similar_or_not_resolved"	-0.188267280840981	19	-0.25014640138299	-0.32880658436214	2.28783123242115e-11	59	5	22	930	0.333333333333333	0	0.175499719306386	0.354730085236241	0.0126507490605483	0.50122591943958	0.0534681941484944	0.197208374875374	0.283501178948574	4.16590164709522e-11	0.11971550848208	0.660496654729209	FALSE
"ABCB7"	"OXPHOS;iron"	"class_B_in_scout_shortlist"	"negative_LFC_is_stronger_dependency"	"CRC-leaning"	-0.730760792588837	-0.726829179950215	-1.61764662452228	-1.35877247226583	0.631943292315616	0.492041522491349	0.00141238096412531	0.00478640215620245	"weaker_in_organoids"	"both_core_fitness_lists"	"B_selective_metabolic_dependency"	"general_common_fitness_dependency"	"cross-platform LFC scales; matched cell-line n=17; 576/930 ACH models annotated by DepMap 24Q2; non-significant classified as similar_or_not_resolved"	-1.5110443279882	1078	0.886885831933442	0.780592061595646	9.6640842286469e-57	85	17	22	930	0.974193548387097	0.882352941176471	0.204832694597833	0.19015047879617	0.181354191983636	0.354115586690017	0.172462353148996	-0.0580259222333001	0.847565298073998	6.9354016229113e-56	0.512288216178011	0.728560839918635	FALSE
"SPTSSA"	"sphingolipid"	"class_B_in_scout_shortlist"	"negative_LFC_is_stronger_dependency"	"ESCA-leaning"	-0.503123714036372	-0.548324578370418	-0.159202814706408	-0.0627609498339669	-0.485563628536451	-0.850847457627119	0.00169210631660374	0.00557937758447718	"stronger_in_organoids"	"not_flagged"	"B_selective_metabolic_dependency"	"candidate_organoid_enhanced_dependency"	"cross-platform LFC scales; matched cell-line n=5; 576/930 ACH models annotated by DepMap 24Q2; non-significant classified as similar_or_not_resolved"	-0.116925824320674	22	-0.343920899329964	-0.512850126111775	1.82925473190898e-25	59	5	22	930	0.281720430107527	0	0.209680415390011	-0.00305166789434919	0.982886174034915	0.204903677758319	0.42984808481613	0.0628115653040877	0.826086240951148	5.07202448392943e-25	0.987606777462071	0.886893903226295	FALSE
"RARS1"	"glycolysis"	"class_B_in_scout_shortlist"	"negative_LFC_is_stronger_dependency"	"CRC-leaning"	-0.589335537825114	-0.600905812328031	-0.957604505668909	-0.804565295624279	0.203659483296248	0.478200692041523	0.00192012380666324	0.00616460801086619	"weaker_in_organoids"	"both_core_fitness_lists"	"B_selective_metabolic_dependency"	"general_common_fitness_dependency"	"cross-platform LFC scales; matched cell-line n=17; 576/930 ACH models annotated by DepMap 24Q2; non-significant classified as similar_or_not_resolved"	-0.905690457070179	1068	0.368268967843795	0.541908934023629	3.06556048048723e-28	85	17	22	930	0.945161290322581	0.882352941176471	0.208649408394674	0.105124697463959	0.45994480793829	0.286865148861646	0.269058946838777	0.0404785643070789	0.897768727348732	9.34995946548606e-28	0.782398645929837	0.781552178912638	FALSE
"MMAA"	"fatty-acid oxidation;vitamin B12"	"class_B_in_scout_shortlist"	"negative_LFC_is_stronger_dependency"	"ESCA-leaning"	-0.266751658907334	-0.297851154893416	-0.0348960284470126	-0.00321612394450978	-0.294635030948906	-0.816949152542373	0.00257434456076694	0.00805307785675812	"stronger_in_organoids"	"not_flagged"	"B_selective_metabolic_dependency"	"candidate_organoid_enhanced_dependency"	"cross-platform LFC scales; matched cell-line n=5; 576/930 ACH models annotated by DepMap 24Q2; non-significant classified as similar_or_not_resolved"	-0.0258681291841401	27	-0.231855630460321	-0.490707553431568	1.88999908007821e-23	59	5	22	930	0.0870967741935484	0	0.167645719133798	-0.238556245396191	0.0935720735134569	0.0907180385288966	0.726700531143846	0.225523429710867	0.202624176208323	4.61159775539083e-23	0.353486570756569	0.903030067836528	FALSE
"SC5D"	"cholesterol/isoprenoid"	"class_B_in_scout_shortlist"	"negative_LFC_is_stronger_dependency"	"ESCA-leaning"	-0.37423036967833	-0.419941873233309	0.00356653089480475	-0.0931988311068111	-0.326743042126498	-0.803389830508475	0.00303243637339939	0.00924893093886813	"stronger_in_organoids"	"not_flagged"	"B_selective_metabolic_dependency"	"candidate_organoid_enhanced_dependency"	"cross-platform LFC scales; matched cell-line n=5; 576/930 ACH models annotated by DepMap 24Q2; non-significant classified as similar_or_not_resolved"	0.0578516614453584	29	-0.377796900573135	-0.641377937076862	7.00450086235624e-39	59	5	22	930	0.104301075268817	0.2	0.17977723334739	-0.0470377775439335	0.740919599061544	-0.139754816112084	0.59026882943329	0.304486540378863	0.0544044962892161	2.94672105243952e-38	0.852443378612795	0.886893903226295	FALSE
"TYMS"	"folate;serine/glycine/one-carbon"	"CRC_ESCA_FDR33;class_B_in_scout_shortlist"	"negative_LFC_is_stronger_dependency"	"ESCA-leaning"	-0.403480125112645	-0.600638578454718	-0.277442340622268	-0.028795886057907	-0.571842692396811	-0.776271186440678	0.00417845657389806	0.0124334561467211	"stronger_in_organoids"	"not_flagged"	"B_selective_metabolic_dependency"	"candidate_organoid_enhanced_dependency"	"cross-platform LFC scales; matched cell-line n=5; 576/930 ACH models annotated by DepMap 24Q2; non-significant classified as similar_or_not_resolved"	-0.385676218736175	33	-0.126037784490377	-0.0405548918093721	0.409545403458236	59	5	22	930	0.459139784946237	0.2	0.308006583059191	-0.09586446385352	0.500409148910616	0.365323992994746	0.159273828793885	0.411764705882353	0.0124730429895565	0.427047343776964	0.786256838493503	0.728560839918635	FALSE
"COX4I1"	"OXPHOS"	"class_B_in_scout_shortlist"	"negative_LFC_is_stronger_dependency"	"CRC-leaning"	-0.419923838570426	-0.477657172554779	-0.222796249937198	-0.114980556277992	-0.362676616276787	-0.432525951557093	0.00501602476587645	0.0145703576532602	"stronger_in_organoids"	"not_flagged"	"B_selective_metabolic_dependency"	"candidate_organoid_enhanced_dependency"	"cross-platform LFC scales; matched cell-line n=17; 576/930 ACH models annotated by DepMap 24Q2; non-significant classified as similar_or_not_resolved"	-0.320325163159401	410	-0.197127588633228	-0.353444842692154	6.60418424445379e-13	85	17	22	930	0.356989247311828	0.294117647058824	0.199235470369695	0.00536672629695878	0.969908100788178	-0.31768826619965	0.220956976040898	-0.126620139581256	0.57834754843172	1.27890552035454e-12	0.987606777462071	0.728560839918635	FALSE
"FBXL5"	"iron"	"class_B_in_scout_shortlist"	"negative_LFC_is_stronger_dependency"	"ESCA-leaning"	-0.170958499788757	-0.231069836929787	0.111183974231078	0.117903196738471	-0.348973033668258	-0.735593220338983	0.00664224715592604	0.018845445419139	"stronger_in_organoids"	"not_flagged"	"B_selective_metabolic_dependency"	"candidate_organoid_enhanced_dependency"	"cross-platform LFC scales; matched cell-line n=5; 576/930 ACH models annotated by DepMap 24Q2; non-significant classified as similar_or_not_resolved"	0.149385123722549	39	-0.282142474019836	-0.580751360679676	3.47698976571556e-32	59	5	22	930	0.056989247311828	0	0.182829054881232	0.163001157529201	0.251894341757602	0.1215411558669	0.639589357444937	0.27098703888335	0.0965201558584991	1.21197928976371e-31	0.588331662603415	0.886893903226295	FALSE
"ALDH3A2"	"BCAA;arginine;glycolysis;sphingolipid;tryptophan"	"CRC_ESCA_FDR33"	"negative_LFC_is_stronger_dependency"	"ESCA-leaning"	-0.00671046655153455	-0.0972711081175123	0.195072492874969	0.141143151622769	-0.238414259740282	-0.708474576271186	0.00894360087363279	0.0237199849257217	"stronger_in_organoids"	"not_flagged"	"C_weak_or_non_dependent"	"candidate_organoid_enhanced_dependency"	"cross-platform LFC scales; matched cell-line n=5; 576/930 ACH models annotated by DepMap 24Q2; non-significant classified as similar_or_not_resolved"	0.146824540307489	43	-0.201782959426503	-0.598778707022435	4.15640499243526e-34	59	5	22	930	0.0043010752688172	0	0.135703251876726	0.12469746395875	0.380748640777982	-0.275656742556918	0.288213615848386	0.325623130608175	0.043625362864637	1.53661033053667e-33	0.773658732062208	0.799137753034161	FALSE
"ADSL"	"glutamine/glutamate"	"class_B_in_scout_shortlist"	"negative_LFC_is_stronger_dependency"	"CRC-leaning"	-0.50292836983225	-0.504120559060876	-0.883176153784217	-1.15369757412807	0.649577015067191	0.404844290657439	0.00862886095517886	0.0237199849257217	"weaker_in_organoids"	"not_flagged"	"B_selective_metabolic_dependency"	"cellline_stronger_dependency"	"cross-platform LFC scales; matched cell-line n=17; 576/930 ACH models annotated by DepMap 24Q2; non-significant classified as similar_or_not_resolved"	-1.2402912036762	1015	0.380247783951968	0.306995884773662	4.29701237583478e-10	85	17	22	930	0.739784946236559	0.705882352941177	0.189151860633678	-0.109965274123961	0.439544340498693	0.0528896672504378	0.83853090309892	0.0484546360917249	0.874494608710503	7.18130835413484e-10	0.777165355664355	0.921628560162777	FALSE
"SOD1"	"glycolysis"	"class_B_in_scout_shortlist"	"negative_LFC_is_stronger_dependency"	"CRC-leaning"	-0.758132215072301	-0.792385611122049	-1.59577936572178	-1.33435070133681	0.541965090214763	0.403460207612457	0.00885922006742739	0.0237199849257217	"weaker_in_organoids"	"both_core_fitness_lists"	"B_selective_metabolic_dependency"	"general_common_fitness_dependency"	"cross-platform LFC scales; matched cell-line n=17; 576/930 ACH models annotated by DepMap 24Q2; non-significant classified as similar_or_not_resolved"	-1.3907198201969	1014	0.837647150649479	0.703955927253418	1.76059564971317e-46	85	17	22	930	0.953763440860215	0.882352941176471	0.212059751650696	0.284436493738819	0.0455707094219457	0.111033274956217	0.668805238498518	-0.249850448654038	0.141080414347963	1.02282223459527e-45	0.222223173832109	0.886893903226295	FALSE
"GPI"	"OXPHOS;PPP;glycolysis"	"CRC_ESCA_FDR33"	"negative_LFC_is_stronger_dependency"	"CRC-leaning"	-0.225176111717706	-0.274918918160664	-0.239483018130133	-0.0600983444761072	-0.214820573684557	-0.397923875432526	0.00983655426702431	0.0255331834165312	"stronger_in_organoids"	"not_flagged"	"C_weak_or_non_dependent"	"candidate_organoid_enhanced_dependency"	"cross-platform LFC scales; matched cell-line n=17; 576/930 ACH models annotated by DepMap 24Q2; non-significant classified as similar_or_not_resolved"	-0.0661652488665947	435	0.0143069064124269	0.0731050046462234	0.137118218614266	85	17	22	930	0.410752688172043	0.117647058823529	0.137936424332718	0.28212143533621	0.0473590370461873	-0.214711033274956	0.408102541017658	-0.3678963110668	0.019559745952378	0.154892802508708	0.222223173832109	0.873482631651829	FALSE
"NDUFAF1"	"OXPHOS"	"class_B_in_scout_shortlist;top_OXPHOS_interpreter"	"negative_LFC_is_stronger_dependency"	"CRC-leaning"	-0.401956264112964	-0.471872452170158	-0.281358850993572	-0.232642645508099	-0.239229806662059	-0.391003460207612	0.0111926270760123	0.0278673572096633	"stronger_in_organoids"	"DepMap_inferred_common_essential"	"B_selective_metabolic_dependency"	"candidate_organoid_enhanced_dependency"	"cross-platform LFC scales; matched cell-line n=17; 576/930 ACH models annotated by DepMap 24Q2; non-significant classified as similar_or_not_resolved"	-0.563770685762236	440	-0.120597413119392	-0.167383512544803	0.000664588794443284	85	17	22	930	0.429032258064516	0.294117647058824	0.192241962485608	0.0556666315900243	0.695583369668223	-0.078108581436077	0.763463095351487	-0.216350947158524	0.225937142607153	0.000942788754907914	0.848611710995232	0.921628560162777	FALSE
"NDUFB10"	"OXPHOS"	"class_B_in_scout_shortlist"	"negative_LFC_is_stronger_dependency"	"CRC-leaning"	-0.493835514395151	-0.543310678074514	-0.386934258322765	-0.301236792200669	-0.242073885873845	-0.391003460207612	0.0111926270760123	0.0278673572096633	"stronger_in_organoids"	"DepMap_inferred_common_essential"	"B_selective_metabolic_dependency"	"candidate_organoid_enhanced_dependency"	"cross-platform LFC scales; matched cell-line n=17; 576/930 ACH models annotated by DepMap 24Q2; non-significant classified as similar_or_not_resolved"	-0.521755904127668	440	-0.106901256072386	-0.126005575467941	0.0103965005051293	85	17	22	930	0.527956989247312	0.294117647058824	0.1731252220498	0.0769230769230769	0.588711491644608	-0.341506129597198	0.18825704920099	-0.24666001994018	0.146752448163889	0.0132122193919352	0.841560062820988	0.728560839918635	FALSE
"WDR77"	"arginine"	"class_B_in_scout_shortlist"	"negative_LFC_is_stronger_dependency"	"CRC-leaning"	-0.730598951303442	-0.773975390663729	-1.44479922779074	-1.20882703201476	0.434851641351033	0.379930795847751	0.0137092460866385	0.033450560451398	"weaker_in_organoids"	"both_core_fitness_lists"	"B_selective_metabolic_dependency"	"general_common_fitness_dependency"	"cross-platform LFC scales; matched cell-line n=17; 576/930 ACH models annotated by DepMap 24Q2; non-significant classified as similar_or_not_resolved"	-1.33850660839285	997	0.714200276487297	0.620164609053498	1.83176099191075e-36	85	17	22	930	0.938709677419355	0.941176470588235	0.154200430517919	0.196253814584868	0.167741147830276	0.143957968476357	0.579140662048696	-0.219142572283151	0.217585608294316	7.20886583913261e-36	0.48724809607842	0.886893903226295	FALSE
"NFYA"	"cholesterol/isoprenoid"	"class_B_in_scout_shortlist"	"negative_LFC_is_stronger_dependency"	"ESCA-leaning"	-0.501797858489553	-0.54877420923525	-0.371006508641832	-0.241767858510416	-0.307006350724834	-0.661016949152542	0.0147243631460368	0.0352229863493429	"stronger_in_organoids"	"not_flagged"	"B_selective_metabolic_dependency"	"candidate_organoid_enhanced_dependency"	"cross-platform LFC scales; matched cell-line n=5; 576/930 ACH models annotated by DepMap 24Q2; non-significant classified as similar_or_not_resolved"	-0.253955472542555	50	-0.130791349847721	-0.173529802203637	0.000417492646323651	59	5	22	930	0.534408602150538	0.2	0.210830563930772	0.112490792381353	0.429110231768876	0.319789842381786	0.217917575914286	0.187637088733799	0.310123339728748	0.00059922473942924	0.777165355664355	0.728560839918635	FALSE
"TIMMDC1"	"OXPHOS"	"CRC_ESCA_FDR33;class_B_in_scout_shortlist;top_OXPHOS_interpreter"	"negative_LFC_is_stronger_dependency"	"CRC-leaning"	-0.215926350614537	-0.308822691939993	-0.256100563537475	-0.123934688433732	-0.184888003506261	-0.363321799307959	0.0184211434275392	0.0432188365030727	"stronger_in_organoids"	"not_flagged"	"B_selective_metabolic_dependency"	"candidate_organoid_enhanced_dependency"	"cross-platform LFC scales; matched cell-line n=17; 576/930 ACH models annotated by DepMap 24Q2; non-significant classified as similar_or_not_resolved"	-0.38833023404672	460	0.0401742129229384	0.0494889154387361	0.314237861815589	85	17	22	930	0.372043010752688	0.117647058823529	0.135880693283663	0.13248447858571	0.351722262692465	-0.143957968476357	0.579140662048696	-0.351545363908275	0.0270688772602424	0.339265656119485	0.752809053482117	0.886893903226295	FALSE
"HMMR"	"glycolysis"	"CRC_ESCA_FDR33"	"negative_LFC_is_stronger_dependency"	"CRC-leaning"	-0.193859930179129	-0.266711233528811	0.0168457837867403	-0.114685940984075	-0.152025292544736	-0.361937716262976	0.0188713194388951	0.0434396409725509	"stronger_in_organoids"	"not_flagged"	"C_weak_or_non_dependent"	"candidate_organoid_enhanced_dependency"	"cross-platform LFC scales; matched cell-line n=17; 576/930 ACH models annotated by DepMap 24Q2; non-significant classified as similar_or_not_resolved"	-0.0246984332188247	461	-0.210705713965869	-0.469799548652595	1.25397324203483e-21	85	17	22	930	0.0774193548387097	0.0588235294117647	0.149176563453644	-0.369251815216248	0.00944456973896843	0.192294220665499	0.458772267287344	-0.330807577268195	0.0402363100114572	2.88650444392924e-21	0.10474886437765	0.886893903226295	FALSE
"MBTPS1"	"cholesterol/isoprenoid"	"class_B_in_scout_shortlist"	"negative_LFC_is_stronger_dependency"	"ESCA-leaning"	-0.796005283454734	-0.810251183824512	-0.678547537722379	-1.05772911476686	0.24747793094235	0.620338983050847	0.0220798919434283	0.0489772148563319	"weaker_in_organoids"	"not_flagged"	"B_selective_metabolic_dependency"	"cellline_stronger_dependency"	"cross-platform LFC scales; matched cell-line n=5; 576/930 ACH models annotated by DepMap 24Q2; non-significant classified as similar_or_not_resolved"	-0.738332564045716	239	-0.117457745732355	-0.145280764635603	0.00313358131694349	59	5	22	930	0.666666666666667	1	0.197775800188335	-0.0198884562769651	0.888818779140611	-0.536952714535902	0.0385678494491857	-0.00618145563310069	0.979149410925908	0.00411071957706566	0.937251339985605	0.660496654729209	FALSE
"ATP6V0D1"	"OXPHOS;iron"	"class_B_in_scout_shortlist"	"negative_LFC_is_stronger_dependency"	"ESCA-leaning"	-0.765979194998266	-0.807392491272755	-1.45040557061865	-1.20185376363808	0.394461272365323	0.620338983050847	0.0220798919434283	0.0489772148563319	"weaker_in_organoids"	"both_core_fitness_lists"	"B_selective_metabolic_dependency"	"general_common_fitness_dependency"	"cross-platform LFC scales; matched cell-line n=5; 576/930 ACH models annotated by DepMap 24Q2; non-significant classified as similar_or_not_resolved"	-1.51909182046524	239	0.684426375620383	0.630718173370503	1.17548433811718e-37	59	5	22	930	0.963440860215054	1	0.179544494558529	-0.0240976533726192	0.865492934741029	0.168476357267951	0.516270716601731	0.172482552342971	0.371879837575243	4.78030297500985e-37	0.927474630776748	0.886893903226295	FALSE
"CTNNB1"	"cholesterol/isoprenoid"	"CRC_ESCA_FDR33"	"negative_LFC_is_stronger_dependency"	"CRC-leaning"	-1.16720600591303	-1.36718626808376	0.0826946219162208	-2.18200517704651	0.814818908962745	0.350865051903114	0.0228322761232621	0.0497417444113925	"weaker_in_organoids"	"not_flagged"	"A_common_metabolic_essential"	"lineage_associated_dependency"	"cross-platform LFC scales; matched cell-line n=17; 576/930 ACH models annotated by DepMap 24Q2; non-significant classified as similar_or_not_resolved"	-0.302037168295112	976	-1.24990062782925	-0.785782556750299	1.78749972372392e-57	85	17	22	930	0.147311827956989	0.764705882352941	0.359336243305772	-0.735872882247711	2.30903202880258e-07	0.26584938704028	0.305711118494506	-0.325224327018943	0.043625362864637	1.36296853933949e-56	2.81701907513915e-05	0.810799053398471	TRUE
"CAD"	"glutamine/glutamate"	"class_B_in_scout_shortlist"	"negative_LFC_is_stronger_dependency"	"CRC-leaning"	-0.800850482437894	-0.807890041071788	-0.213138122526378	-0.436628224632147	-0.371261816439641	-0.348096885813149	0.023928762970787	0.0512159488146668	"similar_or_not_resolved"	"not_flagged"	"B_selective_metabolic_dependency"	"limited_or_mixed_external_support"	"cross-platform LFC scales; matched cell-line n=17; 576/930 ACH models annotated by DepMap 24Q2; non-significant classified as similar_or_not_resolved"	-0.506383746919848	471	-0.587712359911516	-0.560002654984734	4.81011932080029e-30	85	17	22	930	0.389247311827957	0.470588235294118	0.199924784335351	-0.204040829211828	0.151505354750206	-0.144658493870403	0.57729558695414	-0.0747756729810568	0.794742231458424	1.58603934361523e-29	0.457133030195343	0.886893903226295	FALSE
"NFYC"	"cholesterol/isoprenoid"	"class_B_in_scout_shortlist"	"negative_LFC_is_stronger_dependency"	"ESCA-leaning"	-0.5405271601624	-0.62629880536357	-0.901583894799764	-0.886443750944896	0.260144945581326	0.593220338983051	0.0286022519824376	0.0595186677418318	"similar_or_not_resolved"	"both_core_fitness_lists"	"B_selective_metabolic_dependency"	"general_common_fitness_dependency"	"cross-platform LFC scales; matched cell-line n=5; 576/930 ACH models annotated by DepMap 24Q2; non-significant classified as similar_or_not_resolved"	-0.891544050695847	235	0.361056734637364	0.576968007433957	8.65587663092147e-32	59	5	22	930	0.926881720430108	1	0.177201838330739	-0.120067347153531	0.398685093462949	-0.100525394045534	0.698531442590938	0.0955134596211367	0.70943189288362	2.93338041381228e-31	0.773658732062208	0.903030067836528	FALSE
"NDUFB9"	"OXPHOS"	"class_B_in_scout_shortlist"	"negative_LFC_is_stronger_dependency"	"CRC-leaning"	-0.391627851647431	-0.438102810623421	-0.592709216631174	-0.607867179256084	0.169764368632663	0.337024221453287	0.0287836180062957	0.0595186677418318	"similar_or_not_resolved"	"DepMap_inferred_common_essential"	"B_selective_metabolic_dependency"	"general_common_fitness_dependency"	"cross-platform LFC scales; matched cell-line n=17; 576/930 ACH models annotated by DepMap 24Q2; non-significant classified as similar_or_not_resolved"	-0.725755613774005	966	0.201081364983744	0.378906146289659	1.30688232738224e-14	85	17	22	930	0.747311827956989	0.705882352941177	0.172145301672706	-0.00220982847521833	0.987606777462071	-0.24553415061296	0.344152423595302	-0.174875373878365	0.358691978428547	2.65732739901055e-14	0.987606777462071	0.833183683461554	FALSE
"STX5"	"cholesterol/isoprenoid"	"class_B_in_scout_shortlist"	"negative_LFC_is_stronger_dependency"	"ESCA-leaning"	-0.904411361877134	-1.06940885476121	-0.269886573783433	-0.57954812824085	-0.48986072652036	-0.566101694915254	0.0367202934077194	0.0734405868154388	"similar_or_not_resolved"	"DepMap_inferred_common_essential"	"B_selective_metabolic_dependency"	"general_common_fitness_dependency"	"cross-platform LFC scales; matched cell-line n=5; 576/930 ACH models annotated by DepMap 24Q2; non-significant classified as similar_or_not_resolved"	0.242374273416213	64	-0.634524788093702	-0.423483339970795	7.20228217417054e-18	59	5	22	930	0.449462365591398	0.8	0.260032264780929	-0.0695569820056824	0.624893543327843	-0.111033274956217	0.668805238498518	0.233100697906281	0.180838006637846	1.56906861651572e-17	0.841560062820988	0.886893903226295	FALSE
"APOC1"	"cholesterol/isoprenoid"	"class_B_in_scout_shortlist"	"negative_LFC_is_stronger_dependency"	"ESCA-leaning"	-0.236319772152419	-0.283526315755472	-0.162292469392943	0.00368166508509016	-0.287207980840562	-0.566101694915254	0.0367202934077194	0.0734405868154388	"similar_or_not_resolved"	"not_flagged"	"B_selective_metabolic_dependency"	"limited_or_mixed_external_support"	"cross-platform LFC scales; matched cell-line n=5; 576/930 ACH models annotated by DepMap 24Q2; non-significant classified as similar_or_not_resolved"	-0.0962501748799549	64	-0.0740273027594759	-0.164078056551175	0.000848195569191609	59	5	22	930	0.217204301075269	0	0.170197683082702	-0.237083026412712	0.095615219958744	0.307880910683012	0.235542657803342	0.212362911266201	0.236602774050284	0.001175907493652	0.353486570756569	0.734785889174976	FALSE
"ATP6V0B"	"OXPHOS;iron"	"class_B_in_scout_shortlist"	"negative_LFC_is_stronger_dependency"	"ESCA-leaning"	-0.788630359228749	-0.859322349796079	-1.0699548590091	-1.12932844981175	0.270006100015671	0.552542372881356	0.0414672173133985	0.0803015954322955	"similar_or_not_resolved"	"both_core_fitness_lists"	"B_selective_metabolic_dependency"	"general_common_fitness_dependency"	"cross-platform LFC scales; matched cell-line n=5; 576/930 ACH models annotated by DepMap 24Q2; non-significant classified as similar_or_not_resolved"	-1.12834868703929	229	0.281324499780347	0.339187574671446	5.29389341766024e-12	59	5	22	930	0.896774193548387	1	0.168091225821265	-0.209933705145744	0.140036146549959	-0.0851138353765324	0.742967565218837	0.222731804586241	0.21049548210639	1.00914843274148e-11	0.449589733660393	0.906420429566982	FALSE
"SUPV3L1"	"OXPHOS"	"class_B_in_scout_shortlist"	"negative_LFC_is_stronger_dependency"	"CRC-leaning"	-0.839189778858111	-0.873829628729388	-1.03770329375703	-0.998605311534138	0.12477568280475	0.314878892733564	0.0410752037599934	0.0803015954322955	"similar_or_not_resolved"	"both_core_fitness_lists"	"B_selective_metabolic_dependency"	"general_common_fitness_dependency"	"cross-platform LFC scales; matched cell-line n=17; 576/930 ACH models annotated by DepMap 24Q2; non-significant classified as similar_or_not_resolved"	-1.332877564287	950	0.198513514898921	0.241178813221824	9.36982656216595e-07	85	17	22	930	0.895698924731183	0.941176470588235	0.159389605493619	-0.105545617173524	0.458150080810325	-0.51523642732049	0.0471333733196054	-0.0795613160518445	0.775142799238345	1.41125782788179e-06	0.782398645929837	0.660496654729209	FALSE
"SLC39A7"	"zinc"	"class_B_in_scout_shortlist"	"negative_LFC_is_stronger_dependency"	"ESCA-leaning"	-0.743592218766465	-0.753438586710718	-1.17454624214327	-1.21076918824791	0.45733060153719	0.545762711864407	0.044029327640878	0.0827479634349732	"similar_or_not_resolved"	"both_core_fitness_lists"	"B_selective_metabolic_dependency"	"general_common_fitness_dependency"	"cross-platform LFC scales; matched cell-line n=5; 576/930 ACH models annotated by DepMap 24Q2; non-significant classified as similar_or_not_resolved"	-1.12896941388714	228	0.43095402337681	0.457214921014204	1.43678569622906e-20	59	5	22	930	0.943010752688172	1	0.227536489782838	-0.275807639692729	0.0525385493917951	0.0402802101576183	0.87667046911918	0.178065802592223	0.345692364202538	3.24607138777677e-20	0.236077834685462	0.93819120379421	FALSE
"UBA52"	"OXPHOS;iron"	"top_OXPHOS_interpreter"	"negative_LFC_is_stronger_dependency"	"CRC-leaning"	-1.63955257049696	-1.69749952524931	-1.92777760269268	-1.8274652224483	0.129965697198988	0.309342560553633	0.0447652916943298	0.0827479634349732	"similar_or_not_resolved"	"both_core_fitness_lists"	"A_common_metabolic_essential"	"general_common_fitness_dependency"	"cross-platform LFC scales; matched cell-line n=17; 576/930 ACH models annotated by DepMap 24Q2; non-significant classified as similar_or_not_resolved"	-1.82775404582343	946	0.288225032195727	0.386552502323112	3.82169633680343e-15	85	17	22	930	0.998924731182796	1	0.208014493869185	0.0522992739135011	0.713156843311023	0.243432574430823	0.348298097184748	-0.226321036889332	0.202624176208323	7.90249073033929e-15	0.852443378612795	0.833183683461554	FALSE
"HSCB"	"OXPHOS;iron"	"class_B_in_scout_shortlist;top_OXPHOS_interpreter"	"negative_LFC_is_stronger_dependency"	"CRC-leaning"	-0.421912899002692	-0.471086570590686	-0.679521815713298	-0.386833793058663	-0.0842527775320233	-0.309342560553633	0.0447652916943298	0.0827479634349732	"similar_or_not_resolved"	"DepMap_inferred_common_essential"	"B_selective_metabolic_dependency"	"general_common_fitness_dependency"	"cross-platform LFC scales; matched cell-line n=17; 576/930 ACH models annotated by DepMap 24Q2; non-significant classified as similar_or_not_resolved"	-0.597459439762505	499	0.257608916710606	0.325049780963759	3.84401184786757e-11	85	17	22	930	0.724731182795699	0.411764705882353	0.196943016100777	0.468378406818899	0.000993700793327361	-0.130647985989492	0.614711355857921	-0.282951146560319	0.0788246946631263	6.89660949176241e-11	0.0242462993571876	0.886893903226295	FALSE
"ATP6V1G1"	"OXPHOS;iron"	"class_B_in_scout_shortlist"	"negative_LFC_is_stronger_dependency"	"ESCA-leaning"	-0.764809504731112	-0.800746981273757	-1.49448084825368	-1.1986961813005	0.39794920002674	0.538983050847458	0.0467238116801899	0.0838280150732818	"similar_or_not_resolved"	"both_core_fitness_lists"	"B_selective_metabolic_dependency"	"general_common_fitness_dependency"	"cross-platform LFC scales; matched cell-line n=5; 576/930 ACH models annotated by DepMap 24Q2; non-significant classified as similar_or_not_resolved"	-1.62851820919573	227	0.729671343522565	0.710460639851321	2.60347233836089e-47	59	5	22	930	0.952688172043011	1	0.186442748762713	-0.0605072082500263	0.670607416311074	0.404553415061296	0.119076654153165	0.200797607178465	0.268145925020559	1.58811812640014e-46	0.841560062820988	0.669787153761567	FALSE
"NDUFA6"	"OXPHOS"	"CRC_ESCA_FDR33;class_B_in_scout_shortlist;top_OXPHOS_interpreter"	"negative_LFC_is_stronger_dependency"	"CRC-leaning"	-0.287928195145618	-0.387404807651751	-0.481725068906723	-0.511277427602359	0.123872619950608	0.306574394463668	0.0467128131342876	0.0838280150732818	"similar_or_not_resolved"	"not_flagged"	"B_selective_metabolic_dependency"	"limited_or_mixed_external_support"	"cross-platform LFC scales; matched cell-line n=17; 576/930 ACH models annotated by DepMap 24Q2; non-significant classified as similar_or_not_resolved"	-0.764358400792893	944	0.193796873761106	0.32159830080977	6.16085592129217e-11	85	17	22	930	0.626881720430108	0.705882352941177	0.142433564028698	-0.119856887298748	0.399512296064911	-0.217513134851138	0.402012013842514	-0.406181455633101	0.0124730429895565	1.08931075709804e-10	0.773658732062208	0.873482631651829	FALSE
"NDUFAF3"	"OXPHOS"	"CRC_ESCA_FDR33;class_B_in_scout_shortlist;top_OXPHOS_interpreter"	"negative_LFC_is_stronger_dependency"	"CRC-leaning"	-0.262867182326593	-0.320369750552889	-0.230652370422969	-0.210650562045283	-0.109719188507606	-0.294117647058823	0.0563806262213649	0.0996874840435727	"similar_or_not_resolved"	"not_flagged"	"B_selective_metabolic_dependency"	"limited_or_mixed_external_support"	"cross-platform LFC scales; matched cell-line n=17; 576/930 ACH models annotated by DepMap 24Q2; non-significant classified as similar_or_not_resolved"	-0.332879865017024	510	-0.032214811903624	-0.090442054958184	0.065891384252876	85	17	22	930	0.367741935483871	0.352941176470588	0.159425068922711	0.069767441860465	0.623846544276567	-0.42276707530648	0.103348078833671	-0.319242273180459	0.049408235812796	0.0780461056199114	0.841560062820988	0.669787153761567	FALSE
"PDSS2"	"cholesterol/isoprenoid"	"CRC_ESCA_FDR33"	"negative_LFC_is_stronger_dependency"	"CRC-leaning"	-0.162077673363333	-0.242488609778966	-0.0291148631710317	-0.163859272885084	-0.0786293368938817	-0.292733564013841	0.0575509698160959	0.100303118822339	"similar_or_not_resolved"	"not_flagged"	"C_weak_or_non_dependent"	"limited_or_mixed_external_support"	"cross-platform LFC scales; matched cell-line n=17; 576/930 ACH models annotated by DepMap 24Q2; non-significant classified as similar_or_not_resolved"	-0.0890632176181985	511	-0.132962810192301	-0.269122527545467	4.43295073267114e-08	85	17	22	930	0.163440860215054	0.117647058823529	0.145546989208037	-0.16994633273703	0.23225155056674	-0.143257443082312	0.580988501219578	-0.322432701894317	0.0454276990378028	6.93358960751128e-08	0.555582140571416	0.886893903226295	FALSE
"MRPL34"	"OXPHOS"	"class_B_in_scout_shortlist"	"negative_LFC_is_stronger_dependency"	"CRC-leaning"	-0.665932190527145	-0.715019554073969	-0.887215858440326	-0.900783230412635	0.185763676338666	0.28719723183391	0.0624361164104505	0.107284594395422	"similar_or_not_resolved"	"both_core_fitness_lists"	"B_selective_metabolic_dependency"	"general_common_fitness_dependency"	"cross-platform LFC scales; matched cell-line n=17; 576/930 ACH models annotated by DepMap 24Q2; non-significant classified as similar_or_not_resolved"	-0.883771107375151	930	0.221283667913181	0.313208549050843	1.90048507721165e-10	85	17	22	930	0.870967741935484	0.823529411764706	0.180582781396252	-0.110807113543092	0.436050221316064	-0.25954465849387	0.317324021767673	-0.156530408773679	0.431710067591559	3.2656222453496e-10	0.777165355664355	0.823692141609703	FALSE
"GMPPB"	"glycolysis"	"CRC_ESCA_FDR33;class_B_in_scout_shortlist"	"negative_LFC_is_stronger_dependency"	"CRC-leaning"	-0.798849227392515	-0.901135444474168	-1.18579616628844	-1.34719907143335	0.446063626959181	0.285813148788927	0.0637095956967213	0.107952370486111	"similar_or_not_resolved"	"both_core_fitness_lists"	"B_selective_metabolic_dependency"	"general_common_fitness_dependency"	"cross-platform LFC scales; matched cell-line n=17; 576/930 ACH models annotated by DepMap 24Q2; non-significant classified as similar_or_not_resolved"	-1.59615874605936	929	0.386946938895921	0.356697198991106	4.06056642116781e-13	85	17	22	930	0.893548387096774	0.764705882352941	0.169509313051575	-0.0327265074187099	0.818060940186894	0.0374781085814362	0.885188226953112	-0.381056829511466	0.0147802701811314	7.99014682874956e-13	0.913707647043414	0.939069249463302	FALSE
"MFN2"	"OXPHOS"	"class_B_in_scout_shortlist"	"negative_LFC_is_stronger_dependency"	"CRC-leaning"	-0.760321213204759	-0.80940398095326	-0.73500487456598	-0.656121619835926	-0.153282361117334	-0.2719723183391	0.077662202507282	0.12979162610806	"similar_or_not_resolved"	"DepMap_inferred_common_essential"	"B_selective_metabolic_dependency"	"general_common_fitness_dependency"	"cross-platform LFC scales; matched cell-line n=17; 576/930 ACH models annotated by DepMap 24Q2; non-significant classified as similar_or_not_resolved"	-0.821550492184351	526	-0.0253163386387787	-0.0457586618876942	0.352105094033735	85	17	22	930	0.8	0.705882352941177	0.166012550031995	0.116699989477007	0.41204382455906	-0.598598949211909	0.0210950825596026	-0.193619142572283	0.294553543845141	0.376814223439611	0.777165355664355	0.660496654729209	FALSE
"ARF1"	"sphingolipid"	"class_B_in_scout_shortlist"	"negative_LFC_is_stronger_dependency"	"ESCA-leaning"	-0.353226706178896	-0.383948564036763	-0.245993116450644	-0.121877465882285	-0.262071098154478	-0.471186440677966	0.0820994628688166	0.135353168513454	"similar_or_not_resolved"	"not_flagged"	"B_selective_metabolic_dependency"	"limited_or_mixed_external_support"	"cross-platform LFC scales; matched cell-line n=5; 576/930 ACH models annotated by DepMap 24Q2; non-significant classified as similar_or_not_resolved"	-0.301030733329753	78	-0.107233589728252	-0.179715916633479	0.000257615185016718	59	5	22	930	0.39247311827957	0.2	0.187433671209786	0.0971272229822162	0.494782366968858	0.104728546409807	0.686582270383768	-0.0257228315054836	0.933745538388734	0.000374155387762377	0.786256838493503	0.900677817062577	FALSE
"APIP"	"methionine"	"class_B_in_scout_shortlist"	"negative_LFC_is_stronger_dependency"	"ESCA-leaning"	-0.127704070987331	-0.144823950249674	-0.183724003600961	-0.0199098961393651	-0.124914054110309	-0.430508474576271	0.112165517292318	0.182455908128837	"similar_or_not_resolved"	"not_flagged"	"B_selective_metabolic_dependency"	"limited_or_mixed_external_support"	"cross-platform LFC scales; matched cell-line n=5; 576/930 ACH models annotated by DepMap 24Q2; non-significant classified as similar_or_not_resolved"	-0.0208059045161761	84	0.0560199326136298	0.0751493428912784	0.126467675028099	59	5	22	930	0.266666666666667	0	0.221704293798906	0.177943807218773	0.211009461139091	0.366024518388792	0.158475608782942	0.161316051844467	0.407671328006078	0.144196788349795	0.537689150597231	0.728560839918635	FALSE
"ENPP7"	"sphingolipid"	"class_B_in_scout_shortlist"	"negative_LFC_is_stronger_dependency"	"ESCA-leaning"	-0.266352597872295	-0.282259904780872	-0.0705991384121077	-0.155096811571303	-0.127163093209569	-0.416949152542373	0.123925930852063	0.198933731104627	"similar_or_not_resolved"	"not_flagged"	"B_selective_metabolic_dependency"	"limited_or_mixed_external_support"	"cross-platform LFC scales; matched cell-line n=5; 576/930 ACH models annotated by DepMap 24Q2; non-significant classified as similar_or_not_resolved"	-0.0991868472774616	86	-0.195753459460187	-0.472228859684057	7.77320402867431e-22	59	5	22	930	0.133333333333333	0.2	0.167758277051389	0.120277807008313	0.397858923006853	-0.00105078809106829	0.996769797162151	0.0205383848454637	0.951048227996856	1.82371325288128e-21	0.773658732062208	0.996769797162151	FALSE
"AHCYL1"	"methionine"	"class_B_in_scout_shortlist"	"negative_LFC_is_stronger_dependency"	"ESCA-leaning"	-0.313640322385127	-0.313750515082491	-0.122754702177931	0.0604998822153425	-0.374250397297834	-0.410169491525424	0.130156340153681	0.206221733749988	"similar_or_not_resolved"	"not_flagged"	"B_selective_metabolic_dependency"	"limited_or_mixed_external_support"	"cross-platform LFC scales; matched cell-line n=5; 576/930 ACH models annotated by DepMap 24Q2; non-significant classified as similar_or_not_resolved"	-0.388899272117577	87	-0.190885620207195	-0.281441656710474	1.0454432488244e-08	59	5	22	930	0.306451612903226	0.4	0.167898026249313	0.216878880353573	0.127390061211727	0.08861646234676	0.732786694391937	0.0261216350947158	0.933171906163598	1.70058768475436e-08	0.431710762995296	0.903030067836528	FALSE
"ATP5F1A"	"OXPHOS"	"class_B_in_scout_shortlist"	"negative_LFC_is_stronger_dependency"	"CRC-leaning"	-0.808275978176597	-0.84692836402953	-0.766939688011686	-0.686606032311071	-0.160322331718459	-0.230449826989619	0.134904441089403	0.211004382216758	"similar_or_not_resolved"	"DepMap_inferred_common_essential"	"B_selective_metabolic_dependency"	"general_common_fitness_dependency"	"cross-platform LFC scales; matched cell-line n=17; 576/930 ACH models annotated by DepMap 24Q2; non-significant classified as similar_or_not_resolved"	-1.08558037543537	556	-0.0413362901649106	-0.042864728527811	0.383391162194352	85	17	22	930	0.787096774193548	0.764705882352941	0.178275190355757	0.0929180258865621	0.513669150716179	-0.358318739054291	0.167424057653365	-0.138584247258225	0.523407565242719	0.403221739549233	0.786256838493503	0.728560839918635	FALSE
"ATP6V1H"	"OXPHOS;iron"	"class_B_in_scout_shortlist"	"negative_LFC_is_stronger_dependency"	"ESCA-leaning"	-0.923199757209352	-0.973542420900594	-1.04193624933925	-0.748116308609242	-0.225426112291352	-0.383050847457627	0.157532122866712	0.243277455566316	"similar_or_not_resolved"	"both_core_fitness_lists"	"B_selective_metabolic_dependency"	"general_common_fitness_dependency"	"cross-platform LFC scales; matched cell-line n=5; 576/930 ACH models annotated by DepMap 24Q2; non-significant classified as similar_or_not_resolved"	-1.2007273990899	91	0.118736492129896	0.155276782158503	0.00159077883365819	59	5	22	930	0.903225806451613	1	0.257993307775594	0.0238871935178364	0.866656622201224	0.328196147110333	0.20606062430974	0.183649052841476	0.326139813601701	0.00218061817647527	0.927474630776748	0.728560839918635	FALSE
"NDUFS1"	"OXPHOS"	"class_B_in_scout_shortlist;top_OXPHOS_interpreter"	"negative_LFC_is_stronger_dependency"	"CRC-leaning"	-0.386875205643177	-0.480126219801352	-0.298888505646595	-0.38432617105336	-0.0958000487479921	-0.211072664359862	0.170896333786374	0.260616909024221	"similar_or_not_resolved"	"not_flagged"	"B_selective_metabolic_dependency"	"limited_or_mixed_external_support"	"cross-platform LFC scales; matched cell-line n=17; 576/930 ACH models annotated by DepMap 24Q2; non-significant classified as similar_or_not_resolved"	-0.420195273713216	570	-0.087986699996582	-0.150232311164211	0.0022505175008706	85	17	22	930	0.447311827956989	0.411764705882353	0.177703537966409	-0.121540566137009	0.39292360397695	-0.138353765323993	0.593999978205373	-0.288534396809571	0.0719825280033457	0.002995144421893	0.773658732062208	0.886893903226295	FALSE
"AURKA"	"glycolysis"	"class_B_in_scout_shortlist"	"negative_LFC_is_stronger_dependency"	"CRC-leaning"	-0.773023831684742	-0.792012086204412	-1.1675662057195	-1.07555500684464	0.283542920640228	0.209688581314879	0.173719134434974	0.26165104198848	"similar_or_not_resolved"	"both_core_fitness_lists"	"B_selective_metabolic_dependency"	"general_common_fitness_dependency"	"cross-platform LFC scales; matched cell-line n=17; 576/930 ACH models annotated by DepMap 24Q2; non-significant classified as similar_or_not_resolved"	-1.16292079451312	874	0.394542374034757	0.396495420151334	7.45458950668705e-16	85	17	22	930	0.897849462365591	0.823529411764706	0.194612002799892	0.0607176681048089	0.669529474439241	-0.115936952714536	0.655105269611264	0.0165503489531407	0.959453455978466	1.56803434451004e-15	0.841560062820988	0.886893903226295	FALSE
"NDUFA9"	"OXPHOS"	"class_B_in_scout_shortlist;top_OXPHOS_interpreter"	"negative_LFC_is_stronger_dependency"	"CRC-leaning"	-0.292690395021657	-0.38428577398192	-0.330669156491942	-0.276109088053273	-0.108176685928647	-0.208304498269896	0.176576626433913	0.262711566157773	"similar_or_not_resolved"	"not_flagged"	"B_selective_metabolic_dependency"	"limited_or_mixed_external_support"	"cross-platform LFC scales; matched cell-line n=17; 576/930 ACH models annotated by DepMap 24Q2; non-significant classified as similar_or_not_resolved"	-0.416021735625877	572	0.0379787614702852	0.0550112836851189	0.263281700411694	85	17	22	930	0.464516129032258	0.352941176470588	0.174152083118522	0.0813427338735135	0.567477371134877	-0.0458844133099825	0.85967869550081	-0.284945164506481	0.0762471129425286	0.286788995091309	0.834123364800662	0.932728726505056	FALSE
"ATP6AP1"	"OXPHOS;iron"	"class_B_in_scout_shortlist"	"negative_LFC_is_stronger_dependency"	"ESCA-leaning"	-0.58156485798859	-0.60921989185423	-1.05652173508591	-0.376232405767187	-0.232987486087043	-0.36271186440678	0.180775325661566	0.265717948562783	"similar_or_not_resolved"	"both_core_fitness_lists"	"B_selective_metabolic_dependency"	"general_common_fitness_dependency"	"cross-platform LFC scales; matched cell-line n=5; 576/930 ACH models annotated by DepMap 24Q2; non-significant classified as similar_or_not_resolved"	-0.61099934839176	94	0.474956877097324	0.486233904155051	4.70773312646131e-23	59	5	22	930	0.883870967741936	0.8	0.285909051466486	-0.332421340629275	0.0194578617213019	0.673555166374781	0.00945718670695581	0.0572283150548354	0.851298911065385	1.12616361064369e-22	0.139638772352872	0.660496654729209	FALSE
"MCAT"	"fatty-acid oxidation"	"CRC_ESCA_FDR33"	"negative_LFC_is_stronger_dependency"	"CRC-leaning"	-0.0960088266388848	-0.137514735773226	-0.0740805373139767	-0.0940533109541284	-0.0434614248190976	-0.204152249134948	0.18535916530774	0.269212121042194	"similar_or_not_resolved"	"not_flagged"	"C_weak_or_non_dependent"	"limited_or_mixed_external_support"	"cross-platform LFC scales; matched cell-line n=17; 576/930 ACH models annotated by DepMap 24Q2; non-significant classified as similar_or_not_resolved"	-0.159353026686329	575	-0.0219282893249081	-0.0291119076065313	0.55385197086754	85	17	22	930	0.183870967741935	0.0588235294117647	0.107262117005925	-0.04598547827002	0.746514225367844	-0.436777583187391	0.0924111028120413	-0.388634097706879	0.0134141758362459	0.563082837048666	0.852443378612795	0.669787153761567	FALSE
"CDK4"	"arginine"	"CRC_ESCA_FDR33;class_B_in_scout_shortlist"	"negative_LFC_is_stronger_dependency"	"CRC-leaning"	-0.490241315219403	-0.660482148477058	-0.248800824642276	-0.995707454744282	0.335225306267224	0.195847750865052	0.203885903429962	0.29263623786418	"similar_or_not_resolved"	"DepMap_inferred_common_essential"	"B_selective_metabolic_dependency"	"lineage_associated_dependency"	"cross-platform LFC scales; matched cell-line n=17; 576/930 ACH models annotated by DepMap 24Q2; non-significant classified as similar_or_not_resolved"	-0.220472279549841	864	-0.241440490577127	-0.269759723881588	4.11994763168501e-08	85	17	22	930	0.406451612903226	0.705882352941177	0.216912959371034	-0.479532779122383	0.000749747478581827	0.41646234676007	0.108594284833822	-0.506281156530409	0.000358033744535458	6.60793746784496e-08	0.0228672980967457	0.669787153761567	TRUE
"ATP5F1B"	"OXPHOS"	"class_B_in_scout_shortlist"	"negative_LFC_is_stronger_dependency"	"CRC-leaning"	-0.882472118428923	-0.927742926314493	-0.611468143100391	-0.737770694317817	-0.189972231996676	-0.194463667820069	0.207100358261675	0.293793531487493	"similar_or_not_resolved"	"DepMap_inferred_common_essential"	"B_selective_metabolic_dependency"	"general_common_fitness_dependency"	"cross-platform LFC scales; matched cell-line n=17; 576/930 ACH models annotated by DepMap 24Q2; non-significant classified as similar_or_not_resolved"	-0.686310254096704	582	-0.271003975328532	-0.336944112571353	7.29045691797592e-12	85	17	22	930	0.688172043010753	0.705882352941177	0.205393704856016	-0.229506471640535	0.106693150725102	0.0654991243432574	0.800766968249516	-0.176470588235294	0.353334981740346	1.36836268306625e-11	0.382840129072425	0.921628560162777	FALSE
"MTRF1"	"OXPHOS"	"class_B_in_scout_shortlist"	"negative_LFC_is_stronger_dependency"	"ESCA-leaning"	-0.168443899902341	-0.180822852743153	-0.146314601625788	-0.21577286006735	0.0349500073241968	0.328813559322034	0.2250189037793	0.31195802569403	"similar_or_not_resolved"	"not_flagged"	"B_selective_metabolic_dependency"	"limited_or_mixed_external_support"	"cross-platform LFC scales; matched cell-line n=5; 576/930 ACH models annotated by DepMap 24Q2; non-significant classified as similar_or_not_resolved"	-0.16957109195303	196	-0.0221292982765527	-0.0454267887959644	0.35560861265753	59	5	22	930	0.193548387096774	0.4	0.174349344939253	-0.100915500368305	0.478106912093555	-0.499824868651489	0.0541390700597712	0.18963110667996	0.303059318822896	0.377254354297553	0.786256838493503	0.660496654729209	FALSE
"WDR26"	"OXPHOS"	"class_B_in_scout_shortlist"	"negative_LFC_is_stronger_dependency"	"ESCA-leaning"	-0.359955712233786	-0.376600893869592	-0.395726307407829	-0.492908783158019	0.116307889288427	0.328813559322034	0.2250189037793	0.31195802569403	"similar_or_not_resolved"	"not_flagged"	"B_selective_metabolic_dependency"	"limited_or_mixed_external_support"	"cross-platform LFC scales; matched cell-line n=5; 576/930 ACH models annotated by DepMap 24Q2; non-significant classified as similar_or_not_resolved"	-0.520110549182717	196	0.0357705951740434	0.055436081242533	0.259612871958435	59	5	22	930	0.535483870967742	0.8	0.167464976228271	-0.014416500052615	0.919283893920778	-0.231523642732049	0.3723860302372	0.0899302093718843	0.72968554900259	0.285340273684046	0.958569530413119	0.841316586832192	FALSE
"IRS2"	"glycolysis"	"class_B_in_scout_shortlist"	"negative_LFC_is_stronger_dependency"	"CRC-leaning"	-0.33329143952825	-0.412186740204581	-0.234663391482525	-0.606990580856154	0.194803840651573	0.169550173010381	0.271352548346725	0.371966414587646	"similar_or_not_resolved"	"not_flagged"	"B_selective_metabolic_dependency"	"limited_or_mixed_external_support"	"cross-platform LFC scales; matched cell-line n=17; 576/930 ACH models annotated by DepMap 24Q2; non-significant classified as similar_or_not_resolved"	-0.19568916224497	845	-0.0986280480457253	-0.100544271870437	0.0408950040525738	85	17	22	930	0.370967741935484	0.529411764705882	0.236508310003505	-0.32421340629275	0.0226702693117573	0.177583187390543	0.493854299330093	-0.238285144566301	0.166186357836067	0.0493979256872673	0.149567072073554	0.886893903226295	FALSE
"MED24"	"glycolysis"	"class_B_in_scout_shortlist"	"negative_LFC_is_stronger_dependency"	"CRC-leaning"	-0.214939305295512	-0.244512486263246	-0.143341810661917	-0.467277538085345	0.222765051822099	0.166782006920415	0.279254882328793	0.378545507156809	"similar_or_not_resolved"	"not_flagged"	"B_selective_metabolic_dependency"	"limited_or_mixed_external_support"	"cross-platform LFC scales; matched cell-line n=17; 576/930 ACH models annotated by DepMap 24Q2; non-significant classified as similar_or_not_resolved"	-0.178678586379482	843	-0.0715974946335946	-0.0694676755608655	0.157760840120233	85	17	22	930	0.360215053763441	0.529411764705882	0.199790656805202	-0.202988529937914	0.153626674082041	0.0669001751313485	0.79659785888507	-0.0356929212362911	0.903192744369474	0.174971113587895	0.457133030195343	0.921628560162777	FALSE
"FASN"	"cholesterol/isoprenoid;fatty-acid synthesis"	"class_B_in_scout_shortlist"	"negative_LFC_is_stronger_dependency"	"CRC-leaning"	-0.376462944193912	-0.449549986909975	0.00316484188238172	-0.448924316795476	-0.000625670114498711	-0.162629757785467	0.291399222650407	0.390667089707139	"similar_or_not_resolved"	"not_flagged"	"B_selective_metabolic_dependency"	"limited_or_mixed_external_support"	"cross-platform LFC scales; matched cell-line n=17; 576/930 ACH models annotated by DepMap 24Q2; non-significant classified as similar_or_not_resolved"	-0.181129883960286	605	-0.379627786076294	-0.531886366653392	2.88988025609537e-27	85	17	22	930	0.231182795698925	0.411764705882353	0.19321688719825	-0.308428917184047	0.0301591055838209	-0.0683012259194396	0.792434546113934	-0.306480558325025	0.052866514162965	8.5991558839911e-27	0.17521004196315	0.921628560162777	FALSE
"ATP6V1D"	"OXPHOS;iron"	"class_B_in_scout_shortlist"	"negative_LFC_is_stronger_dependency"	"ESCA-leaning"	-0.678298926813127	-0.736918732715477	-1.1464569749358	-0.586515852904488	-0.150402879810989	-0.28135593220339	0.299188069905666	0.396749397048818	"similar_or_not_resolved"	"both_core_fitness_lists"	"B_selective_metabolic_dependency"	"general_common_fitness_dependency"	"cross-platform LFC scales; matched cell-line n=5; 576/930 ACH models annotated by DepMap 24Q2; non-significant classified as similar_or_not_resolved"	-1.29477730312943	106	0.468158048122672	0.498460108854374	3.81224252357452e-24	59	5	22	930	0.921505376344086	0.8	0.24176465703549	0.0598758286856782	0.673845304850448	0.629422066549912	0.0153069743936954	0.192821535393819	0.296414807527036	1.01107301712194e-23	0.841560062820988	0.660496654729209	FALSE
"TUBB4B"	"iron"	"class_B_in_scout_shortlist"	"negative_LFC_is_stronger_dependency"	"CRC-leaning"	-0.332018303585044	-0.400249884960142	-0.179749324839615	-0.554012545351679	0.153762660391537	0.154325259515571	0.316738914524118	0.415506963139166	"similar_or_not_resolved"	"not_flagged"	"B_selective_metabolic_dependency"	"limited_or_mixed_external_support"	"cross-platform LFC scales; matched cell-line n=17; 576/930 ACH models annotated by DepMap 24Q2; non-significant classified as similar_or_not_resolved"	-0.212855890610968	834	-0.152268978745429	-0.196774193548387	6.29548263040032e-05	85	17	22	930	0.344086021505376	0.529411764705882	0.237171113166588	-0.404609070819741	0.00445427086598033	-0.0577933450087565	0.823795584323929	-0.0827517447657029	0.766090461502275	9.25360097480529e-05	0.0776315779499429	0.921628560162777	FALSE
"ENO1"	"glycolysis"	"class_B_in_scout_shortlist"	"negative_LFC_is_stronger_dependency"	"CRC-leaning"	-0.357309121333521	-0.398187825253754	-0.43953244925901	-0.267512247786145	-0.130675577467609	-0.150173010380623	0.329935307277064	0.4282139094447	"similar_or_not_resolved"	"not_flagged"	"B_selective_metabolic_dependency"	"limited_or_mixed_external_support"	"cross-platform LFC scales; matched cell-line n=17; 576/930 ACH models annotated by DepMap 24Q2; non-significant classified as similar_or_not_resolved"	-0.421092923101652	614	0.0822233279254888	0.111549183592194	0.0233060192705969	85	17	22	930	0.560215053763441	0.352941176470588	0.173571034572334	0.101546879932653	0.475357846979055	-0.401050788091068	0.122306109291195	-0.156929212362911	0.430548779769299	0.0293127252681734	0.786256838493503	0.669787153761567	FALSE
"KIF20A"	"glycolysis"	"class_B_in_scout_shortlist"	"negative_LFC_is_stronger_dependency"	"CRC-leaning"	-0.428204641460036	-0.454695944078715	-0.424522685161973	-0.572521496205646	0.117825552126931	0.14878892733564	0.334412106254106	0.429455546978958	"similar_or_not_resolved"	"DepMap_inferred_common_essential"	"B_selective_metabolic_dependency"	"general_common_fitness_dependency"	"cross-platform LFC scales; matched cell-line n=17; 576/930 ACH models annotated by DepMap 24Q2; non-significant classified as similar_or_not_resolved"	-0.55974295537613	830	-0.00368195629806239	0.0374352847471127	0.44650423841668	85	17	22	930	0.573118279569893	0.588235294117647	0.190574233757603	-0.0674523834578554	0.635404910192111	-0.578984238178634	0.0257005477577759	-0.111864406779661	0.632560247768715	0.461639975312161	0.841560062820988	0.660496654729209	FALSE
"MRPL11"	"OXPHOS"	"class_B_in_scout_shortlist"	"negative_LFC_is_stronger_dependency"	"CRC-leaning"	-0.234262797141061	-0.279050498426577	-0.20116760165604	-0.248891158323796	-0.0301593401027811	-0.143252595155709	0.35270869138849	0.448233961972872	"similar_or_not_resolved"	"not_flagged"	"B_selective_metabolic_dependency"	"limited_or_mixed_external_support"	"cross-platform LFC scales; matched cell-line n=17; 576/930 ACH models annotated by DepMap 24Q2; non-significant classified as similar_or_not_resolved"	-0.285051875093849	619	-0.0330951954850207	-0.0879463693083765	0.0737096494247547	85	17	22	930	0.341935483870968	0.411764705882353	0.186528686969076	-0.0474586972534989	0.738685559685174	-0.0304728546409807	0.906538624162935	-0.281754735792622	0.0788246946631263	0.085643592664953	0.852443378612795	0.947510022037554	FALSE
"NDUFAF7"	"OXPHOS"	"CRC_ESCA_FDR33;top_OXPHOS_interpreter"	"negative_LFC_is_stronger_dependency"	"CRC-leaning"	-0.102305435117024	-0.160281206171133	-0.157919700670557	-0.137443131830335	-0.0228380743407982	-0.140484429065744	0.362090064058344	0.45541224551668	"similar_or_not_resolved"	"not_flagged"	"C_weak_or_non_dependent"	"limited_or_mixed_external_support"	"cross-platform LFC scales; matched cell-line n=17; 576/930 ACH models annotated by DepMap 24Q2; non-significant classified as similar_or_not_resolved"	-0.21202505394872	621	0.0556142655535332	0.104274525421479	0.0339682317181604	85	17	22	930	0.289247311827957	0.176470588235294	0.126824517608962	0.057981689992634	0.683595081068765	-0.235726795096322	0.363768994782697	-0.330408773678963	0.0402363100114572	0.041859841107228	0.842410099902923	0.841316586832192	FALSE
"ALDH3A1"	"glycolysis"	"CRC_ESCA_FDR33"	"negative_LFC_is_stronger_dependency"	"ESCA-leaning"	0.133449432787478	0.0844037883114299	0.21555551078144	0.24658074528791	-0.16217695697648	-0.227118644067797	0.402004992356532	0.495400091590877	"similar_or_not_resolved"	"not_flagged"	"C_weak_or_non_dependent"	"limited_or_mixed_external_support"	"cross-platform LFC scales; matched cell-line n=5; 576/930 ACH models annotated by DepMap 24Q2; non-significant classified as similar_or_not_resolved"	0.319071356151226	114	-0.0821060779939619	-0.198446833930705	5.4494009826704e-05	59	5	22	930	0.0010752688172043	0	0.13361735224351	-0.146585288856151	0.302836053030266	-0.123642732049037	0.633810829746247	0.35593220338983	0.0241344516539171	8.10764536446084e-05	0.684185156846158	0.886893903226295	FALSE
"PPP2CA"	"glycolysis"	"class_B_in_scout_shortlist"	"negative_LFC_is_stronger_dependency"	"CRC-leaning"	-0.750252428995351	-0.750181268175546	-0.805200818522989	-0.57132833336974	-0.178852934805806	-0.129411764705882	0.401157347581952	0.495400091590877	"similar_or_not_resolved"	"DepMap_inferred_common_essential"	"B_selective_metabolic_dependency"	"general_common_fitness_dependency"	"cross-platform LFC scales; matched cell-line n=17; 576/930 ACH models annotated by DepMap 24Q2; non-significant classified as similar_or_not_resolved"	-0.140072495934021	629	0.0549483895276377	0.0781096508695076	0.112200590504402	85	17	22	930	0.670967741935484	0.529411764705882	0.258016507932226	0.287382931705777	0.0433772669418441	0.246234676007005	0.342777560546773	0.00697906281156535	0.976049062476263	0.129136528693745	0.222223173832109	0.833183683461554	FALSE
"SOX9"	"glycolysis"	"class_B_in_scout_shortlist"	"negative_LFC_is_stronger_dependency"	"CRC-leaning"	-0.449200515497085	-0.469700088460848	-0.0300846208194251	-0.197376007235978	-0.27232408122487	-0.1280276816609	0.406212719641372	0.495579517962473	"similar_or_not_resolved"	"not_flagged"	"B_selective_metabolic_dependency"	"limited_or_mixed_external_support"	"cross-platform LFC scales; matched cell-line n=17; 576/930 ACH models annotated by DepMap 24Q2; non-significant classified as similar_or_not_resolved"	0.00340094179748966	630	-0.41911589467766	-0.517376875082968	6.91443954780377e-26	85	17	22	930	0.193548387096774	0.411764705882353	0.21217776950853	-0.137745974955277	0.332925655034087	0.347110332749562	0.181110188523474	-0.0376869391824527	0.902208859443819	2.00848005912395e-25	0.738489634802884	0.728560839918635	FALSE
"NDUFS5"	"OXPHOS"	"class_B_in_scout_shortlist"	"negative_LFC_is_stronger_dependency"	"CRC-leaning"	-0.311977205125221	-0.381131746784576	-0.512048342015332	-0.403844215162386	0.0227124683778098	0.115570934256055	0.4533968763312	0.547667513984222	"similar_or_not_resolved"	"DepMap_inferred_common_essential"	"B_selective_metabolic_dependency"	"general_common_fitness_dependency"	"cross-platform LFC scales; matched cell-line n=17; 576/930 ACH models annotated by DepMap 24Q2; non-significant classified as similar_or_not_resolved"	-0.697773784617059	806	0.200071136890111	0.304340900039825	6.06053109272821e-10	85	17	22	930	0.647311827956989	0.470588235294118	0.170052866315303	0.0611385878143744	0.667375633748825	-0.08861646234676	0.732786694391937	-0.215952143569292	0.226978901775615	9.99168639611949e-10	0.841560062820988	0.903030067836528	FALSE
"CCND1"	"arginine"	"class_B_in_scout_shortlist"	"negative_LFC_is_stronger_dependency"	"ESCA-leaning"	-0.366485762376194	-0.425657906314712	-0.844486306591072	-0.491671768117606	0.0660138618028943	0.2	0.460526230455807	0.550825491329495	"similar_or_not_resolved"	"not_flagged"	"B_selective_metabolic_dependency"	"limited_or_mixed_external_support"	"cross-platform LFC scales; matched cell-line n=5; 576/930 ACH models annotated by DepMap 24Q2; non-significant classified as similar_or_not_resolved"	-0.91028041955343	177	0.478000544214878	0.242293906810036	8.34559278035262e-07	59	5	22	930	0.620430107526882	0.8	0.214102980614045	-0.0369357045143639	0.795151683720451	-0.111033274956217	0.668805238498518	0.102293120638086	0.675145588307898	1.27270289900377e-06	0.89822690198051	0.886893903226295	FALSE
"RTEL1"	"iron"	"class_B_in_scout_shortlist"	"negative_LFC_is_stronger_dependency"	"CRC-leaning"	-0.280376823261625	-0.293934418375305	-0.583738394037617	-0.391233541076636	0.0972991227013307	0.110034602076124	0.475321714886964	0.563002419574851	"similar_or_not_resolved"	"DepMap_inferred_common_essential"	"B_selective_metabolic_dependency"	"general_common_fitness_dependency"	"cross-platform LFC scales; matched cell-line n=17; 576/930 ACH models annotated by DepMap 24Q2; non-significant classified as similar_or_not_resolved"	-0.519547965922344	802	0.303361570775992	0.492512943050578	1.30467372919313e-23	85	17	22	930	0.706451612903226	0.411764705882353	0.174789244806354	0.38272124592234	0.00714077648237483	0.298073555166375	0.250796882565597	-0.133000997008973	0.552680826226412	3.24837132574616e-23	0.0934973286508032	0.746273650561046	FALSE
"NFS1"	"OXPHOS;TCA;iron"	"class_B_in_scout_shortlist"	"negative_LFC_is_stronger_dependency"	"CRC-leaning"	-0.771229653518133	-0.776760024244837	-0.557249639653413	-0.596037231387304	-0.180722792857533	-0.107266435986159	0.486498529239226	0.5707001977614	"similar_or_not_resolved"	"DepMap_inferred_common_essential"	"B_selective_metabolic_dependency"	"general_common_fitness_dependency"	"cross-platform LFC scales; matched cell-line n=17; 576/930 ACH models annotated by DepMap 24Q2; non-significant classified as similar_or_not_resolved"	-0.587529519827951	645	-0.21398001386472	-0.152568697729988	0.00191878834198975	85	17	22	930	0.645161290322581	0.588235294117647	0.219829117459669	0.0499842155108914	0.725328210979657	0.4353765323993	0.0934611537760991	-0.132602193419741	0.553078383993861	0.00260102419691944	0.852443378612795	0.669787153761567	FALSE
"SLC2A1"	"glucose transport"	"class_B_in_scout_shortlist"	"negative_LFC_is_stronger_dependency"	"ESCA-leaning"	-0.425145223862529	-0.474146893822969	-0.107228978755582	-0.666049766378763	0.191902872555794	0.186440677966102	0.491485509851685	0.571059354303863	"similar_or_not_resolved"	"not_flagged"	"B_selective_metabolic_dependency"	"limited_or_mixed_external_support"	"cross-platform LFC scales; matched cell-line n=5; 576/930 ACH models annotated by DepMap 24Q2; non-significant classified as similar_or_not_resolved"	-0.134040086766219	175	-0.317916245106947	-0.33256338776052	1.35387582899187e-11	59	5	22	930	0.336559139784946	0.8	0.183379667794867	-0.0289382300326213	0.838813577613626	-0.414360770577933	0.110389108536487	0.153738783649053	0.448421071280078	2.50261895662134e-11	0.913707647043414	0.669787153761567	FALSE
"B3GALT6"	"glycolysis"	"CRC_ESCA_FDR33"	"negative_LFC_is_stronger_dependency"	"ESCA-leaning"	0.136144686225484	0.05415556135521	0.136275643353408	0.0773716810733385	-0.0232161197181284	-0.179661016949153	0.507374274619586	0.58395907078858	"similar_or_not_resolved"	"not_flagged"	"C_weak_or_non_dependent"	"limited_or_mixed_external_support"	"cross-platform LFC scales; matched cell-line n=5; 576/930 ACH models annotated by DepMap 24Q2; non-significant classified as similar_or_not_resolved"	0.127697779095791	121	-0.000130957127923381	0.0111774857294571	0.820192826752761	59	5	22	930	0.0548387096774194	0	0.142009039119303	0.282752814900558	0.046865554141865	-0.0577933450087565	0.823795584323929	0.343170488534397	0.0280403073393867	0.820192826752761	0.222223173832109	0.921628560162777	FALSE
"SP1"	"cholesterol/isoprenoid"	"class_B_in_scout_shortlist"	"negative_LFC_is_stronger_dependency"	"ESCA-leaning"	-0.270805117751414	-0.284266996641937	0.034352919805022	-0.180833082813628	-0.103433913828309	-0.172881355932203	0.523528723272083	0.591393557770316	"similar_or_not_resolved"	"not_flagged"	"B_selective_metabolic_dependency"	"limited_or_mixed_external_support"	"cross-platform LFC scales; matched cell-line n=5; 576/930 ACH models annotated by DepMap 24Q2; non-significant classified as similar_or_not_resolved"	-0.1541612915576	122	-0.305158037556436	-0.506133014735165	7.62979058687606e-25	59	5	22	930	0.138709677419355	0.2	0.167940103703594	0.0693465221508998	0.625941299943325	-0.465499124343257	0.0728974544371343	0.0468594217347955	0.883657981985008	2.06852100355307e-24	0.841560062820988	0.669787153761567	FALSE
"NDUFAB1"	"OXPHOS;fatty-acid oxidation"	"class_B_in_scout_shortlist"	"negative_LFC_is_stronger_dependency"	"CRC-leaning"	-0.693460210002357	-0.717465791785375	-0.499637766820594	-0.590165015468301	-0.127300776317074	-0.0989619377162629	0.520864447747078	0.591393557770316	"similar_or_not_resolved"	"DepMap_inferred_common_essential"	"B_selective_metabolic_dependency"	"general_common_fitness_dependency"	"cross-platform LFC scales; matched cell-line n=17; 576/930 ACH models annotated by DepMap 24Q2; non-significant classified as similar_or_not_resolved"	-0.381045431556534	651	-0.193822443181763	-0.262710739413248	9.17803210150646e-08	85	17	22	930	0.619354838709677	0.705882352941177	0.167660407435642	-0.17773334736399	0.211549829743173	-0.0115586690017513	0.964479412865499	-0.119441674975075	0.612669534644217	1.41736698276429e-07	0.537689150597231	0.974619564614498	FALSE
"PGK1"	"glycolysis"	"class_B_in_scout_shortlist"	"negative_LFC_is_stronger_dependency"	"CRC-leaning"	-0.5869016172568	-0.636777784669349	-1.14749076274884	-0.906601690161319	0.26982390549197	0.0948096885813148	0.538504645718938	0.60272997043771	"similar_or_not_resolved"	"Sanger_pan_cancer_core_fitness"	"B_selective_metabolic_dependency"	"general_common_fitness_dependency"	"cross-platform LFC scales; matched cell-line n=17; 576/930 ACH models annotated by DepMap 24Q2; non-significant classified as similar_or_not_resolved"	-0.915470856442721	791	0.560589145492044	0.556564449754414	1.0703191205296e-29	85	17	22	930	0.890322580645161	0.588235294117647	0.188816374860879	0.354309165526676	0.0127565705759593	-0.181085814360771	0.485373385196966	-0.282153539381854	0.0788246946631263	3.43628770275294e-29	0.11971550848208	0.886893903226295	FALSE
"TBL1XR1"	"cholesterol/isoprenoid"	"class_B_in_scout_shortlist"	"negative_LFC_is_stronger_dependency"	"CRC-leaning"	-0.287668883114168	-0.298544385633214	-0.382741592866306	-0.248542777550072	-0.0500016080831422	-0.0906574394463667	0.556439535311306	0.617142030072539	"similar_or_not_resolved"	"not_flagged"	"B_selective_metabolic_dependency"	"limited_or_mixed_external_support"	"cross-platform LFC scales; matched cell-line n=17; 576/930 ACH models annotated by DepMap 24Q2; non-significant classified as similar_or_not_resolved"	-0.367686793144774	657	0.0950727097521378	0.134727200318598	0.00614931590259414	85	17	22	930	0.51505376344086	0.411764705882353	0.171549210746927	0.188677259812691	0.184759684523217	-0.0297723292469352	0.908677644085195	-0.00458624127617147	0.988152254201488	0.0079810270225158	0.512288216178011	0.947510022037554	FALSE
"LARS2"	"BCAA"	"CRC_ESCA_FDR33"	"negative_LFC_is_stronger_dependency"	"CRC-leaning"	-0.0943133900440433	-0.17329582134073	-0.276669175995437	-0.143499742599835	-0.0297960787408946	-0.0892733564013841	0.562481899764252	0.618223349290439	"similar_or_not_resolved"	"not_flagged"	"C_weak_or_non_dependent"	"limited_or_mixed_external_support"	"cross-platform LFC scales; matched cell-line n=17; 576/930 ACH models annotated by DepMap 24Q2; non-significant classified as similar_or_not_resolved"	-0.313532251815407	658	0.182355785951394	0.319208814549316	8.51603027357982e-11	85	17	22	930	0.417204301075269	0.0588235294117647	0.142480647330295	0.253709354940545	0.0745273560001804	0.0206654991243433	0.936539560501471	-0.349950149551346	0.0272856137061621	1.48422241910963e-10	0.303077914400733	0.962350812252665	FALSE
"ATP5PO"	"OXPHOS"	"class_B_in_scout_shortlist"	"negative_LFC_is_stronger_dependency"	"ESCA-leaning"	-0.659570488609425	-0.666863349671054	-0.442465427265678	-0.402616455092755	-0.264246894578299	-0.145762711864407	0.590680418494052	0.634784862987265	"similar_or_not_resolved"	"not_flagged"	"B_selective_metabolic_dependency"	"limited_or_mixed_external_support"	"cross-platform LFC scales; matched cell-line n=5; 576/930 ACH models annotated by DepMap 24Q2; non-significant classified as similar_or_not_resolved"	-0.311300183548611	126	-0.217105061343747	-0.269653524492234	4.17058348380378e-08	59	5	22	930	0.590322580645161	0.6	0.192218933883738	-0.161738398400505	0.25558670588509	-0.0619964973730298	0.811214355220629	0.0348953140578265	0.905198345709015	6.60793746784496e-08	0.588331662603415	0.921628560162777	FALSE
"GFPT1"	"glutamine/glutamate;glycolysis"	"class_B_in_scout_shortlist"	"negative_LFC_is_stronger_dependency"	"ESCA-leaning"	-0.141104945277018	-0.216317389104745	-0.377163379117189	-0.35758877238029	0.141271383275545	0.145762711864407	0.590680418494052	0.634784862987265	"similar_or_not_resolved"	"not_flagged"	"B_selective_metabolic_dependency"	"limited_or_mixed_external_support"	"cross-platform LFC scales; matched cell-line n=5; 576/930 ACH models annotated by DepMap 24Q2; non-significant classified as similar_or_not_resolved"	-1.02390836680455	169	0.236058433840171	0.31275720164609	2.01758924254046e-10	59	5	22	930	0.501075268817204	0.6	0.169403459579897	0.029148689887404	0.837657566003426	0.131348511383538	0.612815412335189	0.244666001994018	0.149244794628946	3.41869288319356e-10	0.913707647043414	0.886893903226295	FALSE
"S100A11"	"cholesterol/isoprenoid"	"CRC_ESCA_FDR33"	"negative_LFC_is_stronger_dependency"	"CRC-leaning"	-0.0280048591554588	-0.111096684536554	-0.0758850334247987	0.0130177855075493	-0.124114470044103	-0.0823529411764706	0.593159626070067	0.634784862987265	"similar_or_not_resolved"	"not_flagged"	"C_weak_or_non_dependent"	"limited_or_mixed_external_support"	"cross-platform LFC scales; matched cell-line n=17; 576/930 ACH models annotated by DepMap 24Q2; non-significant classified as similar_or_not_resolved"	-0.00353496129172998	663	0.04788017426934	0.103716978627373	0.0349350233616592	85	17	22	930	0.144086021505376	0.176470588235294	0.154273881525583	0.0710302009891612	0.617580556044646	0.120140105078809	0.643453922694044	-0.324426719840479	0.043625362864637	0.0426207285012242	0.841560062820988	0.886893903226295	FALSE
"MED1"	"cholesterol/isoprenoid"	"class_B_in_scout_shortlist"	"negative_LFC_is_stronger_dependency"	"CRC-leaning"	-0.616779496130178	-0.60714812588279	-0.47785641143366	-0.51608488819692	-0.0910632376858703	0.0768166089965399	0.618240115102028	0.655872122108238	"similar_or_not_resolved"	"not_flagged"	"B_selective_metabolic_dependency"	"limited_or_mixed_external_support"	"cross-platform LFC scales; matched cell-line n=17; 576/930 ACH models annotated by DepMap 24Q2; non-significant classified as similar_or_not_resolved"	-0.436125793348499	778	-0.138923084696518	-0.134435151997876	0.00626132892080973	85	17	22	930	0.572043010752688	0.764705882352941	0.235528349578091	-0.125328843523098	0.37834174547648	0.181786339754816	0.483686714018035	-0.0177467597208375	0.95710533820229	0.00804086450882934	0.773658732062208	0.886893903226295	FALSE
"NDUFA11"	"OXPHOS"	"class_B_in_scout_shortlist"	"negative_LFC_is_stronger_dependency"	"CRC-leaning"	-0.527901810535226	-0.579552465025959	-0.499947183302794	-0.490172036529248	-0.0893804284967114	-0.0754325259515571	0.624581966815094	0.656887930615874	"similar_or_not_resolved"	"not_flagged"	"B_selective_metabolic_dependency"	"limited_or_mixed_external_support"	"cross-platform LFC scales; matched cell-line n=17; 576/930 ACH models annotated by DepMap 24Q2; non-significant classified as similar_or_not_resolved"	-0.7473929974893	668	-0.0279546272324318	-0.030147351652728	0.539840668011501	85	17	22	930	0.626881720430108	0.588235294117647	0.172256561062396	-0.0946017047248238	0.506069686076577	-0.197197898423818	0.447396347360308	-0.148554336989033	0.477031471674736	0.553450096616833	0.786256838493503	0.886893903226295	FALSE
"MRPS11"	"OXPHOS"	"class_B_in_scout_shortlist"	"negative_LFC_is_stronger_dependency"	"CRC-leaning"	-0.594779589147705	-0.682249579258882	-0.678843556512196	-0.758015760159247	0.0757661809003652	0.0519031141868511	0.736327726680863	0.767794723547567	"similar_or_not_resolved"	"not_flagged"	"B_selective_metabolic_dependency"	"limited_or_mixed_external_support"	"cross-platform LFC scales; matched cell-line n=17; 576/930 ACH models annotated by DepMap 24Q2; non-significant classified as similar_or_not_resolved"	-0.81832005162588	760	0.0840639673644905	0.109133147484402	0.0264697280573037	85	17	22	930	0.705376344086021	0.647058823529412	0.190135950550216	-0.0516678943491529	0.716469224995063	-0.247635726795096	0.340038382914681	-0.294516450648056	0.0659159405978553	0.0329521104386842	0.852443378612795	0.833183683461554	FALSE
"DHFR"	"folate;serine/glycine/one-carbon"	"CRC_ESCA_FDR33;class_B_in_scout_shortlist"	"negative_LFC_is_stronger_dependency"	"ESCA-leaning"	-0.610639122282127	-0.703586422355178	-1.23268171865335	-0.61199070127763	-0.0915957210775483	-0.0576271186440678	0.831608953794747	0.859799087821687	"similar_or_not_resolved"	"DepMap_inferred_common_essential"	"B_selective_metabolic_dependency"	"general_common_fitness_dependency"	"cross-platform LFC scales; matched cell-line n=5; 576/930 ACH models annotated by DepMap 24Q2; non-significant classified as similar_or_not_resolved"	-1.17896692535558	139	0.622042596371221	0.449515465286075	6.18719655206825e-20	59	5	22	930	0.847311827956989	1	0.255512453293285	-0.0924971061769967	0.515578254749838	0.396847635726795	0.126271348659968	0.400997008973081	0.0124730429895565	1.3724326897315e-19	0.786256838493503	0.669787153761567	FALSE
"CREBBP"	"PPP;cholesterol/isoprenoid"	"CRC_ESCA_FDR33"	"negative_LFC_is_stronger_dependency"	"CRC-leaning"	-0.0294475515121496	-0.0726103915848342	0.0606805907501082	-0.0690100731419758	-0.00360031844285844	-0.029757785467128	0.846917463440219	0.868268323863081	"similar_or_not_resolved"	"not_flagged"	"C_weak_or_non_dependent"	"limited_or_mixed_external_support"	"cross-platform LFC scales; matched cell-line n=17; 576/930 ACH models annotated by DepMap 24Q2; non-significant classified as similar_or_not_resolved"	-0.036895767758177	701	-0.0901281422622578	-0.165923270941192	0.000740598030043001	85	17	22	930	0.155913978494624	0.0588235294117647	0.151067343842936	-0.273913500999684	0.0541817981245322	-0.32399299474606	0.211929182970623	-0.361515453639083	0.0234830596854531	0.0010385397662672	0.236077834685462	0.728560839918635	FALSE
"OGDH"	"OXPHOS;TCA;serine/glycine/one-carbon;tryptophan"	"class_B_in_scout_shortlist"	"negative_LFC_is_stronger_dependency"	"CRC-leaning"	-0.469981290634202	-0.525419000017427	-0.406051248095223	-0.580125445344581	0.0547064453271536	0.0159169550173011	0.91775590289786	0.933051834612824	"similar_or_not_resolved"	"DepMap_inferred_common_essential"	"B_selective_metabolic_dependency"	"general_common_fitness_dependency"	"cross-platform LFC scales; matched cell-line n=17; 576/930 ACH models annotated by DepMap 24Q2; non-significant classified as similar_or_not_resolved"	-0.696544466137896	734	-0.0639300425389783	-0.0948360546926855	0.0537911084690703	85	17	22	930	0.540860215053764	0.647058823529412	0.172953086192003	-0.0670314637482901	0.637516119190134	-0.233625218914186	0.368061812135628	-0.0492522432701894	0.868173460074094	0.0643383846394762	0.841560062820988	0.841316586832192	FALSE
"AHCY"	"methionine"	"class_B_in_scout_shortlist"	"negative_LFC_is_stronger_dependency"	"ESCA-leaning"	-0.474255856309031	-0.47102376342625	-0.538060240266487	-0.668262071377747	0.197238307951497	0.0237288135593221	0.930228762536738	0.937916603549439	"similar_or_not_resolved"	"not_flagged"	"B_selective_metabolic_dependency"	"limited_or_mixed_external_support"	"cross-platform LFC scales; matched cell-line n=5; 576/930 ACH models annotated by DepMap 24Q2; non-significant classified as similar_or_not_resolved"	-0.628117867030536	151	0.0638043839574557	0.0705562193017391	0.151350255474068	59	5	22	930	0.67741935483871	0.6	0.175850997448094	-0.322740187309271	0.0232932325360454	0.0725043782837127	0.779980515631692	0.0392821535393819	0.899502696138408	0.169401203374645	0.149567072073554	0.921628560162777	FALSE
"SCO1"	"OXPHOS"	"CRC_ESCA_FDR33;top_OXPHOS_interpreter"	"negative_LFC_is_stronger_dependency"	"CRC-leaning"	-0.101514256303477	-0.164104880285823	-0.152137580856002	-0.132113767108718	-0.0319911131771055	0.00761245674740474	0.960611963630049	0.960611963630049	"similar_or_not_resolved"	"not_flagged"	"C_weak_or_non_dependent"	"limited_or_mixed_external_support"	"cross-platform LFC scales; matched cell-line n=17; 576/930 ACH models annotated by DepMap 24Q2; non-significant classified as similar_or_not_resolved"	-0.356720179115368	728	0.0506233245525251	0.0898446833930704	0.0676976421460639	85	17	22	930	0.264516129032258	0.235294117647059	0.109676928495495	-0.0647164053456804	0.649180026073258	-0.511733800350263	0.0486547317574912	-0.37666999002991	0.0150328196323486	0.0794145417482672	0.841560062820988	0.660496654729209	FALSE
