sample_ID	cancer_type	pathway_major	tier1_z_median_score	n_tier1_genes	tier1_rank_median_score	n_tier1_rank_genes	tier1plus2_z_median_score	n_tier1plus2_genes
HCM-SANG-0265-C18	Colorectal	BCAA	0.0292659276896882	52	0.524691358024692	52	0.0292659276896882	52
HCM-SANG-0265-C18	Colorectal	NAD	0.0344800775686066	43	0.537037037037037	43	0.0344800775686066	43
HCM-SANG-0265-C18	Colorectal	OXPHOS	-0.00866892090229213	246	0.503086419753086	246	-0.0604601330849169	310
HCM-SANG-0265-C18	Colorectal	PPP	0.196884115920511	27	0.574074074074074	27	0.196884115920511	31
HCM-SANG-0265-C18	Colorectal	TCA	-0.0414314385097332	42	0.469135802469136	42	-0.0414314385097332	42
HCM-SANG-0265-C18	Colorectal	amino-acid transport	0.246039304604799	32	0.604938271604938	32	0.246039304604799	32
HCM-SANG-0265-C18	Colorectal	arginine	0.00726936868305781	50	0.506172839506173	50	-0.0197418362233476	100
HCM-SANG-0265-C18	Colorectal	cholesterol/isoprenoid	-0.120319277480106	67	0.469135802469136	67	0.00288135355047989	181
HCM-SANG-0265-C18	Colorectal	fatty-acid oxidation	-0.150416330270643	62	0.466049382716049	62	-0.150416330270643	62
HCM-SANG-0265-C18	Colorectal	folate	-0.0848705276186386	29	0.45679012345679	29	-0.0848705276186386	29
HCM-SANG-0265-C18	Colorectal	glucose transport	0.0526077270814913	21	0.549382716049383	21	0.0526077270814913	21
HCM-SANG-0265-C18	Colorectal	glutamine/glutamate	0.0375403382445911	135	0.518518518518519	135	0.0375403382445911	135
HCM-SANG-0265-C18	Colorectal	glycolysis	-0.164375567868404	59	0.450617283950617	59	0.00981982289613235	240
HCM-SANG-0265-C18	Colorectal	iron	-0.0239638614336992	89	0.549382716049383	89	-0.0239638614336992	89
HCM-SANG-0265-C18	Colorectal	methionine	-0.0362480249033246	29	0.487654320987654	29	-0.0362480249033246	29
HCM-SANG-0265-C18	Colorectal	riboflavin	-0.136290560594491	18	0.398148148148148	18	-0.136290560594491	18
HCM-SANG-0265-C18	Colorectal	serine/glycine/one-carbon	-0.0109288940529748	62	0.524691358024691	62	-0.0109288940529748	62
HCM-SANG-0265-C18	Colorectal	sphingolipid	-0.0736918836110253	153	0.5	153	-0.0736918836110253	153
HCM-SANG-0265-C18	Colorectal	tryptophan	-0.10094535134786	44	0.444444444444444	44	-0.10094535134786	44
HCM-SANG-0265-C18	Colorectal	vitamin B12	0.108924608107802	19	0.574074074074074	19	0.108924608107802	19
HCM-SANG-0265-C18	Colorectal	zinc	-0.0051499570569917	15	0.518518518518519	15	-0.0051499570569917	15
HCM-SANG-0266-C20	Colorectal	BCAA	0.267409323415732	52	0.675925925925926	52	0.267409323415732	52
HCM-SANG-0266-C20	Colorectal	NAD	-0.373409238141416	43	0.327160493827161	43	-0.373409238141416	43
HCM-SANG-0266-C20	Colorectal	OXPHOS	-0.0220321064939155	246	0.496913580246914	246	-0.090237659272687	310
HCM-SANG-0266-C20	Colorectal	PPP	0.0811907386844811	27	0.561728395061729	27	0.0811907386844811	31
HCM-SANG-0266-C20	Colorectal	TCA	-0.42704922988504	42	0.277777777777778	42	-0.42704922988504	42
HCM-SANG-0266-C20	Colorectal	amino-acid transport	0.0299130009638149	32	0.5	32	0.0299130009638149	32
HCM-SANG-0266-C20	Colorectal	arginine	0.211036040206216	50	0.608024691358025	50	-0.127656496328324	100
HCM-SANG-0266-C20	Colorectal	cholesterol/isoprenoid	-0.151495356866299	67	0.450617283950617	67	-0.168517397470675	181
HCM-SANG-0266-C20	Colorectal	fatty-acid oxidation	0.0588327742897022	62	0.540123456790123	62	0.0588327742897022	62
HCM-SANG-0266-C20	Colorectal	folate	-0.43832699777839	29	0.351851851851852	29	-0.43832699777839	29
HCM-SANG-0266-C20	Colorectal	glucose transport	0.021068236648577	21	0.54320987654321	21	0.021068236648577	21
HCM-SANG-0266-C20	Colorectal	glutamine/glutamate	0.0443119605656897	135	0.54320987654321	135	0.0443119605656897	135
HCM-SANG-0266-C20	Colorectal	glycolysis	-0.137143275373706	59	0.469135802469136	59	-0.102107449583283	240
HCM-SANG-0266-C20	Colorectal	iron	-0.27977836819976	89	0.351851851851852	89	-0.27977836819976	89
HCM-SANG-0266-C20	Colorectal	methionine	-0.0408741149806489	29	0.518518518518519	29	-0.0408741149806489	29
HCM-SANG-0266-C20	Colorectal	riboflavin	-0.0203768539355016	18	0.496913580246914	18	-0.0203768539355016	18
HCM-SANG-0266-C20	Colorectal	serine/glycine/one-carbon	-0.404168520249051	62	0.324074074074074	62	-0.404168520249051	62
HCM-SANG-0266-C20	Colorectal	sphingolipid	-0.137143275373706	153	0.438271604938272	153	-0.137143275373706	153
HCM-SANG-0266-C20	Colorectal	tryptophan	0.0432219885822351	44	0.524691358024691	44	0.0432219885822351	44
HCM-SANG-0266-C20	Colorectal	vitamin B12	0.062025053367305	19	0.549382716049383	19	0.062025053367305	19
HCM-SANG-0266-C20	Colorectal	zinc	0.190624567340031	15	0.611111111111111	15	0.190624567340031	15
HCM-SANG-0267-D12	Colorectal	BCAA	-0.0645500808150871	52	0.54320987654321	52	-0.0645500808150871	52
HCM-SANG-0267-D12	Colorectal	NAD	0.542716581154034	43	0.746913580246914	43	0.542716581154034	43
HCM-SANG-0267-D12	Colorectal	OXPHOS	-0.231995426356134	246	0.398148148148148	246	-0.22788146053419	310
HCM-SANG-0267-D12	Colorectal	PPP	0.328718711585247	27	0.611111111111111	27	0.329928962929556	31
HCM-SANG-0267-D12	Colorectal	TCA	0.0106818074936416	42	0.518518518518519	42	0.0106818074936416	42
HCM-SANG-0267-D12	Colorectal	amino-acid transport	0.36619838425216	32	0.679012345679012	32	0.36619838425216	32
HCM-SANG-0267-D12	Colorectal	arginine	-0.214408621106744	50	0.367283950617284	50	-0.0860782694716619	100
HCM-SANG-0267-D12	Colorectal	cholesterol/isoprenoid	-0.094250092375594	67	0.469135802469136	67	-0.0635805607480571	181
HCM-SANG-0267-D12	Colorectal	fatty-acid oxidation	-0.15623141932249	62	0.425925925925926	62	-0.15623141932249	62
HCM-SANG-0267-D12	Colorectal	folate	-0.11587868931199	29	0.462962962962963	29	-0.11587868931199	29
HCM-SANG-0267-D12	Colorectal	glucose transport	-0.206765941335569	21	0.432098765432099	21	-0.206765941335569	21
HCM-SANG-0267-D12	Colorectal	glutamine/glutamate	0.0309920059900445	135	0.524691358024691	135	0.0309920059900445	135
HCM-SANG-0267-D12	Colorectal	glycolysis	0.064252757630786	59	0.555555555555556	59	0.0222224708755623	240
HCM-SANG-0267-D12	Colorectal	iron	-0.0754192979004433	89	0.469135802469136	89	-0.0754192979004433	89
HCM-SANG-0267-D12	Colorectal	methionine	0.246182521835242	29	0.654320987654321	29	0.246182521835242	29
HCM-SANG-0267-D12	Colorectal	riboflavin	-0.0459950087938648	18	0.466049382716049	18	-0.0459950087938648	18
HCM-SANG-0267-D12	Colorectal	serine/glycine/one-carbon	-0.115570739545559	62	0.432098765432099	62	-0.115570739545559	62
HCM-SANG-0267-D12	Colorectal	sphingolipid	-0.222071676176995	153	0.388888888888889	153	-0.222071676176995	153
HCM-SANG-0267-D12	Colorectal	tryptophan	0.413109372655752	44	0.67283950617284	44	0.413109372655752	44
HCM-SANG-0267-D12	Colorectal	vitamin B12	-0.159056947441571	19	0.432098765432099	19	-0.159056947441571	19
HCM-SANG-0267-D12	Colorectal	zinc	-0.765048142277096	15	0.179012345679012	15	-0.765048142277096	15
HCM-SANG-0268-C18	Colorectal	BCAA	0.00289612855393649	52	0.540123456790123	52	0.00289612855393649	52
HCM-SANG-0268-C18	Colorectal	NAD	-0.0450016911502828	43	0.5	43	-0.0450016911502828	43
HCM-SANG-0268-C18	Colorectal	OXPHOS	0.0903355066150884	246	0.577160493827161	246	0.0563467276484163	310
HCM-SANG-0268-C18	Colorectal	PPP	-0.149503106963581	27	0.45679012345679	27	-0.124049608209663	31
HCM-SANG-0268-C18	Colorectal	TCA	0.0609089965858177	42	0.558641975308642	42	0.0609089965858177	42
HCM-SANG-0268-C18	Colorectal	amino-acid transport	0.0516894148982219	32	0.530864197530864	32	0.0516894148982219	32
HCM-SANG-0268-C18	Colorectal	arginine	-0.0152399088395318	50	0.481481481481482	50	-0.147720994874327	100
HCM-SANG-0268-C18	Colorectal	cholesterol/isoprenoid	-0.246420734751986	67	0.407407407407407	67	-0.0397302022117628	181
HCM-SANG-0268-C18	Colorectal	fatty-acid oxidation	-0.0747617101048071	62	0.484567901234568	62	-0.0747617101048071	62
HCM-SANG-0268-C18	Colorectal	folate	-0.372394053269742	29	0.339506172839506	29	-0.372394053269742	29
HCM-SANG-0268-C18	Colorectal	glucose transport	-0.119768007145319	21	0.462962962962963	21	-0.119768007145319	21
HCM-SANG-0268-C18	Colorectal	glutamine/glutamate	0.0999524983993748	135	0.561728395061729	135	0.0999524983993748	135
HCM-SANG-0268-C18	Colorectal	glycolysis	-0.0603841932116872	59	0.5	59	-0.0890560678839369	240
HCM-SANG-0268-C18	Colorectal	iron	0.145572545340148	89	0.598765432098765	89	0.145572545340148	89
HCM-SANG-0268-C18	Colorectal	methionine	0.0447639956748361	29	0.549382716049383	29	0.0447639956748361	29
HCM-SANG-0268-C18	Colorectal	riboflavin	-0.00156210560442943	18	0.515432098765432	18	-0.00156210560442943	18
HCM-SANG-0268-C18	Colorectal	serine/glycine/one-carbon	0.133098682498416	62	0.595679012345679	62	0.133098682498416	62
HCM-SANG-0268-C18	Colorectal	sphingolipid	-0.0475406099864146	153	0.462962962962963	153	-0.0475406099864146	153
HCM-SANG-0268-C18	Colorectal	tryptophan	-0.0627371988926284	44	0.512345679012346	44	-0.0627371988926284	44
HCM-SANG-0268-C18	Colorectal	vitamin B12	-0.225735574164828	19	0.407407407407407	19	-0.225735574164828	19
HCM-SANG-0268-C18	Colorectal	zinc	-0.255844194994607	15	0.395061728395062	15	-0.255844194994607	15
HCM-SANG-0270-C20	Colorectal	BCAA	0.113345099573855	52	0.583333333333333	52	0.113345099573855	52
HCM-SANG-0270-C20	Colorectal	NAD	-0.00665939102954055	43	0.537037037037037	43	-0.00665939102954055	43
HCM-SANG-0270-C20	Colorectal	OXPHOS	0.25974980535979	246	0.632716049382716	246	0.21252216602262	310
HCM-SANG-0270-C20	Colorectal	PPP	-0.0612471563141641	27	0.475308641975309	27	-0.0561826730664733	31
HCM-SANG-0270-C20	Colorectal	TCA	0.0938570149723897	42	0.592592592592593	42	0.0938570149723897	42
HCM-SANG-0270-C20	Colorectal	amino-acid transport	-0.195242461588128	32	0.385802469135802	32	-0.195242461588128	32
HCM-SANG-0270-C20	Colorectal	arginine	-0.104817120117756	50	0.462962962962963	50	-0.113346125577339	100
HCM-SANG-0270-C20	Colorectal	cholesterol/isoprenoid	0.08230919137471	67	0.567901234567901	67	0.110361237348409	181
HCM-SANG-0270-C20	Colorectal	fatty-acid oxidation	0.0162913557696744	62	0.506172839506173	62	0.0162913557696744	62
HCM-SANG-0270-C20	Colorectal	folate	-0.11530047242939	29	0.469135802469136	29	-0.11530047242939	29
HCM-SANG-0270-C20	Colorectal	glucose transport	0.0733846912413295	21	0.555555555555556	21	0.0733846912413295	21
HCM-SANG-0270-C20	Colorectal	glutamine/glutamate	-0.145998547183184	135	0.432098765432099	135	-0.145998547183184	135
HCM-SANG-0270-C20	Colorectal	glycolysis	-0.0300491340872815	59	0.5	59	0.0109570381366639	240
HCM-SANG-0270-C20	Colorectal	iron	-0.103587058764646	89	0.462962962962963	89	-0.103587058764646	89
HCM-SANG-0270-C20	Colorectal	methionine	-0.120679980609494	29	0.469135802469136	29	-0.120679980609494	29
HCM-SANG-0270-C20	Colorectal	riboflavin	-0.235335083012195	18	0.410493827160494	18	-0.235335083012195	18
HCM-SANG-0270-C20	Colorectal	serine/glycine/one-carbon	0.106108743558883	62	0.558641975308642	62	0.106108743558883	62
HCM-SANG-0270-C20	Colorectal	sphingolipid	-0.10043039371326	153	0.475308641975309	153	-0.10043039371326	153
HCM-SANG-0270-C20	Colorectal	tryptophan	0.0493042625700639	44	0.549382716049383	44	0.0493042625700639	44
HCM-SANG-0270-C20	Colorectal	vitamin B12	0.070675828242587	19	0.54320987654321	19	0.070675828242587	19
HCM-SANG-0270-C20	Colorectal	zinc	-0.0304621612087611	15	0.487654320987654	15	-0.0304621612087611	15
HCM-SANG-0272-C20	Colorectal	BCAA	0.12548522101904	52	0.601851851851852	52	0.12548522101904	52
HCM-SANG-0272-C20	Colorectal	NAD	-0.214471691242988	43	0.41358024691358	43	-0.214471691242988	43
HCM-SANG-0272-C20	Colorectal	OXPHOS	-0.0615302143892162	246	0.493827160493827	246	-0.0976196128070763	310
HCM-SANG-0272-C20	Colorectal	PPP	-0.290560844456358	27	0.364197530864198	27	-0.27177168812385	31
HCM-SANG-0272-C20	Colorectal	TCA	0.135424445590441	42	0.608024691358025	42	0.135424445590441	42
HCM-SANG-0272-C20	Colorectal	amino-acid transport	-0.25783301841195	32	0.37962962962963	32	-0.25783301841195	32
HCM-SANG-0272-C20	Colorectal	arginine	0.104839568756607	50	0.583333333333333	50	-0.00114481757176104	100
HCM-SANG-0272-C20	Colorectal	cholesterol/isoprenoid	0.071245185862132	67	0.604938271604938	67	0.0285932474793756	181
HCM-SANG-0272-C20	Colorectal	fatty-acid oxidation	0.030525815485754	62	0.567901234567901	62	0.030525815485754	62
HCM-SANG-0272-C20	Colorectal	folate	-0.292160073494314	29	0.37037037037037	29	-0.292160073494314	29
HCM-SANG-0272-C20	Colorectal	glucose transport	-0.00646246627279004	21	0.530864197530864	21	-0.00646246627279004	21
HCM-SANG-0272-C20	Colorectal	glutamine/glutamate	-0.0709292429168226	135	0.475308641975309	135	-0.0709292429168226	135
HCM-SANG-0272-C20	Colorectal	glycolysis	-0.000882975583594817	59	0.537037037037037	59	-0.0335097304156443	240
HCM-SANG-0272-C20	Colorectal	iron	0.0530137065834498	89	0.54320987654321	89	0.0530137065834498	89
HCM-SANG-0272-C20	Colorectal	methionine	0.177688818683161	29	0.617283950617284	29	0.177688818683161	29
HCM-SANG-0272-C20	Colorectal	riboflavin	-0.190308491862475	18	0.401234567901235	18	-0.190308491862475	18
HCM-SANG-0272-C20	Colorectal	serine/glycine/one-carbon	-0.125418328188268	62	0.422839506172839	62	-0.125418328188268	62
HCM-SANG-0272-C20	Colorectal	sphingolipid	-0.00296049153347101	153	0.481481481481482	153	-0.00296049153347101	153
HCM-SANG-0272-C20	Colorectal	tryptophan	-0.0295834146997745	44	0.506172839506173	44	-0.0295834146997745	44
HCM-SANG-0272-C20	Colorectal	vitamin B12	0.017812706388232	19	0.549382716049383	19	0.017812706388232	19
HCM-SANG-0272-C20	Colorectal	zinc	0.119978832307554	15	0.580246913580247	15	0.119978832307554	15
HCM-SANG-0273-C18	Colorectal	BCAA	-0.0091354754219915	52	0.521604938271605	52	-0.0091354754219915	52
HCM-SANG-0273-C18	Colorectal	NAD	-0.136560126624566	43	0.444444444444444	43	-0.136560126624566	43
HCM-SANG-0273-C18	Colorectal	OXPHOS	-0.0651242872771963	246	0.481481481481482	246	-0.0937039777796008	310
HCM-SANG-0273-C18	Colorectal	PPP	-0.0402542736049206	27	0.493827160493827	27	-0.0222974341493997	31
HCM-SANG-0273-C18	Colorectal	TCA	0.00472009810693777	42	0.5	42	0.00472009810693777	42
HCM-SANG-0273-C18	Colorectal	amino-acid transport	0.0685406803793202	32	0.515432098765432	32	0.0685406803793202	32
HCM-SANG-0273-C18	Colorectal	arginine	-0.0130778296530704	50	0.503086419753086	50	0.0948344736373677	100
HCM-SANG-0273-C18	Colorectal	cholesterol/isoprenoid	-0.0530475810607263	67	0.506172839506173	67	0.0663297878372287	181
HCM-SANG-0273-C18	Colorectal	fatty-acid oxidation	-0.0379140321077672	62	0.493827160493827	62	-0.0379140321077672	62
HCM-SANG-0273-C18	Colorectal	folate	0.113373381896915	29	0.555555555555556	29	0.113373381896915	29
HCM-SANG-0273-C18	Colorectal	glucose transport	-0.0227988503303021	21	0.506172839506173	21	-0.0227988503303021	21
HCM-SANG-0273-C18	Colorectal	glutamine/glutamate	-0.00305921066804214	135	0.512345679012346	135	-0.00305921066804214	135
HCM-SANG-0273-C18	Colorectal	glycolysis	-0.012237955177251	59	0.518518518518519	59	-0.00858285415157785	240
HCM-SANG-0273-C18	Colorectal	iron	0.010705355718655	89	0.537037037037037	89	0.010705355718655	89
HCM-SANG-0273-C18	Colorectal	methionine	-0.0771126997426406	29	0.481481481481482	29	-0.0771126997426406	29
HCM-SANG-0273-C18	Colorectal	riboflavin	-0.013096611793763	18	0.512345679012346	18	-0.013096611793763	18
HCM-SANG-0273-C18	Colorectal	serine/glycine/one-carbon	-0.0569607857481593	62	0.469135802469136	62	-0.0569607857481593	62
HCM-SANG-0273-C18	Colorectal	sphingolipid	-0.00389385093901	153	0.5	153	-0.00389385093901	153
HCM-SANG-0273-C18	Colorectal	tryptophan	-0.00192607692404428	44	0.530864197530864	44	-0.00192607692404428	44
HCM-SANG-0273-C18	Colorectal	vitamin B12	0.13049501956437	19	0.567901234567901	19	0.13049501956437	19
HCM-SANG-0273-C18	Colorectal	zinc	0.179570823047627	15	0.555555555555556	15	0.179570823047627	15
HCM-SANG-0274-C18	Colorectal	BCAA	0.0144305552230235	52	0.521604938271605	52	0.0144305552230235	52
HCM-SANG-0274-C18	Colorectal	NAD	0.103569391908364	43	0.58641975308642	43	0.103569391908364	43
HCM-SANG-0274-C18	Colorectal	OXPHOS	0.011770595156642	246	0.521604938271605	246	0.0551726438096781	310
HCM-SANG-0274-C18	Colorectal	PPP	-0.610044507466736	27	0.253086419753086	27	-0.375997958842226	31
HCM-SANG-0274-C18	Colorectal	TCA	-0.0461709683203572	42	0.45679012345679	42	-0.0461709683203572	42
HCM-SANG-0274-C18	Colorectal	amino-acid transport	-0.107103599541278	32	0.478395061728395	32	-0.107103599541278	32
HCM-SANG-0274-C18	Colorectal	arginine	-0.0798913735496923	50	0.450617283950617	50	0.136853751220942	100
HCM-SANG-0274-C18	Colorectal	cholesterol/isoprenoid	-0.370270462827884	67	0.296296296296296	67	-0.275964220892733	181
HCM-SANG-0274-C18	Colorectal	fatty-acid oxidation	0.132022924858605	62	0.567901234567901	62	0.132022924858605	62
HCM-SANG-0274-C18	Colorectal	folate	-0.143093473907019	29	0.419753086419753	29	-0.143093473907019	29
HCM-SANG-0274-C18	Colorectal	glucose transport	-1.01919995213145	21	0.141975308641975	21	-1.01919995213145	21
HCM-SANG-0274-C18	Colorectal	glutamine/glutamate	-0.022012571789981	135	0.5	135	-0.022012571789981	135
HCM-SANG-0274-C18	Colorectal	glycolysis	0.110519337075052	59	0.561728395061729	59	0.0539151676432265	240
HCM-SANG-0274-C18	Colorectal	iron	-0.237787168293554	89	0.401234567901235	89	-0.237787168293554	89
HCM-SANG-0274-C18	Colorectal	methionine	-0.087123547488887	29	0.493827160493827	29	-0.087123547488887	29
HCM-SANG-0274-C18	Colorectal	riboflavin	-0.0417667041991915	18	0.45679012345679	18	-0.0417667041991915	18
HCM-SANG-0274-C18	Colorectal	serine/glycine/one-carbon	0.0201348424143657	62	0.546296296296296	62	0.0201348424143657	62
HCM-SANG-0274-C18	Colorectal	sphingolipid	0.0791913439542488	153	0.549382716049383	153	0.0791913439542488	153
HCM-SANG-0274-C18	Colorectal	tryptophan	0.0155068289786377	44	0.521604938271605	44	0.0155068289786377	44
HCM-SANG-0274-C18	Colorectal	vitamin B12	0.439024247740884	19	0.740740740740741	19	0.439024247740884	19
HCM-SANG-0274-C18	Colorectal	zinc	-0.559106977302767	15	0.216049382716049	15	-0.559106977302767	15
HCM-SANG-0275-C18	Colorectal	BCAA	0.11663453606271	52	0.567901234567901	52	0.11663453606271	52
HCM-SANG-0275-C18	Colorectal	NAD	-0.0311353595985381	43	0.487654320987654	43	-0.0311353595985381	43
HCM-SANG-0275-C18	Colorectal	OXPHOS	0.124753593830154	246	0.592592592592593	246	0.102904814925288	310
HCM-SANG-0275-C18	Colorectal	PPP	0.291430788249417	27	0.691358024691358	27	0.262378762431502	31
HCM-SANG-0275-C18	Colorectal	TCA	0.127986272890054	42	0.58641975308642	42	0.127986272890054	42
HCM-SANG-0275-C18	Colorectal	amino-acid transport	-0.0834672259234888	32	0.453703703703704	32	-0.0834672259234888	32
HCM-SANG-0275-C18	Colorectal	arginine	0.123003142630809	50	0.537037037037037	50	0.048137685396599	100
HCM-SANG-0275-C18	Colorectal	cholesterol/isoprenoid	0.320617571050701	67	0.685185185185185	67	0.18211808041583	181
HCM-SANG-0275-C18	Colorectal	fatty-acid oxidation	0.175832140689545	62	0.62962962962963	62	0.175832140689545	62
HCM-SANG-0275-C18	Colorectal	folate	-0.109665356490102	29	0.5	29	-0.109665356490102	29
HCM-SANG-0275-C18	Colorectal	glucose transport	-0.15121762981914	21	0.487654320987654	21	-0.15121762981914	21
HCM-SANG-0275-C18	Colorectal	glutamine/glutamate	0.100559775550585	135	0.54320987654321	135	0.100559775550585	135
HCM-SANG-0275-C18	Colorectal	glycolysis	-0.0810783430743079	59	0.469135802469136	59	0.00236135456022195	240
HCM-SANG-0275-C18	Colorectal	iron	0.240079392772324	89	0.617283950617284	89	0.240079392772324	89
HCM-SANG-0275-C18	Colorectal	methionine	0.186067704817706	29	0.58641975308642	29	0.186067704817706	29
HCM-SANG-0275-C18	Colorectal	riboflavin	-0.186600555575314	18	0.425925925925926	18	-0.186600555575314	18
HCM-SANG-0275-C18	Colorectal	serine/glycine/one-carbon	0.0246765065056733	62	0.521604938271605	62	0.0246765065056733	62
HCM-SANG-0275-C18	Colorectal	sphingolipid	0.00892328427432283	153	0.537037037037037	153	0.00892328427432283	153
HCM-SANG-0275-C18	Colorectal	tryptophan	-0.138321338819844	44	0.453703703703704	44	-0.138321338819844	44
HCM-SANG-0275-C18	Colorectal	vitamin B12	0.0402369184723554	19	0.54320987654321	19	0.0402369184723554	19
HCM-SANG-0275-C18	Colorectal	zinc	-0.0696478789588164	15	0.45679012345679	15	-0.0696478789588164	15
HCM-SANG-0276-C18	Colorectal	BCAA	-0.0966574840348668	52	0.487654320987654	52	-0.0966574840348668	52
HCM-SANG-0276-C18	Colorectal	NAD	-0.112018236357254	43	0.469135802469136	43	-0.112018236357254	43
HCM-SANG-0276-C18	Colorectal	OXPHOS	-0.0899603056428414	246	0.481481481481482	246	-0.0581123436692981	310
HCM-SANG-0276-C18	Colorectal	PPP	-0.0291179265193314	27	0.524691358024691	27	0.0323009429140411	31
HCM-SANG-0276-C18	Colorectal	TCA	0.00801250768282498	42	0.496913580246914	42	0.00801250768282498	42
HCM-SANG-0276-C18	Colorectal	amino-acid transport	0.100808339382371	32	0.564814814814815	32	0.100808339382371	32
HCM-SANG-0276-C18	Colorectal	arginine	-0.0994645744560252	50	0.462962962962963	50	0.113492026346158	100
HCM-SANG-0276-C18	Colorectal	cholesterol/isoprenoid	-0.117406682211157	67	0.487654320987654	67	-0.0278587209666802	181
HCM-SANG-0276-C18	Colorectal	fatty-acid oxidation	-0.0128838891289767	62	0.512345679012346	62	-0.0128838891289767	62
HCM-SANG-0276-C18	Colorectal	folate	0.228717428129582	29	0.62962962962963	29	0.228717428129582	29
HCM-SANG-0276-C18	Colorectal	glucose transport	0.0826617812484908	21	0.555555555555556	21	0.0826617812484908	21
HCM-SANG-0276-C18	Colorectal	glutamine/glutamate	-0.0301495375336247	135	0.512345679012346	135	-0.0301495375336247	135
HCM-SANG-0276-C18	Colorectal	glycolysis	0.0130452688170951	59	0.506172839506173	59	-0.0431944583923117	240
HCM-SANG-0276-C18	Colorectal	iron	-0.016102842141084	89	0.506172839506173	89	-0.016102842141084	89
HCM-SANG-0276-C18	Colorectal	methionine	-0.13430356990743	29	0.475308641975309	29	-0.13430356990743	29
HCM-SANG-0276-C18	Colorectal	riboflavin	-0.244956341168042	18	0.37962962962963	18	-0.244956341168042	18
HCM-SANG-0276-C18	Colorectal	serine/glycine/one-carbon	-0.120233050669867	62	0.450617283950617	62	-0.120233050669867	62
HCM-SANG-0276-C18	Colorectal	sphingolipid	-0.0272954321319024	153	0.487654320987654	153	-0.0272954321319024	153
HCM-SANG-0276-C18	Colorectal	tryptophan	-0.192331337656997	44	0.432098765432099	44	-0.192331337656997	44
HCM-SANG-0276-C18	Colorectal	vitamin B12	0.0619983235195128	19	0.574074074074074	19	0.0619983235195128	19
HCM-SANG-0276-C18	Colorectal	zinc	-0.042640332208887	15	0.493827160493827	15	-0.042640332208887	15
HCM-SANG-0278-C20	Colorectal	BCAA	-0.00238689318169766	52	0.521604938271605	52	-0.00238689318169766	52
HCM-SANG-0278-C20	Colorectal	NAD	0.0403253044104356	43	0.524691358024691	43	0.0403253044104356	43
HCM-SANG-0278-C20	Colorectal	OXPHOS	0.18794330560362	246	0.611111111111111	246	0.181755065117938	310
HCM-SANG-0278-C20	Colorectal	PPP	0.0239874682067441	27	0.512345679012346	27	0.0239874682067441	31
HCM-SANG-0278-C20	Colorectal	TCA	0.102105388421557	42	0.549382716049383	42	0.102105388421557	42
HCM-SANG-0278-C20	Colorectal	amino-acid transport	0.186170583506666	32	0.62037037037037	32	0.186170583506666	32
HCM-SANG-0278-C20	Colorectal	arginine	-0.182498216602347	50	0.416666666666667	50	-0.10110572722195	100
HCM-SANG-0278-C20	Colorectal	cholesterol/isoprenoid	0.0743191434187556	67	0.54320987654321	67	-0.0166961035441555	181
HCM-SANG-0278-C20	Colorectal	fatty-acid oxidation	-0.277099445715738	62	0.385802469135802	62	-0.277099445715738	62
HCM-SANG-0278-C20	Colorectal	folate	0.185000966866805	29	0.611111111111111	29	0.185000966866805	29
HCM-SANG-0278-C20	Colorectal	glucose transport	-0.0281238436710507	21	0.518518518518519	21	-0.0281238436710507	21
HCM-SANG-0278-C20	Colorectal	glutamine/glutamate	0.00566068671151756	135	0.524691358024691	135	0.00566068671151756	135
HCM-SANG-0278-C20	Colorectal	glycolysis	-0.0455832343841034	59	0.481481481481482	59	-0.00539314805569002	240
HCM-SANG-0278-C20	Colorectal	iron	-0.0327889878882873	89	0.493827160493827	89	-0.0327889878882873	89
HCM-SANG-0278-C20	Colorectal	methionine	0.0184434430207669	29	0.54320987654321	29	0.0184434430207669	29
HCM-SANG-0278-C20	Colorectal	riboflavin	0.141236085581293	18	0.570987654320988	18	0.141236085581293	18
HCM-SANG-0278-C20	Colorectal	serine/glycine/one-carbon	-0.0396872428246306	62	0.506172839506173	62	-0.0396872428246306	62
HCM-SANG-0278-C20	Colorectal	sphingolipid	0.0206481513198056	153	0.530864197530864	153	0.0206481513198056	153
HCM-SANG-0278-C20	Colorectal	tryptophan	0.040257047814519	44	0.527777777777778	44	0.040257047814519	44
HCM-SANG-0278-C20	Colorectal	vitamin B12	0.136029929426894	19	0.592592592592593	19	0.136029929426894	19
HCM-SANG-0278-C20	Colorectal	zinc	0.215997742129883	15	0.617283950617284	15	0.215997742129883	15
HCM-SANG-0280-C18	Colorectal	BCAA	0.0498664729435054	52	0.533950617283951	52	0.0498664729435054	52
HCM-SANG-0280-C18	Colorectal	NAD	0.230828404662021	43	0.623456790123457	43	0.230828404662021	43
HCM-SANG-0280-C18	Colorectal	OXPHOS	0.122235336059993	246	0.580246913580247	246	0.101709011385105	310
HCM-SANG-0280-C18	Colorectal	PPP	-0.351881569324015	27	0.358024691358025	27	-0.581816451214749	31
HCM-SANG-0280-C18	Colorectal	TCA	0.40326467424217	42	0.700617283950617	42	0.40326467424217	42
HCM-SANG-0280-C18	Colorectal	amino-acid transport	0.165193814358842	32	0.589506172839506	32	0.165193814358842	32
HCM-SANG-0280-C18	Colorectal	arginine	-0.279844490797963	50	0.364197530864197	50	-0.140480429605864	100
HCM-SANG-0280-C18	Colorectal	cholesterol/isoprenoid	-0.0191944050584285	67	0.512345679012346	67	-0.080736803566186	181
HCM-SANG-0280-C18	Colorectal	fatty-acid oxidation	-0.134710135180665	62	0.450617283950617	62	-0.134710135180665	62
HCM-SANG-0280-C18	Colorectal	folate	-0.567048895244749	29	0.283950617283951	29	-0.567048895244749	29
HCM-SANG-0280-C18	Colorectal	glucose transport	0.630750777172581	21	0.777777777777778	21	0.630750777172581	21
HCM-SANG-0280-C18	Colorectal	glutamine/glutamate	-0.138083010891262	135	0.469135802469136	135	-0.138083010891262	135
HCM-SANG-0280-C18	Colorectal	glycolysis	-0.170688312245143	59	0.41358024691358	59	-0.15918241438774	240
HCM-SANG-0280-C18	Colorectal	iron	-0.313207250391566	89	0.395061728395062	89	-0.313207250391566	89
HCM-SANG-0280-C18	Colorectal	methionine	0.119497493684834	29	0.648148148148148	29	0.119497493684834	29
HCM-SANG-0280-C18	Colorectal	riboflavin	0.562851902445336	18	0.771604938271605	18	0.562851902445336	18
HCM-SANG-0280-C18	Colorectal	serine/glycine/one-carbon	-0.372605706774853	62	0.314814814814815	62	-0.372605706774853	62
HCM-SANG-0280-C18	Colorectal	sphingolipid	0.0710552430056257	153	0.54320987654321	153	0.0710552430056257	153
HCM-SANG-0280-C18	Colorectal	tryptophan	0.135003644097994	44	0.589506172839506	44	0.135003644097994	44
HCM-SANG-0280-C18	Colorectal	vitamin B12	-0.212438057282713	19	0.401234567901235	19	-0.212438057282713	19
HCM-SANG-0280-C18	Colorectal	zinc	-0.00507702151549691	15	0.537037037037037	15	-0.00507702151549691	15
HCM-SANG-0281-C18	Colorectal	BCAA	-0.105004001546131	52	0.444444444444444	52	-0.105004001546131	52
HCM-SANG-0281-C18	Colorectal	NAD	-0.00981573905740369	43	0.506172839506173	43	-0.00981573905740369	43
HCM-SANG-0281-C18	Colorectal	OXPHOS	0.0588147469408951	246	0.54320987654321	246	0.0666292792197861	310
HCM-SANG-0281-C18	Colorectal	PPP	0.0649439765091432	27	0.561728395061729	27	0.0463241129947725	31
HCM-SANG-0281-C18	Colorectal	TCA	0.275499282568319	42	0.632716049382716	42	0.275499282568319	42
HCM-SANG-0281-C18	Colorectal	amino-acid transport	-0.0742268737641867	32	0.475308641975309	32	-0.0742268737641867	32
HCM-SANG-0281-C18	Colorectal	arginine	-0.0574163589526304	50	0.462962962962963	50	-0.0470377942600118	100
HCM-SANG-0281-C18	Colorectal	cholesterol/isoprenoid	0.137346378122662	67	0.567901234567901	67	0.0483679453343378	181
HCM-SANG-0281-C18	Colorectal	fatty-acid oxidation	-0.0876423855010977	62	0.469135802469136	62	-0.0876423855010977	62
HCM-SANG-0281-C18	Colorectal	folate	0.212717266356986	29	0.623456790123457	29	0.212717266356986	29
HCM-SANG-0281-C18	Colorectal	glucose transport	0.0259593129522672	21	0.604938271604938	21	0.0259593129522672	21
HCM-SANG-0281-C18	Colorectal	glutamine/glutamate	0.0464479089649434	135	0.512345679012346	135	0.0464479089649434	135
HCM-SANG-0281-C18	Colorectal	glycolysis	0.0120402387842128	59	0.512345679012346	59	0.0158943739904266	240
HCM-SANG-0281-C18	Colorectal	iron	0.0693247488043705	89	0.580246913580247	89	0.0693247488043705	89
HCM-SANG-0281-C18	Colorectal	methionine	0.0387711944928464	29	0.537037037037037	29	0.0387711944928464	29
HCM-SANG-0281-C18	Colorectal	riboflavin	-0.0173404256653733	18	0.527777777777778	18	-0.0173404256653733	18
HCM-SANG-0281-C18	Colorectal	serine/glycine/one-carbon	0.102995398386141	62	0.570987654320988	62	0.102995398386141	62
HCM-SANG-0281-C18	Colorectal	sphingolipid	0.0296769913034613	153	0.512345679012346	153	0.0296769913034613	153
HCM-SANG-0281-C18	Colorectal	tryptophan	-0.138672759189442	44	0.441358024691358	44	-0.138672759189442	44
HCM-SANG-0281-C18	Colorectal	vitamin B12	-0.020355934836545	19	0.481481481481482	19	-0.020355934836545	19
HCM-SANG-0281-C18	Colorectal	zinc	0.231737927644551	15	0.62962962962963	15	0.231737927644551	15
HCM-SANG-0282-C18	Colorectal	BCAA	-0.0969132564731322	52	0.512345679012346	52	-0.0969132564731322	52
HCM-SANG-0282-C18	Colorectal	NAD	-0.00475134321509712	43	0.518518518518519	43	-0.00475134321509712	43
HCM-SANG-0282-C18	Colorectal	OXPHOS	-0.149933337950367	246	0.432098765432099	246	-0.15644457264813	310
HCM-SANG-0282-C18	Colorectal	PPP	0.15609609432506	27	0.598765432098765	27	0.149494179621852	31
HCM-SANG-0282-C18	Colorectal	TCA	0.000975960784790306	42	0.570987654320988	42	0.000975960784790306	42
HCM-SANG-0282-C18	Colorectal	amino-acid transport	0.213384891839199	32	0.617283950617284	32	0.213384891839199	32
HCM-SANG-0282-C18	Colorectal	arginine	-0.0485945745413594	50	0.472222222222222	50	-0.2141788497814	100
HCM-SANG-0282-C18	Colorectal	cholesterol/isoprenoid	0.00637259315029888	67	0.481481481481482	67	0.0302142770943671	181
HCM-SANG-0282-C18	Colorectal	fatty-acid oxidation	-0.00972525838646786	62	0.509259259259259	62	-0.00972525838646786	62
HCM-SANG-0282-C18	Colorectal	folate	0.177424946540342	29	0.58641975308642	29	0.177424946540342	29
HCM-SANG-0282-C18	Colorectal	glucose transport	0.0485901466910202	21	0.592592592592593	21	0.0485901466910202	21
HCM-SANG-0282-C18	Colorectal	glutamine/glutamate	-0.0108523241677525	135	0.506172839506173	135	-0.0108523241677525	135
HCM-SANG-0282-C18	Colorectal	glycolysis	-0.0109024200991482	59	0.54320987654321	59	-0.0402284225996791	240
HCM-SANG-0282-C18	Colorectal	iron	-0.106302592454852	89	0.475308641975309	89	-0.106302592454852	89
HCM-SANG-0282-C18	Colorectal	methionine	0.385267716712213	29	0.709876543209877	29	0.385267716712213	29
HCM-SANG-0282-C18	Colorectal	riboflavin	-0.259465799233679	18	0.388888888888889	18	-0.259465799233679	18
HCM-SANG-0282-C18	Colorectal	serine/glycine/one-carbon	0.0751363207251898	62	0.561728395061729	62	0.0751363207251898	62
HCM-SANG-0282-C18	Colorectal	sphingolipid	0.0745438722146288	153	0.518518518518519	153	0.0745438722146288	153
HCM-SANG-0282-C18	Colorectal	tryptophan	0.145800241707048	44	0.564814814814815	44	0.145800241707048	44
HCM-SANG-0282-C18	Colorectal	vitamin B12	-0.0324826283313368	19	0.512345679012346	19	-0.0324826283313368	19
HCM-SANG-0282-C18	Colorectal	zinc	-0.0548782135178285	15	0.469135802469136	15	-0.0548782135178285	15
HCM-SANG-0283-C18	Colorectal	BCAA	-0.121887299269259	52	0.45679012345679	52	-0.121887299269259	52
HCM-SANG-0283-C18	Colorectal	NAD	-0.194867163312764	43	0.388888888888889	43	-0.194867163312764	43
HCM-SANG-0283-C18	Colorectal	OXPHOS	-0.0431014381714771	246	0.493827160493827	246	-0.0224846113951423	310
HCM-SANG-0283-C18	Colorectal	PPP	-0.0150638729329036	27	0.5	27	-0.0150638729329036	31
HCM-SANG-0283-C18	Colorectal	TCA	0.283058200150333	42	0.67283950617284	42	0.283058200150333	42
HCM-SANG-0283-C18	Colorectal	amino-acid transport	-0.204905785125342	32	0.410493827160494	32	-0.204905785125342	32
HCM-SANG-0283-C18	Colorectal	arginine	0.0571093968227712	50	0.549382716049383	50	0.0928719125381499	100
HCM-SANG-0283-C18	Colorectal	cholesterol/isoprenoid	-0.149114256012986	67	0.419753086419753	67	-0.177041481933262	181
HCM-SANG-0283-C18	Colorectal	fatty-acid oxidation	-0.031912305894565	62	0.490740740740741	62	-0.031912305894565	62
HCM-SANG-0283-C18	Colorectal	folate	0.026873782121857	29	0.5	29	0.026873782121857	29
HCM-SANG-0283-C18	Colorectal	glucose transport	0.013052776052259	21	0.524691358024691	21	0.013052776052259	21
HCM-SANG-0283-C18	Colorectal	glutamine/glutamate	0.129754352010728	135	0.567901234567901	135	0.129754352010728	135
HCM-SANG-0283-C18	Colorectal	glycolysis	-0.148969430980332	59	0.425925925925926	59	0.0722344633755154	240
HCM-SANG-0283-C18	Colorectal	iron	-0.210624898272789	89	0.41358024691358	89	-0.210624898272789	89
HCM-SANG-0283-C18	Colorectal	methionine	0.24438206944385	29	0.623456790123457	29	0.24438206944385	29
HCM-SANG-0283-C18	Colorectal	riboflavin	0.353209515251381	18	0.682098765432099	18	0.353209515251381	18
HCM-SANG-0283-C18	Colorectal	serine/glycine/one-carbon	-0.0747885495200371	62	0.5	62	-0.0747885495200371	62
HCM-SANG-0283-C18	Colorectal	sphingolipid	-0.107371899198591	153	0.462962962962963	153	-0.107371899198591	153
HCM-SANG-0283-C18	Colorectal	tryptophan	0.0571093968227712	44	0.552469135802469	44	0.0571093968227712	44
HCM-SANG-0283-C18	Colorectal	vitamin B12	-0.601012557228298	19	0.246913580246914	19	-0.601012557228298	19
HCM-SANG-0283-C18	Colorectal	zinc	0.207737577719886	15	0.62962962962963	15	0.207737577719886	15
HCM-SANG-0284-C18	Colorectal	BCAA	0.372526037866363	52	0.725308641975309	52	0.372526037866363	52
HCM-SANG-0284-C18	Colorectal	NAD	0.520816628635982	43	0.722222222222222	43	0.520816628635982	43
HCM-SANG-0284-C18	Colorectal	OXPHOS	0.203489778622601	246	0.635802469135802	246	0.16402484907645	310
HCM-SANG-0284-C18	Colorectal	PPP	0.410837823997454	27	0.709876543209877	27	0.256407772682751	31
HCM-SANG-0284-C18	Colorectal	TCA	-0.0948471714844263	42	0.478395061728395	42	-0.0948471714844263	42
HCM-SANG-0284-C18	Colorectal	amino-acid transport	-0.0891108965377212	32	0.475308641975309	32	-0.0891108965377212	32
HCM-SANG-0284-C18	Colorectal	arginine	0.350967550151679	50	0.697530864197531	50	-0.0266710109344666	100
HCM-SANG-0284-C18	Colorectal	cholesterol/isoprenoid	0.166281336724532	67	0.598765432098765	67	0.170674469375999	181
HCM-SANG-0284-C18	Colorectal	fatty-acid oxidation	0.174187105063067	62	0.611111111111111	62	0.174187105063067	62
HCM-SANG-0284-C18	Colorectal	folate	0.0962897509960529	29	0.537037037037037	29	0.0962897509960529	29
HCM-SANG-0284-C18	Colorectal	glucose transport	0.269808889540644	21	0.62962962962963	21	0.269808889540644	21
HCM-SANG-0284-C18	Colorectal	glutamine/glutamate	-0.13650795252618	135	0.444444444444444	135	-0.13650795252618	135
HCM-SANG-0284-C18	Colorectal	glycolysis	0.269488052709671	59	0.67283950617284	59	0.140829925238199	240
HCM-SANG-0284-C18	Colorectal	iron	0.179887863942539	89	0.635802469135803	89	0.179887863942539	89
HCM-SANG-0284-C18	Colorectal	methionine	-0.101383570882694	29	0.481481481481482	29	-0.101383570882694	29
HCM-SANG-0284-C18	Colorectal	riboflavin	-0.0621893420107309	18	0.453703703703704	18	-0.0621893420107309	18
HCM-SANG-0284-C18	Colorectal	serine/glycine/one-carbon	-0.0631940081688844	62	0.453703703703704	62	-0.0631940081688844	62
HCM-SANG-0284-C18	Colorectal	sphingolipid	0.148239161517158	153	0.574074074074074	153	0.148239161517158	153
HCM-SANG-0284-C18	Colorectal	tryptophan	0.293265145954667	44	0.691358024691358	44	0.293265145954667	44
HCM-SANG-0284-C18	Colorectal	vitamin B12	0.271493909555581	19	0.641975308641975	19	0.271493909555581	19
HCM-SANG-0284-C18	Colorectal	zinc	-0.140881294178807	15	0.438271604938272	15	-0.140881294178807	15
HCM-SANG-0286-C20	Colorectal	BCAA	0.173248862018355	52	0.617283950617284	52	0.173248862018355	52
HCM-SANG-0286-C20	Colorectal	NAD	0.075038564971129	43	0.549382716049383	43	0.075038564971129	43
HCM-SANG-0286-C20	Colorectal	OXPHOS	0.0611859858881925	246	0.549382716049383	246	0.0558425547033682	310
HCM-SANG-0286-C20	Colorectal	PPP	-0.0660691207790897	27	0.487654320987654	27	-0.0220396925077271	31
HCM-SANG-0286-C20	Colorectal	TCA	0.000546847898100663	42	0.533950617283951	42	0.000546847898100663	42
HCM-SANG-0286-C20	Colorectal	amino-acid transport	-0.316494116458977	32	0.345679012345679	32	-0.316494116458977	32
HCM-SANG-0286-C20	Colorectal	arginine	0.0706849773427512	50	0.537037037037037	50	0.122209779757174	100
HCM-SANG-0286-C20	Colorectal	cholesterol/isoprenoid	0.0791481963796442	67	0.574074074074074	67	0.0304221493590098	181
HCM-SANG-0286-C20	Colorectal	fatty-acid oxidation	0.15770484734804	62	0.574074074074074	62	0.15770484734804	62
HCM-SANG-0286-C20	Colorectal	folate	0.00150467646860967	29	0.481481481481482	29	0.00150467646860967	29
HCM-SANG-0286-C20	Colorectal	glucose transport	0.0851245688979997	21	0.537037037037037	21	0.0851245688979997	21
HCM-SANG-0286-C20	Colorectal	glutamine/glutamate	0.0439979547343163	135	0.524691358024691	135	0.0439979547343163	135
HCM-SANG-0286-C20	Colorectal	glycolysis	0.0757511574428297	59	0.561728395061729	59	0.134016558774753	240
HCM-SANG-0286-C20	Colorectal	iron	-0.0456626036834516	89	0.512345679012346	89	-0.0456626036834516	89
HCM-SANG-0286-C20	Colorectal	methionine	-0.0622933788805488	29	0.481481481481482	29	-0.0622933788805488	29
HCM-SANG-0286-C20	Colorectal	riboflavin	-0.173692923431136	18	0.429012345679012	18	-0.173692923431136	18
HCM-SANG-0286-C20	Colorectal	serine/glycine/one-carbon	-0.0738317682946454	62	0.475308641975309	62	-0.0738317682946454	62
HCM-SANG-0286-C20	Colorectal	sphingolipid	-0.028882860394412	153	0.493827160493827	153	-0.028882860394412	153
HCM-SANG-0286-C20	Colorectal	tryptophan	0.0128251378884181	44	0.530864197530864	44	0.0128251378884181	44
HCM-SANG-0286-C20	Colorectal	vitamin B12	-0.142710518370855	19	0.450617283950617	19	-0.142710518370855	19
HCM-SANG-0286-C20	Colorectal	zinc	-0.270928801406479	15	0.358024691358025	15	-0.270928801406479	15
HCM-SANG-0288-C18	Colorectal	BCAA	0.0209743564428196	52	0.527777777777778	52	0.0209743564428196	52
HCM-SANG-0288-C18	Colorectal	NAD	-0.0782410616544619	43	0.487654320987654	43	-0.0782410616544619	43
HCM-SANG-0288-C18	Colorectal	OXPHOS	-0.124189789021571	246	0.469135802469136	246	-0.0403566110297519	310
HCM-SANG-0288-C18	Colorectal	PPP	-0.00369549048589508	27	0.518518518518519	27	-0.00369549048589508	31
HCM-SANG-0288-C18	Colorectal	TCA	-0.00788269226758575	42	0.5	42	-0.00788269226758575	42
HCM-SANG-0288-C18	Colorectal	amino-acid transport	0.093009789289326	32	0.570987654320988	32	0.093009789289326	32
HCM-SANG-0288-C18	Colorectal	arginine	-0.143713871681047	50	0.429012345679012	50	-0.114644981039633	100
HCM-SANG-0288-C18	Colorectal	cholesterol/isoprenoid	-1.30089615684322e-05	67	0.524691358024691	67	0.0554767185432655	181
HCM-SANG-0288-C18	Colorectal	fatty-acid oxidation	0.141131634031571	62	0.595679012345679	62	0.141131634031571	62
HCM-SANG-0288-C18	Colorectal	folate	-0.0665603256555294	29	0.512345679012346	29	-0.0665603256555294	29
HCM-SANG-0288-C18	Colorectal	glucose transport	-0.0964604206185756	21	0.487654320987654	21	-0.0964604206185756	21
HCM-SANG-0288-C18	Colorectal	glutamine/glutamate	-0.076648687679534	135	0.469135802469136	135	-0.076648687679534	135
HCM-SANG-0288-C18	Colorectal	glycolysis	-0.0235050238202409	59	0.512345679012346	59	-0.0138154976448774	240
HCM-SANG-0288-C18	Colorectal	iron	-0.0122416341920621	89	0.487654320987654	89	-0.0122416341920621	89
HCM-SANG-0288-C18	Colorectal	methionine	-0.0151556764375169	29	0.5	29	-0.0151556764375169	29
HCM-SANG-0288-C18	Colorectal	riboflavin	-0.286414236510892	18	0.361111111111111	18	-0.286414236510892	18
HCM-SANG-0288-C18	Colorectal	serine/glycine/one-carbon	-0.0403779381514443	62	0.493827160493827	62	-0.0403779381514443	62
HCM-SANG-0288-C18	Colorectal	sphingolipid	-0.06080443137129	153	0.487654320987654	153	-0.06080443137129	153
HCM-SANG-0288-C18	Colorectal	tryptophan	0.0229887694468816	44	0.549382716049383	44	0.0229887694468816	44
HCM-SANG-0288-C18	Colorectal	vitamin B12	-0.159333816801482	19	0.425925925925926	19	-0.159333816801482	19
HCM-SANG-0288-C18	Colorectal	zinc	0.264899468479934	15	0.580246913580247	15	0.264899468479934	15
HCM-SANG-0289-C15	Oesophageal	BCAA	0.153560983162478	52	0.580246913580247	52	0.153560983162478	52
HCM-SANG-0289-C15	Oesophageal	NAD	0.246293183741523	43	0.62962962962963	43	0.246293183741523	43
HCM-SANG-0289-C15	Oesophageal	OXPHOS	-0.0690700724545934	246	0.469135802469136	246	0.0104410921922186	310
HCM-SANG-0289-C15	Oesophageal	PPP	-0.292536644450456	27	0.351851851851852	27	-0.305020507829856	31
HCM-SANG-0289-C15	Oesophageal	TCA	-0.220805122673448	42	0.395061728395062	42	-0.220805122673448	42
HCM-SANG-0289-C15	Oesophageal	amino-acid transport	-0.00102694881010717	32	0.518518518518519	32	-0.00102694881010717	32
HCM-SANG-0289-C15	Oesophageal	arginine	0.243138636288522	50	0.598765432098765	50	0.113342860827379	100
HCM-SANG-0289-C15	Oesophageal	cholesterol/isoprenoid	0.111726217125765	67	0.58641975308642	67	0.136822999412685	181
HCM-SANG-0289-C15	Oesophageal	fatty-acid oxidation	0.168601262271506	62	0.598765432098765	62	0.168601262271506	62
HCM-SANG-0289-C15	Oesophageal	folate	-0.159537774959846	29	0.395061728395062	29	-0.159537774959846	29
HCM-SANG-0289-C15	Oesophageal	glucose transport	0.13331328869368	21	0.58641975308642	21	0.13331328869368	21
HCM-SANG-0289-C15	Oesophageal	glutamine/glutamate	-0.175805373040376	135	0.407407407407407	135	-0.175805373040376	135
HCM-SANG-0289-C15	Oesophageal	glycolysis	0.0363970919762644	59	0.530864197530864	59	0.0041304700957199	240
HCM-SANG-0289-C15	Oesophageal	iron	-0.0371967941213103	89	0.5	89	-0.0371967941213103	89
HCM-SANG-0289-C15	Oesophageal	methionine	-0.239818302509637	29	0.425925925925926	29	-0.239818302509637	29
HCM-SANG-0289-C15	Oesophageal	riboflavin	0.0443395529198963	18	0.518518518518519	18	0.0443395529198963	18
HCM-SANG-0289-C15	Oesophageal	serine/glycine/one-carbon	-0.0862803600271408	62	0.472222222222222	62	-0.0862803600271408	62
HCM-SANG-0289-C15	Oesophageal	sphingolipid	0.00377378870401003	153	0.5	153	0.00377378870401003	153
HCM-SANG-0289-C15	Oesophageal	tryptophan	0.0497251118712869	44	0.518518518518519	44	0.0497251118712869	44
HCM-SANG-0289-C15	Oesophageal	vitamin B12	0.249682358621473	19	0.623456790123457	19	0.249682358621473	19
HCM-SANG-0289-C15	Oesophageal	zinc	0.035911948329485	15	0.537037037037037	15	0.035911948329485	15
HCM-SANG-0291-C15	Oesophageal	BCAA	-0.060055848839537	52	0.512345679012346	52	-0.060055848839537	52
HCM-SANG-0291-C15	Oesophageal	NAD	0.0167416658664481	43	0.5	43	0.0167416658664481	43
HCM-SANG-0291-C15	Oesophageal	OXPHOS	-0.132870658379248	246	0.462962962962963	246	-0.155777461501631	310
HCM-SANG-0291-C15	Oesophageal	PPP	-0.0768598267242395	27	0.487654320987654	27	-0.119031624758828	31
HCM-SANG-0291-C15	Oesophageal	TCA	-0.024090744970081	42	0.518518518518519	42	-0.024090744970081	42
HCM-SANG-0291-C15	Oesophageal	amino-acid transport	-0.0651014517691265	32	0.478395061728395	32	-0.0651014517691265	32
HCM-SANG-0291-C15	Oesophageal	arginine	0.102582371184344	50	0.558641975308642	50	0.0374188589647768	100
HCM-SANG-0291-C15	Oesophageal	cholesterol/isoprenoid	0.136606272955311	67	0.574074074074074	67	0.0217329251261458	181
HCM-SANG-0291-C15	Oesophageal	fatty-acid oxidation	-0.170396468904634	62	0.438271604938272	62	-0.170396468904634	62
HCM-SANG-0291-C15	Oesophageal	folate	0.0340642008413209	29	0.512345679012346	29	0.0340642008413209	29
HCM-SANG-0291-C15	Oesophageal	glucose transport	-0.657716241270121	21	0.216049382716049	21	-0.657716241270121	21
HCM-SANG-0291-C15	Oesophageal	glutamine/glutamate	-0.125658273066737	135	0.444444444444444	135	-0.125658273066737	135
HCM-SANG-0291-C15	Oesophageal	glycolysis	-0.282419642619495	59	0.376543209876543	59	-0.0422339943741712	240
HCM-SANG-0291-C15	Oesophageal	iron	0.175271797325198	89	0.598765432098765	89	0.175271797325198	89
HCM-SANG-0291-C15	Oesophageal	methionine	-0.118748431774224	29	0.475308641975309	29	-0.118748431774224	29
HCM-SANG-0291-C15	Oesophageal	riboflavin	-0.0148455002138699	18	0.515432098765432	18	-0.0148455002138699	18
HCM-SANG-0291-C15	Oesophageal	serine/glycine/one-carbon	0.101706618542649	62	0.580246913580247	62	0.101706618542649	62
HCM-SANG-0291-C15	Oesophageal	sphingolipid	-0.183962148384772	153	0.419753086419753	153	-0.183962148384772	153
HCM-SANG-0291-C15	Oesophageal	tryptophan	-0.0776038247233097	44	0.438271604938272	44	-0.0776038247233097	44
HCM-SANG-0291-C15	Oesophageal	vitamin B12	-0.323190311682301	19	0.382716049382716	19	-0.323190311682301	19
HCM-SANG-0291-C15	Oesophageal	zinc	-0.418316590675715	15	0.290123456790123	15	-0.418316590675715	15
HCM-SANG-0295-C15	Oesophageal	BCAA	0.0012043544268543	52	0.515432098765432	52	0.0012043544268543	52
HCM-SANG-0295-C15	Oesophageal	NAD	0.0800850365885239	43	0.549382716049383	43	0.0800850365885239	43
HCM-SANG-0295-C15	Oesophageal	OXPHOS	-0.0993142769140749	246	0.469135802469136	246	-0.0941918026102706	310
HCM-SANG-0295-C15	Oesophageal	PPP	-0.0239747240541856	27	0.530864197530864	27	-0.0107476842285352	31
HCM-SANG-0295-C15	Oesophageal	TCA	-0.19084381179034	42	0.438271604938272	42	-0.19084381179034	42
HCM-SANG-0295-C15	Oesophageal	amino-acid transport	0.0603664590583061	32	0.527777777777778	32	0.0603664590583061	32
HCM-SANG-0295-C15	Oesophageal	arginine	0.031916521662455	50	0.5	50	-0.0231067110775607	100
HCM-SANG-0295-C15	Oesophageal	cholesterol/isoprenoid	0.113404239839501	67	0.580246913580247	67	0.0534295590983091	181
HCM-SANG-0295-C15	Oesophageal	fatty-acid oxidation	0.0567466957227878	62	0.546296296296296	62	0.0567466957227878	62
HCM-SANG-0295-C15	Oesophageal	folate	-0.0434860763138247	29	0.512345679012346	29	-0.0434860763138247	29
HCM-SANG-0295-C15	Oesophageal	glucose transport	0.112553452256041	21	0.580246913580247	21	0.112553452256041	21
HCM-SANG-0295-C15	Oesophageal	glutamine/glutamate	-0.0765149350238653	135	0.475308641975309	135	-0.0765149350238653	135
HCM-SANG-0295-C15	Oesophageal	glycolysis	-0.063919450281051	59	0.481481481481482	59	0.0190162530197286	240
HCM-SANG-0295-C15	Oesophageal	iron	-0.115949983744634	89	0.481481481481482	89	-0.115949983744634	89
HCM-SANG-0295-C15	Oesophageal	methionine	0.211788595745005	29	0.611111111111111	29	0.211788595745005	29
HCM-SANG-0295-C15	Oesophageal	riboflavin	0.00677769721655917	18	0.518518518518519	18	0.00677769721655917	18
HCM-SANG-0295-C15	Oesophageal	serine/glycine/one-carbon	0.00549476123829673	62	0.537037037037037	62	0.00549476123829673	62
HCM-SANG-0295-C15	Oesophageal	sphingolipid	0.0440819906828708	153	0.537037037037037	153	0.0440819906828708	153
HCM-SANG-0295-C15	Oesophageal	tryptophan	-0.0453295100149639	44	0.506172839506173	44	-0.0453295100149639	44
HCM-SANG-0295-C15	Oesophageal	vitamin B12	0.189081420115308	19	0.598765432098765	19	0.189081420115308	19
HCM-SANG-0295-C15	Oesophageal	zinc	-0.123924752035241	15	0.469135802469136	15	-0.123924752035241	15
HCM-SANG-0297-C15	Oesophageal	BCAA	-0.0987502806610416	52	0.478395061728395	52	-0.0987502806610416	52
HCM-SANG-0297-C15	Oesophageal	NAD	0.0568350050495067	43	0.512345679012346	43	0.0568350050495067	43
HCM-SANG-0297-C15	Oesophageal	OXPHOS	-0.168482332278792	246	0.432098765432099	246	-0.200075796245027	310
HCM-SANG-0297-C15	Oesophageal	PPP	0.0810612758691688	27	0.623456790123457	27	0.0810612758691688	31
HCM-SANG-0297-C15	Oesophageal	TCA	-0.134946462710653	42	0.441358024691358	42	-0.134946462710653	42
HCM-SANG-0297-C15	Oesophageal	amino-acid transport	0.129835008366043	32	0.589506172839506	32	0.129835008366043	32
HCM-SANG-0297-C15	Oesophageal	arginine	0.265278791537288	50	0.62962962962963	50	0.124105505742741	100
HCM-SANG-0297-C15	Oesophageal	cholesterol/isoprenoid	0.279194112240718	67	0.654320987654321	67	0.0818230812109455	181
HCM-SANG-0297-C15	Oesophageal	fatty-acid oxidation	0.130895850975952	62	0.558641975308642	62	0.130895850975952	62
HCM-SANG-0297-C15	Oesophageal	folate	-0.004127969571415	29	0.524691358024691	29	-0.004127969571415	29
HCM-SANG-0297-C15	Oesophageal	glucose transport	0.198900986670861	21	0.62962962962963	21	0.198900986670861	21
HCM-SANG-0297-C15	Oesophageal	glutamine/glutamate	0.238771605734918	135	0.641975308641975	135	0.238771605734918	135
HCM-SANG-0297-C15	Oesophageal	glycolysis	0.252805816975868	59	0.623456790123457	59	-0.0536330211863118	240
HCM-SANG-0297-C15	Oesophageal	iron	-0.0460240239643609	89	0.493827160493827	89	-0.0460240239643609	89
HCM-SANG-0297-C15	Oesophageal	methionine	0.195777988738491	29	0.62962962962963	29	0.195777988738491	29
HCM-SANG-0297-C15	Oesophageal	riboflavin	-0.0573665706000301	18	0.481481481481482	18	-0.0573665706000301	18
HCM-SANG-0297-C15	Oesophageal	serine/glycine/one-carbon	0.0554822014227413	62	0.524691358024692	62	0.0554822014227413	62
HCM-SANG-0297-C15	Oesophageal	sphingolipid	-0.0109938392019103	153	0.512345679012346	153	-0.0109938392019103	153
HCM-SANG-0297-C15	Oesophageal	tryptophan	0.213205728271541	44	0.595679012345679	44	0.213205728271541	44
HCM-SANG-0297-C15	Oesophageal	vitamin B12	-0.162913079107632	19	0.395061728395062	19	-0.162913079107632	19
HCM-SANG-0297-C15	Oesophageal	zinc	-0.00816391159579519	15	0.506172839506173	15	-0.00816391159579519	15
HCM-SANG-0298-C15	Oesophageal	BCAA	-0.103074034298263	52	0.493827160493827	52	-0.103074034298263	52
HCM-SANG-0298-C15	Oesophageal	NAD	-0.0423092021762203	43	0.5	43	-0.0423092021762203	43
HCM-SANG-0298-C15	Oesophageal	OXPHOS	0.138698432130172	246	0.570987654320988	246	0.104905989331873	310
HCM-SANG-0298-C15	Oesophageal	PPP	-0.172384503972789	27	0.444444444444444	27	-0.0416460537882693	31
HCM-SANG-0298-C15	Oesophageal	TCA	-0.00884222103453259	42	0.512345679012346	42	-0.00884222103453259	42
HCM-SANG-0298-C15	Oesophageal	amino-acid transport	0.0538932735481604	32	0.533950617283951	32	0.0538932735481604	32
HCM-SANG-0298-C15	Oesophageal	arginine	-0.107082152551887	50	0.475308641975309	50	-0.133245647891519	100
HCM-SANG-0298-C15	Oesophageal	cholesterol/isoprenoid	-0.0765939334772057	67	0.45679012345679	67	-0.0475372386375275	181
HCM-SANG-0298-C15	Oesophageal	fatty-acid oxidation	0.0440370806460619	62	0.530864197530864	62	0.0440370806460619	62
HCM-SANG-0298-C15	Oesophageal	folate	-0.173516909076288	29	0.450617283950617	29	-0.173516909076288	29
HCM-SANG-0298-C15	Oesophageal	glucose transport	-0.0257418244155522	21	0.469135802469136	21	-0.0257418244155522	21
HCM-SANG-0298-C15	Oesophageal	glutamine/glutamate	-0.0840999636006382	135	0.469135802469136	135	-0.0840999636006382	135
HCM-SANG-0298-C15	Oesophageal	glycolysis	0.0488351021155717	59	0.537037037037037	59	-0.0466421672687583	240
HCM-SANG-0298-C15	Oesophageal	iron	0.00966496707239343	89	0.537037037037037	89	0.00966496707239343	89
HCM-SANG-0298-C15	Oesophageal	methionine	-0.103725475546257	29	0.469135802469136	29	-0.103725475546257	29
HCM-SANG-0298-C15	Oesophageal	riboflavin	-0.225487239362378	18	0.395061728395062	18	-0.225487239362378	18
HCM-SANG-0298-C15	Oesophageal	serine/glycine/one-carbon	0.00397258815824147	62	0.512345679012346	62	0.00397258815824147	62
HCM-SANG-0298-C15	Oesophageal	sphingolipid	-0.0481144834598277	153	0.481481481481482	153	-0.0481144834598277	153
HCM-SANG-0298-C15	Oesophageal	tryptophan	0.0390984301224536	44	0.552469135802469	44	0.0390984301224536	44
HCM-SANG-0298-C15	Oesophageal	vitamin B12	-0.14895988739129	19	0.444444444444444	19	-0.14895988739129	19
HCM-SANG-0298-C15	Oesophageal	zinc	0.112451545600665	15	0.561728395061729	15	0.112451545600665	15
HCM-SANG-0299-C15-A	Oesophageal	BCAA	0.129305464331837	52	0.614197530864198	52	0.129305464331837	52
HCM-SANG-0299-C15-A	Oesophageal	NAD	-0.326522901239091	43	0.358024691358025	43	-0.326522901239091	43
HCM-SANG-0299-C15-A	Oesophageal	OXPHOS	-0.062649126413782	246	0.487654320987654	246	-0.056037540953588	310
HCM-SANG-0299-C15-A	Oesophageal	PPP	-0.193047373822325	27	0.438271604938272	27	-0.193047373822325	31
HCM-SANG-0299-C15-A	Oesophageal	TCA	-0.0533036141711362	42	0.509259259259259	42	-0.0533036141711362	42
HCM-SANG-0299-C15-A	Oesophageal	amino-acid transport	0.0987564378137539	32	0.533950617283951	32	0.0987564378137539	32
HCM-SANG-0299-C15-A	Oesophageal	arginine	-0.114298567907755	50	0.447530864197531	50	-0.0151958552102729	100
HCM-SANG-0299-C15-A	Oesophageal	cholesterol/isoprenoid	-0.479197093371689	67	0.314814814814815	67	-0.0795690687609392	181
HCM-SANG-0299-C15-A	Oesophageal	fatty-acid oxidation	-0.215571038186809	62	0.385802469135802	62	-0.215571038186809	62
HCM-SANG-0299-C15-A	Oesophageal	folate	-0.404892958666827	29	0.339506172839506	29	-0.404892958666827	29
HCM-SANG-0299-C15-A	Oesophageal	glucose transport	-0.221457971147373	21	0.395061728395062	21	-0.221457971147373	21
HCM-SANG-0299-C15-A	Oesophageal	glutamine/glutamate	-0.117131075495637	135	0.462962962962963	135	-0.117131075495637	135
HCM-SANG-0299-C15-A	Oesophageal	glycolysis	-0.0273317859414009	59	0.54320987654321	59	-0.0579054618876378	240
HCM-SANG-0299-C15-A	Oesophageal	iron	-0.119044518415958	89	0.45679012345679	89	-0.119044518415958	89
HCM-SANG-0299-C15-A	Oesophageal	methionine	0.296264456453932	29	0.660493827160494	29	0.296264456453932	29
HCM-SANG-0299-C15-A	Oesophageal	riboflavin	-0.529294114083613	18	0.228395061728395	18	-0.529294114083613	18
HCM-SANG-0299-C15-A	Oesophageal	serine/glycine/one-carbon	-0.229990672193059	62	0.373456790123457	62	-0.229990672193059	62
HCM-SANG-0299-C15-A	Oesophageal	sphingolipid	0.0217314347588173	153	0.512345679012346	153	0.0217314347588173	153
HCM-SANG-0299-C15-A	Oesophageal	tryptophan	0.115468632222136	44	0.537037037037037	44	0.115468632222136	44
HCM-SANG-0299-C15-A	Oesophageal	vitamin B12	-0.222449227505287	19	0.37037037037037	19	-0.222449227505287	19
HCM-SANG-0299-C15-A	Oesophageal	zinc	-0.0927540879161699	15	0.444444444444444	15	-0.0927540879161699	15
HCM-SANG-0299-C15-B	Oesophageal	BCAA	0.0170753863444451	52	0.540123456790123	52	0.0170753863444451	52
HCM-SANG-0299-C15-B	Oesophageal	NAD	-0.0922561297444747	43	0.450617283950617	43	-0.0922561297444747	43
HCM-SANG-0299-C15-B	Oesophageal	OXPHOS	0.264155434630901	246	0.635802469135803	246	0.201064732355042	310
HCM-SANG-0299-C15-B	Oesophageal	PPP	0.0539703209547261	27	0.518518518518519	27	-0.145812575268099	31
HCM-SANG-0299-C15-B	Oesophageal	TCA	0.355980067145103	42	0.685185185185185	42	0.355980067145103	42
HCM-SANG-0299-C15-B	Oesophageal	amino-acid transport	-0.0319357291093831	32	0.466049382716049	32	-0.0319357291093831	32
HCM-SANG-0299-C15-B	Oesophageal	arginine	-0.0497091571402732	50	0.487654320987654	50	-0.00633356293811893	100
HCM-SANG-0299-C15-B	Oesophageal	cholesterol/isoprenoid	-0.0393245199055632	67	0.524691358024691	67	-0.123062624910966	181
HCM-SANG-0299-C15-B	Oesophageal	fatty-acid oxidation	-0.0810912756765598	62	0.509259259259259	62	-0.0810912756765598	62
HCM-SANG-0299-C15-B	Oesophageal	folate	0.204744340680673	29	0.574074074074074	29	0.204744340680673	29
HCM-SANG-0299-C15-B	Oesophageal	glucose transport	0.0391476713745131	21	0.58641975308642	21	0.0391476713745131	21
HCM-SANG-0299-C15-B	Oesophageal	glutamine/glutamate	0.077852306675649	135	0.555555555555556	135	0.077852306675649	135
HCM-SANG-0299-C15-B	Oesophageal	glycolysis	-0.137192168189282	59	0.45679012345679	59	-0.0360445426755919	240
HCM-SANG-0299-C15-B	Oesophageal	iron	0.0413561285089989	89	0.54320987654321	89	0.0413561285089989	89
HCM-SANG-0299-C15-B	Oesophageal	methionine	-0.0589001259795001	29	0.493827160493827	29	-0.0589001259795001	29
HCM-SANG-0299-C15-B	Oesophageal	riboflavin	0.0167694360157472	18	0.475308641975309	18	0.0167694360157472	18
HCM-SANG-0299-C15-B	Oesophageal	serine/glycine/one-carbon	0.0645168715688545	62	0.54320987654321	62	0.0645168715688545	62
HCM-SANG-0299-C15-B	Oesophageal	sphingolipid	0.0442487600005603	153	0.537037037037037	153	0.0442487600005603	153
HCM-SANG-0299-C15-B	Oesophageal	tryptophan	-0.0843211619412589	44	0.462962962962963	44	-0.0843211619412589	44
HCM-SANG-0299-C15-B	Oesophageal	vitamin B12	-0.0224805466934197	19	0.493827160493827	19	-0.0224805466934197	19
HCM-SANG-0299-C15-B	Oesophageal	zinc	0.0520371101562507	15	0.555555555555556	15	0.0520371101562507	15
HCM-SANG-0300-C15	Oesophageal	BCAA	0.294796342350015	52	0.675925925925926	52	0.294796342350015	52
HCM-SANG-0300-C15	Oesophageal	NAD	-0.318897762360928	43	0.37037037037037	43	-0.318897762360928	43
HCM-SANG-0300-C15	Oesophageal	OXPHOS	0.0488331674117826	246	0.552469135802469	246	0.0433703007223442	310
HCM-SANG-0300-C15	Oesophageal	PPP	0.105665677104511	27	0.611111111111111	27	0.105665677104511	31
HCM-SANG-0300-C15	Oesophageal	TCA	0.120943308012421	42	0.623456790123457	42	0.120943308012421	42
HCM-SANG-0300-C15	Oesophageal	amino-acid transport	0.280927234262426	32	0.648148148148148	32	0.280927234262426	32
HCM-SANG-0300-C15	Oesophageal	arginine	-0.219434170057089	50	0.407407407407407	50	-0.156391881452252	100
HCM-SANG-0300-C15	Oesophageal	cholesterol/isoprenoid	0.0601523366936579	67	0.518518518518519	67	-0.233554248182951	181
HCM-SANG-0300-C15	Oesophageal	fatty-acid oxidation	0.0236993232436473	62	0.512345679012346	62	0.0236993232436473	62
HCM-SANG-0300-C15	Oesophageal	folate	0.0832537945726925	29	0.555555555555556	29	0.0832537945726925	29
HCM-SANG-0300-C15	Oesophageal	glucose transport	-0.226293948397053	21	0.376543209876543	21	-0.226293948397053	21
HCM-SANG-0300-C15	Oesophageal	glutamine/glutamate	-0.112982633993608	135	0.425925925925926	135	-0.112982633993608	135
HCM-SANG-0300-C15	Oesophageal	glycolysis	-0.411958440435337	59	0.283950617283951	59	-0.0272909873998797	240
HCM-SANG-0300-C15	Oesophageal	iron	0.114254256806478	89	0.617283950617284	89	0.114254256806478	89
HCM-SANG-0300-C15	Oesophageal	methionine	0.0886564033666486	29	0.561728395061729	29	0.0886564033666486	29
HCM-SANG-0300-C15	Oesophageal	riboflavin	0.460731887372195	18	0.697530864197531	18	0.460731887372195	18
HCM-SANG-0300-C15	Oesophageal	serine/glycine/one-carbon	0.0787404223997517	62	0.561728395061729	62	0.0787404223997517	62
HCM-SANG-0300-C15	Oesophageal	sphingolipid	-0.0845263439763341	153	0.444444444444444	153	-0.0845263439763341	153
HCM-SANG-0300-C15	Oesophageal	tryptophan	0.110917402603117	44	0.558641975308642	44	0.110917402603117	44
HCM-SANG-0300-C15	Oesophageal	vitamin B12	0.0668020836622628	19	0.555555555555556	19	0.0668020836622628	19
HCM-SANG-0300-C15	Oesophageal	zinc	-0.150875153558664	15	0.419753086419753	15	-0.150875153558664	15
HCM-SANG-0302-C15	Oesophageal	BCAA	-0.338075353744516	52	0.354938271604938	52	-0.338075353744516	52
HCM-SANG-0302-C15	Oesophageal	NAD	0.241850371603863	43	0.635802469135803	43	0.241850371603863	43
HCM-SANG-0302-C15	Oesophageal	OXPHOS	0.193592585503059	246	0.623456790123457	246	0.154106074748198	310
HCM-SANG-0302-C15	Oesophageal	PPP	-0.233574305518818	27	0.376543209876543	27	-0.172299808849904	31
HCM-SANG-0302-C15	Oesophageal	TCA	0.124919631307013	42	0.604938271604938	42	0.124919631307013	42
HCM-SANG-0302-C15	Oesophageal	amino-acid transport	-0.56934052535671	32	0.25	32	-0.56934052535671	32
HCM-SANG-0302-C15	Oesophageal	arginine	-0.366149187525543	50	0.314814814814815	50	-0.287015404364697	100
HCM-SANG-0302-C15	Oesophageal	cholesterol/isoprenoid	0.0291427548191249	67	0.54320987654321	67	0.119167539890476	181
HCM-SANG-0302-C15	Oesophageal	fatty-acid oxidation	-0.00163562191948677	62	0.54320987654321	62	-0.00163562191948677	62
HCM-SANG-0302-C15	Oesophageal	folate	-0.143919454273094	29	0.438271604938272	29	-0.143919454273094	29
HCM-SANG-0302-C15	Oesophageal	glucose transport	0.0152935767978212	21	0.555555555555556	21	0.0152935767978212	21
HCM-SANG-0302-C15	Oesophageal	glutamine/glutamate	0.215662292467983	135	0.611111111111111	135	0.215662292467983	135
HCM-SANG-0302-C15	Oesophageal	glycolysis	0.177585515699128	59	0.604938271604938	59	-0.102380451598734	240
HCM-SANG-0302-C15	Oesophageal	iron	0.0211786903028845	89	0.54320987654321	89	0.0211786903028845	89
HCM-SANG-0302-C15	Oesophageal	methionine	0.0584099235945644	29	0.561728395061729	29	0.0584099235945644	29
HCM-SANG-0302-C15	Oesophageal	riboflavin	0.0779105651446021	18	0.552469135802469	18	0.0779105651446021	18
HCM-SANG-0302-C15	Oesophageal	serine/glycine/one-carbon	0.16534255879508	62	0.611111111111111	62	0.16534255879508	62
HCM-SANG-0302-C15	Oesophageal	sphingolipid	-0.106572881124174	153	0.444444444444444	153	-0.106572881124174	153
HCM-SANG-0302-C15	Oesophageal	tryptophan	-0.337094822519892	44	0.37962962962963	44	-0.337094822519892	44
HCM-SANG-0302-C15	Oesophageal	vitamin B12	-0.651626244941791	19	0.246913580246914	19	-0.651626244941791	19
HCM-SANG-0302-C15	Oesophageal	zinc	-0.342663306401969	15	0.351851851851852	15	-0.342663306401969	15
HCM-SANG-0303-C15	Oesophageal	BCAA	-0.154033335162637	52	0.459876543209877	52	-0.154033335162637	52
HCM-SANG-0303-C15	Oesophageal	NAD	-0.229664689662763	43	0.382716049382716	43	-0.229664689662763	43
HCM-SANG-0303-C15	Oesophageal	OXPHOS	-0.0137372049029831	246	0.512345679012346	246	-0.00563629488174857	310
HCM-SANG-0303-C15	Oesophageal	PPP	0.101381044549888	27	0.537037037037037	27	-0.0704665082385397	31
HCM-SANG-0303-C15	Oesophageal	TCA	0.224749429734662	42	0.595679012345679	42	0.224749429734662	42
HCM-SANG-0303-C15	Oesophageal	amino-acid transport	0.0601538156272357	32	0.530864197530864	32	0.0601538156272357	32
HCM-SANG-0303-C15	Oesophageal	arginine	0.163158891749997	50	0.577160493827161	50	0.020211296935853	100
HCM-SANG-0303-C15	Oesophageal	cholesterol/isoprenoid	-0.160510680907958	67	0.444444444444444	67	-0.209906892188783	181
HCM-SANG-0303-C15	Oesophageal	fatty-acid oxidation	-0.0614695044416849	62	0.5	62	-0.0614695044416849	62
HCM-SANG-0303-C15	Oesophageal	folate	0.0217831120989133	29	0.5	29	0.0217831120989133	29
HCM-SANG-0303-C15	Oesophageal	glucose transport	-0.386365741106613	21	0.327160493827161	21	-0.386365741106613	21
HCM-SANG-0303-C15	Oesophageal	glutamine/glutamate	-0.0561958324306566	135	0.5	135	-0.0561958324306566	135
HCM-SANG-0303-C15	Oesophageal	glycolysis	0.00628700154967542	59	0.518518518518519	59	0.00186314876107402	240
HCM-SANG-0303-C15	Oesophageal	iron	0.12638596424025	89	0.58641975308642	89	0.12638596424025	89
HCM-SANG-0303-C15	Oesophageal	methionine	0.0310561729983198	29	0.549382716049383	29	0.0310561729983198	29
HCM-SANG-0303-C15	Oesophageal	riboflavin	-0.124822229773689	18	0.466049382716049	18	-0.124822229773689	18
HCM-SANG-0303-C15	Oesophageal	serine/glycine/one-carbon	0.0999430403599133	62	0.608024691358025	62	0.0999430403599133	62
HCM-SANG-0303-C15	Oesophageal	sphingolipid	-0.0347013013762756	153	0.487654320987654	153	-0.0347013013762756	153
HCM-SANG-0303-C15	Oesophageal	tryptophan	-0.169622285818729	44	0.416666666666667	44	-0.169622285818729	44
HCM-SANG-0303-C15	Oesophageal	vitamin B12	0.0269670119523456	19	0.530864197530864	19	0.0269670119523456	19
HCM-SANG-0303-C15	Oesophageal	zinc	0.241597954442918	15	0.666666666666667	15	0.241597954442918	15
HCM-SANG-0304-C15	Oesophageal	BCAA	0.201907470693105	52	0.62037037037037	52	0.201907470693105	52
HCM-SANG-0304-C15	Oesophageal	NAD	0.141763419385852	43	0.598765432098765	43	0.141763419385852	43
HCM-SANG-0304-C15	Oesophageal	OXPHOS	0.122322703052054	246	0.580246913580247	246	0.111403155145538	310
HCM-SANG-0304-C15	Oesophageal	PPP	-0.183128811796656	27	0.462962962962963	27	-0.183128811796656	31
HCM-SANG-0304-C15	Oesophageal	TCA	0.0500893919115879	42	0.530864197530864	42	0.0500893919115879	42
HCM-SANG-0304-C15	Oesophageal	amino-acid transport	0.107396675158908	32	0.552469135802469	32	0.107396675158908	32
HCM-SANG-0304-C15	Oesophageal	arginine	-0.078334518976971	50	0.493827160493827	50	-0.231575904057499	100
HCM-SANG-0304-C15	Oesophageal	cholesterol/isoprenoid	0.0364131162018735	67	0.537037037037037	67	-0.0220048157671263	181
HCM-SANG-0304-C15	Oesophageal	fatty-acid oxidation	0.0741505515662555	62	0.564814814814815	62	0.0741505515662555	62
HCM-SANG-0304-C15	Oesophageal	folate	-0.066179306218297	29	0.493827160493827	29	-0.066179306218297	29
HCM-SANG-0304-C15	Oesophageal	glucose transport	0.36527742529247	21	0.716049382716049	21	0.36527742529247	21
HCM-SANG-0304-C15	Oesophageal	glutamine/glutamate	-0.0941122970806391	135	0.475308641975309	135	-0.0941122970806391	135
HCM-SANG-0304-C15	Oesophageal	glycolysis	0.0743522073998404	59	0.54320987654321	59	-0.0652008656339599	240
HCM-SANG-0304-C15	Oesophageal	iron	-0.144144166573098	89	0.469135802469136	89	-0.144144166573098	89
HCM-SANG-0304-C15	Oesophageal	methionine	-0.00106331685758612	29	0.524691358024691	29	-0.00106331685758612	29
HCM-SANG-0304-C15	Oesophageal	riboflavin	0.758703711817168	18	0.814814814814815	18	0.758703711817168	18
HCM-SANG-0304-C15	Oesophageal	serine/glycine/one-carbon	-0.170596558019022	62	0.404320987654321	62	-0.170596558019022	62
HCM-SANG-0304-C15	Oesophageal	sphingolipid	0.0955917924485069	153	0.530864197530864	153	0.0955917924485069	153
HCM-SANG-0304-C15	Oesophageal	tryptophan	0.0143328805433535	44	0.524691358024691	44	0.0143328805433535	44
HCM-SANG-0304-C15	Oesophageal	vitamin B12	-0.066179306218297	19	0.493827160493827	19	-0.066179306218297	19
HCM-SANG-0304-C15	Oesophageal	zinc	-0.197704220454418	15	0.37037037037037	15	-0.197704220454418	15
HCM-SANG-0306-C15	Oesophageal	BCAA	-0.0499389789837832	52	0.481481481481482	52	-0.0499389789837832	52
HCM-SANG-0306-C15	Oesophageal	NAD	-0.116425763461694	43	0.425925925925926	43	-0.116425763461694	43
HCM-SANG-0306-C15	Oesophageal	OXPHOS	-0.120692792853933	246	0.432098765432099	246	-0.0692349768741501	310
HCM-SANG-0306-C15	Oesophageal	PPP	-0.206488218108963	27	0.438271604938272	27	-0.206488218108963	31
HCM-SANG-0306-C15	Oesophageal	TCA	-0.0567465913652277	42	0.506172839506173	42	-0.0567465913652277	42
HCM-SANG-0306-C15	Oesophageal	amino-acid transport	0.100275891931123	32	0.546296296296296	32	0.100275891931123	32
HCM-SANG-0306-C15	Oesophageal	arginine	-0.0537782138439367	50	0.444444444444444	50	-0.00940351342653623	100
HCM-SANG-0306-C15	Oesophageal	cholesterol/isoprenoid	0.200739711989255	67	0.592592592592593	67	-0.024105817576676	181
HCM-SANG-0306-C15	Oesophageal	fatty-acid oxidation	-0.0584510739151764	62	0.469135802469136	62	-0.0584510739151764	62
HCM-SANG-0306-C15	Oesophageal	folate	0.0518232824204372	29	0.537037037037037	29	0.0518232824204372	29
HCM-SANG-0306-C15	Oesophageal	glucose transport	0.308634371645347	21	0.679012345679012	21	0.308634371645347	21
HCM-SANG-0306-C15	Oesophageal	glutamine/glutamate	0.338145311855735	135	0.679012345679012	135	0.338145311855735	135
HCM-SANG-0306-C15	Oesophageal	glycolysis	-0.114448134625865	59	0.475308641975309	59	-0.0195824991163408	240
HCM-SANG-0306-C15	Oesophageal	iron	-0.0608087860427572	89	0.493827160493827	89	-0.0608087860427572	89
HCM-SANG-0306-C15	Oesophageal	methionine	-0.397969461426284	29	0.333333333333333	29	-0.397969461426284	29
HCM-SANG-0306-C15	Oesophageal	riboflavin	-0.321896742245349	18	0.345679012345679	18	-0.321896742245349	18
HCM-SANG-0306-C15	Oesophageal	serine/glycine/one-carbon	-0.0582972678192459	62	0.447530864197531	62	-0.0582972678192459	62
HCM-SANG-0306-C15	Oesophageal	sphingolipid	-0.169113053865062	153	0.432098765432099	153	-0.169113053865062	153
HCM-SANG-0306-C15	Oesophageal	tryptophan	0.0229787899081404	44	0.537037037037037	44	0.0229787899081404	44
HCM-SANG-0306-C15	Oesophageal	vitamin B12	0.0583065384014355	19	0.555555555555556	19	0.0583065384014355	19
HCM-SANG-0306-C15	Oesophageal	zinc	0.440268950612554	15	0.716049382716049	15	0.440268950612554	15
HCM-SANG-0307-C15	Oesophageal	BCAA	-0.0373424605168754	52	0.472222222222222	52	-0.0373424605168754	52
HCM-SANG-0307-C15	Oesophageal	NAD	-0.0747529535772381	43	0.45679012345679	43	-0.0747529535772381	43
HCM-SANG-0307-C15	Oesophageal	OXPHOS	-0.289718584072647	246	0.361111111111111	246	-0.278258346510072	310
HCM-SANG-0307-C15	Oesophageal	PPP	-0.202201106202292	27	0.425925925925926	27	-0.181468785431333	31
HCM-SANG-0307-C15	Oesophageal	TCA	-0.455170209886899	42	0.274691358024691	42	-0.455170209886899	42
HCM-SANG-0307-C15	Oesophageal	amino-acid transport	-0.0769533053321657	32	0.478395061728395	32	-0.0769533053321657	32
HCM-SANG-0307-C15	Oesophageal	arginine	-0.124555818087384	50	0.438271604938272	50	-0.0468224575284849	100
HCM-SANG-0307-C15	Oesophageal	cholesterol/isoprenoid	-0.132999660432599	67	0.462962962962963	67	-0.0339629986704819	181
HCM-SANG-0307-C15	Oesophageal	fatty-acid oxidation	-0.0639992586223631	62	0.469135802469136	62	-0.0639992586223631	62
HCM-SANG-0307-C15	Oesophageal	folate	-0.318484098167696	29	0.320987654320988	29	-0.318484098167696	29
HCM-SANG-0307-C15	Oesophageal	glucose transport	-0.0873589009361781	21	0.462962962962963	21	-0.0873589009361781	21
HCM-SANG-0307-C15	Oesophageal	glutamine/glutamate	-0.090953297918179	135	0.475308641975309	135	-0.090953297918179	135
HCM-SANG-0307-C15	Oesophageal	glycolysis	-0.174764911345554	59	0.425925925925926	59	-0.167161526203933	240
HCM-SANG-0307-C15	Oesophageal	iron	-0.275490035876933	89	0.395061728395062	89	-0.275490035876933	89
HCM-SANG-0307-C15	Oesophageal	methionine	-0.421695544115558	29	0.333333333333333	29	-0.421695544115558	29
HCM-SANG-0307-C15	Oesophageal	riboflavin	0.020422311412848	18	0.537037037037037	18	0.020422311412848	18
HCM-SANG-0307-C15	Oesophageal	serine/glycine/one-carbon	0.0282351791322104	62	0.530864197530864	62	0.0282351791322104	62
HCM-SANG-0307-C15	Oesophageal	sphingolipid	-0.271736294695869	153	0.382716049382716	153	-0.271736294695869	153
HCM-SANG-0307-C15	Oesophageal	tryptophan	-0.36815481361237	44	0.317901234567901	44	-0.36815481361237	44
HCM-SANG-0307-C15	Oesophageal	vitamin B12	-0.00357340640317903	19	0.524691358024691	19	-0.00357340640317903	19
HCM-SANG-0307-C15	Oesophageal	zinc	-0.217515682871419	15	0.401234567901235	15	-0.217515682871419	15
HCM-SANG-0308-C15	Oesophageal	BCAA	-0.19727236760395	52	0.422839506172839	52	-0.19727236760395	52
HCM-SANG-0308-C15	Oesophageal	NAD	-0.147375812991178	43	0.438271604938272	43	-0.147375812991178	43
HCM-SANG-0308-C15	Oesophageal	OXPHOS	-0.156634888937127	246	0.435185185185185	246	-0.132441365658764	310
HCM-SANG-0308-C15	Oesophageal	PPP	-0.111524941280404	27	0.475308641975309	27	-0.0662507812123869	31
HCM-SANG-0308-C15	Oesophageal	TCA	0.150775417224743	42	0.589506172839506	42	0.150775417224743	42
HCM-SANG-0308-C15	Oesophageal	amino-acid transport	-0.154526060209738	32	0.425925925925926	32	-0.154526060209738	32
HCM-SANG-0308-C15	Oesophageal	arginine	-0.0507187252895313	50	0.481481481481482	50	-0.118241310855038	100
HCM-SANG-0308-C15	Oesophageal	cholesterol/isoprenoid	0.14426527524952	67	0.611111111111111	67	0.11271002296218	181
HCM-SANG-0308-C15	Oesophageal	fatty-acid oxidation	-0.029913873517511	62	0.506172839506173	62	-0.029913873517511	62
HCM-SANG-0308-C15	Oesophageal	folate	0.0848841890601205	29	0.549382716049383	29	0.0848841890601205	29
HCM-SANG-0308-C15	Oesophageal	glucose transport	-0.0454221781007862	21	0.518518518518519	21	-0.0454221781007862	21
HCM-SANG-0308-C15	Oesophageal	glutamine/glutamate	-0.0776016458920401	135	0.469135802469136	135	-0.0776016458920401	135
HCM-SANG-0308-C15	Oesophageal	glycolysis	-0.0282754904843874	59	0.506172839506173	59	-0.0885065498416978	240
HCM-SANG-0308-C15	Oesophageal	iron	-0.23625750859372	89	0.376543209876543	89	-0.23625750859372	89
HCM-SANG-0308-C15	Oesophageal	methionine	0.037642879372728	29	0.530864197530864	29	0.037642879372728	29
HCM-SANG-0308-C15	Oesophageal	riboflavin	0.0162497705330534	18	0.5	18	0.0162497705330534	18
HCM-SANG-0308-C15	Oesophageal	serine/glycine/one-carbon	0.00369918035776887	62	0.512345679012346	62	0.00369918035776887	62
HCM-SANG-0308-C15	Oesophageal	sphingolipid	0.0864988514769954	153	0.518518518518519	153	0.0864988514769954	153
HCM-SANG-0308-C15	Oesophageal	tryptophan	-0.0401092418685102	44	0.5	44	-0.0401092418685102	44
HCM-SANG-0308-C15	Oesophageal	vitamin B12	0.361301796672998	19	0.691358024691358	19	0.361301796672998	19
HCM-SANG-0308-C15	Oesophageal	zinc	-0.221009520708075	15	0.401234567901235	15	-0.221009520708075	15
HCM-SANG-0309-C15	Oesophageal	BCAA	0.00125451625632964	52	0.527777777777778	52	0.00125451625632964	52
HCM-SANG-0309-C15	Oesophageal	NAD	0.0209288734539708	43	0.518518518518519	43	0.0209288734539708	43
HCM-SANG-0309-C15	Oesophageal	OXPHOS	-0.114727846112854	246	0.462962962962963	246	-0.102024647341245	310
HCM-SANG-0309-C15	Oesophageal	PPP	-0.184687755910816	27	0.45679012345679	27	-0.0474905101273652	31
HCM-SANG-0309-C15	Oesophageal	TCA	-0.139555901236613	42	0.462962962962963	42	-0.139555901236613	42
HCM-SANG-0309-C15	Oesophageal	amino-acid transport	-0.252325151713666	32	0.37962962962963	32	-0.252325151713666	32
HCM-SANG-0309-C15	Oesophageal	arginine	0.0712004391121763	50	0.527777777777778	50	-0.108652298346936	100
HCM-SANG-0309-C15	Oesophageal	cholesterol/isoprenoid	-0.306259257300304	67	0.37037037037037	67	-0.0668649858288961	181
HCM-SANG-0309-C15	Oesophageal	fatty-acid oxidation	-0.060850013104479	62	0.475308641975309	62	-0.060850013104479	62
HCM-SANG-0309-C15	Oesophageal	folate	-0.175711812153819	29	0.41358024691358	29	-0.175711812153819	29
HCM-SANG-0309-C15	Oesophageal	glucose transport	-0.100215054565045	21	0.45679012345679	21	-0.100215054565045	21
HCM-SANG-0309-C15	Oesophageal	glutamine/glutamate	-0.0851546541140596	135	0.462962962962963	135	-0.0851546541140596	135
HCM-SANG-0309-C15	Oesophageal	glycolysis	0.0708319155330519	59	0.574074074074074	59	-0.00431699493516323	240
HCM-SANG-0309-C15	Oesophageal	iron	-0.0527278351447277	89	0.487654320987654	89	-0.0527278351447277	89
HCM-SANG-0309-C15	Oesophageal	methionine	-0.361072551954807	29	0.339506172839506	29	-0.361072551954807	29
HCM-SANG-0309-C15	Oesophageal	riboflavin	-0.450168334407269	18	0.308641975308642	18	-0.450168334407269	18
HCM-SANG-0309-C15	Oesophageal	serine/glycine/one-carbon	-0.162703937875108	62	0.447530864197531	62	-0.162703937875108	62
HCM-SANG-0309-C15	Oesophageal	sphingolipid	0.0364295677005733	153	0.475308641975309	153	0.0364295677005733	153
HCM-SANG-0309-C15	Oesophageal	tryptophan	0.0834787476965783	44	0.564814814814815	44	0.0834787476965783	44
HCM-SANG-0309-C15	Oesophageal	vitamin B12	-0.0203989592166588	19	0.549382716049383	19	-0.0203989592166588	19
HCM-SANG-0309-C15	Oesophageal	zinc	0.0824771959505334	15	0.537037037037037	15	0.0824771959505334	15
HCM-SANG-0310-C15	Oesophageal	BCAA	0.109887679513964	52	0.555555555555556	52	0.109887679513964	52
HCM-SANG-0310-C15	Oesophageal	NAD	-0.0982249012090081	43	0.475308641975309	43	-0.0982249012090081	43
HCM-SANG-0310-C15	Oesophageal	OXPHOS	0.108667557940321	246	0.567901234567901	246	0.11193159022387	310
HCM-SANG-0310-C15	Oesophageal	PPP	-0.383941484127115	27	0.308641975308642	27	-0.359643080863821	31
HCM-SANG-0310-C15	Oesophageal	TCA	0.0683190572642041	42	0.537037037037037	42	0.0683190572642041	42
HCM-SANG-0310-C15	Oesophageal	amino-acid transport	0.129717495840425	32	0.570987654320988	32	0.129717495840425	32
HCM-SANG-0310-C15	Oesophageal	arginine	-0.152570236177154	50	0.429012345679012	50	-0.203684536619844	100
HCM-SANG-0310-C15	Oesophageal	cholesterol/isoprenoid	-0.00117020676122029	67	0.524691358024691	67	0.0328578641111343	181
HCM-SANG-0310-C15	Oesophageal	fatty-acid oxidation	-0.023717515399814	62	0.487654320987654	62	-0.023717515399814	62
HCM-SANG-0310-C15	Oesophageal	folate	-0.223465824744948	29	0.462962962962963	29	-0.223465824744948	29
HCM-SANG-0310-C15	Oesophageal	glucose transport	-0.104321219451684	21	0.462962962962963	21	-0.104321219451684	21
HCM-SANG-0310-C15	Oesophageal	glutamine/glutamate	0.0148802188783551	135	0.524691358024691	135	0.0148802188783551	135
HCM-SANG-0310-C15	Oesophageal	glycolysis	-0.307434756466668	59	0.351851851851852	59	-0.0635667481717173	240
HCM-SANG-0310-C15	Oesophageal	iron	-0.194494365771023	89	0.407407407407407	89	-0.194494365771023	89
HCM-SANG-0310-C15	Oesophageal	methionine	-0.206474688731063	29	0.419753086419753	29	-0.206474688731063	29
HCM-SANG-0310-C15	Oesophageal	riboflavin	-0.0218086624626047	18	0.496913580246914	18	-0.0218086624626047	18
HCM-SANG-0310-C15	Oesophageal	serine/glycine/one-carbon	-0.0550024120152205	62	0.493827160493827	62	-0.0550024120152205	62
HCM-SANG-0310-C15	Oesophageal	sphingolipid	0.124523871840052	153	0.567901234567901	153	0.124523871840052	153
HCM-SANG-0310-C15	Oesophageal	tryptophan	0.276147129831526	44	0.651234567901235	44	0.276147129831526	44
HCM-SANG-0310-C15	Oesophageal	vitamin B12	-0.20377722651315	19	0.407407407407407	19	-0.20377722651315	19
HCM-SANG-0310-C15	Oesophageal	zinc	-0.113296171921837	15	0.419753086419753	15	-0.113296171921837	15
HCM-SANG-0313-C15	Oesophageal	BCAA	-0.235302979389763	52	0.422839506172839	52	-0.235302979389763	52
HCM-SANG-0313-C15	Oesophageal	NAD	0.118382190846141	43	0.567901234567901	43	0.118382190846141	43
HCM-SANG-0313-C15	Oesophageal	OXPHOS	-0.365093703674518	246	0.348765432098765	246	-0.368991047721384	310
HCM-SANG-0313-C15	Oesophageal	PPP	-0.550593121690432	27	0.228395061728395	27	-0.220112650628218	31
HCM-SANG-0313-C15	Oesophageal	TCA	-0.0586070084953687	42	0.515432098765432	42	-0.0586070084953687	42
HCM-SANG-0313-C15	Oesophageal	amino-acid transport	0.400429063915259	32	0.70679012345679	32	0.400429063915259	32
HCM-SANG-0313-C15	Oesophageal	arginine	-0.315251474646578	50	0.361111111111111	50	-0.334747023902468	100
HCM-SANG-0313-C15	Oesophageal	cholesterol/isoprenoid	-0.0325921185084785	67	0.524691358024691	67	-0.0876188518339594	181
HCM-SANG-0313-C15	Oesophageal	fatty-acid oxidation	-0.217512986555635	62	0.401234567901235	62	-0.217512986555635	62
HCM-SANG-0313-C15	Oesophageal	folate	0.17214160634621	29	0.623456790123457	29	0.17214160634621	29
HCM-SANG-0313-C15	Oesophageal	glucose transport	0.102232924094305	21	0.567901234567901	21	0.102232924094305	21
HCM-SANG-0313-C15	Oesophageal	glutamine/glutamate	0.0415491905226831	135	0.549382716049383	135	0.0415491905226831	135
HCM-SANG-0313-C15	Oesophageal	glycolysis	-0.082124859548378	59	0.425925925925926	59	-0.0779866835765117	240
HCM-SANG-0313-C15	Oesophageal	iron	0.213917952441917	89	0.623456790123457	89	0.213917952441917	89
HCM-SANG-0313-C15	Oesophageal	methionine	-0.0467131782370779	29	0.493827160493827	29	-0.0467131782370779	29
HCM-SANG-0313-C15	Oesophageal	riboflavin	-0.0920722238433299	18	0.527777777777778	18	-0.0920722238433299	18
HCM-SANG-0313-C15	Oesophageal	serine/glycine/one-carbon	0.167541221496104	62	0.601851851851852	62	0.167541221496104	62
HCM-SANG-0313-C15	Oesophageal	sphingolipid	-0.146989586824518	153	0.432098765432099	153	-0.146989586824518	153
HCM-SANG-0313-C15	Oesophageal	tryptophan	0.218425816432711	44	0.638888888888889	44	0.218425816432711	44
HCM-SANG-0313-C15	Oesophageal	vitamin B12	0.161189839428409	19	0.592592592592593	19	0.161189839428409	19
HCM-SANG-0313-C15	Oesophageal	zinc	0.00239941111289829	15	0.512345679012346	15	0.00239941111289829	15
HCM-SANG-0314-C15	Oesophageal	BCAA	0.052407904547112	52	0.54320987654321	52	0.052407904547112	52
HCM-SANG-0314-C15	Oesophageal	NAD	-0.0560677212807303	43	0.530864197530864	43	-0.0560677212807303	43
HCM-SANG-0314-C15	Oesophageal	OXPHOS	-0.119685110003738	246	0.450617283950617	246	-0.00367679331406551	310
HCM-SANG-0314-C15	Oesophageal	PPP	-0.212991618532915	27	0.438271604938272	27	-0.226125363604656	31
HCM-SANG-0314-C15	Oesophageal	TCA	0.0204099231839786	42	0.515432098765432	42	0.0204099231839786	42
HCM-SANG-0314-C15	Oesophageal	amino-acid transport	-0.0325784007034566	32	0.472222222222222	32	-0.0325784007034566	32
HCM-SANG-0314-C15	Oesophageal	arginine	-0.476949507323117	50	0.299382716049383	50	-0.360266207380651	100
HCM-SANG-0314-C15	Oesophageal	cholesterol/isoprenoid	-0.369893457174531	67	0.358024691358025	67	-0.219595384991417	181
HCM-SANG-0314-C15	Oesophageal	fatty-acid oxidation	0.102363463842683	62	0.558641975308642	62	0.102363463842683	62
HCM-SANG-0314-C15	Oesophageal	folate	-0.282759192876188	29	0.382716049382716	29	-0.282759192876188	29
HCM-SANG-0314-C15	Oesophageal	glucose transport	-0.28882259373497	21	0.401234567901235	21	-0.28882259373497	21
HCM-SANG-0314-C15	Oesophageal	glutamine/glutamate	-7.88978071920691e-05	135	0.518518518518519	135	-7.88978071920691e-05	135
HCM-SANG-0314-C15	Oesophageal	glycolysis	-0.207143593131177	59	0.438271604938272	59	-0.0435848804927252	240
HCM-SANG-0314-C15	Oesophageal	iron	-0.228638417509131	89	0.432098765432099	89	-0.228638417509131	89
HCM-SANG-0314-C15	Oesophageal	methionine	0.141882493061178	29	0.555555555555556	29	0.141882493061178	29
HCM-SANG-0314-C15	Oesophageal	riboflavin	-0.672235574347929	18	0.200617283950617	18	-0.672235574347929	18
HCM-SANG-0314-C15	Oesophageal	serine/glycine/one-carbon	-0.266363950572672	62	0.395061728395062	62	-0.266363950572672	62
HCM-SANG-0314-C15	Oesophageal	sphingolipid	-0.158517175189397	153	0.419753086419753	153	-0.158517175189397	153
HCM-SANG-0314-C15	Oesophageal	tryptophan	-0.45928840904669	44	0.299382716049383	44	-0.45928840904669	44
HCM-SANG-0314-C15	Oesophageal	vitamin B12	-0.00028285564334541	19	0.5	19	-0.00028285564334541	19
HCM-SANG-0314-C15	Oesophageal	zinc	-0.276675854537868	15	0.382716049382716	15	-0.276675854537868	15
HCM-SANG-0517-C20	Colorectal	BCAA	0.0875584011363204	52	0.574074074074074	52	0.0875584011363204	52
HCM-SANG-0517-C20	Colorectal	NAD	-0.10308382267091	43	0.444444444444444	43	-0.10308382267091	43
HCM-SANG-0517-C20	Colorectal	OXPHOS	0.268248246059435	246	0.654320987654321	246	0.268248246059435	310
HCM-SANG-0517-C20	Colorectal	PPP	0.178700292555135	27	0.567901234567901	27	0.178700292555135	31
HCM-SANG-0517-C20	Colorectal	TCA	0.0206424572346986	42	0.540123456790123	42	0.0206424572346986	42
HCM-SANG-0517-C20	Colorectal	amino-acid transport	0.021091729963117	32	0.540123456790123	32	0.021091729963117	32
HCM-SANG-0517-C20	Colorectal	arginine	0.155326673786803	50	0.595679012345679	50	0.258922843806514	100
HCM-SANG-0517-C20	Colorectal	cholesterol/isoprenoid	-0.00747327661697764	67	0.530864197530864	67	0.00943688586718703	181
HCM-SANG-0517-C20	Colorectal	fatty-acid oxidation	-0.0544639149350814	62	0.506172839506173	62	-0.0544639149350814	62
HCM-SANG-0517-C20	Colorectal	folate	-0.0476083916599207	29	0.469135802469136	29	-0.0476083916599207	29
HCM-SANG-0517-C20	Colorectal	glucose transport	-0.0434552300875188	21	0.537037037037037	21	-0.0434552300875188	21
HCM-SANG-0517-C20	Colorectal	glutamine/glutamate	-0.101098135705562	135	0.45679012345679	135	-0.101098135705562	135
HCM-SANG-0517-C20	Colorectal	glycolysis	0.0236606795882873	59	0.530864197530864	59	0.0244771990340274	240
HCM-SANG-0517-C20	Colorectal	iron	0.0520693871985581	89	0.574074074074074	89	0.0520693871985581	89
HCM-SANG-0517-C20	Colorectal	methionine	0.0148568845270089	29	0.549382716049383	29	0.0148568845270089	29
HCM-SANG-0517-C20	Colorectal	riboflavin	0.0594196199651827	18	0.524691358024691	18	0.0594196199651827	18
HCM-SANG-0517-C20	Colorectal	serine/glycine/one-carbon	0.0641543414471049	62	0.564814814814815	62	0.0641543414471049	62
HCM-SANG-0517-C20	Colorectal	sphingolipid	-0.143290659672082	153	0.438271604938272	153	-0.143290659672082	153
HCM-SANG-0517-C20	Colorectal	tryptophan	0.33287562720772	44	0.697530864197531	44	0.33287562720772	44
HCM-SANG-0517-C20	Colorectal	vitamin B12	-0.0476083916599207	19	0.5	19	-0.0476083916599207	19
HCM-SANG-0517-C20	Colorectal	zinc	0.512977067295605	15	0.746913580246914	15	0.512977067295605	15
HCM-SANG-0518-C18	Colorectal	BCAA	-0.040736741817066	52	0.521604938271605	52	-0.040736741817066	52
HCM-SANG-0518-C18	Colorectal	NAD	-0.200033798533217	43	0.438271604938272	43	-0.200033798533217	43
HCM-SANG-0518-C18	Colorectal	OXPHOS	0.177619593173054	246	0.611111111111111	246	0.177619593173054	310
HCM-SANG-0518-C18	Colorectal	PPP	0.246274915152085	27	0.62962962962963	27	0.246274915152085	31
HCM-SANG-0518-C18	Colorectal	TCA	0.0192234259389748	42	0.493827160493827	42	0.0192234259389748	42
HCM-SANG-0518-C18	Colorectal	amino-acid transport	-0.0907453456973617	32	0.422839506172839	32	-0.0907453456973617	32
HCM-SANG-0518-C18	Colorectal	arginine	-0.635927396748339	50	0.222222222222222	50	-0.229210836708818	100
HCM-SANG-0518-C18	Colorectal	cholesterol/isoprenoid	0.240039319716565	67	0.679012345679012	67	0.0546765903947128	181
HCM-SANG-0518-C18	Colorectal	fatty-acid oxidation	0.317301358941067	62	0.675925925925926	62	0.317301358941067	62
HCM-SANG-0518-C18	Colorectal	folate	-0.147079160872417	29	0.438271604938272	29	-0.147079160872417	29
HCM-SANG-0518-C18	Colorectal	glucose transport	-0.723018820630414	21	0.191358024691358	21	-0.723018820630414	21
HCM-SANG-0518-C18	Colorectal	glutamine/glutamate	0.0049933217084702	135	0.512345679012346	135	0.0049933217084702	135
HCM-SANG-0518-C18	Colorectal	glycolysis	0.00854342819371689	59	0.518518518518519	59	0.0206257849203082	240
HCM-SANG-0518-C18	Colorectal	iron	0.348922992788008	89	0.685185185185185	89	0.348922992788008	89
HCM-SANG-0518-C18	Colorectal	methionine	0.358564051002269	29	0.67283950617284	29	0.358564051002269	29
HCM-SANG-0518-C18	Colorectal	riboflavin	0.198351083631267	18	0.598765432098765	18	0.198351083631267	18
HCM-SANG-0518-C18	Colorectal	serine/glycine/one-carbon	-0.0456208829277742	62	0.490740740740741	62	-0.0456208829277742	62
HCM-SANG-0518-C18	Colorectal	sphingolipid	0.212088334627705	153	0.604938271604938	153	0.212088334627705	153
HCM-SANG-0518-C18	Colorectal	tryptophan	-0.0440622466580003	44	0.481481481481482	44	-0.0440622466580003	44
HCM-SANG-0518-C18	Colorectal	vitamin B12	0.0480217530645475	19	0.54320987654321	19	0.0480217530645475	19
HCM-SANG-0518-C18	Colorectal	zinc	-0.0958293552662102	15	0.45679012345679	15	-0.0958293552662102	15
HCM-SANG-0519-C20	Colorectal	BCAA	-0.088686582060073	52	0.481481481481482	52	-0.088686582060073	52
HCM-SANG-0519-C20	Colorectal	NAD	0.0030119458413874	43	0.518518518518519	43	0.0030119458413874	43
HCM-SANG-0519-C20	Colorectal	OXPHOS	0.0615234590712326	246	0.546296296296296	246	-0.015327873371922	310
HCM-SANG-0519-C20	Colorectal	PPP	0.272051987622638	27	0.62962962962963	27	0.273306890262133	31
HCM-SANG-0519-C20	Colorectal	TCA	-0.1494143384512	42	0.447530864197531	42	-0.1494143384512	42
HCM-SANG-0519-C20	Colorectal	amino-acid transport	-0.176381729920606	32	0.401234567901235	32	-0.176381729920606	32
HCM-SANG-0519-C20	Colorectal	arginine	-0.00974717798192084	50	0.5	50	-0.0212692701632447	100
HCM-SANG-0519-C20	Colorectal	cholesterol/isoprenoid	-0.0120610496144531	67	0.512345679012346	67	-0.0120610496144531	181
HCM-SANG-0519-C20	Colorectal	fatty-acid oxidation	-0.222918528660367	62	0.395061728395062	62	-0.222918528660367	62
HCM-SANG-0519-C20	Colorectal	folate	0.155650294166478	29	0.54320987654321	29	0.155650294166478	29
HCM-SANG-0519-C20	Colorectal	glucose transport	0.0275454070992247	21	0.549382716049383	21	0.0275454070992247	21
HCM-SANG-0519-C20	Colorectal	glutamine/glutamate	0.0412097193623771	135	0.518518518518519	135	0.0412097193623771	135
HCM-SANG-0519-C20	Colorectal	glycolysis	-0.0171379908055796	59	0.5	59	-0.0265468068035066	240
HCM-SANG-0519-C20	Colorectal	iron	-0.116122225103622	89	0.444444444444444	89	-0.116122225103622	89
HCM-SANG-0519-C20	Colorectal	methionine	0.171907527985465	29	0.58641975308642	29	0.171907527985465	29
HCM-SANG-0519-C20	Colorectal	riboflavin	-0.256619790457616	18	0.388888888888889	18	-0.256619790457616	18
HCM-SANG-0519-C20	Colorectal	serine/glycine/one-carbon	0.0083540718724309	62	0.493827160493827	62	0.0083540718724309	62
HCM-SANG-0519-C20	Colorectal	sphingolipid	0.007122328964265	153	0.530864197530864	153	0.007122328964265	153
HCM-SANG-0519-C20	Colorectal	tryptophan	-0.0336991071848701	44	0.478395061728395	44	-0.0336991071848701	44
HCM-SANG-0519-C20	Colorectal	vitamin B12	-0.0793466693314769	19	0.475308641975309	19	-0.0793466693314769	19
HCM-SANG-0519-C20	Colorectal	zinc	0.14057115137862	15	0.617283950617284	15	0.14057115137862	15
HCM-SANG-0523-C15	Oesophageal	BCAA	-0.069119028276059	52	0.503086419753086	52	-0.069119028276059	52
HCM-SANG-0523-C15	Oesophageal	NAD	0.190461701188572	43	0.611111111111111	43	0.190461701188572	43
HCM-SANG-0523-C15	Oesophageal	OXPHOS	-0.0461388664584761	246	0.5	246	-0.072951718829058	310
HCM-SANG-0523-C15	Oesophageal	PPP	-0.15298757135178	27	0.462962962962963	27	-0.0931901713503288	31
HCM-SANG-0523-C15	Oesophageal	TCA	0.0596967856044984	42	0.518518518518519	42	0.0596967856044984	42
HCM-SANG-0523-C15	Oesophageal	amino-acid transport	-0.0734875872610471	32	0.481481481481482	32	-0.0734875872610471	32
HCM-SANG-0523-C15	Oesophageal	arginine	0.0540606888200688	50	0.546296296296296	50	0.00787035093621598	100
HCM-SANG-0523-C15	Oesophageal	cholesterol/isoprenoid	-0.0132823878812287	67	0.506172839506173	67	0.019654594131153	181
HCM-SANG-0523-C15	Oesophageal	fatty-acid oxidation	0.035230415794887	62	0.546296296296296	62	0.035230415794887	62
HCM-SANG-0523-C15	Oesophageal	folate	0.0776295079661645	29	0.555555555555556	29	0.0776295079661645	29
HCM-SANG-0523-C15	Oesophageal	glucose transport	0.0137242282689838	21	0.524691358024691	21	0.0137242282689838	21
HCM-SANG-0523-C15	Oesophageal	glutamine/glutamate	-0.0338794417336408	135	0.487654320987654	135	-0.0338794417336408	135
HCM-SANG-0523-C15	Oesophageal	glycolysis	0.003104775738399	59	0.518518518518519	59	-0.00652845538584777	240
HCM-SANG-0523-C15	Oesophageal	iron	-0.101876998734757	89	0.45679012345679	89	-0.101876998734757	89
HCM-SANG-0523-C15	Oesophageal	methionine	-0.0191107188079477	29	0.518518518518519	29	-0.0191107188079477	29
HCM-SANG-0523-C15	Oesophageal	riboflavin	-0.00480326953393924	18	0.527777777777778	18	-0.00480326953393924	18
HCM-SANG-0523-C15	Oesophageal	serine/glycine/one-carbon	0.0782552132181338	62	0.558641975308642	62	0.0782552132181338	62
HCM-SANG-0523-C15	Oesophageal	sphingolipid	0.0336248263283008	153	0.524691358024691	153	0.0336248263283008	153
HCM-SANG-0523-C15	Oesophageal	tryptophan	-0.0383609951609209	44	0.506172839506173	44	-0.0383609951609209	44
HCM-SANG-0523-C15	Oesophageal	vitamin B12	0.0403419672949446	19	0.537037037037037	19	0.0403419672949446	19
HCM-SANG-0523-C15	Oesophageal	zinc	-0.251985171150928	15	0.382716049382716	15	-0.251985171150928	15
HCM-SANG-0525-C18	Colorectal	BCAA	0.385180753757191	52	0.759259259259259	52	0.385180753757191	52
HCM-SANG-0525-C18	Colorectal	NAD	0.177443407718857	43	0.611111111111111	43	0.177443407718857	43
HCM-SANG-0525-C18	Colorectal	OXPHOS	0.407631784963737	246	0.70679012345679	246	0.322777887587375	310
HCM-SANG-0525-C18	Colorectal	PPP	0.658820671220647	27	0.790123456790123	27	0.331570589064794	31
HCM-SANG-0525-C18	Colorectal	TCA	1.09287046720827	42	0.873456790123457	42	1.09287046720827	42
HCM-SANG-0525-C18	Colorectal	amino-acid transport	-0.238502590177561	32	0.364197530864198	32	-0.238502590177561	32
HCM-SANG-0525-C18	Colorectal	arginine	-0.146928076382749	50	0.438271604938272	50	0.211731046139299	100
HCM-SANG-0525-C18	Colorectal	cholesterol/isoprenoid	-0.0912218867565539	67	0.487654320987654	67	-0.0697156313471333	181
HCM-SANG-0525-C18	Colorectal	fatty-acid oxidation	-0.00876670421046858	62	0.552469135802469	62	-0.00876670421046858	62
HCM-SANG-0525-C18	Colorectal	folate	0.505221990923094	29	0.759259259259259	29	0.505221990923094	29
HCM-SANG-0525-C18	Colorectal	glucose transport	-0.457429626102328	21	0.277777777777778	21	-0.457429626102328	21
HCM-SANG-0525-C18	Colorectal	glutamine/glutamate	-0.276500140980712	135	0.419753086419753	135	-0.276500140980712	135
HCM-SANG-0525-C18	Colorectal	glycolysis	0.369443152571497	59	0.679012345679012	59	0.145096006285214	240
HCM-SANG-0525-C18	Colorectal	iron	-0.110472861757593	89	0.462962962962963	89	-0.110472861757593	89
HCM-SANG-0525-C18	Colorectal	methionine	0.174126960052516	29	0.611111111111111	29	0.174126960052516	29
HCM-SANG-0525-C18	Colorectal	riboflavin	0.497913226918872	18	0.722222222222222	18	0.497913226918872	18
HCM-SANG-0525-C18	Colorectal	serine/glycine/one-carbon	0.238401012750607	62	0.638888888888889	62	0.238401012750607	62
HCM-SANG-0525-C18	Colorectal	sphingolipid	-0.125064805937756	153	0.432098765432099	153	-0.125064805937756	153
HCM-SANG-0525-C18	Colorectal	tryptophan	-0.371484158305952	44	0.296296296296296	44	-0.371484158305952	44
HCM-SANG-0525-C18	Colorectal	vitamin B12	-0.221592218123605	19	0.438271604938272	19	-0.221592218123605	19
HCM-SANG-0525-C18	Colorectal	zinc	-0.0708847091359094	15	0.487654320987654	15	-0.0708847091359094	15
HCM-SANG-0526-C15	Oesophageal	BCAA	-0.047060061237494	52	0.493827160493827	52	-0.047060061237494	52
HCM-SANG-0526-C15	Oesophageal	NAD	-0.0390754846354936	43	0.462962962962963	43	-0.0390754846354936	43
HCM-SANG-0526-C15	Oesophageal	OXPHOS	-0.0337581439176477	246	0.5	246	-0.0178486887644975	310
HCM-SANG-0526-C15	Oesophageal	PPP	-0.0886279383714567	27	0.45679012345679	27	-0.049782378406485	31
HCM-SANG-0526-C15	Oesophageal	TCA	-0.151593459874428	42	0.435185185185185	42	-0.151593459874428	42
HCM-SANG-0526-C15	Oesophageal	amino-acid transport	0.0659440942780609	32	0.524691358024691	32	0.0659440942780609	32
HCM-SANG-0526-C15	Oesophageal	arginine	0.0709745598152296	50	0.54320987654321	50	0.0709745598152296	100
HCM-SANG-0526-C15	Oesophageal	cholesterol/isoprenoid	-0.016338677992208	67	0.487654320987654	67	0.0541680897585737	181
HCM-SANG-0526-C15	Oesophageal	fatty-acid oxidation	-0.0101613203564375	62	0.512345679012346	62	-0.0101613203564375	62
HCM-SANG-0526-C15	Oesophageal	folate	0.0467839168981774	29	0.549382716049383	29	0.0467839168981774	29
HCM-SANG-0526-C15	Oesophageal	glucose transport	-0.13146206180521	21	0.462962962962963	21	-0.13146206180521	21
HCM-SANG-0526-C15	Oesophageal	glutamine/glutamate	0.095446605475394	135	0.555555555555556	135	0.095446605475394	135
HCM-SANG-0526-C15	Oesophageal	glycolysis	-0.0373319595245092	59	0.506172839506173	59	0.0345981191322953	240
HCM-SANG-0526-C15	Oesophageal	iron	-0.0104830975267086	89	0.518518518518519	89	-0.0104830975267086	89
HCM-SANG-0526-C15	Oesophageal	methionine	-0.00820902601649622	29	0.512345679012346	29	-0.00820902601649622	29
HCM-SANG-0526-C15	Oesophageal	riboflavin	-0.0870695230726683	18	0.478395061728395	18	-0.0870695230726683	18
HCM-SANG-0526-C15	Oesophageal	serine/glycine/one-carbon	-0.14784388034193	62	0.450617283950617	62	-0.14784388034193	62
HCM-SANG-0526-C15	Oesophageal	sphingolipid	-0.0568253314152667	153	0.469135802469136	153	-0.0568253314152667	153
HCM-SANG-0526-C15	Oesophageal	tryptophan	0.0773639364282439	44	0.54320987654321	44	0.0773639364282439	44
HCM-SANG-0526-C15	Oesophageal	vitamin B12	0.137318181602737	19	0.574074074074074	19	0.137318181602737	19
HCM-SANG-0526-C15	Oesophageal	zinc	0.0434991508530896	15	0.481481481481482	15	0.0434991508530896	15
HCM-SANG-0529-C18	Colorectal	BCAA	0.0851473873030261	52	0.530864197530864	52	0.0851473873030261	52
HCM-SANG-0529-C18	Colorectal	NAD	0.0553912799420625	43	0.549382716049383	43	0.0553912799420625	43
HCM-SANG-0529-C18	Colorectal	OXPHOS	0.132528404797262	246	0.58641975308642	246	0.123622829786295	310
HCM-SANG-0529-C18	Colorectal	PPP	-0.0420574102915639	27	0.475308641975309	27	-0.0420574102915639	31
HCM-SANG-0529-C18	Colorectal	TCA	-0.0403883567428576	42	0.5	42	-0.0403883567428576	42
HCM-SANG-0529-C18	Colorectal	amino-acid transport	-0.0218467797742263	32	0.490740740740741	32	-0.0218467797742263	32
HCM-SANG-0529-C18	Colorectal	arginine	0.0422400753548836	50	0.537037037037037	50	0.138673258639458	100
HCM-SANG-0529-C18	Colorectal	cholesterol/isoprenoid	0.0935177926744159	67	0.567901234567901	67	0.0855584757419579	181
HCM-SANG-0529-C18	Colorectal	fatty-acid oxidation	0.325643408104098	62	0.654320987654321	62	0.325643408104098	62
HCM-SANG-0529-C18	Colorectal	folate	-0.412301945882968	29	0.327160493827161	29	-0.412301945882968	29
HCM-SANG-0529-C18	Colorectal	glucose transport	0.00888736637693342	21	0.518518518518519	21	0.00888736637693342	21
HCM-SANG-0529-C18	Colorectal	glutamine/glutamate	0.0115496634500097	135	0.537037037037037	135	0.0115496634500097	135
HCM-SANG-0529-C18	Colorectal	glycolysis	0.00580497057943627	59	0.524691358024691	59	-0.0598927367514882	240
HCM-SANG-0529-C18	Colorectal	iron	0.013910421997763	89	0.530864197530864	89	0.013910421997763	89
HCM-SANG-0529-C18	Colorectal	methionine	0.00580497057943627	29	0.54320987654321	29	0.00580497057943627	29
HCM-SANG-0529-C18	Colorectal	riboflavin	0.180705079978224	18	0.614197530864198	18	0.180705079978224	18
HCM-SANG-0529-C18	Colorectal	serine/glycine/one-carbon	-0.110267600762831	62	0.481481481481482	62	-0.110267600762831	62
HCM-SANG-0529-C18	Colorectal	sphingolipid	0.0868168763858497	153	0.567901234567901	153	0.0868168763858497	153
HCM-SANG-0529-C18	Colorectal	tryptophan	-0.0784809217232535	44	0.484567901234568	44	-0.0784809217232535	44
HCM-SANG-0529-C18	Colorectal	vitamin B12	0.00312763685673939	19	0.530864197530864	19	0.00312763685673939	19
HCM-SANG-0529-C18	Colorectal	zinc	0.215851496045408	15	0.611111111111111	15	0.215851496045408	15
HCM-SANG-0530-C15	Oesophageal	BCAA	-0.044827932490722	52	0.515432098765432	52	-0.044827932490722	52
HCM-SANG-0530-C15	Oesophageal	NAD	-0.105545077613062	43	0.41358024691358	43	-0.105545077613062	43
HCM-SANG-0530-C15	Oesophageal	OXPHOS	-0.00456108511088122	246	0.518518518518519	246	-0.0157945148037017	310
HCM-SANG-0530-C15	Oesophageal	PPP	-0.0735319395818314	27	0.481481481481482	27	-0.0735319395818314	31
HCM-SANG-0530-C15	Oesophageal	TCA	0.0602522842513775	42	0.552469135802469	42	0.0602522842513775	42
HCM-SANG-0530-C15	Oesophageal	amino-acid transport	-0.390854462145198	32	0.308641975308642	32	-0.390854462145198	32
HCM-SANG-0530-C15	Oesophageal	arginine	-0.0298810424561174	50	0.481481481481482	50	-0.0298810424561174	100
HCM-SANG-0530-C15	Oesophageal	cholesterol/isoprenoid	-0.142377686381874	67	0.444444444444444	67	-0.0871608679025514	181
HCM-SANG-0530-C15	Oesophageal	fatty-acid oxidation	0.0585629570541148	62	0.521604938271605	62	0.0585629570541148	62
HCM-SANG-0530-C15	Oesophageal	folate	0.0628642344788886	29	0.549382716049383	29	0.0628642344788886	29
HCM-SANG-0530-C15	Oesophageal	glucose transport	-0.0377672475682055	21	0.469135802469136	21	-0.0377672475682055	21
HCM-SANG-0530-C15	Oesophageal	glutamine/glutamate	-0.0477655326980735	135	0.506172839506173	135	-0.0477655326980735	135
HCM-SANG-0530-C15	Oesophageal	glycolysis	0.0220060045341892	59	0.530864197530864	59	0.0284198927315123	240
HCM-SANG-0530-C15	Oesophageal	iron	0.0538411801779564	89	0.54320987654321	89	0.0538411801779564	89
HCM-SANG-0530-C15	Oesophageal	methionine	-0.0207104490979726	29	0.481481481481482	29	-0.0207104490979726	29
HCM-SANG-0530-C15	Oesophageal	riboflavin	0.47979723134762	18	0.756172839506173	18	0.47979723134762	18
HCM-SANG-0530-C15	Oesophageal	serine/glycine/one-carbon	-0.103782459119085	62	0.478395061728395	62	-0.103782459119085	62
HCM-SANG-0530-C15	Oesophageal	sphingolipid	-0.020410690340954	153	0.518518518518519	153	-0.020410690340954	153
HCM-SANG-0530-C15	Oesophageal	tryptophan	-0.0242483304002787	44	0.515432098765432	44	-0.0242483304002787	44
HCM-SANG-0530-C15	Oesophageal	vitamin B12	-0.00408995027261369	19	0.506172839506173	19	-0.00408995027261369	19
HCM-SANG-0530-C15	Oesophageal	zinc	-0.16843577698785	15	0.419753086419753	15	-0.16843577698785	15
HCM-SANG-0532-C20	Colorectal	BCAA	-0.235758691960146	52	0.422839506172839	52	-0.235758691960146	52
HCM-SANG-0532-C20	Colorectal	NAD	0.0912034542707297	43	0.530864197530864	43	0.0912034542707297	43
HCM-SANG-0532-C20	Colorectal	OXPHOS	-0.227019146673361	246	0.416666666666667	246	-0.236703852689668	310
HCM-SANG-0532-C20	Colorectal	PPP	-0.270080362150783	27	0.395061728395062	27	-0.211516773248953	31
HCM-SANG-0532-C20	Colorectal	TCA	-0.198227058120734	42	0.435185185185185	42	-0.198227058120734	42
HCM-SANG-0532-C20	Colorectal	amino-acid transport	-0.0685670275178638	32	0.459876543209877	32	-0.0685670275178638	32
HCM-SANG-0532-C20	Colorectal	arginine	0.00667382245680718	50	0.512345679012346	50	0.00667382245680718	100
HCM-SANG-0532-C20	Colorectal	cholesterol/isoprenoid	0.0236245179272956	67	0.537037037037037	67	0.000482202262671665	181
HCM-SANG-0532-C20	Colorectal	fatty-acid oxidation	-0.095978495787314	62	0.469135802469136	62	-0.095978495787314	62
HCM-SANG-0532-C20	Colorectal	folate	-0.539081920718974	29	0.253086419753086	29	-0.539081920718974	29
HCM-SANG-0532-C20	Colorectal	glucose transport	-0.305244915345277	21	0.395061728395062	21	-0.305244915345277	21
HCM-SANG-0532-C20	Colorectal	glutamine/glutamate	-0.0509004300343542	135	0.481481481481482	135	-0.0509004300343542	135
HCM-SANG-0532-C20	Colorectal	glycolysis	-0.136706822966555	59	0.438271604938272	59	-0.031498238716108	240
HCM-SANG-0532-C20	Colorectal	iron	0.00157950117274961	89	0.549382716049383	89	0.00157950117274961	89
HCM-SANG-0532-C20	Colorectal	methionine	-0.342909646558864	29	0.351851851851852	29	-0.342909646558864	29
HCM-SANG-0532-C20	Colorectal	riboflavin	-0.514776154934507	18	0.259259259259259	18	-0.514776154934507	18
HCM-SANG-0532-C20	Colorectal	serine/glycine/one-carbon	-0.222467769840197	62	0.441358024691358	62	-0.222467769840197	62
HCM-SANG-0532-C20	Colorectal	sphingolipid	0.0153938419974235	153	0.493827160493827	153	0.0153938419974235	153
HCM-SANG-0532-C20	Colorectal	tryptophan	0.186466323465385	44	0.580246913580247	44	0.186466323465385	44
HCM-SANG-0532-C20	Colorectal	vitamin B12	-0.176654317824768	19	0.432098765432099	19	-0.176654317824768	19
HCM-SANG-0532-C20	Colorectal	zinc	0.513143839348804	15	0.746913580246914	15	0.513143839348804	15
HCM-SANG-0534-C18	Colorectal	BCAA	-0.0630182292417189	52	0.496913580246914	52	-0.0630182292417189	52
HCM-SANG-0534-C18	Colorectal	NAD	-0.0617180807075525	43	0.450617283950617	43	-0.0617180807075525	43
HCM-SANG-0534-C18	Colorectal	OXPHOS	0.249927188959094	246	0.638888888888889	246	0.207455543846952	310
HCM-SANG-0534-C18	Colorectal	PPP	-0.0889521596706766	27	0.5	27	-0.0627408481371436	31
HCM-SANG-0534-C18	Colorectal	TCA	-0.0051805659208314	42	0.552469135802469	42	-0.0051805659208314	42
HCM-SANG-0534-C18	Colorectal	amino-acid transport	-0.0596459953965799	32	0.469135802469136	32	-0.0596459953965799	32
HCM-SANG-0534-C18	Colorectal	arginine	-0.117946336769267	50	0.478395061728395	50	0.0180592124625747	100
HCM-SANG-0534-C18	Colorectal	cholesterol/isoprenoid	0.105611850097996	67	0.611111111111111	67	0.0762159846308195	181
HCM-SANG-0534-C18	Colorectal	fatty-acid oxidation	-0.089049076738486	62	0.447530864197531	62	-0.089049076738486	62
HCM-SANG-0534-C18	Colorectal	folate	0.11422437332658	29	0.54320987654321	29	0.11422437332658	29
HCM-SANG-0534-C18	Colorectal	glucose transport	0.0158287999277887	21	0.512345679012346	21	0.0158287999277887	21
HCM-SANG-0534-C18	Colorectal	glutamine/glutamate	-0.0515700095243141	135	0.469135802469136	135	-0.0515700095243141	135
HCM-SANG-0534-C18	Colorectal	glycolysis	-0.133964916034005	59	0.469135802469136	59	-0.0897337282297061	240
HCM-SANG-0534-C18	Colorectal	iron	0.119607060042394	89	0.567901234567901	89	0.119607060042394	89
HCM-SANG-0534-C18	Colorectal	methionine	-0.169389034342306	29	0.438271604938272	29	-0.169389034342306	29
HCM-SANG-0534-C18	Colorectal	riboflavin	0.231776731280518	18	0.635802469135803	18	0.231776731280518	18
HCM-SANG-0534-C18	Colorectal	serine/glycine/one-carbon	0.0458039501625127	62	0.521604938271605	62	0.0458039501625127	62
HCM-SANG-0534-C18	Colorectal	sphingolipid	-0.0152060009138223	153	0.493827160493827	153	-0.0152060009138223	153
HCM-SANG-0534-C18	Colorectal	tryptophan	0.0780455579083766	44	0.537037037037037	44	0.0780455579083766	44
HCM-SANG-0534-C18	Colorectal	vitamin B12	0.021764538136925	19	0.487654320987654	19	0.021764538136925	19
HCM-SANG-0534-C18	Colorectal	zinc	0.0971655160074913	15	0.54320987654321	15	0.0971655160074913	15
HCM-SANG-0535-C20	Colorectal	BCAA	-0.105068650925066	52	0.475308641975309	52	-0.105068650925066	52
HCM-SANG-0535-C20	Colorectal	NAD	-0.315982506048813	43	0.364197530864198	43	-0.315982506048813	43
HCM-SANG-0535-C20	Colorectal	OXPHOS	0.0209023766074646	246	0.54320987654321	246	-0.0222060951269111	310
HCM-SANG-0535-C20	Colorectal	PPP	-0.133430985370256	27	0.475308641975309	27	-0.370621801923848	31
HCM-SANG-0535-C20	Colorectal	TCA	0.0649752416435705	42	0.549382716049383	42	0.0649752416435705	42
HCM-SANG-0535-C20	Colorectal	amino-acid transport	0.128582196376113	32	0.570987654320988	32	0.128582196376113	32
HCM-SANG-0535-C20	Colorectal	arginine	-0.162371051671928	50	0.419753086419753	50	-0.240162007379146	100
HCM-SANG-0535-C20	Colorectal	cholesterol/isoprenoid	0.224904226045598	67	0.635802469135803	67	-0.122318502442096	181
HCM-SANG-0535-C20	Colorectal	fatty-acid oxidation	-0.0361471417012638	62	0.515432098765432	62	-0.0361471417012638	62
HCM-SANG-0535-C20	Colorectal	folate	0.126202682557309	29	0.617283950617284	29	0.126202682557309	29
HCM-SANG-0535-C20	Colorectal	glucose transport	0.524320026817402	21	0.740740740740741	21	0.524320026817402	21
HCM-SANG-0535-C20	Colorectal	glutamine/glutamate	-0.41193523753661	135	0.345679012345679	135	-0.41193523753661	135
HCM-SANG-0535-C20	Colorectal	glycolysis	-0.25720290103022	59	0.388888888888889	59	0.038675178032716	240
HCM-SANG-0535-C20	Colorectal	iron	0.219744272824054	89	0.635802469135803	89	0.219744272824054	89
HCM-SANG-0535-C20	Colorectal	methionine	-0.218363321258606	29	0.438271604938272	29	-0.218363321258606	29
HCM-SANG-0535-C20	Colorectal	riboflavin	-0.396287933668963	18	0.320987654320988	18	-0.396287933668963	18
HCM-SANG-0535-C20	Colorectal	serine/glycine/one-carbon	-0.17221929010175	62	0.401234567901235	62	-0.17221929010175	62
HCM-SANG-0535-C20	Colorectal	sphingolipid	-0.254161605988484	153	0.382716049382716	153	-0.254161605988484	153
HCM-SANG-0535-C20	Colorectal	tryptophan	-0.0177299652640049	44	0.459876543209877	44	-0.0177299652640049	44
HCM-SANG-0535-C20	Colorectal	vitamin B12	0.808074698512648	19	0.82716049382716	19	0.808074698512648	19
HCM-SANG-0535-C20	Colorectal	zinc	0.279184758172391	15	0.660493827160494	15	0.279184758172391	15
HCM-SANG-0536-C18	Colorectal	BCAA	-0.201644933908857	52	0.395061728395062	52	-0.201644933908857	52
HCM-SANG-0536-C18	Colorectal	NAD	-0.0686048430942147	43	0.493827160493827	43	-0.0686048430942147	43
HCM-SANG-0536-C18	Colorectal	OXPHOS	-0.0455832834528287	246	0.487654320987654	246	0.00793295332698694	310
HCM-SANG-0536-C18	Colorectal	PPP	0.0930643456849626	27	0.555555555555556	27	0.116904934293206	31
HCM-SANG-0536-C18	Colorectal	TCA	-0.115671972781689	42	0.45679012345679	42	-0.115671972781689	42
HCM-SANG-0536-C18	Colorectal	amino-acid transport	0.108906296588286	32	0.614197530864198	32	0.108906296588286	32
HCM-SANG-0536-C18	Colorectal	arginine	-0.0408453118097821	50	0.462962962962963	50	-0.105328062364293	100
HCM-SANG-0536-C18	Colorectal	cholesterol/isoprenoid	0.0419033209721429	67	0.549382716049383	67	0.00130036353266342	181
HCM-SANG-0536-C18	Colorectal	fatty-acid oxidation	-0.116324978191435	62	0.487654320987654	62	-0.116324978191435	62
HCM-SANG-0536-C18	Colorectal	folate	0.180688332893853	29	0.580246913580247	29	0.180688332893853	29
HCM-SANG-0536-C18	Colorectal	glucose transport	0.0448398110618061	21	0.58641975308642	21	0.0448398110618061	21
HCM-SANG-0536-C18	Colorectal	glutamine/glutamate	0.102915533305348	135	0.561728395061729	135	0.102915533305348	135
HCM-SANG-0536-C18	Colorectal	glycolysis	-0.148916500086344	59	0.425925925925926	59	0.0169221336866383	240
HCM-SANG-0536-C18	Colorectal	iron	-0.116274116495905	89	0.462962962962963	89	-0.116274116495905	89
HCM-SANG-0536-C18	Colorectal	methionine	-0.251108721236158	29	0.376543209876543	29	-0.251108721236158	29
HCM-SANG-0536-C18	Colorectal	riboflavin	-0.0756687565728795	18	0.447530864197531	18	-0.0756687565728795	18
HCM-SANG-0536-C18	Colorectal	serine/glycine/one-carbon	-0.0548006754901415	62	0.447530864197531	62	-0.0548006754901415	62
HCM-SANG-0536-C18	Colorectal	sphingolipid	-0.0251221685388454	153	0.506172839506173	153	-0.0251221685388454	153
HCM-SANG-0536-C18	Colorectal	tryptophan	-0.0272611485673073	44	0.487654320987654	44	-0.0272611485673073	44
HCM-SANG-0536-C18	Colorectal	vitamin B12	0.098688558847535	19	0.555555555555556	19	0.098688558847535	19
HCM-SANG-0536-C18	Colorectal	zinc	0.0779428620019691	15	0.561728395061729	15	0.0779428620019691	15
HCM-SANG-0539-C18	Colorectal	BCAA	-0.0320737815760962	52	0.518518518518519	52	-0.0320737815760962	52
HCM-SANG-0539-C18	Colorectal	NAD	-0.0742759224844401	43	0.475308641975309	43	-0.0742759224844401	43
HCM-SANG-0539-C18	Colorectal	OXPHOS	0.107606250356479	246	0.580246913580247	246	0.107168648047974	310
HCM-SANG-0539-C18	Colorectal	PPP	-0.209681642714884	27	0.401234567901235	27	0.0121158034165857	31
HCM-SANG-0539-C18	Colorectal	TCA	0.00239786878547197	42	0.518518518518519	42	0.00239786878547197	42
HCM-SANG-0539-C18	Colorectal	amino-acid transport	0.644729244127486	32	0.783950617283951	32	0.644729244127486	32
HCM-SANG-0539-C18	Colorectal	arginine	-0.284638498638078	50	0.367283950617284	50	-0.045208573797685	100
HCM-SANG-0539-C18	Colorectal	cholesterol/isoprenoid	0.330074147859403	67	0.660493827160494	67	0.201087422639186	181
HCM-SANG-0539-C18	Colorectal	fatty-acid oxidation	0.190222129998051	62	0.635802469135802	62	0.190222129998051	62
HCM-SANG-0539-C18	Colorectal	folate	-0.0967364764192427	29	0.450617283950617	29	-0.0967364764192427	29
HCM-SANG-0539-C18	Colorectal	glucose transport	-0.0118559081385324	21	0.475308641975309	21	-0.0118559081385324	21
HCM-SANG-0539-C18	Colorectal	glutamine/glutamate	-0.114927296119607	135	0.450617283950617	135	-0.114927296119607	135
HCM-SANG-0539-C18	Colorectal	glycolysis	-0.209681642714884	59	0.401234567901235	59	0.00292938027497697	240
HCM-SANG-0539-C18	Colorectal	iron	-0.193386455253229	89	0.425925925925926	89	-0.193386455253229	89
HCM-SANG-0539-C18	Colorectal	methionine	-0.304121176084406	29	0.358024691358025	29	-0.304121176084406	29
HCM-SANG-0539-C18	Colorectal	riboflavin	-0.426834797610082	18	0.305555555555556	18	-0.426834797610082	18
HCM-SANG-0539-C18	Colorectal	serine/glycine/one-carbon	0.159312015911663	62	0.598765432098765	62	0.159312015911663	62
HCM-SANG-0539-C18	Colorectal	sphingolipid	-0.187767062699041	153	0.388888888888889	153	-0.187767062699041	153
HCM-SANG-0539-C18	Colorectal	tryptophan	0.132237470084453	44	0.558641975308642	44	0.132237470084453	44
HCM-SANG-0539-C18	Colorectal	vitamin B12	-0.529012697102043	19	0.283950617283951	19	-0.529012697102043	19
HCM-SANG-0539-C18	Colorectal	zinc	0.271092210635769	15	0.641975308641975	15	0.271092210635769	15
HCM-SANG-0541-C20	Colorectal	BCAA	0.167957556479993	52	0.567901234567901	52	0.167957556479993	52
HCM-SANG-0541-C20	Colorectal	NAD	-0.325926799801763	43	0.351851851851852	43	-0.325926799801763	43
HCM-SANG-0541-C20	Colorectal	OXPHOS	0.193495344484051	246	0.614197530864198	246	0.273729047070116	310
HCM-SANG-0541-C20	Colorectal	PPP	-0.546389899785057	27	0.277777777777778	27	-0.55382993483938	31
HCM-SANG-0541-C20	Colorectal	TCA	0.199325089159452	42	0.614197530864198	42	0.199325089159452	42
HCM-SANG-0541-C20	Colorectal	amino-acid transport	-0.391701110361292	32	0.305555555555556	32	-0.391701110361292	32
HCM-SANG-0541-C20	Colorectal	arginine	-0.239895226411627	50	0.367283950617284	50	-0.239895226411627	100
HCM-SANG-0541-C20	Colorectal	cholesterol/isoprenoid	0.0877160360601064	67	0.5	67	0.198392896114913	181
HCM-SANG-0541-C20	Colorectal	fatty-acid oxidation	0.160210320146245	62	0.580246913580247	62	0.160210320146245	62
HCM-SANG-0541-C20	Colorectal	folate	0.469970244195731	29	0.746913580246914	29	0.469970244195731	29
HCM-SANG-0541-C20	Colorectal	glucose transport	-0.0234284687126327	21	0.506172839506173	21	-0.0234284687126327	21
HCM-SANG-0541-C20	Colorectal	glutamine/glutamate	-0.421370491664705	135	0.302469135802469	135	-0.421370491664705	135
HCM-SANG-0541-C20	Colorectal	glycolysis	-0.294293479162976	59	0.327160493827161	59	-0.22983951326731	240
HCM-SANG-0541-C20	Colorectal	iron	-0.139548096363882	89	0.512345679012346	89	-0.139548096363882	89
HCM-SANG-0541-C20	Colorectal	methionine	-0.538168518400275	29	0.277777777777778	29	-0.538168518400275	29
HCM-SANG-0541-C20	Colorectal	riboflavin	0.0290542966241976	18	0.558641975308642	18	0.0290542966241976	18
HCM-SANG-0541-C20	Colorectal	serine/glycine/one-carbon	0.354718276115261	62	0.645061728395062	62	0.354718276115261	62
HCM-SANG-0541-C20	Colorectal	sphingolipid	-0.124514362261994	153	0.438271604938272	153	-0.124514362261994	153
HCM-SANG-0541-C20	Colorectal	tryptophan	-0.371353943984311	44	0.324074074074074	44	-0.371353943984311	44
HCM-SANG-0541-C20	Colorectal	vitamin B12	0.836217471436085	19	0.839506172839506	19	0.836217471436085	19
HCM-SANG-0541-C20	Colorectal	zinc	-0.129829085986453	15	0.432098765432099	15	-0.129829085986453	15
HCM-SANG-0542-C18	Colorectal	BCAA	0.0363980872132401	52	0.515432098765432	52	0.0363980872132401	52
HCM-SANG-0542-C18	Colorectal	NAD	-0.117493092051123	43	0.401234567901235	43	-0.117493092051123	43
HCM-SANG-0542-C18	Colorectal	OXPHOS	0.110415013360282	246	0.570987654320988	246	0.102487299587088	310
HCM-SANG-0542-C18	Colorectal	PPP	0.181203588934156	27	0.666666666666667	27	0.380277746190613	31
HCM-SANG-0542-C18	Colorectal	TCA	-0.077794374500123	42	0.462962962962963	42	-0.077794374500123	42
HCM-SANG-0542-C18	Colorectal	amino-acid transport	-0.406862870714608	32	0.290123456790123	32	-0.406862870714608	32
HCM-SANG-0542-C18	Colorectal	arginine	-0.223334132042132	50	0.401234567901235	50	0.144000269275573	100
HCM-SANG-0542-C18	Colorectal	cholesterol/isoprenoid	0.0506655610797541	67	0.574074074074074	67	0.0136732391027089	181
HCM-SANG-0542-C18	Colorectal	fatty-acid oxidation	0.017050676288992	62	0.533950617283951	62	0.017050676288992	62
HCM-SANG-0542-C18	Colorectal	folate	0.0901992160900335	29	0.580246913580247	29	0.0901992160900335	29
HCM-SANG-0542-C18	Colorectal	glucose transport	-0.032563851700341	21	0.506172839506173	21	-0.032563851700341	21
HCM-SANG-0542-C18	Colorectal	glutamine/glutamate	-0.0606481763352405	135	0.481481481481482	135	-0.0606481763352405	135
HCM-SANG-0542-C18	Colorectal	glycolysis	-0.0189658808009855	59	0.462962962962963	59	-0.0603286838827582	240
HCM-SANG-0542-C18	Colorectal	iron	-0.05056883472018	89	0.506172839506173	89	-0.05056883472018	89
HCM-SANG-0542-C18	Colorectal	methionine	0.0901992160900335	29	0.555555555555556	29	0.0901992160900335	29
HCM-SANG-0542-C18	Colorectal	riboflavin	-0.368915688252154	18	0.339506172839506	18	-0.368915688252154	18
HCM-SANG-0542-C18	Colorectal	serine/glycine/one-carbon	0.0449737211413966	62	0.527777777777778	62	0.0449737211413966	62
HCM-SANG-0542-C18	Colorectal	sphingolipid	0.118408440219739	153	0.592592592592593	153	0.118408440219739	153
HCM-SANG-0542-C18	Colorectal	tryptophan	-0.440464872441716	44	0.277777777777778	44	-0.440464872441716	44
HCM-SANG-0542-C18	Colorectal	vitamin B12	0.0901992160900335	19	0.54320987654321	19	0.0901992160900335	19
HCM-SANG-0542-C18	Colorectal	zinc	-0.237706015552947	15	0.388888888888889	15	-0.237706015552947	15
HCM-SANG-0543-C15	Oesophageal	BCAA	-0.0117931390895029	52	0.484567901234568	52	-0.0117931390895029	52
HCM-SANG-0543-C15	Oesophageal	NAD	-0.0852287895371975	43	0.475308641975309	43	-0.0852287895371975	43
HCM-SANG-0543-C15	Oesophageal	OXPHOS	-0.0229377406154075	246	0.506172839506173	246	-0.0356676826819275	310
HCM-SANG-0543-C15	Oesophageal	PPP	-0.1573781084477	27	0.450617283950617	27	-0.1573781084477	31
HCM-SANG-0543-C15	Oesophageal	TCA	0.0715314122411672	42	0.555555555555556	42	0.0715314122411672	42
HCM-SANG-0543-C15	Oesophageal	amino-acid transport	-0.0234627691882473	32	0.481481481481482	32	-0.0234627691882473	32
HCM-SANG-0543-C15	Oesophageal	arginine	0.129956289395122	50	0.577160493827161	50	0.0490289609092516	100
HCM-SANG-0543-C15	Oesophageal	cholesterol/isoprenoid	-0.17963073826241	67	0.407407407407407	67	-0.0344872266413274	181
HCM-SANG-0543-C15	Oesophageal	fatty-acid oxidation	-0.0304249157696349	62	0.484567901234568	62	-0.0304249157696349	62
HCM-SANG-0543-C15	Oesophageal	folate	0.00653396317961602	29	0.537037037037037	29	0.00653396317961602	29
HCM-SANG-0543-C15	Oesophageal	glucose transport	0.0723654656218953	21	0.555555555555556	21	0.0723654656218953	21
HCM-SANG-0543-C15	Oesophageal	glutamine/glutamate	0.0890767307573738	135	0.580246913580247	135	0.0890767307573738	135
HCM-SANG-0543-C15	Oesophageal	glycolysis	-0.0372792100312731	59	0.530864197530864	59	0.0185971246655576	240
HCM-SANG-0543-C15	Oesophageal	iron	-0.0777370534134745	89	0.462962962962963	89	-0.0777370534134745	89
HCM-SANG-0543-C15	Oesophageal	methionine	-0.107706132509791	29	0.475308641975309	29	-0.107706132509791	29
HCM-SANG-0543-C15	Oesophageal	riboflavin	0.0676558320816086	18	0.524691358024691	18	0.0676558320816086	18
HCM-SANG-0543-C15	Oesophageal	serine/glycine/one-carbon	0.124779740485648	62	0.574074074074074	62	0.124779740485648	62
HCM-SANG-0543-C15	Oesophageal	sphingolipid	-0.0630881605846578	153	0.493827160493827	153	-0.0630881605846578	153
HCM-SANG-0543-C15	Oesophageal	tryptophan	-0.267104458216091	44	0.367283950617284	44	-0.267104458216091	44
HCM-SANG-0543-C15	Oesophageal	vitamin B12	-0.472296217841178	19	0.296296296296296	19	-0.472296217841178	19
HCM-SANG-0543-C15	Oesophageal	zinc	-0.0685304795657965	15	0.462962962962963	15	-0.0685304795657965	15
HCM-SANG-0546-C15	Oesophageal	BCAA	-0.12182967898061	52	0.459876543209877	52	-0.12182967898061	52
HCM-SANG-0546-C15	Oesophageal	NAD	0.0635909466801286	43	0.555555555555556	43	0.0635909466801286	43
HCM-SANG-0546-C15	Oesophageal	OXPHOS	-0.0365519228826741	246	0.506172839506173	246	-0.0794252881288911	310
HCM-SANG-0546-C15	Oesophageal	PPP	-0.0852111232901713	27	0.469135802469136	27	-0.0852111232901713	31
HCM-SANG-0546-C15	Oesophageal	TCA	0.145351231777131	42	0.570987654320988	42	0.145351231777131	42
HCM-SANG-0546-C15	Oesophageal	amino-acid transport	-0.262331408749746	32	0.342592592592593	32	-0.262331408749746	32
HCM-SANG-0546-C15	Oesophageal	arginine	-0.485805172232827	50	0.277777777777778	50	-0.108492602432736	100
HCM-SANG-0546-C15	Oesophageal	cholesterol/isoprenoid	0.216634823749676	67	0.611111111111111	67	-0.0677834824287382	181
HCM-SANG-0546-C15	Oesophageal	fatty-acid oxidation	-0.229064639168999	62	0.373456790123457	62	-0.229064639168999	62
HCM-SANG-0546-C15	Oesophageal	folate	-0.238692715754097	29	0.382716049382716	29	-0.238692715754097	29
HCM-SANG-0546-C15	Oesophageal	glucose transport	-0.163053328326513	21	0.401234567901235	21	-0.163053328326513	21
HCM-SANG-0546-C15	Oesophageal	glutamine/glutamate	-0.222409855155609	135	0.407407407407407	135	-0.222409855155609	135
HCM-SANG-0546-C15	Oesophageal	glycolysis	-0.235955361247645	59	0.407407407407407	59	0.0514833355528063	240
HCM-SANG-0546-C15	Oesophageal	iron	0.0537569001420504	89	0.54320987654321	89	0.0537569001420504	89
HCM-SANG-0546-C15	Oesophageal	methionine	0.49972229945911	29	0.740740740740741	29	0.49972229945911	29
HCM-SANG-0546-C15	Oesophageal	riboflavin	0.539069355807508	18	0.737654320987654	18	0.539069355807508	18
HCM-SANG-0546-C15	Oesophageal	serine/glycine/one-carbon	0.269685507990666	62	0.604938271604938	62	0.269685507990666	62
HCM-SANG-0546-C15	Oesophageal	sphingolipid	-0.0761363764396391	153	0.469135802469136	153	-0.0761363764396391	153
HCM-SANG-0546-C15	Oesophageal	tryptophan	-0.22686879170929	44	0.404320987654321	44	-0.22686879170929	44
HCM-SANG-0546-C15	Oesophageal	vitamin B12	0.122700115322864	19	0.567901234567901	19	0.122700115322864	19
HCM-SANG-0546-C15	Oesophageal	zinc	-0.461886365499125	15	0.308641975308642	15	-0.461886365499125	15
HCM-SANG-0549-C15	Oesophageal	BCAA	-0.399562157189308	52	0.342592592592593	52	-0.399562157189308	52
HCM-SANG-0549-C15	Oesophageal	NAD	-0.286563809192639	43	0.395061728395062	43	-0.286563809192639	43
HCM-SANG-0549-C15	Oesophageal	OXPHOS	-0.106708677674673	246	0.45679012345679	246	-0.106708677674673	310
HCM-SANG-0549-C15	Oesophageal	PPP	0.0605689021458819	27	0.567901234567901	27	0.011151856198569	31
HCM-SANG-0549-C15	Oesophageal	TCA	-0.19166126622604	42	0.419753086419753	42	-0.19166126622604	42
HCM-SANG-0549-C15	Oesophageal	amino-acid transport	-0.116998573126462	32	0.410493827160494	32	-0.116998573126462	32
HCM-SANG-0549-C15	Oesophageal	arginine	-0.154104123060578	50	0.395061728395062	50	-0.0251956013696276	100
HCM-SANG-0549-C15	Oesophageal	cholesterol/isoprenoid	-0.0254744675906967	67	0.524691358024691	67	0.0696774402107004	181
HCM-SANG-0549-C15	Oesophageal	fatty-acid oxidation	-0.121713950006684	62	0.432098765432099	62	-0.121713950006684	62
HCM-SANG-0549-C15	Oesophageal	folate	-0.0618767867545477	29	0.475308641975309	29	-0.0618767867545477	29
HCM-SANG-0549-C15	Oesophageal	glucose transport	0.116628341516669	21	0.567901234567901	21	0.116628341516669	21
HCM-SANG-0549-C15	Oesophageal	glutamine/glutamate	-0.144294956991903	135	0.401234567901235	135	-0.144294956991903	135
HCM-SANG-0549-C15	Oesophageal	glycolysis	0.146692534970219	59	0.58641975308642	59	0.0285974426915284	240
HCM-SANG-0549-C15	Oesophageal	iron	-0.185871620056595	89	0.45679012345679	89	-0.185871620056595	89
HCM-SANG-0549-C15	Oesophageal	methionine	-0.518144899856393	29	0.290123456790123	29	-0.518144899856393	29
HCM-SANG-0549-C15	Oesophageal	riboflavin	0.476621317983982	18	0.685185185185185	18	0.476621317983982	18
HCM-SANG-0549-C15	Oesophageal	serine/glycine/one-carbon	-0.141972430925646	62	0.432098765432099	62	-0.141972430925646	62
HCM-SANG-0549-C15	Oesophageal	sphingolipid	0.0724651722110929	153	0.555555555555556	153	0.0724651722110929	153
HCM-SANG-0549-C15	Oesophageal	tryptophan	-0.465711309091301	44	0.283950617283951	44	-0.465711309091301	44
HCM-SANG-0549-C15	Oesophageal	vitamin B12	-0.089650850129538	19	0.450617283950617	19	-0.089650850129538	19
HCM-SANG-0549-C15	Oesophageal	zinc	0.267094552349102	15	0.641975308641975	15	0.267094552349102	15
HCM-SANG-0551-C18	Colorectal	BCAA	-0.0329127796146309	52	0.496913580246914	52	-0.0329127796146309	52
HCM-SANG-0551-C18	Colorectal	NAD	-0.104268457877637	43	0.475308641975309	43	-0.104268457877637	43
HCM-SANG-0551-C18	Colorectal	OXPHOS	0.022236031729385	246	0.524691358024691	246	0.00689723298200217	310
HCM-SANG-0551-C18	Colorectal	PPP	0.0758322995985856	27	0.592592592592593	27	0.181289827314686	31
HCM-SANG-0551-C18	Colorectal	TCA	-0.0320595715170214	42	0.472222222222222	42	-0.0320595715170214	42
HCM-SANG-0551-C18	Colorectal	amino-acid transport	0.105006633629177	32	0.552469135802469	32	0.105006633629177	32
HCM-SANG-0551-C18	Colorectal	arginine	-0.0510185221570514	50	0.45679012345679	50	0.0115336198620559	100
HCM-SANG-0551-C18	Colorectal	cholesterol/isoprenoid	-0.0127764514560322	67	0.512345679012346	67	0.0201929154251539	181
HCM-SANG-0551-C18	Colorectal	fatty-acid oxidation	-0.19184444833819	62	0.425925925925926	62	-0.19184444833819	62
HCM-SANG-0551-C18	Colorectal	folate	-0.113561818910788	29	0.432098765432099	29	-0.113561818910788	29
HCM-SANG-0551-C18	Colorectal	glucose transport	0.406247470802211	21	0.716049382716049	21	0.406247470802211	21
HCM-SANG-0551-C18	Colorectal	glutamine/glutamate	-0.0354638971323202	135	0.506172839506173	135	-0.0354638971323202	135
HCM-SANG-0551-C18	Colorectal	glycolysis	0.0815248530412959	59	0.555555555555556	59	0.120903921055464	240
HCM-SANG-0551-C18	Colorectal	iron	-0.118796495581909	89	0.469135802469136	89	-0.118796495581909	89
HCM-SANG-0551-C18	Colorectal	methionine	-0.120672304349813	29	0.444444444444444	29	-0.120672304349813	29
HCM-SANG-0551-C18	Colorectal	riboflavin	-0.0484316539180417	18	0.496913580246914	18	-0.0484316539180417	18
HCM-SANG-0551-C18	Colorectal	serine/glycine/one-carbon	-0.0406936535639194	62	0.506172839506173	62	-0.0406936535639194	62
HCM-SANG-0551-C18	Colorectal	sphingolipid	0.0212918814036095	153	0.524691358024691	153	0.0212918814036095	153
HCM-SANG-0551-C18	Colorectal	tryptophan	-0.0439560203660138	44	0.462962962962963	44	-0.0439560203660138	44
HCM-SANG-0551-C18	Colorectal	vitamin B12	-0.237197528088765	19	0.395061728395062	19	-0.237197528088765	19
HCM-SANG-0551-C18	Colorectal	zinc	0.2313636972788	15	0.598765432098765	15	0.2313636972788	15
HCM-SANG-1082-C15	Oesophageal	BCAA	-0.0727868245763997	52	0.503086419753086	52	-0.0727868245763997	52
HCM-SANG-1082-C15	Oesophageal	NAD	-0.0850337283412701	43	0.462962962962963	43	-0.0850337283412701	43
HCM-SANG-1082-C15	Oesophageal	OXPHOS	0.014932344535589	246	0.527777777777778	246	0.00615469909002515	310
HCM-SANG-1082-C15	Oesophageal	PPP	-0.00588939799818189	27	0.54320987654321	27	-0.00588939799818189	31
HCM-SANG-1082-C15	Oesophageal	TCA	-0.130132086579594	42	0.469135802469136	42	-0.130132086579594	42
HCM-SANG-1082-C15	Oesophageal	amino-acid transport	-0.197272908217984	32	0.382716049382716	32	-0.197272908217984	32
HCM-SANG-1082-C15	Oesophageal	arginine	0.219735471755554	50	0.623456790123457	50	0.0904638882070672	100
HCM-SANG-1082-C15	Oesophageal	cholesterol/isoprenoid	-0.120913028034275	67	0.493827160493827	67	-0.0465956260594148	181
HCM-SANG-1082-C15	Oesophageal	fatty-acid oxidation	0.218879526706195	62	0.604938271604938	62	0.218879526706195	62
HCM-SANG-1082-C15	Oesophageal	folate	0.00836925268434822	29	0.512345679012346	29	0.00836925268434822	29
HCM-SANG-1082-C15	Oesophageal	glucose transport	0.175463513025416	21	0.598765432098765	21	0.175463513025416	21
HCM-SANG-1082-C15	Oesophageal	glutamine/glutamate	-0.146751744402539	135	0.438271604938272	135	-0.146751744402539	135
HCM-SANG-1082-C15	Oesophageal	glycolysis	-0.0104188197200367	59	0.518518518518519	59	-0.0528521738605962	240
HCM-SANG-1082-C15	Oesophageal	iron	-0.145750394907446	89	0.425925925925926	89	-0.145750394907446	89
HCM-SANG-1082-C15	Oesophageal	methionine	0.197249339980413	29	0.648148148148148	29	0.197249339980413	29
HCM-SANG-1082-C15	Oesophageal	riboflavin	0.0219500403838974	18	0.509259259259259	18	0.0219500403838974	18
HCM-SANG-1082-C15	Oesophageal	serine/glycine/one-carbon	-0.0850130965479248	62	0.45679012345679	62	-0.0850130965479248	62
HCM-SANG-1082-C15	Oesophageal	sphingolipid	-0.0175614657218403	153	0.518518518518519	153	-0.0175614657218403	153
HCM-SANG-1082-C15	Oesophageal	tryptophan	0.10440291824569	44	0.577160493827161	44	0.10440291824569	44
HCM-SANG-1082-C15	Oesophageal	vitamin B12	-0.36651218542673	19	0.339506172839506	19	-0.36651218542673	19
HCM-SANG-1082-C15	Oesophageal	zinc	-0.458803242425829	15	0.271604938271605	15	-0.458803242425829	15
HCM-SANG-1083-C16	Oesophageal	BCAA	-0.0760284798670311	52	0.512345679012346	52	-0.0760284798670311	52
HCM-SANG-1083-C16	Oesophageal	NAD	0.0130338437208622	43	0.537037037037037	43	0.0130338437208622	43
HCM-SANG-1083-C16	Oesophageal	OXPHOS	0.0627181136126668	246	0.558641975308642	246	0.0585531986592535	310
HCM-SANG-1083-C16	Oesophageal	PPP	-0.166721695824681	27	0.419753086419753	27	-0.160691279561433	31
HCM-SANG-1083-C16	Oesophageal	TCA	0.0230671163925242	42	0.530864197530864	42	0.0230671163925242	42
HCM-SANG-1083-C16	Oesophageal	amino-acid transport	-0.1740902589575	32	0.401234567901235	32	-0.1740902589575	32
HCM-SANG-1083-C16	Oesophageal	arginine	0.044286048127839	50	0.509259259259259	50	-0.0826268011616444	100
HCM-SANG-1083-C16	Oesophageal	cholesterol/isoprenoid	-0.0803868580046124	67	0.512345679012346	67	-0.0264346514951181	181
HCM-SANG-1083-C16	Oesophageal	fatty-acid oxidation	-0.0299531311503047	62	0.524691358024691	62	-0.0299531311503047	62
HCM-SANG-1083-C16	Oesophageal	folate	0.334957952606324	29	0.685185185185185	29	0.334957952606324	29
HCM-SANG-1083-C16	Oesophageal	glucose transport	-0.195014056692958	21	0.425925925925926	21	-0.195014056692958	21
HCM-SANG-1083-C16	Oesophageal	glutamine/glutamate	-0.0504831036173196	135	0.493827160493827	135	-0.0504831036173196	135
HCM-SANG-1083-C16	Oesophageal	glycolysis	0.0339428102972059	59	0.555555555555556	59	0.00334790181377043	240
HCM-SANG-1083-C16	Oesophageal	iron	0.0584136350113376	89	0.555555555555556	89	0.0584136350113376	89
HCM-SANG-1083-C16	Oesophageal	methionine	0.0339428102972059	29	0.555555555555556	29	0.0339428102972059	29
HCM-SANG-1083-C16	Oesophageal	riboflavin	-0.0882807906975221	18	0.478395061728395	18	-0.0882807906975221	18
HCM-SANG-1083-C16	Oesophageal	serine/glycine/one-carbon	0.141011891521368	62	0.58641975308642	62	0.141011891521368	62
HCM-SANG-1083-C16	Oesophageal	sphingolipid	0.0227479597188541	153	0.506172839506173	153	0.0227479597188541	153
HCM-SANG-1083-C16	Oesophageal	tryptophan	-0.0567749015114697	44	0.506172839506173	44	-0.0567749015114697	44
HCM-SANG-1083-C16	Oesophageal	vitamin B12	-0.241516011516315	19	0.401234567901235	19	-0.241516011516315	19
HCM-SANG-1083-C16	Oesophageal	zinc	-0.0485853163468827	15	0.481481481481482	15	-0.0485853163468827	15
HCM-SANG-1084-C15	Oesophageal	BCAA	0.00955236821529023	52	0.493827160493827	52	0.00955236821529023	52
HCM-SANG-1084-C15	Oesophageal	NAD	-0.120534786752269	43	0.475308641975309	43	-0.120534786752269	43
HCM-SANG-1084-C15	Oesophageal	OXPHOS	0.0519087198364156	246	0.537037037037037	246	0.00213944816066028	310
HCM-SANG-1084-C15	Oesophageal	PPP	-0.0602962998067668	27	0.537037037037037	27	-0.0610319069579966	31
HCM-SANG-1084-C15	Oesophageal	TCA	0.0804745931578205	42	0.577160493827161	42	0.0804745931578205	42
HCM-SANG-1084-C15	Oesophageal	amino-acid transport	-0.11604402815253	32	0.462962962962963	32	-0.11604402815253	32
HCM-SANG-1084-C15	Oesophageal	arginine	-0.128913408912149	50	0.444444444444444	50	-0.0435298364878763	100
HCM-SANG-1084-C15	Oesophageal	cholesterol/isoprenoid	-0.0787166638929484	67	0.469135802469136	67	-0.0829735355300417	181
HCM-SANG-1084-C15	Oesophageal	fatty-acid oxidation	-0.0509238159563285	62	0.487654320987654	62	-0.0509238159563285	62
HCM-SANG-1084-C15	Oesophageal	folate	-0.000952383287584789	29	0.518518518518519	29	-0.000952383287584789	29
HCM-SANG-1084-C15	Oesophageal	glucose transport	0.0204927860849616	21	0.512345679012346	21	0.0204927860849616	21
HCM-SANG-1084-C15	Oesophageal	glutamine/glutamate	-0.108443044420275	135	0.462962962962963	135	-0.108443044420275	135
HCM-SANG-1084-C15	Oesophageal	glycolysis	-0.0106511720279407	59	0.518518518518519	59	-0.0532474523355271	240
HCM-SANG-1084-C15	Oesophageal	iron	-0.0124905760246742	89	0.493827160493827	89	-0.0124905760246742	89
HCM-SANG-1084-C15	Oesophageal	methionine	-0.120171689186636	29	0.450617283950617	29	-0.120171689186636	29
HCM-SANG-1084-C15	Oesophageal	riboflavin	-0.0760959849832736	18	0.450617283950617	18	-0.0760959849832736	18
HCM-SANG-1084-C15	Oesophageal	serine/glycine/one-carbon	0.0476193405413114	62	0.530864197530864	62	0.0476193405413114	62
HCM-SANG-1084-C15	Oesophageal	sphingolipid	-0.0451933418628619	153	0.493827160493827	153	-0.0451933418628619	153
HCM-SANG-1084-C15	Oesophageal	tryptophan	0.0794951134199434	44	0.533950617283951	44	0.0794951134199434	44
HCM-SANG-1084-C15	Oesophageal	vitamin B12	-0.0696912203661629	19	0.475308641975309	19	-0.0696912203661629	19
HCM-SANG-1084-C15	Oesophageal	zinc	-0.238470567845837	15	0.401234567901235	15	-0.238470567845837	15
HCM-SANG-1087-C18	Colorectal	BCAA	0.0640745401350628	52	0.564814814814815	52	0.0640745401350628	52
HCM-SANG-1087-C18	Colorectal	NAD	-0.0716874619762473	43	0.5	43	-0.0716874619762473	43
HCM-SANG-1087-C18	Colorectal	OXPHOS	-0.440800572953295	246	0.29320987654321	246	-0.452242003021578	310
HCM-SANG-1087-C18	Colorectal	PPP	0.357736262825808	27	0.666666666666667	27	0.116257728421946	31
HCM-SANG-1087-C18	Colorectal	TCA	-0.233351817610267	42	0.37962962962963	42	-0.233351817610267	42
HCM-SANG-1087-C18	Colorectal	amino-acid transport	-0.077047671384943	32	0.490740740740741	32	-0.077047671384943	32
HCM-SANG-1087-C18	Colorectal	arginine	0.13902185509028	50	0.574074074074074	50	0.0255940187038285	100
HCM-SANG-1087-C18	Colorectal	cholesterol/isoprenoid	-0.185674636343072	67	0.432098765432099	67	-0.107465904497661	181
HCM-SANG-1087-C18	Colorectal	fatty-acid oxidation	-0.206800748637377	62	0.425925925925926	62	-0.206800748637377	62
HCM-SANG-1087-C18	Colorectal	folate	0.416642180831673	29	0.734567901234568	29	0.416642180831673	29
HCM-SANG-1087-C18	Colorectal	glucose transport	0.580702642370976	21	0.790123456790123	21	0.580702642370976	21
HCM-SANG-1087-C18	Colorectal	glutamine/glutamate	0.309941515402258	135	0.641975308641975	135	0.309941515402258	135
HCM-SANG-1087-C18	Colorectal	glycolysis	-0.1361850080266	59	0.475308641975309	59	-0.134991991701413	240
HCM-SANG-1087-C18	Colorectal	iron	-0.000283071107467895	89	0.54320987654321	89	-0.000283071107467895	89
HCM-SANG-1087-C18	Colorectal	methionine	-0.0561903632783037	29	0.5	29	-0.0561903632783037	29
HCM-SANG-1087-C18	Colorectal	riboflavin	-0.194923144256892	18	0.410493827160494	18	-0.194923144256892	18
HCM-SANG-1087-C18	Colorectal	serine/glycine/one-carbon	0.369161525269949	62	0.675925925925926	62	0.369161525269949	62
HCM-SANG-1087-C18	Colorectal	sphingolipid	-0.166031317409433	153	0.432098765432099	153	-0.166031317409433	153
HCM-SANG-1087-C18	Colorectal	tryptophan	0.151389876236196	44	0.608024691358025	44	0.151389876236196	44
HCM-SANG-1087-C18	Colorectal	vitamin B12	-0.151678664636035	19	0.444444444444444	19	-0.151678664636035	19
HCM-SANG-1087-C18	Colorectal	zinc	0.760201000759816	15	0.82716049382716	15	0.760201000759816	15
HCM-SANG-1090-C18	Colorectal	BCAA	-0.0910913593253707	52	0.475308641975309	52	-0.0910913593253707	52
HCM-SANG-1090-C18	Colorectal	NAD	-0.0626898142495737	43	0.469135802469136	43	-0.0626898142495737	43
HCM-SANG-1090-C18	Colorectal	OXPHOS	0.000566517639015809	246	0.527777777777778	246	0.000566517639015809	310
HCM-SANG-1090-C18	Colorectal	PPP	-0.21886586737049	27	0.450617283950617	27	-0.21886586737049	31
HCM-SANG-1090-C18	Colorectal	TCA	-0.171023642176041	42	0.419753086419753	42	-0.171023642176041	42
HCM-SANG-1090-C18	Colorectal	amino-acid transport	-0.050375022993848	32	0.478395061728395	32	-0.050375022993848	32
HCM-SANG-1090-C18	Colorectal	arginine	-0.168714690579226	50	0.438271604938272	50	-0.115002739468104	100
HCM-SANG-1090-C18	Colorectal	cholesterol/isoprenoid	0.0196485890920827	67	0.524691358024691	67	0.00784698518750509	181
HCM-SANG-1090-C18	Colorectal	fatty-acid oxidation	-0.00974311308385456	62	0.503086419753086	62	-0.00974311308385456	62
HCM-SANG-1090-C18	Colorectal	folate	0.498273248810003	29	0.746913580246914	29	0.498273248810003	29
HCM-SANG-1090-C18	Colorectal	glucose transport	0.0531967157767954	21	0.537037037037037	21	0.0531967157767954	21
HCM-SANG-1090-C18	Colorectal	glutamine/glutamate	-0.0778941933625706	135	0.469135802469136	135	-0.0778941933625706	135
HCM-SANG-1090-C18	Colorectal	glycolysis	-0.201858717209432	59	0.419753086419753	59	-0.0993837055421417	240
HCM-SANG-1090-C18	Colorectal	iron	0.027860688753033	89	0.555555555555556	89	0.027860688753033	89
HCM-SANG-1090-C18	Colorectal	methionine	0.0567164100227883	29	0.561728395061729	29	0.0567164100227883	29
HCM-SANG-1090-C18	Colorectal	riboflavin	0.0415046601175992	18	0.540123456790123	18	0.0415046601175992	18
HCM-SANG-1090-C18	Colorectal	serine/glycine/one-carbon	0.00972746669405683	62	0.521604938271605	62	0.00972746669405683	62
HCM-SANG-1090-C18	Colorectal	sphingolipid	0.0865604197646019	153	0.54320987654321	153	0.0865604197646019	153
HCM-SANG-1090-C18	Colorectal	tryptophan	-0.0957673266782786	44	0.45679012345679	44	-0.0957673266782786	44
HCM-SANG-1090-C18	Colorectal	vitamin B12	-0.147655943595354	19	0.425925925925926	19	-0.147655943595354	19
HCM-SANG-1090-C18	Colorectal	zinc	0.000146550972315639	15	0.5	15	0.000146550972315639	15
HCM-SANG-1092-C18	Colorectal	BCAA	-0.0979980348574974	52	0.462962962962963	52	-0.0979980348574974	52
HCM-SANG-1092-C18	Colorectal	NAD	-0.0052026718722187	43	0.481481481481482	43	-0.0052026718722187	43
HCM-SANG-1092-C18	Colorectal	OXPHOS	0.0389452423406974	246	0.546296296296296	246	0.0496368560262608	310
HCM-SANG-1092-C18	Colorectal	PPP	-0.0995105244602488	27	0.5	27	-0.105726761635269	31
HCM-SANG-1092-C18	Colorectal	TCA	0.0828192062585848	42	0.552469135802469	42	0.0828192062585848	42
HCM-SANG-1092-C18	Colorectal	amino-acid transport	0.0522503217952639	32	0.540123456790123	32	0.0522503217952639	32
HCM-SANG-1092-C18	Colorectal	arginine	0.0022759235779695	50	0.5	50	0.0374014239197343	100
HCM-SANG-1092-C18	Colorectal	cholesterol/isoprenoid	0.0101242979009267	67	0.524691358024691	67	-0.0664637985471904	181
HCM-SANG-1092-C18	Colorectal	fatty-acid oxidation	-0.1007606036879	62	0.475308641975309	62	-0.1007606036879	62
HCM-SANG-1092-C18	Colorectal	folate	0.0514366200579962	29	0.512345679012346	29	0.0514366200579962	29
HCM-SANG-1092-C18	Colorectal	glucose transport	0.20091894376938	21	0.654320987654321	21	0.20091894376938	21
HCM-SANG-1092-C18	Colorectal	glutamine/glutamate	0.0880974207601503	135	0.549382716049383	135	0.0880974207601503	135
HCM-SANG-1092-C18	Colorectal	glycolysis	-0.0451340644514749	59	0.493827160493827	59	0.0430453114430851	240
HCM-SANG-1092-C18	Colorectal	iron	0.080716636431888	89	0.561728395061729	89	0.080716636431888	89
HCM-SANG-1092-C18	Colorectal	methionine	-0.162108450706835	29	0.462962962962963	29	-0.162108450706835	29
HCM-SANG-1092-C18	Colorectal	riboflavin	-0.0943498485144625	18	0.469135802469136	18	-0.0943498485144625	18
HCM-SANG-1092-C18	Colorectal	serine/glycine/one-carbon	0.0444451930535142	62	0.540123456790123	62	0.0444451930535142	62
HCM-SANG-1092-C18	Colorectal	sphingolipid	0.00931732807096629	153	0.506172839506173	153	0.00931732807096629	153
HCM-SANG-1092-C18	Colorectal	tryptophan	-0.07127171437128	44	0.469135802469136	44	-0.07127171437128	44
HCM-SANG-1092-C18	Colorectal	vitamin B12	-0.0207523297712375	19	0.518518518518519	19	-0.0207523297712375	19
HCM-SANG-1092-C18	Colorectal	zinc	0.253606376342299	15	0.623456790123457	15	0.253606376342299	15
HCM-SANG-1094-C16	Oesophageal	BCAA	0.12868336765548	52	0.592592592592593	52	0.12868336765548	52
HCM-SANG-1094-C16	Oesophageal	NAD	0.0992726635215783	43	0.592592592592593	43	0.0992726635215783	43
HCM-SANG-1094-C16	Oesophageal	OXPHOS	-0.01753996487009	246	0.5	246	0.00732139356942845	310
HCM-SANG-1094-C16	Oesophageal	PPP	-0.12674756053635	27	0.475308641975309	27	-0.126465414969792	31
HCM-SANG-1094-C16	Oesophageal	TCA	-0.192994296916753	42	0.444444444444444	42	-0.192994296916753	42
HCM-SANG-1094-C16	Oesophageal	amino-acid transport	0.0401157330920643	32	0.533950617283951	32	0.0401157330920643	32
HCM-SANG-1094-C16	Oesophageal	arginine	-0.0749796728370435	50	0.472222222222222	50	-0.0964159466459543	100
HCM-SANG-1094-C16	Oesophageal	cholesterol/isoprenoid	-0.167387740524113	67	0.425925925925926	67	-0.0622227287620148	181
HCM-SANG-1094-C16	Oesophageal	fatty-acid oxidation	0.111118156292474	62	0.558641975308642	62	0.111118156292474	62
HCM-SANG-1094-C16	Oesophageal	folate	-0.105203421852803	29	0.419753086419753	29	-0.105203421852803	29
HCM-SANG-1094-C16	Oesophageal	glucose transport	-0.143456116535641	21	0.438271604938272	21	-0.143456116535641	21
HCM-SANG-1094-C16	Oesophageal	glutamine/glutamate	0.00571451711834687	135	0.5	135	0.00571451711834687	135
HCM-SANG-1094-C16	Oesophageal	glycolysis	-0.147460490444891	59	0.432098765432099	59	-0.127300471170748	240
HCM-SANG-1094-C16	Oesophageal	iron	-0.178165673751364	89	0.438271604938272	89	-0.178165673751364	89
HCM-SANG-1094-C16	Oesophageal	methionine	-0.0746697225344184	29	0.487654320987654	29	-0.0746697225344184	29
HCM-SANG-1094-C16	Oesophageal	riboflavin	-0.0918832946087393	18	0.472222222222222	18	-0.0918832946087393	18
HCM-SANG-1094-C16	Oesophageal	serine/glycine/one-carbon	-0.00236665890046603	62	0.524691358024691	62	-0.00236665890046603	62
HCM-SANG-1094-C16	Oesophageal	sphingolipid	0.00299568546124879	153	0.506172839506173	153	0.00299568546124879	153
HCM-SANG-1094-C16	Oesophageal	tryptophan	-0.0271310495701808	44	0.521604938271605	44	-0.0271310495701808	44
HCM-SANG-1094-C16	Oesophageal	vitamin B12	-0.132803272449648	19	0.45679012345679	19	-0.132803272449648	19
HCM-SANG-1094-C16	Oesophageal	zinc	-0.0742562090601836	15	0.481481481481482	15	-0.0742562090601836	15
HCM-SANG-1095-C25	Pancreatic	BCAA	-0.000674735186815425	52	0.512345679012346	52	-0.000674735186815425	52
HCM-SANG-1095-C25	Pancreatic	NAD	-0.0296669638460217	43	0.493827160493827	43	-0.0296669638460217	43
HCM-SANG-1095-C25	Pancreatic	OXPHOS	-0.0376914609409009	246	0.493827160493827	246	-0.053912721517647	310
HCM-SANG-1095-C25	Pancreatic	PPP	-0.0563122123978595	27	0.444444444444444	27	-0.0563122123978595	31
HCM-SANG-1095-C25	Pancreatic	TCA	-0.129867756253539	42	0.453703703703704	42	-0.129867756253539	42
HCM-SANG-1095-C25	Pancreatic	amino-acid transport	0.141875244439626	32	0.580246913580247	32	0.141875244439626	32
HCM-SANG-1095-C25	Pancreatic	arginine	0.0125703079875468	50	0.521604938271605	50	0.077454510382824	100
HCM-SANG-1095-C25	Pancreatic	cholesterol/isoprenoid	0.040971434647216	67	0.54320987654321	67	-0.0119053161553983	181
HCM-SANG-1095-C25	Pancreatic	fatty-acid oxidation	-0.0730823844354779	62	0.475308641975309	62	-0.0730823844354779	62
HCM-SANG-1095-C25	Pancreatic	folate	0.00346786663270117	29	0.506172839506173	29	0.00346786663270117	29
HCM-SANG-1095-C25	Pancreatic	glucose transport	-0.1569121775904	21	0.407407407407407	21	-0.1569121775904	21
HCM-SANG-1095-C25	Pancreatic	glutamine/glutamate	-0.0310959308070572	135	0.5	135	-0.0310959308070572	135
HCM-SANG-1095-C25	Pancreatic	glycolysis	-0.0499736199598449	59	0.506172839506173	59	-0.0277860862054781	240
HCM-SANG-1095-C25	Pancreatic	iron	0.0641115668710082	89	0.567901234567901	89	0.0641115668710082	89
HCM-SANG-1095-C25	Pancreatic	methionine	0.0122493327319041	29	0.506172839506173	29	0.0122493327319041	29
HCM-SANG-1095-C25	Pancreatic	riboflavin	0.0176917034455658	18	0.537037037037037	18	0.0176917034455658	18
HCM-SANG-1095-C25	Pancreatic	serine/glycine/one-carbon	-0.00152471867921971	62	0.506172839506173	62	-0.00152471867921971	62
HCM-SANG-1095-C25	Pancreatic	sphingolipid	0.0168242689448173	153	0.518518518518519	153	0.0168242689448173	153
HCM-SANG-1095-C25	Pancreatic	tryptophan	0.044473889877706	44	0.540123456790123	44	0.044473889877706	44
HCM-SANG-1095-C25	Pancreatic	vitamin B12	0.0377625989901771	19	0.574074074074074	19	0.0377625989901771	19
HCM-SANG-1095-C25	Pancreatic	zinc	-0.301805070928099	15	0.388888888888889	15	-0.301805070928099	15
HCM-SANG-1299-C15	Oesophageal	BCAA	-0.20484949574283	52	0.388888888888889	52	-0.20484949574283	52
HCM-SANG-1299-C15	Oesophageal	NAD	0.053936627782181	43	0.512345679012346	43	0.053936627782181	43
HCM-SANG-1299-C15	Oesophageal	OXPHOS	-0.0884930208521234	246	0.475308641975309	246	-0.0990137799215815	310
HCM-SANG-1299-C15	Oesophageal	PPP	-0.199377683006585	27	0.419753086419753	27	0.107539965356759	31
HCM-SANG-1299-C15	Oesophageal	TCA	-0.167224015196756	42	0.450617283950617	42	-0.167224015196756	42
HCM-SANG-1299-C15	Oesophageal	amino-acid transport	0.0742754220967863	32	0.540123456790123	32	0.0742754220967863	32
HCM-SANG-1299-C15	Oesophageal	arginine	-0.115036433201927	50	0.395061728395062	50	-0.16718351095838	100
HCM-SANG-1299-C15	Oesophageal	cholesterol/isoprenoid	0.0979804017887402	67	0.567901234567901	67	-0.0589284142637505	181
HCM-SANG-1299-C15	Oesophageal	fatty-acid oxidation	0.0772710892994991	62	0.564814814814815	62	0.0772710892994991	62
HCM-SANG-1299-C15	Oesophageal	folate	-0.291908472105184	29	0.314814814814815	29	-0.291908472105184	29
HCM-SANG-1299-C15	Oesophageal	glucose transport	0.198709188614063	21	0.617283950617284	21	0.198709188614063	21
HCM-SANG-1299-C15	Oesophageal	glutamine/glutamate	-0.123624323761888	135	0.462962962962963	135	-0.123624323761888	135
HCM-SANG-1299-C15	Oesophageal	glycolysis	0.123880199136168	59	0.555555555555556	59	0.130351117090734	240
HCM-SANG-1299-C15	Oesophageal	iron	0.0655455964784853	89	0.530864197530864	89	0.0655455964784853	89
HCM-SANG-1299-C15	Oesophageal	methionine	-0.122668914744815	29	0.45679012345679	29	-0.122668914744815	29
HCM-SANG-1299-C15	Oesophageal	riboflavin	0.202660832960801	18	0.623456790123457	18	0.202660832960801	18
HCM-SANG-1299-C15	Oesophageal	serine/glycine/one-carbon	-0.159208927605122	62	0.450617283950617	62	-0.159208927605122	62
HCM-SANG-1299-C15	Oesophageal	sphingolipid	0.230318231461703	153	0.635802469135803	153	0.230318231461703	153
HCM-SANG-1299-C15	Oesophageal	tryptophan	-0.0815767148014512	44	0.453703703703704	44	-0.0815767148014512	44
HCM-SANG-1299-C15	Oesophageal	vitamin B12	0.0422565729807545	19	0.54320987654321	19	0.0422565729807545	19
HCM-SANG-1299-C15	Oesophageal	zinc	0.268036530182832	15	0.654320987654321	15	0.268036530182832	15
HCM-SANG-1301-C20	Colorectal	BCAA	0.268842756238262	52	0.666666666666667	52	0.268842756238262	52
HCM-SANG-1301-C20	Colorectal	NAD	-0.247326845313958	43	0.382716049382716	43	-0.247326845313958	43
HCM-SANG-1301-C20	Colorectal	OXPHOS	0.15259971151047	246	0.601851851851852	246	0.221480455049802	310
HCM-SANG-1301-C20	Colorectal	PPP	-0.0252081470992012	27	0.462962962962963	27	-0.0252081470992012	31
HCM-SANG-1301-C20	Colorectal	TCA	-0.126432484888885	42	0.435185185185185	42	-0.126432484888885	42
HCM-SANG-1301-C20	Colorectal	amino-acid transport	0.227084427177423	32	0.638888888888889	32	0.227084427177423	32
HCM-SANG-1301-C20	Colorectal	arginine	-0.750389667343137	50	0.20679012345679	50	-0.460929700070006	100
HCM-SANG-1301-C20	Colorectal	cholesterol/isoprenoid	-0.370959757453053	67	0.333333333333333	67	-0.10003696706955	181
HCM-SANG-1301-C20	Colorectal	fatty-acid oxidation	0.313204994836755	62	0.657407407407407	62	0.313204994836755	62
HCM-SANG-1301-C20	Colorectal	folate	-0.88575529408934	29	0.148148148148148	29	-0.88575529408934	29
HCM-SANG-1301-C20	Colorectal	glucose transport	0.418661055149457	21	0.703703703703704	21	0.418661055149457	21
HCM-SANG-1301-C20	Colorectal	glutamine/glutamate	-0.280790968650133	135	0.358024691358025	135	-0.280790968650133	135
HCM-SANG-1301-C20	Colorectal	glycolysis	0.00384319482360753	59	0.561728395061729	59	-0.191278040353487	240
HCM-SANG-1301-C20	Colorectal	iron	-0.392302788701354	89	0.308641975308642	89	-0.392302788701354	89
HCM-SANG-1301-C20	Colorectal	methionine	0.0468551131315525	29	0.555555555555556	29	0.0468551131315525	29
HCM-SANG-1301-C20	Colorectal	riboflavin	0.061097584687314	18	0.540123456790123	18	0.061097584687314	18
HCM-SANG-1301-C20	Colorectal	serine/glycine/one-carbon	-0.35003055233038	62	0.302469135802469	62	-0.35003055233038	62
HCM-SANG-1301-C20	Colorectal	sphingolipid	-0.0682313089587017	153	0.469135802469136	153	-0.0682313089587017	153
HCM-SANG-1301-C20	Colorectal	tryptophan	-0.758247658638458	44	0.194444444444444	44	-0.758247658638458	44
HCM-SANG-1301-C20	Colorectal	vitamin B12	-0.412176017068909	19	0.327160493827161	19	-0.412176017068909	19
HCM-SANG-1301-C20	Colorectal	zinc	-0.0861402192522327	15	0.512345679012346	15	-0.0861402192522327	15
HCM-SANG-1302-C15	Oesophageal	BCAA	-0.128994769495267	52	0.459876543209877	52	-0.128994769495267	52
HCM-SANG-1302-C15	Oesophageal	NAD	0.0260965672407121	43	0.530864197530864	43	0.0260965672407121	43
HCM-SANG-1302-C15	Oesophageal	OXPHOS	-0.1209884781638	246	0.462962962962963	246	-0.12585571120202	310
HCM-SANG-1302-C15	Oesophageal	PPP	-0.126094799540284	27	0.419753086419753	27	-0.0238685733374449	31
HCM-SANG-1302-C15	Oesophageal	TCA	-0.325767093354623	42	0.373456790123457	42	-0.325767093354623	42
HCM-SANG-1302-C15	Oesophageal	amino-acid transport	-0.0400033003836121	32	0.493827160493827	32	-0.0400033003836121	32
HCM-SANG-1302-C15	Oesophageal	arginine	0.13234579407301	50	0.570987654320988	50	0.0427937558359639	100
HCM-SANG-1302-C15	Oesophageal	cholesterol/isoprenoid	-0.0691688026671498	67	0.462962962962963	67	-0.0322810537732556	181
HCM-SANG-1302-C15	Oesophageal	fatty-acid oxidation	-0.128994769495267	62	0.450617283950617	62	-0.128994769495267	62
HCM-SANG-1302-C15	Oesophageal	folate	0.197481626753763	29	0.617283950617284	29	0.197481626753763	29
HCM-SANG-1302-C15	Oesophageal	glucose transport	-0.151703894271183	21	0.401234567901235	21	-0.151703894271183	21
HCM-SANG-1302-C15	Oesophageal	glutamine/glutamate	-0.23264821871729	135	0.388888888888889	135	-0.23264821871729	135
HCM-SANG-1302-C15	Oesophageal	glycolysis	0.0893769915194119	59	0.537037037037037	59	-0.0570492109734744	240
HCM-SANG-1302-C15	Oesophageal	iron	-0.196082516306899	89	0.425925925925926	89	-0.196082516306899	89
HCM-SANG-1302-C15	Oesophageal	methionine	0.0469380880371026	29	0.506172839506173	29	0.0469380880371026	29
HCM-SANG-1302-C15	Oesophageal	riboflavin	0.273839248771311	18	0.648148148148148	18	0.273839248771311	18
HCM-SANG-1302-C15	Oesophageal	serine/glycine/one-carbon	-0.122108318869859	62	0.45679012345679	62	-0.122108318869859	62
HCM-SANG-1302-C15	Oesophageal	sphingolipid	0.0560853069350064	153	0.54320987654321	153	0.0560853069350064	153
HCM-SANG-1302-C15	Oesophageal	tryptophan	-0.121865858790672	44	0.441358024691358	44	-0.121865858790672	44
HCM-SANG-1302-C15	Oesophageal	vitamin B12	-0.0983037961516972	19	0.475308641975309	19	-0.0983037961516972	19
HCM-SANG-1302-C15	Oesophageal	zinc	-0.188194620688947	15	0.358024691358025	15	-0.188194620688947	15
HCM-SANG-1304-C20	Colorectal	BCAA	-0.120368781488103	52	0.459876543209877	52	-0.120368781488103	52
HCM-SANG-1304-C20	Colorectal	NAD	0.18929094391145	43	0.598765432098765	43	0.18929094391145	43
HCM-SANG-1304-C20	Colorectal	OXPHOS	-0.0534422780088492	246	0.487654320987654	246	-0.0647016466703081	310
HCM-SANG-1304-C20	Colorectal	PPP	0.186305229441197	27	0.592592592592593	27	0.186305229441197	31
HCM-SANG-1304-C20	Colorectal	TCA	-0.0937954764857359	42	0.447530864197531	42	-0.0937954764857359	42
HCM-SANG-1304-C20	Colorectal	amino-acid transport	0.0723829837547002	32	0.518518518518519	32	0.0723829837547002	32
HCM-SANG-1304-C20	Colorectal	arginine	0.26855069138503	50	0.635802469135802	50	0.18790889247291	100
HCM-SANG-1304-C20	Colorectal	cholesterol/isoprenoid	0.00233900850709366	67	0.512345679012346	67	0.0607865572746911	181
HCM-SANG-1304-C20	Colorectal	fatty-acid oxidation	-0.120368781488103	62	0.453703703703704	62	-0.120368781488103	62
HCM-SANG-1304-C20	Colorectal	folate	-0.0022891001262692	29	0.487654320987654	29	-0.0022891001262692	29
HCM-SANG-1304-C20	Colorectal	glucose transport	-0.056390616273393	21	0.481481481481482	21	-0.056390616273393	21
HCM-SANG-1304-C20	Colorectal	glutamine/glutamate	0.0448261861186213	135	0.537037037037037	135	0.0448261861186213	135
HCM-SANG-1304-C20	Colorectal	glycolysis	-0.0407900894616931	59	0.493827160493827	59	0.0123402911761723	240
HCM-SANG-1304-C20	Colorectal	iron	-0.0783916549077922	89	0.475308641975309	89	-0.0783916549077922	89
HCM-SANG-1304-C20	Colorectal	methionine	-0.0659420919968605	29	0.481481481481482	29	-0.0659420919968605	29
HCM-SANG-1304-C20	Colorectal	riboflavin	0.313627349205076	18	0.688271604938272	18	0.313627349205076	18
HCM-SANG-1304-C20	Colorectal	serine/glycine/one-carbon	-0.00623803509977686	62	0.509259259259259	62	-0.00623803509977686	62
HCM-SANG-1304-C20	Colorectal	sphingolipid	0.0972849140587017	153	0.555555555555556	153	0.0972849140587017	153
HCM-SANG-1304-C20	Colorectal	tryptophan	-0.105087360522113	44	0.459876543209877	44	-0.105087360522113	44
HCM-SANG-1304-C20	Colorectal	vitamin B12	-0.144599231111266	19	0.438271604938272	19	-0.144599231111266	19
HCM-SANG-1304-C20	Colorectal	zinc	-0.0404376774996639	15	0.407407407407407	15	-0.0404376774996639	15
HCM-SANG-1305-C15	Oesophageal	BCAA	0.00509914100220004	52	0.512345679012346	52	0.00509914100220004	52
HCM-SANG-1305-C15	Oesophageal	NAD	0.0229844653691393	43	0.493827160493827	43	0.0229844653691393	43
HCM-SANG-1305-C15	Oesophageal	OXPHOS	-0.113783327116704	246	0.45679012345679	246	-0.134070197456152	310
HCM-SANG-1305-C15	Oesophageal	PPP	-0.117873096809558	27	0.475308641975309	27	0.0171322785941096	31
HCM-SANG-1305-C15	Oesophageal	TCA	-0.133709208593675	42	0.410493827160494	42	-0.133709208593675	42
HCM-SANG-1305-C15	Oesophageal	amino-acid transport	-0.144513517555327	32	0.429012345679012	32	-0.144513517555327	32
HCM-SANG-1305-C15	Oesophageal	arginine	0.0823947417174061	50	0.549382716049383	50	0.00692664939730087	100
HCM-SANG-1305-C15	Oesophageal	cholesterol/isoprenoid	-0.099243408120185	67	0.481481481481482	67	-0.0456473727929143	181
HCM-SANG-1305-C15	Oesophageal	fatty-acid oxidation	0.0679025567456126	62	0.555555555555556	62	0.0679025567456126	62
HCM-SANG-1305-C15	Oesophageal	folate	0.0682890793789474	29	0.54320987654321	29	0.0682890793789474	29
HCM-SANG-1305-C15	Oesophageal	glucose transport	0.0407379602824606	21	0.518518518518519	21	0.0407379602824606	21
HCM-SANG-1305-C15	Oesophageal	glutamine/glutamate	0.0965421646936224	135	0.567901234567901	135	0.0965421646936224	135
HCM-SANG-1305-C15	Oesophageal	glycolysis	0.144636445774304	59	0.598765432098765	59	0.0299001946880722	240
HCM-SANG-1305-C15	Oesophageal	iron	-0.0635608239927867	89	0.487654320987654	89	-0.0635608239927867	89
HCM-SANG-1305-C15	Oesophageal	methionine	0.0107332542660739	29	0.574074074074074	29	0.0107332542660739	29
HCM-SANG-1305-C15	Oesophageal	riboflavin	-0.0931010641487137	18	0.475308641975309	18	-0.0931010641487137	18
HCM-SANG-1305-C15	Oesophageal	serine/glycine/one-carbon	-0.00117947685122413	62	0.5	62	-0.00117947685122413	62
HCM-SANG-1305-C15	Oesophageal	sphingolipid	0.0500926968672171	153	0.524691358024691	153	0.0500926968672171	153
HCM-SANG-1305-C15	Oesophageal	tryptophan	0.179782995550823	44	0.58641975308642	44	0.179782995550823	44
HCM-SANG-1305-C15	Oesophageal	vitamin B12	-0.0287695316692055	19	0.493827160493827	19	-0.0287695316692055	19
HCM-SANG-1305-C15	Oesophageal	zinc	-0.179871592086374	15	0.407407407407407	15	-0.179871592086374	15
HCM-SANG-1306-C25	Pancreatic	BCAA	0.0396820900858124	52	0.537037037037037	52	0.0396820900858124	52
HCM-SANG-1306-C25	Pancreatic	NAD	-0.0191655776051513	43	0.493827160493827	43	-0.0191655776051513	43
HCM-SANG-1306-C25	Pancreatic	OXPHOS	0.023081402239871	246	0.530864197530864	246	0.0177750097119097	310
HCM-SANG-1306-C25	Pancreatic	PPP	-0.382024978852293	27	0.320987654320988	27	-0.237837294114657	31
HCM-SANG-1306-C25	Pancreatic	TCA	-0.0605253549929642	42	0.466049382716049	42	-0.0605253549929642	42
HCM-SANG-1306-C25	Pancreatic	amino-acid transport	0.166121226510696	32	0.577160493827161	32	0.166121226510696	32
HCM-SANG-1306-C25	Pancreatic	arginine	0.00430535931603895	50	0.524691358024691	50	0.0230203246093623	100
HCM-SANG-1306-C25	Pancreatic	cholesterol/isoprenoid	-0.130559176090521	67	0.481481481481482	67	-0.0418139282953205	181
HCM-SANG-1306-C25	Pancreatic	fatty-acid oxidation	-0.0863308960588002	62	0.481481481481482	62	-0.0863308960588002	62
HCM-SANG-1306-C25	Pancreatic	folate	0.0599803893387111	29	0.567901234567901	29	0.0599803893387111	29
HCM-SANG-1306-C25	Pancreatic	glucose transport	0.0307565284158316	21	0.530864197530864	21	0.0307565284158316	21
HCM-SANG-1306-C25	Pancreatic	glutamine/glutamate	-0.0141407095582235	135	0.518518518518519	135	-0.0141407095582235	135
HCM-SANG-1306-C25	Pancreatic	glycolysis	0.142594024601237	59	0.567901234567901	59	0.0182857148203987	240
HCM-SANG-1306-C25	Pancreatic	iron	-0.00829193877458157	89	0.506172839506173	89	-0.00829193877458157	89
HCM-SANG-1306-C25	Pancreatic	methionine	-0.00761588156746411	29	0.518518518518519	29	-0.00761588156746411	29
HCM-SANG-1306-C25	Pancreatic	riboflavin	0.119710189621278	18	0.58641975308642	18	0.119710189621278	18
HCM-SANG-1306-C25	Pancreatic	serine/glycine/one-carbon	0.143941160528008	62	0.583333333333333	62	0.143941160528008	62
HCM-SANG-1306-C25	Pancreatic	sphingolipid	0.0589471960359493	153	0.524691358024691	153	0.0589471960359493	153
HCM-SANG-1306-C25	Pancreatic	tryptophan	-0.0309981638222124	44	0.490740740740741	44	-0.0309981638222124	44
HCM-SANG-1306-C25	Pancreatic	vitamin B12	0.339420159723507	19	0.660493827160494	19	0.339420159723507	19
HCM-SANG-1306-C25	Pancreatic	zinc	-0.088812753915172	15	0.45679012345679	15	-0.088812753915172	15
HCM-SANG-1310-C15	Oesophageal	BCAA	-0.238937598756503	52	0.388888888888889	52	-0.238937598756503	52
HCM-SANG-1310-C15	Oesophageal	NAD	0.0330534713811654	43	0.54320987654321	43	0.0330534713811654	43
HCM-SANG-1310-C15	Oesophageal	OXPHOS	0.232087768920261	246	0.645061728395062	246	0.28237136375863	310
HCM-SANG-1310-C15	Oesophageal	PPP	-0.429894710533817	27	0.290123456790123	27	-0.260741647849848	31
HCM-SANG-1310-C15	Oesophageal	TCA	0.216729100523171	42	0.645061728395062	42	0.216729100523171	42
HCM-SANG-1310-C15	Oesophageal	amino-acid transport	0.137419876074414	32	0.574074074074074	32	0.137419876074414	32
HCM-SANG-1310-C15	Oesophageal	arginine	-0.175769854090361	50	0.429012345679012	50	-0.125741970274299	100
HCM-SANG-1310-C15	Oesophageal	cholesterol/isoprenoid	0.344595144669098	67	0.685185185185185	67	-0.157692087060916	181
HCM-SANG-1310-C15	Oesophageal	fatty-acid oxidation	-0.356909153851199	62	0.354938271604938	62	-0.356909153851199	62
HCM-SANG-1310-C15	Oesophageal	folate	0.203268143577742	29	0.617283950617284	29	0.203268143577742	29
HCM-SANG-1310-C15	Oesophageal	glucose transport	0.762965419728577	21	0.833333333333333	21	0.762965419728577	21
HCM-SANG-1310-C15	Oesophageal	glutamine/glutamate	-0.114279257869778	135	0.450617283950617	135	-0.114279257869778	135
HCM-SANG-1310-C15	Oesophageal	glycolysis	-0.179867032903046	59	0.462962962962963	59	-0.205536558778991	240
HCM-SANG-1310-C15	Oesophageal	iron	-0.107669088287832	89	0.45679012345679	89	-0.107669088287832	89
HCM-SANG-1310-C15	Oesophageal	methionine	0.21343592231379	29	0.611111111111111	29	0.21343592231379	29
HCM-SANG-1310-C15	Oesophageal	riboflavin	0.204512881665272	18	0.598765432098765	18	0.204512881665272	18
HCM-SANG-1310-C15	Oesophageal	serine/glycine/one-carbon	0.212416260108039	62	0.617283950617284	62	0.212416260108039	62
HCM-SANG-1310-C15	Oesophageal	sphingolipid	-0.157904289451001	153	0.432098765432099	153	-0.157904289451001	153
HCM-SANG-1310-C15	Oesophageal	tryptophan	-0.224538395326521	44	0.435185185185185	44	-0.224538395326521	44
HCM-SANG-1310-C15	Oesophageal	vitamin B12	-0.22007749144458	19	0.425925925925926	19	-0.22007749144458	19
HCM-SANG-1310-C15	Oesophageal	zinc	-0.311038277165053	15	0.351851851851852	15	-0.311038277165053	15
HCM-SANG-1312-C20	Colorectal	BCAA	-0.0468719554972463	52	0.487654320987654	52	-0.0468719554972463	52
HCM-SANG-1312-C20	Colorectal	NAD	0.469770175703265	43	0.728395061728395	43	0.469770175703265	43
HCM-SANG-1312-C20	Colorectal	OXPHOS	0.114769843982103	246	0.549382716049383	246	0.0863751533817376	310
HCM-SANG-1312-C20	Colorectal	PPP	-0.305442778885513	27	0.339506172839506	27	-0.297249923559041	31
HCM-SANG-1312-C20	Colorectal	TCA	0.115159454769924	42	0.552469135802469	42	0.115159454769924	42
HCM-SANG-1312-C20	Colorectal	amino-acid transport	0.220894682359604	32	0.62962962962963	32	0.220894682359604	32
HCM-SANG-1312-C20	Colorectal	arginine	-0.155286140802245	50	0.435185185185185	50	-0.150795190373814	100
HCM-SANG-1312-C20	Colorectal	cholesterol/isoprenoid	0.153539760415936	67	0.623456790123457	67	0.219398348790192	181
HCM-SANG-1312-C20	Colorectal	fatty-acid oxidation	-0.115354841086424	62	0.432098765432099	62	-0.115354841086424	62
HCM-SANG-1312-C20	Colorectal	folate	0.056886183976239	29	0.512345679012346	29	0.056886183976239	29
HCM-SANG-1312-C20	Colorectal	glucose transport	0.217030739876735	21	0.611111111111111	21	0.217030739876735	21
HCM-SANG-1312-C20	Colorectal	glutamine/glutamate	-0.0174430396850574	135	0.487654320987654	135	-0.0174430396850574	135
HCM-SANG-1312-C20	Colorectal	glycolysis	-0.258854576131205	59	0.37037037037037	59	-0.114244132155696	240
HCM-SANG-1312-C20	Colorectal	iron	0.0736161800858501	89	0.54320987654321	89	0.0736161800858501	89
HCM-SANG-1312-C20	Colorectal	methionine	0.255942141002802	29	0.648148148148148	29	0.255942141002802	29
HCM-SANG-1312-C20	Colorectal	riboflavin	0.346442448010777	18	0.62962962962963	18	0.346442448010777	18
HCM-SANG-1312-C20	Colorectal	serine/glycine/one-carbon	-0.0774325664770006	62	0.466049382716049	62	-0.0774325664770006	62
HCM-SANG-1312-C20	Colorectal	sphingolipid	0.0836874425569066	153	0.561728395061729	153	0.0836874425569066	153
HCM-SANG-1312-C20	Colorectal	tryptophan	0.00818275746593129	44	0.530864197530864	44	0.00818275746593129	44
HCM-SANG-1312-C20	Colorectal	vitamin B12	0.0204733949550705	19	0.506172839506173	19	0.0204733949550705	19
HCM-SANG-1312-C20	Colorectal	zinc	0.345342674112605	15	0.716049382716049	15	0.345342674112605	15
HCM-SANG-1314-C18	Colorectal	BCAA	-0.189928220811529	52	0.416666666666667	52	-0.189928220811529	52
HCM-SANG-1314-C18	Colorectal	NAD	0.040982294267167	43	0.54320987654321	43	0.040982294267167	43
HCM-SANG-1314-C18	Colorectal	OXPHOS	0.169298320040199	246	0.608024691358025	246	0.0936909589951201	310
HCM-SANG-1314-C18	Colorectal	PPP	0.0899930821560603	27	0.611111111111111	27	0.0899930821560603	31
HCM-SANG-1314-C18	Colorectal	TCA	-0.00671435363814512	42	0.524691358024691	42	-0.00671435363814512	42
HCM-SANG-1314-C18	Colorectal	amino-acid transport	-0.00473730592897053	32	0.518518518518519	32	-0.00473730592897053	32
HCM-SANG-1314-C18	Colorectal	arginine	-0.0568711906353519	50	0.459876543209877	50	0.103606474777856	100
HCM-SANG-1314-C18	Colorectal	cholesterol/isoprenoid	-0.142616543817087	67	0.444444444444444	67	-0.132659650316134	181
HCM-SANG-1314-C18	Colorectal	fatty-acid oxidation	-0.14645253641076	62	0.432098765432099	62	-0.14645253641076	62
HCM-SANG-1314-C18	Colorectal	folate	-0.406685025782475	29	0.302469135802469	29	-0.406685025782475	29
HCM-SANG-1314-C18	Colorectal	glucose transport	-0.316009964931283	21	0.358024691358025	21	-0.316009964931283	21
HCM-SANG-1314-C18	Colorectal	glutamine/glutamate	-0.0903617786236233	135	0.45679012345679	135	-0.0903617786236233	135
HCM-SANG-1314-C18	Colorectal	glycolysis	0.0427366494009054	59	0.549382716049383	59	-0.0167290358059115	240
HCM-SANG-1314-C18	Colorectal	iron	-0.0158574612194276	89	0.524691358024691	89	-0.0158574612194276	89
HCM-SANG-1314-C18	Colorectal	methionine	-0.255129729163374	29	0.401234567901235	29	-0.255129729163374	29
HCM-SANG-1314-C18	Colorectal	riboflavin	-0.0426625393957423	18	0.518518518518519	18	-0.0426625393957423	18
HCM-SANG-1314-C18	Colorectal	serine/glycine/one-carbon	-0.0207708802517177	62	0.496913580246914	62	-0.0207708802517177	62
HCM-SANG-1314-C18	Colorectal	sphingolipid	-0.0549714878447104	153	0.469135802469136	153	-0.0549714878447104	153
HCM-SANG-1314-C18	Colorectal	tryptophan	-0.132590974142342	44	0.450617283950617	44	-0.132590974142342	44
HCM-SANG-1314-C18	Colorectal	vitamin B12	-0.201877816481459	19	0.432098765432099	19	-0.201877816481459	19
HCM-SANG-1314-C18	Colorectal	zinc	-0.257821620475341	15	0.382716049382716	15	-0.257821620475341	15
HCM-SANG-1315-C18	Colorectal	BCAA	-0.0643746353278526	52	0.478395061728395	52	-0.0643746353278526	52
HCM-SANG-1315-C18	Colorectal	NAD	-0.242595259789086	43	0.382716049382716	43	-0.242595259789086	43
HCM-SANG-1315-C18	Colorectal	OXPHOS	0.113642252525529	246	0.567901234567901	246	0.106845919350294	310
HCM-SANG-1315-C18	Colorectal	PPP	0.119506277274178	27	0.604938271604938	27	0.119506277274178	31
HCM-SANG-1315-C18	Colorectal	TCA	-0.153341442388842	42	0.444444444444444	42	-0.153341442388842	42
HCM-SANG-1315-C18	Colorectal	amino-acid transport	-0.272570905174812	32	0.364197530864198	32	-0.272570905174812	32
HCM-SANG-1315-C18	Colorectal	arginine	-0.0728990552483116	50	0.478395061728395	50	-0.145575679214249	100
HCM-SANG-1315-C18	Colorectal	cholesterol/isoprenoid	-0.275444047626286	67	0.401234567901235	67	-0.102960377366533	181
HCM-SANG-1315-C18	Colorectal	fatty-acid oxidation	0.00228604722623578	62	0.506172839506173	62	0.00228604722623578	62
HCM-SANG-1315-C18	Colorectal	folate	-0.142032167100139	29	0.41358024691358	29	-0.142032167100139	29
HCM-SANG-1315-C18	Colorectal	glucose transport	0.234978173315275	21	0.592592592592593	21	0.234978173315275	21
HCM-SANG-1315-C18	Colorectal	glutamine/glutamate	-0.0689137287166862	135	0.493827160493827	135	-0.0689137287166862	135
HCM-SANG-1315-C18	Colorectal	glycolysis	0.0278651863787335	59	0.555555555555556	59	-0.106893704602104	240
HCM-SANG-1315-C18	Colorectal	iron	0.0201580437258765	89	0.54320987654321	89	0.0201580437258765	89
HCM-SANG-1315-C18	Colorectal	methionine	-0.509245637345529	29	0.271604938271605	29	-0.509245637345529	29
HCM-SANG-1315-C18	Colorectal	riboflavin	-0.183920842235041	18	0.432098765432099	18	-0.183920842235041	18
HCM-SANG-1315-C18	Colorectal	serine/glycine/one-carbon	-0.0242390069013003	62	0.484567901234568	62	-0.0242390069013003	62
HCM-SANG-1315-C18	Colorectal	sphingolipid	-0.00824598981897452	153	0.512345679012346	153	-0.00824598981897452	153
HCM-SANG-1315-C18	Colorectal	tryptophan	-0.107796895360394	44	0.472222222222222	44	-0.107796895360394	44
HCM-SANG-1315-C18	Colorectal	vitamin B12	-0.0567742274627975	19	0.481481481481482	19	-0.0567742274627975	19
HCM-SANG-1315-C18	Colorectal	zinc	0.126979902725482	15	0.592592592592593	15	0.126979902725482	15
HCM-SANG-1316-C18	Colorectal	BCAA	-0.511187271156855	52	0.283950617283951	52	-0.511187271156855	52
HCM-SANG-1316-C18	Colorectal	NAD	-0.149827400602045	43	0.425925925925926	43	-0.149827400602045	43
HCM-SANG-1316-C18	Colorectal	OXPHOS	-0.112044343008875	246	0.466049382716049	246	-0.10800305945546	310
HCM-SANG-1316-C18	Colorectal	PPP	-0.595668602789439	27	0.209876543209877	27	-0.458447677952881	31
HCM-SANG-1316-C18	Colorectal	TCA	-0.221277315132421	42	0.37037037037037	42	-0.221277315132421	42
HCM-SANG-1316-C18	Colorectal	amino-acid transport	-0.291910991416184	32	0.354938271604938	32	-0.291910991416184	32
HCM-SANG-1316-C18	Colorectal	arginine	-0.19406134312427	50	0.435185185185185	50	-0.126023426835442	100
HCM-SANG-1316-C18	Colorectal	cholesterol/isoprenoid	-0.088550187705184	67	0.462962962962963	67	-0.119656733342418	181
HCM-SANG-1316-C18	Colorectal	fatty-acid oxidation	-0.0752158451349388	62	0.453703703703704	62	-0.0752158451349388	62
HCM-SANG-1316-C18	Colorectal	folate	-0.636300540424564	29	0.234567901234568	29	-0.636300540424564	29
HCM-SANG-1316-C18	Colorectal	glucose transport	-0.503544687291828	21	0.234567901234568	21	-0.503544687291828	21
HCM-SANG-1316-C18	Colorectal	glutamine/glutamate	-0.316508331030399	135	0.333333333333333	135	-0.316508331030399	135
HCM-SANG-1316-C18	Colorectal	glycolysis	0.149352255077241	59	0.574074074074074	59	-0.192863898373808	240
HCM-SANG-1316-C18	Colorectal	iron	-0.32449247993604	89	0.358024691358025	89	-0.32449247993604	89
HCM-SANG-1316-C18	Colorectal	methionine	-0.470642165990348	29	0.308641975308642	29	-0.470642165990348	29
HCM-SANG-1316-C18	Colorectal	riboflavin	-0.157588129849795	18	0.438271604938272	18	-0.157588129849795	18
HCM-SANG-1316-C18	Colorectal	serine/glycine/one-carbon	-0.0505145570745089	62	0.496913580246914	62	-0.0505145570745089	62
HCM-SANG-1316-C18	Colorectal	sphingolipid	-0.228702414496077	153	0.395061728395062	153	-0.228702414496077	153
HCM-SANG-1316-C18	Colorectal	tryptophan	0.00237910276829855	44	0.540123456790123	44	0.00237910276829855	44
HCM-SANG-1316-C18	Colorectal	vitamin B12	0.139122309517569	19	0.574074074074074	19	0.139122309517569	19
HCM-SANG-1316-C18	Colorectal	zinc	0.36455461170976	15	0.697530864197531	15	0.36455461170976	15
HCM-SANG-1317-C20	Colorectal	BCAA	-0.0698413611510517	52	0.496913580246914	52	-0.0698413611510517	52
HCM-SANG-1317-C20	Colorectal	NAD	-0.0759732346870152	43	0.438271604938272	43	-0.0759732346870152	43
HCM-SANG-1317-C20	Colorectal	OXPHOS	0.0824917270455846	246	0.555555555555556	246	0.0459195139249692	310
HCM-SANG-1317-C20	Colorectal	PPP	-0.0313039745326552	27	0.487654320987654	27	0.0183136703819968	31
HCM-SANG-1317-C20	Colorectal	TCA	-0.0627951075792884	42	0.469135802469136	42	-0.0627951075792884	42
HCM-SANG-1317-C20	Colorectal	amino-acid transport	0.0507841435705103	32	0.530864197530864	32	0.0507841435705103	32
HCM-SANG-1317-C20	Colorectal	arginine	-0.077011249577271	50	0.469135802469136	50	-0.100549694138623	100
HCM-SANG-1317-C20	Colorectal	cholesterol/isoprenoid	-0.0667594620038924	67	0.475308641975309	67	6.50040968675061e-05	181
HCM-SANG-1317-C20	Colorectal	fatty-acid oxidation	0.00955540922683686	62	0.518518518518519	62	0.00955540922683686	62
HCM-SANG-1317-C20	Colorectal	folate	0.0645087449755324	29	0.555555555555556	29	0.0645087449755324	29
HCM-SANG-1317-C20	Colorectal	glucose transport	-0.0851245092461296	21	0.493827160493827	21	-0.0851245092461296	21
HCM-SANG-1317-C20	Colorectal	glutamine/glutamate	-0.00940234411349763	135	0.518518518518519	135	-0.00940234411349763	135
HCM-SANG-1317-C20	Colorectal	glycolysis	0.0435864181074019	59	0.54320987654321	59	0.0492466902996391	240
HCM-SANG-1317-C20	Colorectal	iron	0.00271192157428429	89	0.524691358024691	89	0.00271192157428429	89
HCM-SANG-1317-C20	Colorectal	methionine	0.0251114171244092	29	0.524691358024691	29	0.0251114171244092	29
HCM-SANG-1317-C20	Colorectal	riboflavin	0.00164062669016597	18	0.503086419753086	18	0.00164062669016597	18
HCM-SANG-1317-C20	Colorectal	serine/glycine/one-carbon	0.00878190485806246	62	0.512345679012346	62	0.00878190485806246	62
HCM-SANG-1317-C20	Colorectal	sphingolipid	0.0178982298929451	153	0.524691358024691	153	0.0178982298929451	153
HCM-SANG-1317-C20	Colorectal	tryptophan	0.0241224434728728	44	0.509259259259259	44	0.0241224434728728	44
HCM-SANG-1317-C20	Colorectal	vitamin B12	0.0606420961512628	19	0.506172839506173	19	0.0606420961512628	19
HCM-SANG-1317-C20	Colorectal	zinc	-0.040634671510738	15	0.487654320987654	15	-0.040634671510738	15
HCM-SANG-1318-C20	Colorectal	BCAA	-0.0475522350994848	52	0.475308641975309	52	-0.0475522350994848	52
HCM-SANG-1318-C20	Colorectal	NAD	0.0205809567931386	43	0.524691358024691	43	0.0205809567931386	43
HCM-SANG-1318-C20	Colorectal	OXPHOS	0.353779650641853	246	0.685185185185185	246	0.250146300474639	310
HCM-SANG-1318-C20	Colorectal	PPP	-0.358904776520427	27	0.296296296296296	27	-0.151267851756652	31
HCM-SANG-1318-C20	Colorectal	TCA	0.480849201589169	42	0.731481481481481	42	0.480849201589169	42
HCM-SANG-1318-C20	Colorectal	amino-acid transport	-0.065717609353899	32	0.475308641975309	32	-0.065717609353899	32
HCM-SANG-1318-C20	Colorectal	arginine	0.0273417072706268	50	0.496913580246914	50	-0.0227158839254806	100
HCM-SANG-1318-C20	Colorectal	cholesterol/isoprenoid	0.125099911496939	67	0.567901234567901	67	0.104491714289108	181
HCM-SANG-1318-C20	Colorectal	fatty-acid oxidation	-0.0340020716587168	62	0.496913580246914	62	-0.0340020716587168	62
HCM-SANG-1318-C20	Colorectal	folate	0.00127777693754686	29	0.506172839506173	29	0.00127777693754686	29
HCM-SANG-1318-C20	Colorectal	glucose transport	0.131040650497225	21	0.580246913580247	21	0.131040650497225	21
HCM-SANG-1318-C20	Colorectal	glutamine/glutamate	-0.0477411220183539	135	0.462962962962963	135	-0.0477411220183539	135
HCM-SANG-1318-C20	Colorectal	glycolysis	-0.00753888368643196	59	0.506172839506173	59	0.0741975393395763	240
HCM-SANG-1318-C20	Colorectal	iron	0.132667400470162	89	0.58641975308642	89	0.132667400470162	89
HCM-SANG-1318-C20	Colorectal	methionine	-0.0214749828290572	29	0.506172839506173	29	-0.0214749828290572	29
HCM-SANG-1318-C20	Colorectal	riboflavin	0.00172323692802418	18	0.487654320987654	18	0.00172323692802418	18
HCM-SANG-1318-C20	Colorectal	serine/glycine/one-carbon	-0.0715257768478003	62	0.453703703703704	62	-0.0715257768478003	62
HCM-SANG-1318-C20	Colorectal	sphingolipid	0.044256229760878	153	0.512345679012346	153	0.044256229760878	153
HCM-SANG-1318-C20	Colorectal	tryptophan	-0.0553415716121336	44	0.487654320987654	44	-0.0553415716121336	44
HCM-SANG-1318-C20	Colorectal	vitamin B12	-0.23775002010906	19	0.388888888888889	19	-0.23775002010906	19
HCM-SANG-1318-C20	Colorectal	zinc	0.292232241675843	15	0.654320987654321	15	0.292232241675843	15
HCM-SANG-1320-C25	Pancreatic	BCAA	-0.0741003226264737	52	0.466049382716049	52	-0.0741003226264737	52
HCM-SANG-1320-C25	Pancreatic	NAD	-0.0538585387789653	43	0.487654320987654	43	-0.0538585387789653	43
HCM-SANG-1320-C25	Pancreatic	OXPHOS	-0.194880690767713	246	0.425925925925926	246	-0.184969467946452	310
HCM-SANG-1320-C25	Pancreatic	PPP	-0.0272055669952935	27	0.506172839506173	27	-0.0431025973850359	31
HCM-SANG-1320-C25	Pancreatic	TCA	-0.110678596648374	42	0.459876543209877	42	-0.110678596648374	42
HCM-SANG-1320-C25	Pancreatic	amino-acid transport	0.0853831731752894	32	0.530864197530864	32	0.0853831731752894	32
HCM-SANG-1320-C25	Pancreatic	arginine	0.00415989723656649	50	0.521604938271605	50	0.0532149509880527	100
HCM-SANG-1320-C25	Pancreatic	cholesterol/isoprenoid	-0.199356825024958	67	0.432098765432099	67	-0.0751144780730573	181
HCM-SANG-1320-C25	Pancreatic	fatty-acid oxidation	-0.0360221624364582	62	0.496913580246914	62	-0.0360221624364582	62
HCM-SANG-1320-C25	Pancreatic	folate	-0.0124912419020434	29	0.506172839506173	29	-0.0124912419020434	29
HCM-SANG-1320-C25	Pancreatic	glucose transport	-0.272957602928095	21	0.37037037037037	21	-0.272957602928095	21
HCM-SANG-1320-C25	Pancreatic	glutamine/glutamate	0.0565182395483189	135	0.537037037037037	135	0.0565182395483189	135
HCM-SANG-1320-C25	Pancreatic	glycolysis	0.0685013817030816	59	0.574074074074074	59	-0.0104923109884039	240
HCM-SANG-1320-C25	Pancreatic	iron	-0.152747319296045	89	0.438271604938272	89	-0.152747319296045	89
HCM-SANG-1320-C25	Pancreatic	methionine	-0.193363070725731	29	0.425925925925926	29	-0.193363070725731	29
HCM-SANG-1320-C25	Pancreatic	riboflavin	0.0163243146703846	18	0.496913580246914	18	0.0163243146703846	18
HCM-SANG-1320-C25	Pancreatic	serine/glycine/one-carbon	-0.00406962187138154	62	0.509259259259259	62	-0.00406962187138154	62
HCM-SANG-1320-C25	Pancreatic	sphingolipid	0.0217921525997448	153	0.518518518518519	153	0.0217921525997448	153
HCM-SANG-1320-C25	Pancreatic	tryptophan	0.034211122532344	44	0.537037037037037	44	0.034211122532344	44
HCM-SANG-1320-C25	Pancreatic	vitamin B12	0.159192946861692	19	0.598765432098765	19	0.159192946861692	19
HCM-SANG-1320-C25	Pancreatic	zinc	-0.208030334858695	15	0.388888888888889	15	-0.208030334858695	15
HCM-SANG-1321-C18	Colorectal	BCAA	-0.274335922667249	52	0.385802469135802	52	-0.274335922667249	52
HCM-SANG-1321-C18	Colorectal	NAD	0.060571196914431	43	0.537037037037037	43	0.060571196914431	43
HCM-SANG-1321-C18	Colorectal	OXPHOS	-0.0196159832706359	246	0.518518518518519	246	-0.0219666316193888	310
HCM-SANG-1321-C18	Colorectal	PPP	0.39033869639931	27	0.666666666666667	27	0.39033869639931	31
HCM-SANG-1321-C18	Colorectal	TCA	-0.251952668652279	42	0.37962962962963	42	-0.251952668652279	42
HCM-SANG-1321-C18	Colorectal	amino-acid transport	-0.0862345754854902	32	0.447530864197531	32	-0.0862345754854902	32
HCM-SANG-1321-C18	Colorectal	arginine	0.217383184943406	50	0.608024691358025	50	0.080646501364303	100
HCM-SANG-1321-C18	Colorectal	cholesterol/isoprenoid	-0.108273978500717	67	0.438271604938272	67	-0.0553389401927137	181
HCM-SANG-1321-C18	Colorectal	fatty-acid oxidation	-0.233472680256786	62	0.407407407407407	62	-0.233472680256786	62
HCM-SANG-1321-C18	Colorectal	folate	-0.393932414409056	29	0.333333333333333	29	-0.393932414409056	29
HCM-SANG-1321-C18	Colorectal	glucose transport	0.00683426220356505	21	0.444444444444444	21	0.00683426220356505	21
HCM-SANG-1321-C18	Colorectal	glutamine/glutamate	-0.172209678409118	135	0.425925925925926	135	-0.172209678409118	135
HCM-SANG-1321-C18	Colorectal	glycolysis	0.315488723314423	59	0.660493827160494	59	-0.0189178661041371	240
HCM-SANG-1321-C18	Colorectal	iron	-0.0427273251346418	89	0.512345679012346	89	-0.0427273251346418	89
HCM-SANG-1321-C18	Colorectal	methionine	-0.194674257397328	29	0.444444444444444	29	-0.194674257397328	29
HCM-SANG-1321-C18	Colorectal	riboflavin	0.115299539687398	18	0.561728395061729	18	0.115299539687398	18
HCM-SANG-1321-C18	Colorectal	serine/glycine/one-carbon	-0.368536147807463	62	0.339506172839506	62	-0.368536147807463	62
HCM-SANG-1321-C18	Colorectal	sphingolipid	0.00555863074668283	153	0.518518518518519	153	0.00555863074668283	153
HCM-SANG-1321-C18	Colorectal	tryptophan	-0.202427421746145	44	0.41358024691358	44	-0.202427421746145	44
HCM-SANG-1321-C18	Colorectal	vitamin B12	-0.251647519210326	19	0.41358024691358	19	-0.251647519210326	19
HCM-SANG-1321-C18	Colorectal	zinc	0.203738115180897	15	0.598765432098765	15	0.203738115180897	15
HCM-SANG-1322-C15	Oesophageal	BCAA	-0.296886108628258	52	0.339506172839506	52	-0.296886108628258	52
HCM-SANG-1322-C15	Oesophageal	NAD	0.0417001303247686	43	0.549382716049383	43	0.0417001303247686	43
HCM-SANG-1322-C15	Oesophageal	OXPHOS	-0.197662860401038	246	0.407407407407407	246	-0.269224056448247	310
HCM-SANG-1322-C15	Oesophageal	PPP	-0.044518137723611	27	0.5	27	-0.044518137723611	31
HCM-SANG-1322-C15	Oesophageal	TCA	-0.0623431717106942	42	0.469135802469136	42	-0.0623431717106942	42
HCM-SANG-1322-C15	Oesophageal	amino-acid transport	-0.524244259058328	32	0.234567901234568	32	-0.524244259058328	32
HCM-SANG-1322-C15	Oesophageal	arginine	-0.117522141029182	50	0.447530864197531	50	0.076527700101565	100
HCM-SANG-1322-C15	Oesophageal	cholesterol/isoprenoid	-0.0062276392617378	67	0.537037037037037	67	0.100401723273613	181
HCM-SANG-1322-C15	Oesophageal	fatty-acid oxidation	0.512557723030905	62	0.756172839506173	62	0.512557723030905	62
HCM-SANG-1322-C15	Oesophageal	folate	0.0953744453817519	29	0.54320987654321	29	0.0953744453817519	29
HCM-SANG-1322-C15	Oesophageal	glucose transport	-0.468856810551554	21	0.308641975308642	21	-0.468856810551554	21
HCM-SANG-1322-C15	Oesophageal	glutamine/glutamate	-0.300336970114991	135	0.358024691358025	135	-0.300336970114991	135
HCM-SANG-1322-C15	Oesophageal	glycolysis	-0.446165206802882	59	0.277777777777778	59	-0.070224341133072	240
HCM-SANG-1322-C15	Oesophageal	iron	-0.269780399741463	89	0.407407407407407	89	-0.269780399741463	89
HCM-SANG-1322-C15	Oesophageal	methionine	-0.0568413359632338	29	0.493827160493827	29	-0.0568413359632338	29
HCM-SANG-1322-C15	Oesophageal	riboflavin	0.1556842835821	18	0.574074074074074	18	0.1556842835821	18
HCM-SANG-1322-C15	Oesophageal	serine/glycine/one-carbon	-0.024338528262032	62	0.475308641975309	62	-0.024338528262032	62
HCM-SANG-1322-C15	Oesophageal	sphingolipid	-0.0112306301504792	153	0.493827160493827	153	-0.0112306301504792	153
HCM-SANG-1322-C15	Oesophageal	tryptophan	-0.47146126446867	44	0.299382716049383	44	-0.47146126446867	44
HCM-SANG-1322-C15	Oesophageal	vitamin B12	0.0994261165740158	19	0.561728395061729	19	0.0994261165740158	19
HCM-SANG-1322-C15	Oesophageal	zinc	0.00944957472837753	15	0.524691358024691	15	0.00944957472837753	15
HCM-SANG-1323-C15	Oesophageal	BCAA	-0.0396105040373372	52	0.490740740740741	52	-0.0396105040373372	52
HCM-SANG-1323-C15	Oesophageal	NAD	0.0704438256988716	43	0.530864197530864	43	0.0704438256988716	43
HCM-SANG-1323-C15	Oesophageal	OXPHOS	-0.0167668865891382	246	0.515432098765432	246	-0.0246289366240228	310
HCM-SANG-1323-C15	Oesophageal	PPP	-0.080597849604067	27	0.487654320987654	27	0.0672178109957444	31
HCM-SANG-1323-C15	Oesophageal	TCA	-0.0867736425702267	42	0.472222222222222	42	-0.0867736425702267	42
HCM-SANG-1323-C15	Oesophageal	amino-acid transport	0.281766694467772	32	0.651234567901235	32	0.281766694467772	32
HCM-SANG-1323-C15	Oesophageal	arginine	-0.108486367742835	50	0.447530864197531	50	-0.147029705606532	100
HCM-SANG-1323-C15	Oesophageal	cholesterol/isoprenoid	0.14195113678933	67	0.604938271604938	67	0.0505798802803764	181
HCM-SANG-1323-C15	Oesophageal	fatty-acid oxidation	0.142246038104419	62	0.604938271604938	62	0.142246038104419	62
HCM-SANG-1323-C15	Oesophageal	folate	0.0370754669534018	29	0.549382716049383	29	0.0370754669534018	29
HCM-SANG-1323-C15	Oesophageal	glucose transport	0.188730078892996	21	0.611111111111111	21	0.188730078892996	21
HCM-SANG-1323-C15	Oesophageal	glutamine/glutamate	0.141503540487744	135	0.58641975308642	135	0.141503540487744	135
HCM-SANG-1323-C15	Oesophageal	glycolysis	0.108337646970126	59	0.580246913580247	59	-0.0531835435552798	240
HCM-SANG-1323-C15	Oesophageal	iron	0.112605572633174	89	0.549382716049383	89	0.112605572633174	89
HCM-SANG-1323-C15	Oesophageal	methionine	0.463427836842575	29	0.728395061728395	29	0.463427836842575	29
HCM-SANG-1323-C15	Oesophageal	riboflavin	-0.216964499418876	18	0.401234567901235	18	-0.216964499418876	18
HCM-SANG-1323-C15	Oesophageal	serine/glycine/one-carbon	0.0585183536378869	62	0.537037037037037	62	0.0585183536378869	62
HCM-SANG-1323-C15	Oesophageal	sphingolipid	-0.0704844902532608	153	0.475308641975309	153	-0.0704844902532608	153
HCM-SANG-1323-C15	Oesophageal	tryptophan	0.264497727924289	44	0.632716049382716	44	0.264497727924289	44
HCM-SANG-1323-C15	Oesophageal	vitamin B12	-0.0376254105858867	19	0.493827160493827	19	-0.0376254105858867	19
HCM-SANG-1323-C15	Oesophageal	zinc	0.0318296775733136	15	0.54320987654321	15	0.0318296775733136	15
HCM-SANG-1325-C15	Oesophageal	BCAA	0.107175564845128	52	0.558641975308642	52	0.107175564845128	52
HCM-SANG-1325-C15	Oesophageal	NAD	0.222353831057076	43	0.641975308641975	43	0.222353831057076	43
HCM-SANG-1325-C15	Oesophageal	OXPHOS	-0.159409856148613	246	0.444444444444444	246	-0.129180063381158	310
HCM-SANG-1325-C15	Oesophageal	PPP	0.0580041366959244	27	0.530864197530864	27	-0.0576180871396888	31
HCM-SANG-1325-C15	Oesophageal	TCA	-0.0984510698009821	42	0.450617283950617	42	-0.0984510698009821	42
HCM-SANG-1325-C15	Oesophageal	amino-acid transport	0.0371030729116955	32	0.506172839506173	32	0.0371030729116955	32
HCM-SANG-1325-C15	Oesophageal	arginine	0.00112526138357005	50	0.518518518518519	50	-0.0420563976115153	100
HCM-SANG-1325-C15	Oesophageal	cholesterol/isoprenoid	-0.0547145966079706	67	0.512345679012346	67	0.0295201528018024	181
HCM-SANG-1325-C15	Oesophageal	fatty-acid oxidation	0.106927022043703	62	0.552469135802469	62	0.106927022043703	62
HCM-SANG-1325-C15	Oesophageal	folate	-0.231253246962919	29	0.407407407407407	29	-0.231253246962919	29
HCM-SANG-1325-C15	Oesophageal	glucose transport	-0.317345256169162	21	0.37037037037037	21	-0.317345256169162	21
HCM-SANG-1325-C15	Oesophageal	glutamine/glutamate	0.01233120659127	135	0.518518518518519	135	0.01233120659127	135
HCM-SANG-1325-C15	Oesophageal	glycolysis	-0.0443047858863678	59	0.493827160493827	59	-0.00693776683875115	240
HCM-SANG-1325-C15	Oesophageal	iron	-0.170951267959809	89	0.432098765432099	89	-0.170951267959809	89
HCM-SANG-1325-C15	Oesophageal	methionine	-0.123323405170895	29	0.45679012345679	29	-0.123323405170895	29
HCM-SANG-1325-C15	Oesophageal	riboflavin	0.290235465602105	18	0.648148148148148	18	0.290235465602105	18
HCM-SANG-1325-C15	Oesophageal	serine/glycine/one-carbon	0.0117315265475285	62	0.512345679012346	62	0.0117315265475285	62
HCM-SANG-1325-C15	Oesophageal	sphingolipid	-0.0224042846986141	153	0.475308641975309	153	-0.0224042846986141	153
HCM-SANG-1325-C15	Oesophageal	tryptophan	-0.0728824157757092	44	0.490740740740741	44	-0.0728824157757092	44
HCM-SANG-1325-C15	Oesophageal	vitamin B12	0.119142228567093	19	0.580246913580247	19	0.119142228567093	19
HCM-SANG-1325-C15	Oesophageal	zinc	0.176950475726843	15	0.58641975308642	15	0.176950475726843	15
HCM-SANG-1326-C15	Oesophageal	BCAA	-0.148253008845117	52	0.472222222222222	52	-0.148253008845117	52
HCM-SANG-1326-C15	Oesophageal	NAD	-0.199871456373336	43	0.432098765432099	43	-0.199871456373336	43
HCM-SANG-1326-C15	Oesophageal	OXPHOS	-0.262764332294165	246	0.37037037037037	246	-0.199708502229503	310
HCM-SANG-1326-C15	Oesophageal	PPP	-0.198093520824227	27	0.425925925925926	27	-0.198093520824227	31
HCM-SANG-1326-C15	Oesophageal	TCA	-0.361200538143419	42	0.342592592592593	42	-0.361200538143419	42
HCM-SANG-1326-C15	Oesophageal	amino-acid transport	-0.241235647216119	32	0.37037037037037	32	-0.241235647216119	32
HCM-SANG-1326-C15	Oesophageal	arginine	0.730851649876385	50	0.811728395061729	50	0.4134590636053	100
HCM-SANG-1326-C15	Oesophageal	cholesterol/isoprenoid	0.554093434637718	67	0.746913580246914	67	0.126569849962127	181
HCM-SANG-1326-C15	Oesophageal	fatty-acid oxidation	-0.418343480718242	62	0.299382716049383	62	-0.418343480718242	62
HCM-SANG-1326-C15	Oesophageal	folate	0.0840075937388232	29	0.592592592592593	29	0.0840075937388232	29
HCM-SANG-1326-C15	Oesophageal	glucose transport	0.0667481159321828	21	0.481481481481482	21	0.0667481159321828	21
HCM-SANG-1326-C15	Oesophageal	glutamine/glutamate	-0.201015833808779	135	0.395061728395062	135	-0.201015833808779	135
HCM-SANG-1326-C15	Oesophageal	glycolysis	0.0682564567137346	59	0.580246913580247	59	-0.10655992275994	240
HCM-SANG-1326-C15	Oesophageal	iron	-0.0101477768786609	89	0.537037037037037	89	-0.0101477768786609	89
HCM-SANG-1326-C15	Oesophageal	methionine	0.0682564567137346	29	0.518518518518519	29	0.0682564567137346	29
HCM-SANG-1326-C15	Oesophageal	riboflavin	0.0166001825308364	18	0.509259259259259	18	0.0166001825308364	18
HCM-SANG-1326-C15	Oesophageal	serine/glycine/one-carbon	0.118803924014909	62	0.570987654320988	62	0.118803924014909	62
HCM-SANG-1326-C15	Oesophageal	sphingolipid	0.0645273267907311	153	0.524691358024691	153	0.0645273267907311	153
HCM-SANG-1326-C15	Oesophageal	tryptophan	-0.0561117013914678	44	0.484567901234568	44	-0.0561117013914678	44
HCM-SANG-1326-C15	Oesophageal	vitamin B12	0.602435758900629	19	0.790123456790123	19	0.602435758900629	19
HCM-SANG-1326-C15	Oesophageal	zinc	-0.382817358436653	15	0.339506172839506	15	-0.382817358436653	15
HCM-SANG-1327-C18	Colorectal	BCAA	-0.109440929454806	52	0.472222222222222	52	-0.109440929454806	52
HCM-SANG-1327-C18	Colorectal	NAD	0.035918621596457	43	0.524691358024691	43	0.035918621596457	43
HCM-SANG-1327-C18	Colorectal	OXPHOS	-0.0353889237707944	246	0.496913580246914	246	-0.032601348395208	310
HCM-SANG-1327-C18	Colorectal	PPP	0.114781253749072	27	0.555555555555556	27	0.128371810709462	31
HCM-SANG-1327-C18	Colorectal	TCA	-0.0794807532742347	42	0.478395061728395	42	-0.0794807532742347	42
HCM-SANG-1327-C18	Colorectal	amino-acid transport	0.00885053472624715	32	0.503086419753086	32	0.00885053472624715	32
HCM-SANG-1327-C18	Colorectal	arginine	0.0524575570607745	50	0.577160493827161	50	-0.00849642118030107	100
HCM-SANG-1327-C18	Colorectal	cholesterol/isoprenoid	-0.144193504177612	67	0.450617283950617	67	-0.0662254750428218	181
HCM-SANG-1327-C18	Colorectal	fatty-acid oxidation	-0.0318652038190185	62	0.518518518518519	62	-0.0318652038190185	62
HCM-SANG-1327-C18	Colorectal	folate	-0.194240669580919	29	0.41358024691358	29	-0.194240669580919	29
HCM-SANG-1327-C18	Colorectal	glucose transport	-0.267791490968653	21	0.41358024691358	21	-0.267791490968653	21
HCM-SANG-1327-C18	Colorectal	glutamine/glutamate	-0.0508551705828823	135	0.506172839506173	135	-0.0508551705828823	135
HCM-SANG-1327-C18	Colorectal	glycolysis	0.0545250295982825	59	0.567901234567901	59	0.0281523867957887	240
HCM-SANG-1327-C18	Colorectal	iron	-0.120458759289761	89	0.462962962962963	89	-0.120458759289761	89
HCM-SANG-1327-C18	Colorectal	methionine	-0.0785906688074075	29	0.518518518518519	29	-0.0785906688074075	29
HCM-SANG-1327-C18	Colorectal	riboflavin	0.195595777242232	18	0.611111111111111	18	0.195595777242232	18
HCM-SANG-1327-C18	Colorectal	serine/glycine/one-carbon	-0.0315658952626278	62	0.506172839506173	62	-0.0315658952626278	62
HCM-SANG-1327-C18	Colorectal	sphingolipid	-0.0802866619013537	153	0.462962962962963	153	-0.0802866619013537	153
HCM-SANG-1327-C18	Colorectal	tryptophan	-0.0375799089308704	44	0.518518518518519	44	-0.0375799089308704	44
HCM-SANG-1327-C18	Colorectal	vitamin B12	-0.202118038001341	19	0.41358024691358	19	-0.202118038001341	19
HCM-SANG-1327-C18	Colorectal	zinc	-0.175559559487541	15	0.425925925925926	15	-0.175559559487541	15
HCM-SANG-1328-C15	Oesophageal	BCAA	-0.14335244902837	52	0.441358024691358	52	-0.14335244902837	52
HCM-SANG-1328-C15	Oesophageal	NAD	0.113215500729813	43	0.567901234567901	43	0.113215500729813	43
HCM-SANG-1328-C15	Oesophageal	OXPHOS	-0.10992982429769	246	0.450617283950617	246	-0.0918763426799191	310
HCM-SANG-1328-C15	Oesophageal	PPP	0.0658000413819963	27	0.561728395061729	27	0.108733234449783	31
HCM-SANG-1328-C15	Oesophageal	TCA	-0.0274973574778686	42	0.521604938271605	42	-0.0274973574778686	42
HCM-SANG-1328-C15	Oesophageal	amino-acid transport	-0.103583879808936	32	0.429012345679012	32	-0.103583879808936	32
HCM-SANG-1328-C15	Oesophageal	arginine	-0.0601173190702717	50	0.462962962962963	50	-0.0886862362947344	100
HCM-SANG-1328-C15	Oesophageal	cholesterol/isoprenoid	-0.0592970350580757	67	0.493827160493827	67	-0.0127071609690385	181
HCM-SANG-1328-C15	Oesophageal	fatty-acid oxidation	-0.0489296360298488	62	0.503086419753086	62	-0.0489296360298488	62
HCM-SANG-1328-C15	Oesophageal	folate	-0.211301396003781	29	0.419753086419753	29	-0.211301396003781	29
HCM-SANG-1328-C15	Oesophageal	glucose transport	-0.00108815249260055	21	0.524691358024691	21	-0.00108815249260055	21
HCM-SANG-1328-C15	Oesophageal	glutamine/glutamate	-0.0421446035684063	135	0.5	135	-0.0421446035684063	135
HCM-SANG-1328-C15	Oesophageal	glycolysis	0.00524479239084982	59	0.54320987654321	59	0.0575445931927579	240
HCM-SANG-1328-C15	Oesophageal	iron	-0.0950131454200678	89	0.45679012345679	89	-0.0950131454200678	89
HCM-SANG-1328-C15	Oesophageal	methionine	0.0741273378432059	29	0.567901234567901	29	0.0741273378432059	29
HCM-SANG-1328-C15	Oesophageal	riboflavin	-0.0567322858211525	18	0.469135802469136	18	-0.0567322858211525	18
HCM-SANG-1328-C15	Oesophageal	serine/glycine/one-carbon	0.102793634389086	62	0.564814814814815	62	0.102793634389086	62
HCM-SANG-1328-C15	Oesophageal	sphingolipid	0.0728232200144524	153	0.561728395061729	153	0.0728232200144524	153
HCM-SANG-1328-C15	Oesophageal	tryptophan	0.106553501813816	44	0.564814814814815	44	0.106553501813816	44
HCM-SANG-1328-C15	Oesophageal	vitamin B12	-0.0904874495358616	19	0.469135802469136	19	-0.0904874495358616	19
HCM-SANG-1328-C15	Oesophageal	zinc	-0.20565787144886	15	0.419753086419753	15	-0.20565787144886	15
HCM-SANG-1329-C15	Oesophageal	BCAA	-0.191365440236769	52	0.416666666666667	52	-0.191365440236769	52
HCM-SANG-1329-C15	Oesophageal	NAD	0.0893709707236009	43	0.555555555555556	43	0.0893709707236009	43
HCM-SANG-1329-C15	Oesophageal	OXPHOS	-0.167579437568108	246	0.435185185185185	246	-0.172219072739831	310
HCM-SANG-1329-C15	Oesophageal	PPP	-0.0173783681609529	27	0.469135802469136	27	-0.0173783681609529	31
HCM-SANG-1329-C15	Oesophageal	TCA	-0.149226689111973	42	0.447530864197531	42	-0.149226689111973	42
HCM-SANG-1329-C15	Oesophageal	amino-acid transport	-0.00394362018544182	32	0.503086419753086	32	-0.00394362018544182	32
HCM-SANG-1329-C15	Oesophageal	arginine	0.130250527994106	50	0.589506172839506	50	-0.0462379616980227	100
HCM-SANG-1329-C15	Oesophageal	cholesterol/isoprenoid	-0.0647707191575834	67	0.537037037037037	67	0.0215039251939692	181
HCM-SANG-1329-C15	Oesophageal	fatty-acid oxidation	-0.0790492841349847	62	0.466049382716049	62	-0.0790492841349847	62
HCM-SANG-1329-C15	Oesophageal	folate	0.0469036825400821	29	0.574074074074074	29	0.0469036825400821	29
HCM-SANG-1329-C15	Oesophageal	glucose transport	-0.213494346418853	21	0.41358024691358	21	-0.213494346418853	21
HCM-SANG-1329-C15	Oesophageal	glutamine/glutamate	-0.0134915411532736	135	0.506172839506173	135	-0.0134915411532736	135
HCM-SANG-1329-C15	Oesophageal	glycolysis	-0.173804479625359	59	0.438271604938272	59	-0.0719762506379034	240
HCM-SANG-1329-C15	Oesophageal	iron	0.185126805176149	89	0.598765432098765	89	0.185126805176149	89
HCM-SANG-1329-C15	Oesophageal	methionine	0.171319318712468	29	0.666666666666667	29	0.171319318712468	29
HCM-SANG-1329-C15	Oesophageal	riboflavin	0.231119256744963	18	0.601851851851852	18	0.231119256744963	18
HCM-SANG-1329-C15	Oesophageal	serine/glycine/one-carbon	0.0146855646412964	62	0.509259259259259	62	0.0146855646412964	62
HCM-SANG-1329-C15	Oesophageal	sphingolipid	0.0621037319447922	153	0.530864197530864	153	0.0621037319447922	153
HCM-SANG-1329-C15	Oesophageal	tryptophan	-0.0657513557315088	44	0.462962962962963	44	-0.0657513557315088	44
HCM-SANG-1329-C15	Oesophageal	vitamin B12	-0.226561316536724	19	0.382716049382716	19	-0.226561316536724	19
HCM-SANG-1329-C15	Oesophageal	zinc	0.11867170634842	15	0.561728395061729	15	0.11867170634842	15
HCM-SANG-1332-C18	Colorectal	BCAA	0.0305339491229024	52	0.512345679012346	52	0.0305339491229024	52
HCM-SANG-1332-C18	Colorectal	NAD	-0.613625859725116	43	0.234567901234568	43	-0.613625859725116	43
HCM-SANG-1332-C18	Colorectal	OXPHOS	0.184011325083769	246	0.595679012345679	246	0.239582594615078	310
HCM-SANG-1332-C18	Colorectal	PPP	-0.00707379302551752	27	0.506172839506173	27	0.554556605170861	31
HCM-SANG-1332-C18	Colorectal	TCA	0.161999430758624	42	0.592592592592593	42	0.161999430758624	42
HCM-SANG-1332-C18	Colorectal	amino-acid transport	-0.0360496609674483	32	0.490740740740741	32	-0.0360496609674483	32
HCM-SANG-1332-C18	Colorectal	arginine	0.614089285485126	50	0.790123456790123	50	-0.0307548719858975	100
HCM-SANG-1332-C18	Colorectal	cholesterol/isoprenoid	0.431099509251442	67	0.728395061728395	67	0.00859518551456904	181
HCM-SANG-1332-C18	Colorectal	fatty-acid oxidation	-0.487872552755118	62	0.296296296296296	62	-0.487872552755118	62
HCM-SANG-1332-C18	Colorectal	folate	-0.0173792640316269	29	0.5	29	-0.0173792640316269	29
HCM-SANG-1332-C18	Colorectal	glucose transport	-0.183457915241967	21	0.401234567901235	21	-0.183457915241967	21
HCM-SANG-1332-C18	Colorectal	glutamine/glutamate	-0.108977115787211	135	0.481481481481482	135	-0.108977115787211	135
HCM-SANG-1332-C18	Colorectal	glycolysis	0.756092486616671	59	0.833333333333333	59	0.130474036115032	240
HCM-SANG-1332-C18	Colorectal	iron	-0.191433105060562	89	0.407407407407407	89	-0.191433105060562	89
HCM-SANG-1332-C18	Colorectal	methionine	-0.0841206932620327	29	0.524691358024691	29	-0.0841206932620327	29
HCM-SANG-1332-C18	Colorectal	riboflavin	0.90814395347039	18	0.851851851851852	18	0.90814395347039	18
HCM-SANG-1332-C18	Colorectal	serine/glycine/one-carbon	0.195654889552776	62	0.608024691358025	62	0.195654889552776	62
HCM-SANG-1332-C18	Colorectal	sphingolipid	-0.344516590154812	153	0.314814814814815	153	-0.344516590154812	153
HCM-SANG-1332-C18	Colorectal	tryptophan	-0.508976223015302	44	0.268518518518519	44	-0.508976223015302	44
HCM-SANG-1332-C18	Colorectal	vitamin B12	0.801037161365933	19	0.833333333333333	19	0.801037161365933	19
HCM-SANG-1332-C18	Colorectal	zinc	0.354147280323607	15	0.67283950617284	15	0.354147280323607	15
HCM-SANG-1334-C18	Colorectal	BCAA	0.206856214597084	52	0.638888888888889	52	0.206856214597084	52
HCM-SANG-1334-C18	Colorectal	NAD	-0.123844747492012	43	0.462962962962963	43	-0.123844747492012	43
HCM-SANG-1334-C18	Colorectal	OXPHOS	0.0898954849865403	246	0.555555555555556	246	0.0998171737116117	310
HCM-SANG-1334-C18	Colorectal	PPP	0.270560078410589	27	0.660493827160494	27	0.225480722929361	31
HCM-SANG-1334-C18	Colorectal	TCA	0.167086829851685	42	0.611111111111111	42	0.167086829851685	42
HCM-SANG-1334-C18	Colorectal	amino-acid transport	0.140133665910053	32	0.558641975308642	32	0.140133665910053	32
HCM-SANG-1334-C18	Colorectal	arginine	0.103138918434445	50	0.555555555555556	50	-0.00367390612676441	100
HCM-SANG-1334-C18	Colorectal	cholesterol/isoprenoid	-0.190580021043712	67	0.41358024691358	67	-0.136146969415021	181
HCM-SANG-1334-C18	Colorectal	fatty-acid oxidation	-0.0486146542658689	62	0.466049382716049	62	-0.0486146542658689	62
HCM-SANG-1334-C18	Colorectal	folate	0.043204686409132	29	0.524691358024691	29	0.043204686409132	29
HCM-SANG-1334-C18	Colorectal	glucose transport	0.0530843287044735	21	0.530864197530864	21	0.0530843287044735	21
HCM-SANG-1334-C18	Colorectal	glutamine/glutamate	-0.0273713704519231	135	0.475308641975309	135	-0.0273713704519231	135
HCM-SANG-1334-C18	Colorectal	glycolysis	0.104477141520242	59	0.598765432098765	59	-0.043331106882434	240
HCM-SANG-1334-C18	Colorectal	iron	-0.127680762990417	89	0.469135802469136	89	-0.127680762990417	89
HCM-SANG-1334-C18	Colorectal	methionine	0.200035756647257	29	0.611111111111111	29	0.200035756647257	29
HCM-SANG-1334-C18	Colorectal	riboflavin	0.104160162397428	18	0.577160493827161	18	0.104160162397428	18
HCM-SANG-1334-C18	Colorectal	serine/glycine/one-carbon	0.137429329079325	62	0.58641975308642	62	0.137429329079325	62
HCM-SANG-1334-C18	Colorectal	sphingolipid	0.0125711252512191	153	0.5	153	0.0125711252512191	153
HCM-SANG-1334-C18	Colorectal	tryptophan	0.275929713350747	44	0.66358024691358	44	0.275929713350747	44
HCM-SANG-1334-C18	Colorectal	vitamin B12	0.166280569041462	19	0.604938271604938	19	0.166280569041462	19
HCM-SANG-1334-C18	Colorectal	zinc	0.308601932176163	15	0.617283950617284	15	0.308601932176163	15
HCM-SANG-1337-C18	Colorectal	BCAA	-0.0890519402310412	52	0.496913580246914	52	-0.0890519402310412	52
HCM-SANG-1337-C18	Colorectal	NAD	0.0794839644112184	43	0.567901234567901	43	0.0794839644112184	43
HCM-SANG-1337-C18	Colorectal	OXPHOS	-0.116038800099064	246	0.484567901234568	246	-0.0629470281920073	310
HCM-SANG-1337-C18	Colorectal	PPP	-0.0680082611414703	27	0.5	27	-0.0680082611414703	31
HCM-SANG-1337-C18	Colorectal	TCA	-0.416876873254106	42	0.287037037037037	42	-0.416876873254106	42
HCM-SANG-1337-C18	Colorectal	amino-acid transport	0.0904946114781702	32	0.555555555555556	32	0.0904946114781702	32
HCM-SANG-1337-C18	Colorectal	arginine	0.107205075083075	50	0.567901234567901	50	0.224592289150523	100
HCM-SANG-1337-C18	Colorectal	cholesterol/isoprenoid	0.0726718035367564	67	0.549382716049383	67	0.0811078339281434	181
HCM-SANG-1337-C18	Colorectal	fatty-acid oxidation	0.268966264053608	62	0.67283950617284	62	0.268966264053608	62
HCM-SANG-1337-C18	Colorectal	folate	0.138655378781846	29	0.580246913580247	29	0.138655378781846	29
HCM-SANG-1337-C18	Colorectal	glucose transport	0.44092064028901	21	0.771604938271605	21	0.44092064028901	21
HCM-SANG-1337-C18	Colorectal	glutamine/glutamate	0.274690549483231	135	0.660493827160494	135	0.274690549483231	135
HCM-SANG-1337-C18	Colorectal	glycolysis	-0.0454094146051036	59	0.487654320987654	59	-0.0735488785373722	240
HCM-SANG-1337-C18	Colorectal	iron	0.319982861975314	89	0.654320987654321	89	0.319982861975314	89
HCM-SANG-1337-C18	Colorectal	methionine	-0.084826784570612	29	0.45679012345679	29	-0.084826784570612	29
HCM-SANG-1337-C18	Colorectal	riboflavin	0.497989249830037	18	0.762345679012346	18	0.497989249830037	18
HCM-SANG-1337-C18	Colorectal	serine/glycine/one-carbon	0.0829301115878174	62	0.555555555555556	62	0.0829301115878174	62
HCM-SANG-1337-C18	Colorectal	sphingolipid	0.404856794502567	153	0.709876543209877	153	0.404856794502567	153
HCM-SANG-1337-C18	Colorectal	tryptophan	-0.0136716127171512	44	0.493827160493827	44	-0.0136716127171512	44
HCM-SANG-1337-C18	Colorectal	vitamin B12	0.25866217809059	19	0.62962962962963	19	0.25866217809059	19
HCM-SANG-1337-C18	Colorectal	zinc	-0.398622271124801	15	0.327160493827161	15	-0.398622271124801	15
HCM-SANG-1338-C20	Colorectal	BCAA	-0.0331272821925334	52	0.487654320987654	52	-0.0331272821925334	52
HCM-SANG-1338-C20	Colorectal	NAD	0.098035001637914	43	0.574074074074074	43	0.098035001637914	43
HCM-SANG-1338-C20	Colorectal	OXPHOS	0.00605895101940977	246	0.524691358024691	246	0.0128241409037998	310
HCM-SANG-1338-C20	Colorectal	PPP	-0.052135468763071	27	0.475308641975309	27	-0.052135468763071	31
HCM-SANG-1338-C20	Colorectal	TCA	-0.221173859942981	42	0.388888888888889	42	-0.221173859942981	42
HCM-SANG-1338-C20	Colorectal	amino-acid transport	0.113229830989428	32	0.540123456790123	32	0.113229830989428	32
HCM-SANG-1338-C20	Colorectal	arginine	-0.0347982770372523	50	0.490740740740741	50	-0.0347982770372523	100
HCM-SANG-1338-C20	Colorectal	cholesterol/isoprenoid	-0.00763786668756233	67	0.5	67	-0.0206421182750931	181
HCM-SANG-1338-C20	Colorectal	fatty-acid oxidation	-0.00757347946880496	62	0.478395061728395	62	-0.00757347946880496	62
HCM-SANG-1338-C20	Colorectal	folate	-0.0400528209783073	29	0.512345679012346	29	-0.0400528209783073	29
HCM-SANG-1338-C20	Colorectal	glucose transport	-0.175417665310569	21	0.481481481481482	21	-0.175417665310569	21
HCM-SANG-1338-C20	Colorectal	glutamine/glutamate	-0.0435047935606018	135	0.493827160493827	135	-0.0435047935606018	135
HCM-SANG-1338-C20	Colorectal	glycolysis	-0.14237565076135	59	0.444444444444444	59	-0.111477436576297	240
HCM-SANG-1338-C20	Colorectal	iron	-0.0112054509197447	89	0.518518518518519	89	-0.0112054509197447	89
HCM-SANG-1338-C20	Colorectal	methionine	-0.0768798146340321	29	0.469135802469136	29	-0.0768798146340321	29
HCM-SANG-1338-C20	Colorectal	riboflavin	-0.257572572437707	18	0.361111111111111	18	-0.257572572437707	18
HCM-SANG-1338-C20	Colorectal	serine/glycine/one-carbon	-0.217331091182575	62	0.407407407407407	62	-0.217331091182575	62
HCM-SANG-1338-C20	Colorectal	sphingolipid	0.0648947871877848	153	0.561728395061729	153	0.0648947871877848	153
HCM-SANG-1338-C20	Colorectal	tryptophan	0.0210151951936587	44	0.555555555555556	44	0.0210151951936587	44
HCM-SANG-1338-C20	Colorectal	vitamin B12	-0.0945354486403385	19	0.469135802469136	19	-0.0945354486403385	19
HCM-SANG-1338-C20	Colorectal	zinc	0.198719724736144	15	0.635802469135803	15	0.198719724736144	15
WTSI-COLIVM_031	Colorectal	BCAA	-0.423331296817499	52	0.296296296296296	52	-0.423331296817499	52
WTSI-COLIVM_031	Colorectal	NAD	0.381502324841864	43	0.703703703703704	43	0.381502324841864	43
WTSI-COLIVM_031	Colorectal	OXPHOS	0.136161315240254	246	0.589506172839506	246	0.136161315240254	310
WTSI-COLIVM_031	Colorectal	PPP	0.135796969017366	27	0.58641975308642	27	0.0699948410375519	31
WTSI-COLIVM_031	Colorectal	TCA	0.16789246407757	42	0.58641975308642	42	0.16789246407757	42
WTSI-COLIVM_031	Colorectal	amino-acid transport	0.205792180363411	32	0.58641975308642	32	0.205792180363411	32
WTSI-COLIVM_031	Colorectal	arginine	-0.174284656537695	50	0.404320987654321	50	-0.105848695095789	100
WTSI-COLIVM_031	Colorectal	cholesterol/isoprenoid	0.0559211718103869	67	0.524691358024691	67	0.113090685400655	181
WTSI-COLIVM_031	Colorectal	fatty-acid oxidation	-0.34921152244602	62	0.354938271604938	62	-0.34921152244602	62
WTSI-COLIVM_031	Colorectal	folate	-0.481688195827119	29	0.296296296296296	29	-0.481688195827119	29
WTSI-COLIVM_031	Colorectal	glucose transport	0.412788810697834	21	0.722222222222222	21	0.412788810697834	21
WTSI-COLIVM_031	Colorectal	glutamine/glutamate	0.223245213351573	135	0.598765432098765	135	0.223245213351573	135
WTSI-COLIVM_031	Colorectal	glycolysis	-0.179698954143729	59	0.425925925925926	59	-0.0708059687625862	240
WTSI-COLIVM_031	Colorectal	iron	0.388076925834991	89	0.703703703703704	89	0.388076925834991	89
WTSI-COLIVM_031	Colorectal	methionine	0.089305382217755	29	0.598765432098765	29	0.089305382217755	29
WTSI-COLIVM_031	Colorectal	riboflavin	-0.707836042771287	18	0.160493827160494	18	-0.707836042771287	18
WTSI-COLIVM_031	Colorectal	serine/glycine/one-carbon	-0.43522977887485	62	0.287037037037037	62	-0.43522977887485	62
WTSI-COLIVM_031	Colorectal	sphingolipid	-0.0534083673066929	153	0.45679012345679	153	-0.0534083673066929	153
WTSI-COLIVM_031	Colorectal	tryptophan	-0.515746689951272	44	0.268518518518519	44	-0.515746689951272	44
WTSI-COLIVM_031	Colorectal	vitamin B12	-0.0486775885589499	19	0.469135802469136	19	-0.0486775885589499	19
WTSI-COLIVM_031	Colorectal	zinc	-0.133913314085683	15	0.444444444444444	15	-0.133913314085683	15
WTSI-COLIVM_034	Colorectal	BCAA	0.117756290165143	52	0.604938271604938	52	0.117756290165143	52
WTSI-COLIVM_034	Colorectal	NAD	-0.126964121088201	43	0.444444444444444	43	-0.126964121088201	43
WTSI-COLIVM_034	Colorectal	OXPHOS	-0.0417212584745555	246	0.487654320987654	246	-0.0417212584745555	310
WTSI-COLIVM_034	Colorectal	PPP	-0.17019376567426	27	0.425925925925926	27	-0.169958724776153	31
WTSI-COLIVM_034	Colorectal	TCA	-0.0782731672119672	42	0.481481481481482	42	-0.0782731672119672	42
WTSI-COLIVM_034	Colorectal	amino-acid transport	-0.118198174032625	32	0.435185185185185	32	-0.118198174032625	32
WTSI-COLIVM_034	Colorectal	arginine	0.128113967982276	50	0.549382716049383	50	-0.0139211450941348	100
WTSI-COLIVM_034	Colorectal	cholesterol/isoprenoid	-0.120133957206663	67	0.487654320987654	67	-0.122069108114686	181
WTSI-COLIVM_034	Colorectal	fatty-acid oxidation	0.18059296661686	62	0.592592592592593	62	0.18059296661686	62
WTSI-COLIVM_034	Colorectal	folate	0.154330627487565	29	0.592592592592593	29	0.154330627487565	29
WTSI-COLIVM_034	Colorectal	glucose transport	0.11725065614507	21	0.555555555555556	21	0.11725065614507	21
WTSI-COLIVM_034	Colorectal	glutamine/glutamate	0.038844122008139	135	0.518518518518519	135	0.038844122008139	135
WTSI-COLIVM_034	Colorectal	glycolysis	-0.175810784621718	59	0.419753086419753	59	-0.0838572522166805	240
WTSI-COLIVM_034	Colorectal	iron	-0.229108759039707	89	0.444444444444444	89	-0.229108759039707	89
WTSI-COLIVM_034	Colorectal	methionine	-0.026024854585398	29	0.493827160493827	29	-0.026024854585398	29
WTSI-COLIVM_034	Colorectal	riboflavin	0.133730205724785	18	0.604938271604938	18	0.133730205724785	18
WTSI-COLIVM_034	Colorectal	serine/glycine/one-carbon	0.122446167515345	62	0.558641975308642	62	0.122446167515345	62
WTSI-COLIVM_034	Colorectal	sphingolipid	0.0419738383593648	153	0.530864197530864	153	0.0419738383593648	153
WTSI-COLIVM_034	Colorectal	tryptophan	0.00598764366342729	44	0.521604938271605	44	0.00598764366342729	44
WTSI-COLIVM_034	Colorectal	vitamin B12	-0.161089403258539	19	0.438271604938272	19	-0.161089403258539	19
WTSI-COLIVM_034	Colorectal	zinc	-0.188939098992242	15	0.401234567901235	15	-0.188939098992242	15
WTSI-COLIVM_036	Colorectal	BCAA	-0.143938206415653	52	0.425925925925926	52	-0.143938206415653	52
WTSI-COLIVM_036	Colorectal	NAD	-0.0692043061642933	43	0.45679012345679	43	-0.0692043061642933	43
WTSI-COLIVM_036	Colorectal	OXPHOS	0.104697975604877	246	0.558641975308642	246	0.0221231663952411	310
WTSI-COLIVM_036	Colorectal	PPP	-0.10749396206547	27	0.469135802469136	27	-0.0971621019704206	31
WTSI-COLIVM_036	Colorectal	TCA	-0.0234223189006981	42	0.530864197530864	42	-0.0234223189006981	42
WTSI-COLIVM_036	Colorectal	amino-acid transport	0.039576174396872	32	0.537037037037037	32	0.039576174396872	32
WTSI-COLIVM_036	Colorectal	arginine	-0.0148696801161692	50	0.503086419753086	50	0.0273181782741132	100
WTSI-COLIVM_036	Colorectal	cholesterol/isoprenoid	-0.0773801080124665	67	0.475308641975309	67	0.0561485611262828	181
WTSI-COLIVM_036	Colorectal	fatty-acid oxidation	-0.109229303521068	62	0.450617283950617	62	-0.109229303521068	62
WTSI-COLIVM_036	Colorectal	folate	0.0201207413090749	29	0.506172839506173	29	0.0201207413090749	29
WTSI-COLIVM_036	Colorectal	glucose transport	-0.300170619763504	21	0.333333333333333	21	-0.300170619763504	21
WTSI-COLIVM_036	Colorectal	glutamine/glutamate	-0.166055451242282	135	0.438271604938272	135	-0.166055451242282	135
WTSI-COLIVM_036	Colorectal	glycolysis	0.00965198982103904	59	0.524691358024691	59	0.0217021379725078	240
WTSI-COLIVM_036	Colorectal	iron	0.032824238249391	89	0.530864197530864	89	0.032824238249391	89
WTSI-COLIVM_036	Colorectal	methionine	-0.0753012536953423	29	0.481481481481482	29	-0.0753012536953423	29
WTSI-COLIVM_036	Colorectal	riboflavin	0.0451106668905717	18	0.549382716049383	18	0.0451106668905717	18
WTSI-COLIVM_036	Colorectal	serine/glycine/one-carbon	0.00372988430953041	62	0.512345679012346	62	0.00372988430953041	62
WTSI-COLIVM_036	Colorectal	sphingolipid	-0.0753332643419049	153	0.450617283950617	153	-0.0753332643419049	153
WTSI-COLIVM_036	Colorectal	tryptophan	-0.0058888865100799	44	0.484567901234568	44	-0.0058888865100799	44
WTSI-COLIVM_036	Colorectal	vitamin B12	-0.473061691540462	19	0.314814814814815	19	-0.473061691540462	19
WTSI-COLIVM_036	Colorectal	zinc	-0.105641397247003	15	0.450617283950617	15	-0.105641397247003	15
WTSI-COLIVM_040	Colorectal	BCAA	-0.117683493326178	52	0.453703703703704	52	-0.117683493326178	52
WTSI-COLIVM_040	Colorectal	NAD	0.168276604305759	43	0.598765432098765	43	0.168276604305759	43
WTSI-COLIVM_040	Colorectal	OXPHOS	-0.0101610547196055	246	0.527777777777778	246	-0.0202961626233408	310
WTSI-COLIVM_040	Colorectal	PPP	-0.101427351549809	27	0.450617283950617	27	-0.101427351549809	31
WTSI-COLIVM_040	Colorectal	TCA	-0.0195142704277784	42	0.506172839506173	42	-0.0195142704277784	42
WTSI-COLIVM_040	Colorectal	amino-acid transport	0.0554742524329684	32	0.533950617283951	32	0.0554742524329684	32
WTSI-COLIVM_040	Colorectal	arginine	-0.0194332230405331	50	0.484567901234568	50	-0.102979122853081	100
WTSI-COLIVM_040	Colorectal	cholesterol/isoprenoid	-0.203500890035224	67	0.432098765432099	67	-0.0836288651967651	181
WTSI-COLIVM_040	Colorectal	fatty-acid oxidation	-0.135549660119142	62	0.450617283950617	62	-0.135549660119142	62
WTSI-COLIVM_040	Colorectal	folate	-0.101388097986228	29	0.450617283950617	29	-0.101388097986228	29
WTSI-COLIVM_040	Colorectal	glucose transport	-0.185828352789916	21	0.432098765432099	21	-0.185828352789916	21
WTSI-COLIVM_040	Colorectal	glutamine/glutamate	0.0118139504520379	135	0.524691358024691	135	0.0118139504520379	135
WTSI-COLIVM_040	Colorectal	glycolysis	-0.0212448032143052	59	0.506172839506173	59	-0.0400539880722664	240
WTSI-COLIVM_040	Colorectal	iron	0.00449521293597342	89	0.530864197530864	89	0.00449521293597342	89
WTSI-COLIVM_040	Colorectal	methionine	-0.0680651439908149	29	0.537037037037037	29	-0.0680651439908149	29
WTSI-COLIVM_040	Colorectal	riboflavin	-0.0531525306543269	18	0.45679012345679	18	-0.0531525306543269	18
WTSI-COLIVM_040	Colorectal	serine/glycine/one-carbon	-0.0485154164241408	62	0.459876543209877	62	-0.0485154164241408	62
WTSI-COLIVM_040	Colorectal	sphingolipid	0.138426099529877	153	0.561728395061729	153	0.138426099529877	153
WTSI-COLIVM_040	Colorectal	tryptophan	0.0505331475629155	44	0.509259259259259	44	0.0505331475629155	44
WTSI-COLIVM_040	Colorectal	vitamin B12	-0.012484903572718	19	0.5	19	-0.012484903572718	19
WTSI-COLIVM_040	Colorectal	zinc	-0.0445377651788739	15	0.487654320987654	15	-0.0445377651788739	15
WTSI-COLIVM_045	Colorectal	BCAA	0.00185981538331914	52	0.512345679012346	52	0.00185981538331914	52
WTSI-COLIVM_045	Colorectal	NAD	0.0351504902357727	43	0.530864197530864	43	0.0351504902357727	43
WTSI-COLIVM_045	Colorectal	OXPHOS	-0.0349855546614948	246	0.503086419753086	246	-0.0346176448136648	310
WTSI-COLIVM_045	Colorectal	PPP	-0.0305886849270752	27	0.487654320987654	27	-0.0305886849270752	31
WTSI-COLIVM_045	Colorectal	TCA	-0.133211928319814	42	0.450617283950617	42	-0.133211928319814	42
WTSI-COLIVM_045	Colorectal	amino-acid transport	0.0853773008027406	32	0.561728395061729	32	0.0853773008027406	32
WTSI-COLIVM_045	Colorectal	arginine	-0.0299025689637339	50	0.487654320987654	50	-0.0566355870673319	100
WTSI-COLIVM_045	Colorectal	cholesterol/isoprenoid	-0.0244696237714587	67	0.518518518518519	67	-0.0559373876563364	181
WTSI-COLIVM_045	Colorectal	fatty-acid oxidation	0.00201077896223311	62	0.512345679012346	62	0.00201077896223311	62
WTSI-COLIVM_045	Colorectal	folate	-0.00313492276169807	29	0.487654320987654	29	-0.00313492276169807	29
WTSI-COLIVM_045	Colorectal	glucose transport	-0.121068247112098	21	0.444444444444444	21	-0.121068247112098	21
WTSI-COLIVM_045	Colorectal	glutamine/glutamate	0.0664105174217473	135	0.561728395061729	135	0.0664105174217473	135
WTSI-COLIVM_045	Colorectal	glycolysis	0.00371853235754124	59	0.506172839506173	59	-0.00210431023749205	240
WTSI-COLIVM_045	Colorectal	iron	-0.0334361606855775	89	0.506172839506173	89	-0.0334361606855775	89
WTSI-COLIVM_045	Colorectal	methionine	0.11893179645163	29	0.567901234567901	29	0.11893179645163	29
WTSI-COLIVM_045	Colorectal	riboflavin	0.315986786679006	18	0.654320987654321	18	0.315986786679006	18
WTSI-COLIVM_045	Colorectal	serine/glycine/one-carbon	-0.0992500630583393	62	0.469135802469136	62	-0.0992500630583393	62
WTSI-COLIVM_045	Colorectal	sphingolipid	0.0499074750531076	153	0.530864197530864	153	0.0499074750531076	153
WTSI-COLIVM_045	Colorectal	tryptophan	-0.0707312762253806	44	0.453703703703704	44	-0.0707312762253806	44
WTSI-COLIVM_045	Colorectal	vitamin B12	0.30611203635126	19	0.67283950617284	19	0.30611203635126	19
WTSI-COLIVM_045	Colorectal	zinc	-0.143749111858675	15	0.462962962962963	15	-0.143749111858675	15
WTSI-COLIVM_051	Colorectal	BCAA	-0.153498642385705	52	0.441358024691358	52	-0.153498642385705	52
WTSI-COLIVM_051	Colorectal	NAD	-0.00667378864462363	43	0.493827160493827	43	-0.00667378864462363	43
WTSI-COLIVM_051	Colorectal	OXPHOS	0.0358083248249168	246	0.524691358024691	246	-0.0034969785934971	310
WTSI-COLIVM_051	Colorectal	PPP	0.0321618873378788	27	0.549382716049383	27	0.0188995932039348	31
WTSI-COLIVM_051	Colorectal	TCA	-0.0330857176917134	42	0.503086419753086	42	-0.0330857176917134	42
WTSI-COLIVM_051	Colorectal	amino-acid transport	0.120869945139241	32	0.54320987654321	32	0.120869945139241	32
WTSI-COLIVM_051	Colorectal	arginine	-0.0908066303494866	50	0.447530864197531	50	-0.00467118943900457	100
WTSI-COLIVM_051	Colorectal	cholesterol/isoprenoid	-0.15180957222665	67	0.450617283950617	67	-0.106707636772171	181
WTSI-COLIVM_051	Colorectal	fatty-acid oxidation	-0.153498642385705	62	0.429012345679012	62	-0.153498642385705	62
WTSI-COLIVM_051	Colorectal	folate	0.136760452747206	29	0.592592592592593	29	0.136760452747206	29
WTSI-COLIVM_051	Colorectal	glucose transport	-0.00516409878190331	21	0.506172839506173	21	-0.00516409878190331	21
WTSI-COLIVM_051	Colorectal	glutamine/glutamate	-0.0856760163248885	135	0.475308641975309	135	-0.0856760163248885	135
WTSI-COLIVM_051	Colorectal	glycolysis	0.0809549212226045	59	0.530864197530864	59	0.000470880341007792	240
WTSI-COLIVM_051	Colorectal	iron	-0.0581200400700775	89	0.5	89	-0.0581200400700775	89
WTSI-COLIVM_051	Colorectal	methionine	-0.22865713010635	29	0.419753086419753	29	-0.22865713010635	29
WTSI-COLIVM_051	Colorectal	riboflavin	-0.0113233019683231	18	0.469135802469136	18	-0.0113233019683231	18
WTSI-COLIVM_051	Colorectal	serine/glycine/one-carbon	-0.0351420254838753	62	0.481481481481482	62	-0.0351420254838753	62
WTSI-COLIVM_051	Colorectal	sphingolipid	0.0855229882078517	153	0.549382716049383	153	0.0855229882078517	153
WTSI-COLIVM_051	Colorectal	tryptophan	-0.167461563992278	44	0.441358024691358	44	-0.167461563992278	44
WTSI-COLIVM_051	Colorectal	vitamin B12	-0.224612550710378	19	0.425925925925926	19	-0.224612550710378	19
WTSI-COLIVM_051	Colorectal	zinc	-0.219178920034258	15	0.407407407407407	15	-0.219178920034258	15
WTSI-COLIVM_058	Colorectal	BCAA	-0.0186116471358282	52	0.524691358024691	52	-0.0186116471358282	52
WTSI-COLIVM_058	Colorectal	NAD	0.243164673511539	43	0.62962962962963	43	0.243164673511539	43
WTSI-COLIVM_058	Colorectal	OXPHOS	0.0229734789454571	246	0.515432098765432	246	-0.0383893103743362	310
WTSI-COLIVM_058	Colorectal	PPP	-0.0821309044219306	27	0.506172839506173	27	-0.0779772620481964	31
WTSI-COLIVM_058	Colorectal	TCA	0.115010085718865	42	0.546296296296296	42	0.115010085718865	42
WTSI-COLIVM_058	Colorectal	amino-acid transport	-0.283534120869985	32	0.361111111111111	32	-0.283534120869985	32
WTSI-COLIVM_058	Colorectal	arginine	0.156558973628478	50	0.546296296296296	50	-0.0134618054348796	100
WTSI-COLIVM_058	Colorectal	cholesterol/isoprenoid	-0.11705930428816	67	0.450617283950617	67	-0.0758742879503105	181
WTSI-COLIVM_058	Colorectal	fatty-acid oxidation	-0.101595817096136	62	0.45679012345679	62	-0.101595817096136	62
WTSI-COLIVM_058	Colorectal	folate	0.0245559287691484	29	0.524691358024691	29	0.0245559287691484	29
WTSI-COLIVM_058	Colorectal	glucose transport	-0.000423753573778212	21	0.530864197530864	21	-0.000423753573778212	21
WTSI-COLIVM_058	Colorectal	glutamine/glutamate	-0.0324130674981616	135	0.518518518518519	135	-0.0324130674981616	135
WTSI-COLIVM_058	Colorectal	glycolysis	-0.122919717322092	59	0.438271604938272	59	-0.0612244359203308	240
WTSI-COLIVM_058	Colorectal	iron	-0.079533377568699	89	0.444444444444444	89	-0.079533377568699	89
WTSI-COLIVM_058	Colorectal	methionine	-0.302413439343041	29	0.401234567901235	29	-0.302413439343041	29
WTSI-COLIVM_058	Colorectal	riboflavin	0.148104149707321	18	0.58641975308642	18	0.148104149707321	18
WTSI-COLIVM_058	Colorectal	serine/glycine/one-carbon	0.0528492596215476	62	0.512345679012346	62	0.0528492596215476	62
WTSI-COLIVM_058	Colorectal	sphingolipid	-0.0109078739263087	153	0.487654320987654	153	-0.0109078739263087	153
WTSI-COLIVM_058	Colorectal	tryptophan	-0.0143791739890508	44	0.530864197530864	44	-0.0143791739890508	44
WTSI-COLIVM_058	Colorectal	vitamin B12	0.0256097698049842	19	0.518518518518519	19	0.0256097698049842	19
WTSI-COLIVM_058	Colorectal	zinc	0.406959461354624	15	0.679012345679012	15	0.406959461354624	15
WTSI-COLIVM_059	Colorectal	BCAA	0.171219900901312	52	0.589506172839506	52	0.171219900901312	52
WTSI-COLIVM_059	Colorectal	NAD	0.00855987420597082	43	0.518518518518519	43	0.00855987420597082	43
WTSI-COLIVM_059	Colorectal	OXPHOS	0.162477442378601	246	0.58641975308642	246	0.149049783819747	310
WTSI-COLIVM_059	Colorectal	PPP	0.322874691030629	27	0.666666666666667	27	0.322874691030629	31
WTSI-COLIVM_059	Colorectal	TCA	0.174703660641644	42	0.583333333333333	42	0.174703660641644	42
WTSI-COLIVM_059	Colorectal	amino-acid transport	0.299214725536553	32	0.660493827160494	32	0.299214725536553	32
WTSI-COLIVM_059	Colorectal	arginine	0.0838068862593231	50	0.54320987654321	50	0.0468165328993593	100
WTSI-COLIVM_059	Colorectal	cholesterol/isoprenoid	-0.0196060600544457	67	0.537037037037037	67	-0.0436962764927724	181
WTSI-COLIVM_059	Colorectal	fatty-acid oxidation	0.0489960940151281	62	0.549382716049383	62	0.0489960940151281	62
WTSI-COLIVM_059	Colorectal	folate	0.458074012749534	29	0.716049382716049	29	0.458074012749534	29
WTSI-COLIVM_059	Colorectal	glucose transport	0.12436072531779	21	0.567901234567901	21	0.12436072531779	21
WTSI-COLIVM_059	Colorectal	glutamine/glutamate	0.149120502868041	135	0.580246913580247	135	0.149120502868041	135
WTSI-COLIVM_059	Colorectal	glycolysis	0.176267739765168	59	0.604938271604938	59	0.108088864569877	240
WTSI-COLIVM_059	Colorectal	iron	-0.0725397537362395	89	0.45679012345679	89	-0.0725397537362395	89
WTSI-COLIVM_059	Colorectal	methionine	0.0456775252969176	29	0.549382716049383	29	0.0456775252969176	29
WTSI-COLIVM_059	Colorectal	riboflavin	0.161050802638014	18	0.561728395061729	18	0.161050802638014	18
WTSI-COLIVM_059	Colorectal	serine/glycine/one-carbon	0.064487309204963	62	0.558641975308642	62	0.064487309204963	62
WTSI-COLIVM_059	Colorectal	sphingolipid	0.0252581108921111	153	0.5	153	0.0252581108921111	153
WTSI-COLIVM_059	Colorectal	tryptophan	0.108584075416098	44	0.570987654320988	44	0.108584075416098	44
WTSI-COLIVM_059	Colorectal	vitamin B12	-0.092557229073352	19	0.481481481481482	19	-0.092557229073352	19
WTSI-COLIVM_059	Colorectal	zinc	-0.101250570025288	15	0.432098765432099	15	-0.101250570025288	15
WTSI-COLIVM_060	Colorectal	BCAA	-0.0876619431545835	52	0.484567901234568	52	-0.0876619431545835	52
WTSI-COLIVM_060	Colorectal	NAD	0.20628636457939	43	0.592592592592593	43	0.20628636457939	43
WTSI-COLIVM_060	Colorectal	OXPHOS	0.164914978741172	246	0.604938271604938	246	0.125299943516758	310
WTSI-COLIVM_060	Colorectal	PPP	0.35105253894843	27	0.709876543209877	27	0.35105253894843	31
WTSI-COLIVM_060	Colorectal	TCA	0.296044571601883	42	0.703703703703704	42	0.296044571601883	42
WTSI-COLIVM_060	Colorectal	amino-acid transport	-0.0433426027505143	32	0.475308641975309	32	-0.0433426027505143	32
WTSI-COLIVM_060	Colorectal	arginine	0.128915469859724	50	0.515432098765432	50	-0.0207488945671688	100
WTSI-COLIVM_060	Colorectal	cholesterol/isoprenoid	-0.0140467906064679	67	0.518518518518519	67	0.148697887744252	181
WTSI-COLIVM_060	Colorectal	fatty-acid oxidation	0.213698228716675	62	0.638888888888889	62	0.213698228716675	62
WTSI-COLIVM_060	Colorectal	folate	0.242864672555108	29	0.654320987654321	29	0.242864672555108	29
WTSI-COLIVM_060	Colorectal	glucose transport	-0.334262208577192	21	0.271604938271605	21	-0.334262208577192	21
WTSI-COLIVM_060	Colorectal	glutamine/glutamate	0.462227849639883	135	0.716049382716049	135	0.462227849639883	135
WTSI-COLIVM_060	Colorectal	glycolysis	-0.16794248144008	59	0.432098765432099	59	0.254246194988657	240
WTSI-COLIVM_060	Colorectal	iron	-0.0991536736585021	89	0.475308641975309	89	-0.0991536736585021	89
WTSI-COLIVM_060	Colorectal	methionine	-0.182912706114243	29	0.432098765432099	29	-0.182912706114243	29
WTSI-COLIVM_060	Colorectal	riboflavin	0.488767147117897	18	0.737654320987654	18	0.488767147117897	18
WTSI-COLIVM_060	Colorectal	serine/glycine/one-carbon	0.0690019626161871	62	0.524691358024691	62	0.0690019626161871	62
WTSI-COLIVM_060	Colorectal	sphingolipid	0.352914049445942	153	0.67283950617284	153	0.352914049445942	153
WTSI-COLIVM_060	Colorectal	tryptophan	-0.00698239059372332	44	0.509259259259259	44	-0.00698239059372332	44
WTSI-COLIVM_060	Colorectal	vitamin B12	0.936325384650712	19	0.876543209876543	19	0.936325384650712	19
WTSI-COLIVM_060	Colorectal	zinc	-0.565000079284121	15	0.234567901234568	15	-0.565000079284121	15
WTSI-COLIVM_061	Colorectal	BCAA	-0.0789614684422118	52	0.466049382716049	52	-0.0789614684422118	52
WTSI-COLIVM_061	Colorectal	NAD	-0.0196299682846765	43	0.524691358024691	43	-0.0196299682846765	43
WTSI-COLIVM_061	Colorectal	OXPHOS	0.381451217447518	246	0.709876543209877	246	0.228454023645698	310
WTSI-COLIVM_061	Colorectal	PPP	-0.178116356463481	27	0.419753086419753	27	-0.221879670275665	31
WTSI-COLIVM_061	Colorectal	TCA	0.899800497270527	42	0.87037037037037	42	0.899800497270527	42
WTSI-COLIVM_061	Colorectal	amino-acid transport	0.302627429648145	32	0.669753086419753	32	0.302627429648145	32
WTSI-COLIVM_061	Colorectal	arginine	-0.241804936878629	50	0.398148148148148	50	-0.171601816354918	100
WTSI-COLIVM_061	Colorectal	cholesterol/isoprenoid	-0.157952961601102	67	0.45679012345679	67	-0.0118538433156312	181
WTSI-COLIVM_061	Colorectal	fatty-acid oxidation	-0.442152891609811	62	0.305555555555556	62	-0.442152891609811	62
WTSI-COLIVM_061	Colorectal	folate	-0.154086956942445	29	0.475308641975309	29	-0.154086956942445	29
WTSI-COLIVM_061	Colorectal	glucose transport	-0.650037809614395	21	0.253086419753086	21	-0.650037809614395	21
WTSI-COLIVM_061	Colorectal	glutamine/glutamate	-0.193269064312998	135	0.407407407407407	135	-0.193269064312998	135
WTSI-COLIVM_061	Colorectal	glycolysis	-0.00882863926232386	59	0.54320987654321	59	-0.112389882628602	240
WTSI-COLIVM_061	Colorectal	iron	0.227829712456678	89	0.648148148148148	89	0.227829712456678	89
WTSI-COLIVM_061	Colorectal	methionine	0.502543768293423	29	0.753086419753086	29	0.502543768293423	29
WTSI-COLIVM_061	Colorectal	riboflavin	-0.0841760140342726	18	0.484567901234568	18	-0.0841760140342726	18
WTSI-COLIVM_061	Colorectal	serine/glycine/one-carbon	0.0922051807275992	62	0.574074074074074	62	0.0922051807275992	62
WTSI-COLIVM_061	Colorectal	sphingolipid	0.0864133983851111	153	0.54320987654321	153	0.0864133983851111	153
WTSI-COLIVM_061	Colorectal	tryptophan	-0.185867646069932	44	0.438271604938272	44	-0.185867646069932	44
WTSI-COLIVM_061	Colorectal	vitamin B12	-0.627015971736673	19	0.234567901234568	19	-0.627015971736673	19
WTSI-COLIVM_061	Colorectal	zinc	-0.196893768026319	15	0.407407407407407	15	-0.196893768026319	15
WTSI-COLIVM_068	Colorectal	BCAA	0.174546680184995	52	0.598765432098765	52	0.174546680184995	52
WTSI-COLIVM_068	Colorectal	NAD	-0.0173179484614499	43	0.487654320987654	43	-0.0173179484614499	43
WTSI-COLIVM_068	Colorectal	OXPHOS	-0.0880106810056128	246	0.475308641975309	246	-0.0921939344148098	310
WTSI-COLIVM_068	Colorectal	PPP	-0.0602223858383702	27	0.475308641975309	27	-0.000911192785941317	31
WTSI-COLIVM_068	Colorectal	TCA	-0.104342385324148	42	0.453703703703704	42	-0.104342385324148	42
WTSI-COLIVM_068	Colorectal	amino-acid transport	0.0179298594757521	32	0.503086419753086	32	0.0179298594757521	32
WTSI-COLIVM_068	Colorectal	arginine	-0.0599976423999007	50	0.481481481481482	50	-0.12608580512168	100
WTSI-COLIVM_068	Colorectal	cholesterol/isoprenoid	-0.033522760387584	67	0.5	67	0.0199403820875773	181
WTSI-COLIVM_068	Colorectal	fatty-acid oxidation	0.055904038472891	62	0.555555555555556	62	0.055904038472891	62
WTSI-COLIVM_068	Colorectal	folate	-0.0387727570829681	29	0.530864197530864	29	-0.0387727570829681	29
WTSI-COLIVM_068	Colorectal	glucose transport	0.0532797076440278	21	0.512345679012346	21	0.0532797076440278	21
WTSI-COLIVM_068	Colorectal	glutamine/glutamate	0.0213001201603477	135	0.530864197530864	135	0.0213001201603477	135
WTSI-COLIVM_068	Colorectal	glycolysis	0.0457147544788627	59	0.518518518518519	59	0.0108199239109305	240
WTSI-COLIVM_068	Colorectal	iron	-0.0374325680218601	89	0.487654320987654	89	-0.0374325680218601	89
WTSI-COLIVM_068	Colorectal	methionine	-0.0387727570829681	29	0.506172839506173	29	-0.0387727570829681	29
WTSI-COLIVM_068	Colorectal	riboflavin	0.232124816974387	18	0.608024691358025	18	0.232124816974387	18
WTSI-COLIVM_068	Colorectal	serine/glycine/one-carbon	-0.0558569789130838	62	0.472222222222222	62	-0.0558569789130838	62
WTSI-COLIVM_068	Colorectal	sphingolipid	0.0382151482968076	153	0.524691358024691	153	0.0382151482968076	153
WTSI-COLIVM_068	Colorectal	tryptophan	0.0356452755567478	44	0.521604938271605	44	0.0356452755567478	44
WTSI-COLIVM_068	Colorectal	vitamin B12	0.160089106084351	19	0.58641975308642	19	0.160089106084351	19
WTSI-COLIVM_068	Colorectal	zinc	-0.279366835067015	15	0.376543209876543	15	-0.279366835067015	15
WTSI-COLIVM_069	Colorectal	BCAA	-0.241862411590128	52	0.391975308641975	52	-0.241862411590128	52
WTSI-COLIVM_069	Colorectal	NAD	-0.208656845755593	43	0.388888888888889	43	-0.208656845755593	43
WTSI-COLIVM_069	Colorectal	OXPHOS	-0.0824292383997083	246	0.466049382716049	246	-0.0357788581190479	310
WTSI-COLIVM_069	Colorectal	PPP	-0.191833758691316	27	0.407407407407407	27	-0.0300856316783621	31
WTSI-COLIVM_069	Colorectal	TCA	-0.181898515845321	42	0.422839506172839	42	-0.181898515845321	42
WTSI-COLIVM_069	Colorectal	amino-acid transport	-0.425875429321974	32	0.287037037037037	32	-0.425875429321974	32
WTSI-COLIVM_069	Colorectal	arginine	-0.142857117836619	50	0.435185185185185	50	-0.334673199906383	100
WTSI-COLIVM_069	Colorectal	cholesterol/isoprenoid	-0.153851148379872	67	0.444444444444444	67	-0.169793951257003	181
WTSI-COLIVM_069	Colorectal	fatty-acid oxidation	-0.214692181700107	62	0.422839506172839	62	-0.214692181700107	62
WTSI-COLIVM_069	Colorectal	folate	-0.133700748682658	29	0.444444444444444	29	-0.133700748682658	29
WTSI-COLIVM_069	Colorectal	glucose transport	0.0620089218220154	21	0.580246913580247	21	0.0620089218220154	21
WTSI-COLIVM_069	Colorectal	glutamine/glutamate	-0.121853133388982	135	0.462962962962963	135	-0.121853133388982	135
WTSI-COLIVM_069	Colorectal	glycolysis	-0.0045769391949499	59	0.506172839506173	59	0.00784594778306606	240
WTSI-COLIVM_069	Colorectal	iron	0.149449860099074	89	0.598765432098765	89	0.149449860099074	89
WTSI-COLIVM_069	Colorectal	methionine	-0.121853133388982	29	0.462962962962963	29	-0.121853133388982	29
WTSI-COLIVM_069	Colorectal	riboflavin	-0.516320939672179	18	0.262345679012346	18	-0.516320939672179	18
WTSI-COLIVM_069	Colorectal	serine/glycine/one-carbon	0.0530319915727107	62	0.496913580246914	62	0.0530319915727107	62
WTSI-COLIVM_069	Colorectal	sphingolipid	0.0765939865471593	153	0.512345679012346	153	0.0765939865471593	153
WTSI-COLIVM_069	Colorectal	tryptophan	-0.222740643746225	44	0.391975308641975	44	-0.222740643746225	44
WTSI-COLIVM_069	Colorectal	vitamin B12	0.046609531461683	19	0.555555555555556	19	0.046609531461683	19
WTSI-COLIVM_069	Colorectal	zinc	0.537222384329596	15	0.746913580246914	15	0.537222384329596	15
WTSI-COLIVM_072	Colorectal	BCAA	-0.259551418954746	52	0.361111111111111	52	-0.259551418954746	52
WTSI-COLIVM_072	Colorectal	NAD	0.364600965640441	43	0.685185185185185	43	0.364600965640441	43
WTSI-COLIVM_072	Colorectal	OXPHOS	-0.0802709331794241	246	0.484567901234568	246	0.0760742968481319	310
WTSI-COLIVM_072	Colorectal	PPP	-0.307774500338323	27	0.395061728395062	27	-0.19169639961019	31
WTSI-COLIVM_072	Colorectal	TCA	-0.4668407299797	42	0.308641975308642	42	-0.4668407299797	42
WTSI-COLIVM_072	Colorectal	amino-acid transport	-0.197988611298506	32	0.37962962962963	32	-0.197988611298506	32
WTSI-COLIVM_072	Colorectal	arginine	0.0971215701207394	50	0.537037037037037	50	-0.136871260650882	100
WTSI-COLIVM_072	Colorectal	cholesterol/isoprenoid	0.105247930882568	67	0.549382716049383	67	-0.162054499167905	181
WTSI-COLIVM_072	Colorectal	fatty-acid oxidation	0.102437752973866	62	0.567901234567901	62	0.102437752973866	62
WTSI-COLIVM_072	Colorectal	folate	-0.00997893373820414	29	0.54320987654321	29	-0.00997893373820414	29
WTSI-COLIVM_072	Colorectal	glucose transport	0.19920113390617	21	0.617283950617284	21	0.19920113390617	21
WTSI-COLIVM_072	Colorectal	glutamine/glutamate	-0.0447148485352604	135	0.487654320987654	135	-0.0447148485352604	135
WTSI-COLIVM_072	Colorectal	glycolysis	-0.19169639961019	59	0.419753086419753	59	-0.0375635417237767	240
WTSI-COLIVM_072	Colorectal	iron	-0.0753618575965581	89	0.506172839506173	89	-0.0753618575965581	89
WTSI-COLIVM_072	Colorectal	methionine	0.291868082401562	29	0.660493827160494	29	0.291868082401562	29
WTSI-COLIVM_072	Colorectal	riboflavin	0.650088061875303	18	0.796296296296296	18	0.650088061875303	18
WTSI-COLIVM_072	Colorectal	serine/glycine/one-carbon	-0.0788232509851905	62	0.478395061728395	62	-0.0788232509851905	62
WTSI-COLIVM_072	Colorectal	sphingolipid	-0.167123509091976	153	0.41358024691358	153	-0.167123509091976	153
WTSI-COLIVM_072	Colorectal	tryptophan	-0.469017755188584	44	0.299382716049383	44	-0.469017755188584	44
WTSI-COLIVM_072	Colorectal	vitamin B12	0.231894693013053	19	0.598765432098765	19	0.231894693013053	19
WTSI-COLIVM_072	Colorectal	zinc	-0.705618653176837	15	0.209876543209877	15	-0.705618653176837	15
WTSI-COLIVM_074	Colorectal	BCAA	-0.382730035073721	52	0.314814814814815	52	-0.382730035073721	52
WTSI-COLIVM_074	Colorectal	NAD	-0.103171819180115	43	0.475308641975309	43	-0.103171819180115	43
WTSI-COLIVM_074	Colorectal	OXPHOS	-0.0772235055379154	246	0.490740740740741	246	-0.0851179856626433	310
WTSI-COLIVM_074	Colorectal	PPP	0.0341562586290393	27	0.561728395061729	27	-0.0481500967429762	31
WTSI-COLIVM_074	Colorectal	TCA	-0.105886716906522	42	0.5	42	-0.105886716906522	42
WTSI-COLIVM_074	Colorectal	amino-acid transport	-0.00247840967418536	32	0.530864197530864	32	-0.00247840967418536	32
WTSI-COLIVM_074	Colorectal	arginine	-0.136875739892114	50	0.447530864197531	50	0.00101556094519121	100
WTSI-COLIVM_074	Colorectal	cholesterol/isoprenoid	-0.0795029248361311	67	0.487654320987654	67	-0.0970311675702197	181
WTSI-COLIVM_074	Colorectal	fatty-acid oxidation	-0.236083986254215	62	0.398148148148148	62	-0.236083986254215	62
WTSI-COLIVM_074	Colorectal	folate	-0.628336961905134	29	0.240740740740741	29	-0.628336961905134	29
WTSI-COLIVM_074	Colorectal	glucose transport	0.0706382214044052	21	0.493827160493827	21	0.0706382214044052	21
WTSI-COLIVM_074	Colorectal	glutamine/glutamate	-0.0145075768919151	135	0.518518518518519	135	-0.0145075768919151	135
WTSI-COLIVM_074	Colorectal	glycolysis	-0.436126621197149	59	0.302469135802469	59	-0.167308124686168	240
WTSI-COLIVM_074	Colorectal	iron	0.111367673616698	89	0.561728395061729	89	0.111367673616698	89
WTSI-COLIVM_074	Colorectal	methionine	-0.48807862745193	29	0.327160493827161	29	-0.48807862745193	29
WTSI-COLIVM_074	Colorectal	riboflavin	-1.15454936160808	18	0.0987654320987654	18	-1.15454936160808	18
WTSI-COLIVM_074	Colorectal	serine/glycine/one-carbon	0.0510361785807796	62	0.527777777777778	62	0.0510361785807796	62
WTSI-COLIVM_074	Colorectal	sphingolipid	0.0584354698656923	153	0.537037037037037	153	0.0584354698656923	153
WTSI-COLIVM_074	Colorectal	tryptophan	0.116404763906912	44	0.552469135802469	44	0.116404763906912	44
WTSI-COLIVM_074	Colorectal	vitamin B12	-0.840266258780019	19	0.203703703703704	19	-0.840266258780019	19
WTSI-COLIVM_074	Colorectal	zinc	0.0720248184589728	15	0.530864197530864	15	0.0720248184589728	15
WTSI-COLIVM_080	Colorectal	BCAA	-0.211754351275454	52	0.429012345679012	52	-0.211754351275454	52
WTSI-COLIVM_080	Colorectal	NAD	-0.0805796435953488	43	0.444444444444444	43	-0.0805796435953488	43
WTSI-COLIVM_080	Colorectal	OXPHOS	-0.148817280175405	246	0.453703703703704	246	-0.133004565598584	310
WTSI-COLIVM_080	Colorectal	PPP	-0.282786408499319	27	0.401234567901235	27	-0.20845703280237	31
WTSI-COLIVM_080	Colorectal	TCA	-0.297415648470806	42	0.351851851851852	42	-0.297415648470806	42
WTSI-COLIVM_080	Colorectal	amino-acid transport	0.0129170695083924	32	0.509259259259259	32	0.0129170695083924	32
WTSI-COLIVM_080	Colorectal	arginine	0.0890172075504006	50	0.555555555555556	50	0.0890172075504006	100
WTSI-COLIVM_080	Colorectal	cholesterol/isoprenoid	-0.0422494940318803	67	0.493827160493827	67	-0.0617488203527436	181
WTSI-COLIVM_080	Colorectal	fatty-acid oxidation	0.082166525572441	62	0.537037037037037	62	0.082166525572441	62
WTSI-COLIVM_080	Colorectal	folate	-0.318588864530251	29	0.358024691358025	29	-0.318588864530251	29
WTSI-COLIVM_080	Colorectal	glucose transport	0.259800985270534	21	0.67283950617284	21	0.259800985270534	21
WTSI-COLIVM_080	Colorectal	glutamine/glutamate	-0.0160214695696577	135	0.481481481481482	135	-0.0160214695696577	135
WTSI-COLIVM_080	Colorectal	glycolysis	-0.0546872916796098	59	0.506172839506173	59	0.027600829402179	240
WTSI-COLIVM_080	Colorectal	iron	-0.203157488519437	89	0.41358024691358	89	-0.203157488519437	89
WTSI-COLIVM_080	Colorectal	methionine	-0.0467678790803486	29	0.506172839506173	29	-0.0467678790803486	29
WTSI-COLIVM_080	Colorectal	riboflavin	-0.288706697370186	18	0.367283950617284	18	-0.288706697370186	18
WTSI-COLIVM_080	Colorectal	serine/glycine/one-carbon	-0.43268435066539	62	0.302469135802469	62	-0.43268435066539	62
WTSI-COLIVM_080	Colorectal	sphingolipid	0.0582743213892508	153	0.549382716049383	153	0.0582743213892508	153
WTSI-COLIVM_080	Colorectal	tryptophan	-0.125123187140631	44	0.466049382716049	44	-0.125123187140631	44
WTSI-COLIVM_080	Colorectal	vitamin B12	-0.140619271811518	19	0.444444444444444	19	-0.140619271811518	19
WTSI-COLIVM_080	Colorectal	zinc	-0.499330903445176	15	0.253086419753086	15	-0.499330903445176	15
WTSI-COLIVM_084	Colorectal	BCAA	-0.0275019900569265	52	0.515432098765432	52	-0.0275019900569265	52
WTSI-COLIVM_084	Colorectal	NAD	-0.107182597389507	43	0.469135802469136	43	-0.107182597389507	43
WTSI-COLIVM_084	Colorectal	OXPHOS	0.211117760615985	246	0.62037037037037	246	0.215588544895719	310
WTSI-COLIVM_084	Colorectal	PPP	0.2037548822857	27	0.62962962962963	27	0.286613087834167	31
WTSI-COLIVM_084	Colorectal	TCA	0.273916853171925	42	0.679012345679012	42	0.273916853171925	42
WTSI-COLIVM_084	Colorectal	amino-acid transport	-0.180499025883763	32	0.388888888888889	32	-0.180499025883763	32
WTSI-COLIVM_084	Colorectal	arginine	-0.153907642597115	50	0.429012345679012	50	-0.142401669770493	100
WTSI-COLIVM_084	Colorectal	cholesterol/isoprenoid	-0.0464838633113073	67	0.475308641975309	67	-0.0434414594511444	181
WTSI-COLIVM_084	Colorectal	fatty-acid oxidation	-0.129245231635483	62	0.441358024691358	62	-0.129245231635483	62
WTSI-COLIVM_084	Colorectal	folate	0.160729814170094	29	0.635802469135803	29	0.160729814170094	29
WTSI-COLIVM_084	Colorectal	glucose transport	-0.304269709573021	21	0.339506172839506	21	-0.304269709573021	21
WTSI-COLIVM_084	Colorectal	glutamine/glutamate	-0.0826618018598645	135	0.469135802469136	135	-0.0826618018598645	135
WTSI-COLIVM_084	Colorectal	glycolysis	0.0285075459881572	59	0.549382716049383	59	0.0211888941878173	240
WTSI-COLIVM_084	Colorectal	iron	0.115752994948195	89	0.58641975308642	89	0.115752994948195	89
WTSI-COLIVM_084	Colorectal	methionine	0.0714280744929478	29	0.580246913580247	29	0.0714280744929478	29
WTSI-COLIVM_084	Colorectal	riboflavin	-0.272623401695705	18	0.376543209876543	18	-0.272623401695705	18
WTSI-COLIVM_084	Colorectal	serine/glycine/one-carbon	0.0845167934185396	62	0.570987654320988	62	0.0845167934185396	62
WTSI-COLIVM_084	Colorectal	sphingolipid	-0.0399734706670446	153	0.462962962962963	153	-0.0399734706670446	153
WTSI-COLIVM_084	Colorectal	tryptophan	-0.242295710986614	44	0.382716049382716	44	-0.242295710986614	44
WTSI-COLIVM_084	Colorectal	vitamin B12	0.139848959747608	19	0.611111111111111	19	0.139848959747608	19
WTSI-COLIVM_084	Colorectal	zinc	-0.00592583231368593	15	0.54320987654321	15	-0.00592583231368593	15
WTSI-COLIVM_085	Colorectal	BCAA	-0.177335431115568	52	0.447530864197531	52	-0.177335431115568	52
WTSI-COLIVM_085	Colorectal	NAD	-0.317464724828458	43	0.351851851851852	43	-0.317464724828458	43
WTSI-COLIVM_085	Colorectal	OXPHOS	-0.0752321835541048	246	0.487654320987654	246	-0.0554532659107476	310
WTSI-COLIVM_085	Colorectal	PPP	-0.237860768983859	27	0.395061728395062	27	-0.107673118186111	31
WTSI-COLIVM_085	Colorectal	TCA	-0.103695841043535	42	0.469135802469136	42	-0.103695841043535	42
WTSI-COLIVM_085	Colorectal	amino-acid transport	-0.373528085432917	32	0.311728395061728	32	-0.373528085432917	32
WTSI-COLIVM_085	Colorectal	arginine	-0.111932972176124	50	0.469135802469136	50	0.155294535094789	100
WTSI-COLIVM_085	Colorectal	cholesterol/isoprenoid	-0.345498709154947	67	0.364197530864198	67	-0.120783341183916	181
WTSI-COLIVM_085	Colorectal	fatty-acid oxidation	0.268859199859548	62	0.626543209876543	62	0.268859199859548	62
WTSI-COLIVM_085	Colorectal	folate	0.243009153252578	29	0.648148148148148	29	0.243009153252578	29
WTSI-COLIVM_085	Colorectal	glucose transport	0.152540706812343	21	0.611111111111111	21	0.152540706812343	21
WTSI-COLIVM_085	Colorectal	glutamine/glutamate	-0.1102191803931	135	0.462962962962963	135	-0.1102191803931	135
WTSI-COLIVM_085	Colorectal	glycolysis	-0.277331807120711	59	0.37037037037037	59	-0.15138043725962	240
WTSI-COLIVM_085	Colorectal	iron	0.0441882330506259	89	0.549382716049383	89	0.0441882330506259	89
WTSI-COLIVM_085	Colorectal	methionine	0.0345860359661472	29	0.530864197530864	29	0.0345860359661472	29
WTSI-COLIVM_085	Colorectal	riboflavin	-0.0308734844082672	18	0.475308641975309	18	-0.0308734844082672	18
WTSI-COLIVM_085	Colorectal	serine/glycine/one-carbon	0.070811990280834	62	0.54320987654321	62	0.070811990280834	62
WTSI-COLIVM_085	Colorectal	sphingolipid	-0.0241558884223475	153	0.5	153	-0.0241558884223475	153
WTSI-COLIVM_085	Colorectal	tryptophan	-0.24183273671375	44	0.395061728395062	44	-0.24183273671375	44
WTSI-COLIVM_085	Colorectal	vitamin B12	-0.435157688257385	19	0.308641975308642	19	-0.435157688257385	19
WTSI-COLIVM_085	Colorectal	zinc	0.0154227294222075	15	0.524691358024691	15	0.0154227294222075	15
WTSI-COLIVM_086	Colorectal	BCAA	-0.198894814475194	52	0.416666666666667	52	-0.198894814475194	52
WTSI-COLIVM_086	Colorectal	NAD	0.206805995965945	43	0.611111111111111	43	0.206805995965945	43
WTSI-COLIVM_086	Colorectal	OXPHOS	-0.00389773958313762	246	0.530864197530864	246	-0.0485684939925655	310
WTSI-COLIVM_086	Colorectal	PPP	0.148872712632224	27	0.617283950617284	27	0.269722533067958	31
WTSI-COLIVM_086	Colorectal	TCA	-0.159628090540983	42	0.45679012345679	42	-0.159628090540983	42
WTSI-COLIVM_086	Colorectal	amino-acid transport	-0.167801474219884	32	0.404320987654321	32	-0.167801474219884	32
WTSI-COLIVM_086	Colorectal	arginine	0.0989991360529449	50	0.555555555555556	50	-0.168058997577022	100
WTSI-COLIVM_086	Colorectal	cholesterol/isoprenoid	-0.151213790862788	67	0.475308641975309	67	-0.0755460536091931	181
WTSI-COLIVM_086	Colorectal	fatty-acid oxidation	-0.185363360299635	62	0.441358024691358	62	-0.185363360299635	62
WTSI-COLIVM_086	Colorectal	folate	-0.0584339662550696	29	0.438271604938272	29	-0.0584339662550696	29
WTSI-COLIVM_086	Colorectal	glucose transport	-0.379860262243525	21	0.320987654320988	21	-0.379860262243525	21
WTSI-COLIVM_086	Colorectal	glutamine/glutamate	0.00127041421908269	135	0.512345679012346	135	0.00127041421908269	135
WTSI-COLIVM_086	Colorectal	glycolysis	-0.0440150542603528	59	0.5	59	0.0681191717064981	240
WTSI-COLIVM_086	Colorectal	iron	-0.0201111877438962	89	0.537037037037037	89	-0.0201111877438962	89
WTSI-COLIVM_086	Colorectal	methionine	-0.119007040239934	29	0.444444444444444	29	-0.119007040239934	29
WTSI-COLIVM_086	Colorectal	riboflavin	-0.280280421167132	18	0.37962962962963	18	-0.280280421167132	18
WTSI-COLIVM_086	Colorectal	serine/glycine/one-carbon	-0.0376768848993609	62	0.490740740740741	62	-0.0376768848993609	62
WTSI-COLIVM_086	Colorectal	sphingolipid	0.146970192676814	153	0.580246913580247	153	0.146970192676814	153
WTSI-COLIVM_086	Colorectal	tryptophan	0.0735528360885286	44	0.555555555555556	44	0.0735528360885286	44
WTSI-COLIVM_086	Colorectal	vitamin B12	-0.127052487477439	19	0.438271604938272	19	-0.127052487477439	19
WTSI-COLIVM_086	Colorectal	zinc	0.0679159747492506	15	0.580246913580247	15	0.0679159747492506	15
WTSI-COLIVM_087	Colorectal	BCAA	0.10224313256493	52	0.589506172839506	52	0.10224313256493	52
WTSI-COLIVM_087	Colorectal	NAD	0.316912470670101	43	0.648148148148148	43	0.316912470670101	43
WTSI-COLIVM_087	Colorectal	OXPHOS	-0.0180008694905209	246	0.515432098765432	246	-0.014459411548326	310
WTSI-COLIVM_087	Colorectal	PPP	0.416807563000656	27	0.697530864197531	27	0.409456675069316	31
WTSI-COLIVM_087	Colorectal	TCA	-0.058410718378031	42	0.493827160493827	42	-0.058410718378031	42
WTSI-COLIVM_087	Colorectal	amino-acid transport	-0.0547928364673938	32	0.466049382716049	32	-0.0547928364673938	32
WTSI-COLIVM_087	Colorectal	arginine	0.26686508610013	50	0.623456790123457	50	0.0481775524174328	100
WTSI-COLIVM_087	Colorectal	cholesterol/isoprenoid	-0.0782605020788094	67	0.493827160493827	67	-0.0478095077990695	181
WTSI-COLIVM_087	Colorectal	fatty-acid oxidation	-0.0559636522029782	62	0.484567901234568	62	-0.0559636522029782	62
WTSI-COLIVM_087	Colorectal	folate	-0.361202032605982	29	0.345679012345679	29	-0.361202032605982	29
WTSI-COLIVM_087	Colorectal	glucose transport	-0.278598719856415	21	0.351851851851852	21	-0.278598719856415	21
WTSI-COLIVM_087	Colorectal	glutamine/glutamate	0.0613785707854193	135	0.549382716049383	135	0.0613785707854193	135
WTSI-COLIVM_087	Colorectal	glycolysis	0.0382568344394833	59	0.549382716049383	59	0.0222550763951509	240
WTSI-COLIVM_087	Colorectal	iron	-0.0876292244395919	89	0.512345679012346	89	-0.0876292244395919	89
WTSI-COLIVM_087	Colorectal	methionine	-0.194713483937134	29	0.432098765432099	29	-0.194713483937134	29
WTSI-COLIVM_087	Colorectal	riboflavin	0.0369197872858085	18	0.558641975308642	18	0.0369197872858085	18
WTSI-COLIVM_087	Colorectal	serine/glycine/one-carbon	-0.14449441015344	62	0.422839506172839	62	-0.14449441015344	62
WTSI-COLIVM_087	Colorectal	sphingolipid	0.013693517436767	153	0.524691358024691	153	0.013693517436767	153
WTSI-COLIVM_087	Colorectal	tryptophan	0.223194074504375	44	0.623456790123457	44	0.223194074504375	44
WTSI-COLIVM_087	Colorectal	vitamin B12	-0.211096419262467	19	0.41358024691358	19	-0.211096419262467	19
WTSI-COLIVM_087	Colorectal	zinc	0.184825841148839	15	0.641975308641975	15	0.184825841148839	15
WTSI-COLIVM_090	Colorectal	BCAA	0.344453801806134	52	0.675925925925926	52	0.344453801806134	52
WTSI-COLIVM_090	Colorectal	NAD	-0.117148724849792	43	0.469135802469136	43	-0.117148724849792	43
WTSI-COLIVM_090	Colorectal	OXPHOS	-0.0665938057917844	246	0.487654320987654	246	-0.0517641713732851	310
WTSI-COLIVM_090	Colorectal	PPP	-0.26320533430675	27	0.333333333333333	27	-0.26320533430675	31
WTSI-COLIVM_090	Colorectal	TCA	0.135572775647556	42	0.574074074074074	42	0.135572775647556	42
WTSI-COLIVM_090	Colorectal	amino-acid transport	-0.121784865295078	32	0.453703703703704	32	-0.121784865295078	32
WTSI-COLIVM_090	Colorectal	arginine	-0.250789934583891	50	0.37037037037037	50	-0.216889123510697	100
WTSI-COLIVM_090	Colorectal	cholesterol/isoprenoid	-0.29702799607826	67	0.407407407407407	67	-0.17461363121058	181
WTSI-COLIVM_090	Colorectal	fatty-acid oxidation	0.17009937415242	62	0.611111111111111	62	0.17009937415242	62
WTSI-COLIVM_090	Colorectal	folate	0.378532514027468	29	0.617283950617284	29	0.378532514027468	29
WTSI-COLIVM_090	Colorectal	glucose transport	-0.212790143719155	21	0.401234567901235	21	-0.212790143719155	21
WTSI-COLIVM_090	Colorectal	glutamine/glutamate	0.0183702799996797	135	0.54320987654321	135	0.0183702799996797	135
WTSI-COLIVM_090	Colorectal	glycolysis	0.181389333097403	59	0.617283950617284	59	-0.139004599420092	240
WTSI-COLIVM_090	Colorectal	iron	0.100143966593577	89	0.561728395061729	89	0.100143966593577	89
WTSI-COLIVM_090	Colorectal	methionine	-0.411304898738898	29	0.327160493827161	29	-0.411304898738898	29
WTSI-COLIVM_090	Colorectal	riboflavin	0.379296404819369	18	0.669753086419753	18	0.379296404819369	18
WTSI-COLIVM_090	Colorectal	serine/glycine/one-carbon	0.688057046457777	62	0.814814814814815	62	0.688057046457777	62
WTSI-COLIVM_090	Colorectal	sphingolipid	-0.20903496696477	153	0.419753086419753	153	-0.20903496696477	153
WTSI-COLIVM_090	Colorectal	tryptophan	0.229063175320422	44	0.635802469135802	44	0.229063175320422	44
WTSI-COLIVM_090	Colorectal	vitamin B12	-0.341708235786574	19	0.351851851851852	19	-0.341708235786574	19
WTSI-COLIVM_090	Colorectal	zinc	-0.568005255056395	15	0.265432098765432	15	-0.568005255056395	15
WTSI-COLIVM_092	Colorectal	BCAA	0.0996215319082398	52	0.537037037037037	52	0.0996215319082398	52
WTSI-COLIVM_092	Colorectal	NAD	-0.172612883828803	43	0.425925925925926	43	-0.172612883828803	43
WTSI-COLIVM_092	Colorectal	OXPHOS	0.0128445845726634	246	0.518518518518519	246	0.061051339088727	310
WTSI-COLIVM_092	Colorectal	PPP	-0.138993110884038	27	0.450617283950617	27	-0.0993108037751573	31
WTSI-COLIVM_092	Colorectal	TCA	0.179986927908309	42	0.614197530864198	42	0.179986927908309	42
WTSI-COLIVM_092	Colorectal	amino-acid transport	-0.255625512186628	32	0.373456790123457	32	-0.255625512186628	32
WTSI-COLIVM_092	Colorectal	arginine	0.00425677087058364	50	0.512345679012346	50	-0.0300625817801305	100
WTSI-COLIVM_092	Colorectal	cholesterol/isoprenoid	-0.0531395626048861	67	0.5	67	-0.0796605574431314	181
WTSI-COLIVM_092	Colorectal	fatty-acid oxidation	0.208899325892039	62	0.601851851851852	62	0.208899325892039	62
WTSI-COLIVM_092	Colorectal	folate	0.0299994646373598	29	0.530864197530864	29	0.0299994646373598	29
WTSI-COLIVM_092	Colorectal	glucose transport	0.378162369351861	21	0.740740740740741	21	0.378162369351861	21
WTSI-COLIVM_092	Colorectal	glutamine/glutamate	-0.0127372009064852	135	0.493827160493827	135	-0.0127372009064852	135
WTSI-COLIVM_092	Colorectal	glycolysis	0.1980756312335	59	0.617283950617284	59	0.0734103600965218	240
WTSI-COLIVM_092	Colorectal	iron	0.0127705796266844	89	0.555555555555556	89	0.0127705796266844	89
WTSI-COLIVM_092	Colorectal	methionine	-0.0913573537577019	29	0.493827160493827	29	-0.0913573537577019	29
WTSI-COLIVM_092	Colorectal	riboflavin	0.407421687800961	18	0.694444444444445	18	0.407421687800961	18
WTSI-COLIVM_092	Colorectal	serine/glycine/one-carbon	0.0865791237496733	62	0.567901234567901	62	0.0865791237496733	62
WTSI-COLIVM_092	Colorectal	sphingolipid	0.0580552891098228	153	0.54320987654321	153	0.0580552891098228	153
WTSI-COLIVM_092	Colorectal	tryptophan	0.109151959800159	44	0.555555555555556	44	0.109151959800159	44
WTSI-COLIVM_092	Colorectal	vitamin B12	0.295554283694997	19	0.660493827160494	19	0.295554283694997	19
WTSI-COLIVM_092	Colorectal	zinc	-0.0697273471909302	15	0.481481481481482	15	-0.0697273471909302	15
WTSI-COLIVM_100	Colorectal	BCAA	-0.0279799764226248	52	0.512345679012346	52	-0.0279799764226248	52
WTSI-COLIVM_100	Colorectal	NAD	0.060014147876741	43	0.506172839506173	43	0.060014147876741	43
WTSI-COLIVM_100	Colorectal	OXPHOS	-0.0201448966395085	246	0.493827160493827	246	-0.0366632360229454	310
WTSI-COLIVM_100	Colorectal	PPP	0.188725287073513	27	0.611111111111111	27	0.188725287073513	31
WTSI-COLIVM_100	Colorectal	TCA	0.0205593150188793	42	0.512345679012346	42	0.0205593150188793	42
WTSI-COLIVM_100	Colorectal	amino-acid transport	-0.00819681007923504	32	0.515432098765432	32	-0.00819681007923504	32
WTSI-COLIVM_100	Colorectal	arginine	0.0455683162638183	50	0.527777777777778	50	0.0411107450467767	100
WTSI-COLIVM_100	Colorectal	cholesterol/isoprenoid	-0.162392785787612	67	0.432098765432099	67	-0.0757308563109208	181
WTSI-COLIVM_100	Colorectal	fatty-acid oxidation	-0.0694114929161475	62	0.478395061728395	62	-0.0694114929161475	62
WTSI-COLIVM_100	Colorectal	folate	-0.00935186881909959	29	0.506172839506173	29	-0.00935186881909959	29
WTSI-COLIVM_100	Colorectal	glucose transport	0.0388939362797162	21	0.487654320987654	21	0.0388939362797162	21
WTSI-COLIVM_100	Colorectal	glutamine/glutamate	-0.0803181311606755	135	0.475308641975309	135	-0.0803181311606755	135
WTSI-COLIVM_100	Colorectal	glycolysis	0.0568744884029695	59	0.555555555555556	59	-0.021469383292672	240
WTSI-COLIVM_100	Colorectal	iron	0.0670559331233148	89	0.574074074074074	89	0.0670559331233148	89
WTSI-COLIVM_100	Colorectal	methionine	-0.0444150418392912	29	0.45679012345679	29	-0.0444150418392912	29
WTSI-COLIVM_100	Colorectal	riboflavin	-0.0543606236553389	18	0.490740740740741	18	-0.0543606236553389	18
WTSI-COLIVM_100	Colorectal	serine/glycine/one-carbon	0.038365863663273	62	0.530864197530864	62	0.038365863663273	62
WTSI-COLIVM_100	Colorectal	sphingolipid	-0.00942656103036887	153	0.512345679012346	153	-0.00942656103036887	153
WTSI-COLIVM_100	Colorectal	tryptophan	0.0215487477190659	44	0.515432098765432	44	0.0215487477190659	44
WTSI-COLIVM_100	Colorectal	vitamin B12	0.134973712280882	19	0.604938271604938	19	0.134973712280882	19
WTSI-COLIVM_100	Colorectal	zinc	-0.305341382715966	15	0.376543209876543	15	-0.305341382715966	15
WTSI-COLO_198	Colorectal	BCAA	0.14923831846536	52	0.561728395061729	52	0.14923831846536	52
WTSI-COLO_198	Colorectal	NAD	0.0428649042772568	43	0.54320987654321	43	0.0428649042772568	43
WTSI-COLO_198	Colorectal	OXPHOS	0.412066107586318	246	0.70679012345679	246	0.412066107586318	310
WTSI-COLO_198	Colorectal	PPP	0.365244294936632	27	0.67283950617284	27	0.365244294936632	31
WTSI-COLO_198	Colorectal	TCA	0.316054880048894	42	0.694444444444445	42	0.316054880048894	42
WTSI-COLO_198	Colorectal	amino-acid transport	0.194727979726142	32	0.62037037037037	32	0.194727979726142	32
WTSI-COLO_198	Colorectal	arginine	-0.0497506715871688	50	0.453703703703704	50	0.177546806572416	100
WTSI-COLO_198	Colorectal	cholesterol/isoprenoid	0.231399849574948	67	0.648148148148148	67	-0.123421597918025	181
WTSI-COLO_198	Colorectal	fatty-acid oxidation	-0.132474760959431	62	0.444444444444444	62	-0.132474760959431	62
WTSI-COLO_198	Colorectal	folate	-0.0654970401210815	29	0.475308641975309	29	-0.0654970401210815	29
WTSI-COLO_198	Colorectal	glucose transport	-0.0563897970503228	21	0.506172839506173	21	-0.0563897970503228	21
WTSI-COLO_198	Colorectal	glutamine/glutamate	-0.121201639175412	135	0.475308641975309	135	-0.121201639175412	135
WTSI-COLO_198	Colorectal	glycolysis	0.0174216844355298	59	0.524691358024691	59	-0.0870040548392585	240
WTSI-COLO_198	Colorectal	iron	0.0357806757829281	89	0.524691358024691	89	0.0357806757829281	89
WTSI-COLO_198	Colorectal	methionine	-0.251350166560496	29	0.388888888888889	29	-0.251350166560496	29
WTSI-COLO_198	Colorectal	riboflavin	-0.484038369251721	18	0.268518518518519	18	-0.484038369251721	18
WTSI-COLO_198	Colorectal	serine/glycine/one-carbon	-0.0408463681064581	62	0.469135802469136	62	-0.0408463681064581	62
WTSI-COLO_198	Colorectal	sphingolipid	-0.0228377360632127	153	0.506172839506173	153	-0.0228377360632127	153
WTSI-COLO_198	Colorectal	tryptophan	-0.00728273212516174	44	0.5	44	-0.00728273212516174	44
WTSI-COLO_198	Colorectal	vitamin B12	0.179550475658143	19	0.592592592592593	19	0.179550475658143	19
WTSI-COLO_198	Colorectal	zinc	0.930843198620637	15	0.864197530864198	15	0.930843198620637	15
WTSI-COLO_216	Colorectal	BCAA	0.0471419298230362	52	0.570987654320988	52	0.0471419298230362	52
WTSI-COLO_216	Colorectal	NAD	0.203596045482341	43	0.617283950617284	43	0.203596045482341	43
WTSI-COLO_216	Colorectal	OXPHOS	-0.0868299633195339	246	0.469135802469136	246	-0.109472101578666	310
WTSI-COLO_216	Colorectal	PPP	0.310396617477722	27	0.648148148148148	27	0.246646603570428	31
WTSI-COLO_216	Colorectal	TCA	0.164354611652716	42	0.62037037037037	42	0.164354611652716	42
WTSI-COLO_216	Colorectal	amino-acid transport	0.154003817096278	32	0.574074074074074	32	0.154003817096278	32
WTSI-COLO_216	Colorectal	arginine	-0.228069550196093	50	0.37962962962963	50	0.0120812062238225	100
WTSI-COLO_216	Colorectal	cholesterol/isoprenoid	-0.207006390272326	67	0.432098765432099	67	-0.0187009254835016	181
WTSI-COLO_216	Colorectal	fatty-acid oxidation	0.022392438655751	62	0.512345679012346	62	0.022392438655751	62
WTSI-COLO_216	Colorectal	folate	-0.0775784596219719	29	0.481481481481482	29	-0.0775784596219719	29
WTSI-COLO_216	Colorectal	glucose transport	-0.234880492059535	21	0.407407407407407	21	-0.234880492059535	21
WTSI-COLO_216	Colorectal	glutamine/glutamate	-0.0805238854737227	135	0.462962962962963	135	-0.0805238854737227	135
WTSI-COLO_216	Colorectal	glycolysis	-0.0728702178031014	59	0.444444444444444	59	-0.00810952859513844	240
WTSI-COLO_216	Colorectal	iron	0.0424244645767125	89	0.518518518518519	89	0.0424244645767125	89
WTSI-COLO_216	Colorectal	methionine	-0.156216678687028	29	0.438271604938272	29	-0.156216678687028	29
WTSI-COLO_216	Colorectal	riboflavin	-0.264864700722599	18	0.398148148148148	18	-0.264864700722599	18
WTSI-COLO_216	Colorectal	serine/glycine/one-carbon	-0.09027999333986	62	0.444444444444444	62	-0.09027999333986	62
WTSI-COLO_216	Colorectal	sphingolipid	-0.200689422928489	153	0.395061728395062	153	-0.200689422928489	153
WTSI-COLO_216	Colorectal	tryptophan	0.180851429201214	44	0.577160493827161	44	0.180851429201214	44
WTSI-COLO_216	Colorectal	vitamin B12	-0.156216678687028	19	0.438271604938272	19	-0.156216678687028	19
WTSI-COLO_216	Colorectal	zinc	-0.184844648495276	15	0.432098765432099	15	-0.184844648495276	15
WTSI-COLO_278	Colorectal	BCAA	0.091797085473743	52	0.555555555555556	52	0.091797085473743	52
WTSI-COLO_278	Colorectal	NAD	-0.27916085254073	43	0.41358024691358	43	-0.27916085254073	43
WTSI-COLO_278	Colorectal	OXPHOS	0.203867666069151	246	0.623456790123457	246	0.227811525802366	310
WTSI-COLO_278	Colorectal	PPP	-0.229701793270186	27	0.407407407407407	27	-0.211772362386402	31
WTSI-COLO_278	Colorectal	TCA	-0.2006592703315	42	0.438271604938272	42	-0.2006592703315	42
WTSI-COLO_278	Colorectal	amino-acid transport	-0.0807971036580619	32	0.459876543209877	32	-0.0807971036580619	32
WTSI-COLO_278	Colorectal	arginine	-0.0899368097468046	50	0.490740740740741	50	-0.134283816773268	100
WTSI-COLO_278	Colorectal	cholesterol/isoprenoid	0.0431115386164616	67	0.524691358024691	67	0.0350329137827387	181
WTSI-COLO_278	Colorectal	fatty-acid oxidation	-0.0179030085446355	62	0.509259259259259	62	-0.0179030085446355	62
WTSI-COLO_278	Colorectal	folate	-0.39429728871439	29	0.37037037037037	29	-0.39429728871439	29
WTSI-COLO_278	Colorectal	glucose transport	-0.0912564198476394	21	0.469135802469136	21	-0.0912564198476394	21
WTSI-COLO_278	Colorectal	glutamine/glutamate	-0.0797643272843865	135	0.469135802469136	135	-0.0797643272843865	135
WTSI-COLO_278	Colorectal	glycolysis	0.0567347074777392	59	0.506172839506173	59	-0.0641013625285584	240
WTSI-COLO_278	Colorectal	iron	-0.0451387039397967	89	0.512345679012346	89	-0.0451387039397967	89
WTSI-COLO_278	Colorectal	methionine	-0.115697241860104	29	0.469135802469136	29	-0.115697241860104	29
WTSI-COLO_278	Colorectal	riboflavin	-0.406220445071547	18	0.317901234567901	18	-0.406220445071547	18
WTSI-COLO_278	Colorectal	serine/glycine/one-carbon	-0.233386668055205	62	0.382716049382716	62	-0.233386668055205	62
WTSI-COLO_278	Colorectal	sphingolipid	8.00831929205779e-05	153	0.487654320987654	153	8.00831929205779e-05	153
WTSI-COLO_278	Colorectal	tryptophan	-0.0865140142578411	44	0.45679012345679	44	-0.0865140142578411	44
WTSI-COLO_278	Colorectal	vitamin B12	-0.349792014228131	19	0.351851851851852	19	-0.349792014228131	19
WTSI-COLO_278	Colorectal	zinc	-0.370846250906478	15	0.376543209876543	15	-0.370846250906478	15
WTSI-COLO_376	Colorectal	BCAA	0.21005310650546	52	0.62037037037037	52	0.21005310650546	52
WTSI-COLO_376	Colorectal	NAD	0.242888260625163	43	0.641975308641975	43	0.242888260625163	43
WTSI-COLO_376	Colorectal	OXPHOS	-0.0821780583029141	246	0.469135802469136	246	-0.0602271426152538	310
WTSI-COLO_376	Colorectal	PPP	0.177768119229697	27	0.62962962962963	27	0.198680890356649	31
WTSI-COLO_376	Colorectal	TCA	-0.100840206783305	42	0.429012345679012	42	-0.100840206783305	42
WTSI-COLO_376	Colorectal	amino-acid transport	-0.179914430434946	32	0.419753086419753	32	-0.179914430434946	32
WTSI-COLO_376	Colorectal	arginine	-0.102493686377623	50	0.475308641975309	50	0.0132894179732493	100
WTSI-COLO_376	Colorectal	cholesterol/isoprenoid	-0.305215472118296	67	0.37037037037037	67	-0.308478212674011	181
WTSI-COLO_376	Colorectal	fatty-acid oxidation	-0.124340093294267	62	0.459876543209877	62	-0.124340093294267	62
WTSI-COLO_376	Colorectal	folate	0.268218800761113	29	0.648148148148148	29	0.268218800761113	29
WTSI-COLO_376	Colorectal	glucose transport	-0.114273952616797	21	0.518518518518519	21	-0.114273952616797	21
WTSI-COLO_376	Colorectal	glutamine/glutamate	-0.0469276835257928	135	0.469135802469136	135	-0.0469276835257928	135
WTSI-COLO_376	Colorectal	glycolysis	-0.149752460799222	59	0.419753086419753	59	-0.0424609013528811	240
WTSI-COLO_376	Colorectal	iron	-0.112104085126128	89	0.469135802469136	89	-0.112104085126128	89
WTSI-COLO_376	Colorectal	methionine	0.0241072769734965	29	0.469135802469136	29	0.0241072769734965	29
WTSI-COLO_376	Colorectal	riboflavin	0.164074941099684	18	0.564814814814815	18	0.164074941099684	18
WTSI-COLO_376	Colorectal	serine/glycine/one-carbon	0.169465624313421	62	0.608024691358025	62	0.169465624313421	62
WTSI-COLO_376	Colorectal	sphingolipid	0.0857213291575618	153	0.549382716049383	153	0.0857213291575618	153
WTSI-COLO_376	Colorectal	tryptophan	0.166263553036287	44	0.598765432098765	44	0.166263553036287	44
WTSI-COLO_376	Colorectal	vitamin B12	0.417670393897803	19	0.691358024691358	19	0.417670393897803	19
WTSI-COLO_376	Colorectal	zinc	-0.105622304588458	15	0.475308641975309	15	-0.105622304588458	15
WTSI-COLO_414	Colorectal	BCAA	0.171767469749969	52	0.577160493827161	52	0.171767469749969	52
WTSI-COLO_414	Colorectal	NAD	-0.0603049806198215	43	0.475308641975309	43	-0.0603049806198215	43
WTSI-COLO_414	Colorectal	OXPHOS	-0.0442985509430795	246	0.5	246	-0.0395199238476745	310
WTSI-COLO_414	Colorectal	PPP	0.214562011104098	27	0.62962962962963	27	0.214562011104098	31
WTSI-COLO_414	Colorectal	TCA	-0.176227753886149	42	0.422839506172839	42	-0.176227753886149	42
WTSI-COLO_414	Colorectal	amino-acid transport	0.0549600943507092	32	0.518518518518519	32	0.0549600943507092	32
WTSI-COLO_414	Colorectal	arginine	0.209957686117419	50	0.614197530864198	50	-0.151741085346327	100
WTSI-COLO_414	Colorectal	cholesterol/isoprenoid	0.028587540704969	67	0.512345679012346	67	-0.124102720396783	181
WTSI-COLO_414	Colorectal	fatty-acid oxidation	0.104348613973815	62	0.567901234567901	62	0.104348613973815	62
WTSI-COLO_414	Colorectal	folate	-0.573505667427443	29	0.246913580246914	29	-0.573505667427443	29
WTSI-COLO_414	Colorectal	glucose transport	-0.36486278681125	21	0.308641975308642	21	-0.36486278681125	21
WTSI-COLO_414	Colorectal	glutamine/glutamate	-0.0330787785152884	135	0.5	135	-0.0330787785152884	135
WTSI-COLO_414	Colorectal	glycolysis	-0.130858066675821	59	0.425925925925926	59	-0.00846021390896039	240
WTSI-COLO_414	Colorectal	iron	-0.342772174680243	89	0.339506172839506	89	-0.342772174680243	89
WTSI-COLO_414	Colorectal	methionine	-0.575384190563382	29	0.259259259259259	29	-0.575384190563382	29
WTSI-COLO_414	Colorectal	riboflavin	0.164254429515945	18	0.552469135802469	18	0.164254429515945	18
WTSI-COLO_414	Colorectal	serine/glycine/one-carbon	-0.101128957755311	62	0.459876543209877	62	-0.101128957755311	62
WTSI-COLO_414	Colorectal	sphingolipid	-0.123122628190161	153	0.45679012345679	153	-0.123122628190161	153
WTSI-COLO_414	Colorectal	tryptophan	0.137285196574386	44	0.58641975308642	44	0.137285196574386	44
WTSI-COLO_414	Colorectal	vitamin B12	-0.611392398104136	19	0.259259259259259	19	-0.611392398104136	19
WTSI-COLO_414	Colorectal	zinc	0.216198043184864	15	0.623456790123457	15	0.216198043184864	15
WTSI-COLO_427	Colorectal	BCAA	0.149606691421896	52	0.614197530864198	52	0.149606691421896	52
WTSI-COLO_427	Colorectal	NAD	-0.190952376898393	43	0.425925925925926	43	-0.190952376898393	43
WTSI-COLO_427	Colorectal	OXPHOS	0.109608952790668	246	0.549382716049383	246	0.0804250425395821	310
WTSI-COLO_427	Colorectal	PPP	-0.24261927028605	27	0.364197530864198	27	-0.131316090523812	31
WTSI-COLO_427	Colorectal	TCA	-0.24251669874196	42	0.419753086419753	42	-0.24251669874196	42
WTSI-COLO_427	Colorectal	amino-acid transport	-0.0301291586770687	32	0.493827160493827	32	-0.0301291586770687	32
WTSI-COLO_427	Colorectal	arginine	0.170723733960311	50	0.611111111111111	50	-0.0058282939161021	100
WTSI-COLO_427	Colorectal	cholesterol/isoprenoid	0.0976949228029922	67	0.561728395061729	67	0.0976949228029922	181
WTSI-COLO_427	Colorectal	fatty-acid oxidation	0.116485000962212	62	0.583333333333333	62	0.116485000962212	62
WTSI-COLO_427	Colorectal	folate	0.0283996240084427	29	0.555555555555556	29	0.0283996240084427	29
WTSI-COLO_427	Colorectal	glucose transport	0.0357603694924789	21	0.549382716049383	21	0.0357603694924789	21
WTSI-COLO_427	Colorectal	glutamine/glutamate	-0.0566742510019335	135	0.518518518518519	135	-0.0566742510019335	135
WTSI-COLO_427	Colorectal	glycolysis	0.351963632190483	59	0.697530864197531	59	0.145914665353006	240
WTSI-COLO_427	Colorectal	iron	0.0205117117218455	89	0.567901234567901	89	0.0205117117218455	89
WTSI-COLO_427	Colorectal	methionine	0.365281044371145	29	0.709876543209877	29	0.365281044371145	29
WTSI-COLO_427	Colorectal	riboflavin	-0.0492649672370118	18	0.512345679012346	18	-0.0492649672370118	18
WTSI-COLO_427	Colorectal	serine/glycine/one-carbon	0.00788237638332943	62	0.503086419753086	62	0.00788237638332943	62
WTSI-COLO_427	Colorectal	sphingolipid	0.203725764980651	153	0.623456790123457	153	0.203725764980651	153
WTSI-COLO_427	Colorectal	tryptophan	-0.0256077134250429	44	0.506172839506173	44	-0.0256077134250429	44
WTSI-COLO_427	Colorectal	vitamin B12	0.520801603353612	19	0.746913580246914	19	0.520801603353612	19
WTSI-COLO_427	Colorectal	zinc	0.136059189750533	15	0.611111111111111	15	0.136059189750533	15
WTSI-COLO_435	Colorectal	BCAA	-0.0482607819798724	52	0.487654320987654	52	-0.0482607819798724	52
WTSI-COLO_435	Colorectal	NAD	-0.0675270104358545	43	0.469135802469136	43	-0.0675270104358545	43
WTSI-COLO_435	Colorectal	OXPHOS	-0.0179865203697695	246	0.512345679012346	246	-0.0569039062519981	310
WTSI-COLO_435	Colorectal	PPP	0.146444159865718	27	0.561728395061729	27	0.0790460051432199	31
WTSI-COLO_435	Colorectal	TCA	0.0726283752773678	42	0.558641975308642	42	0.0726283752773678	42
WTSI-COLO_435	Colorectal	amino-acid transport	-0.393907571142326	32	0.277777777777778	32	-0.393907571142326	32
WTSI-COLO_435	Colorectal	arginine	0.080386373567043	50	0.533950617283951	50	-0.00220641956572213	100
WTSI-COLO_435	Colorectal	cholesterol/isoprenoid	-0.161983744099149	67	0.450617283950617	67	0.0230314040865059	181
WTSI-COLO_435	Colorectal	fatty-acid oxidation	-0.137480360976221	62	0.45679012345679	62	-0.137480360976221	62
WTSI-COLO_435	Colorectal	folate	0.0734138353987982	29	0.58641975308642	29	0.0734138353987982	29
WTSI-COLO_435	Colorectal	glucose transport	0.757429462626417	21	0.802469135802469	21	0.757429462626417	21
WTSI-COLO_435	Colorectal	glutamine/glutamate	-0.0250181066842187	135	0.506172839506173	135	-0.0250181066842187	135
WTSI-COLO_435	Colorectal	glycolysis	0.0784752742713383	59	0.561728395061729	59	-0.0854847435159518	240
WTSI-COLO_435	Colorectal	iron	-0.154948399742574	89	0.469135802469136	89	-0.154948399742574	89
WTSI-COLO_435	Colorectal	methionine	0.408542991494429	29	0.709876543209877	29	0.408542991494429	29
WTSI-COLO_435	Colorectal	riboflavin	0.495139417479591	18	0.70679012345679	18	0.495139417479591	18
WTSI-COLO_435	Colorectal	serine/glycine/one-carbon	0.0998721017155671	62	0.564814814814815	62	0.0998721017155671	62
WTSI-COLO_435	Colorectal	sphingolipid	-0.0187735930880038	153	0.493827160493827	153	-0.0187735930880038	153
WTSI-COLO_435	Colorectal	tryptophan	-0.092428402162361	44	0.466049382716049	44	-0.092428402162361	44
WTSI-COLO_435	Colorectal	vitamin B12	-0.108903955077388	19	0.45679012345679	19	-0.108903955077388	19
WTSI-COLO_435	Colorectal	zinc	0.248402483636754	15	0.635802469135803	15	0.248402483636754	15
WTSI-COLO_446	Colorectal	BCAA	-0.0818342962461468	52	0.478395061728395	52	-0.0818342962461468	52
WTSI-COLO_446	Colorectal	NAD	-0.537923462713212	43	0.253086419753086	43	-0.537923462713212	43
WTSI-COLO_446	Colorectal	OXPHOS	-0.424921289892201	246	0.305555555555556	246	-0.357202143659279	310
WTSI-COLO_446	Colorectal	PPP	-0.333858348615996	27	0.333333333333333	27	-0.419365810881155	31
WTSI-COLO_446	Colorectal	TCA	-0.395772238012156	42	0.330246913580247	42	-0.395772238012156	42
WTSI-COLO_446	Colorectal	amino-acid transport	-0.082497482162063	32	0.45679012345679	32	-0.082497482162063	32
WTSI-COLO_446	Colorectal	arginine	-0.191577320179064	50	0.382716049382716	50	-0.239771950284632	100
WTSI-COLO_446	Colorectal	cholesterol/isoprenoid	0.308505231688488	67	0.691358024691358	67	0.0251272864440373	181
WTSI-COLO_446	Colorectal	fatty-acid oxidation	0.280181455521614	62	0.657407407407407	62	0.280181455521614	62
WTSI-COLO_446	Colorectal	folate	-0.5434182706232	29	0.259259259259259	29	-0.5434182706232	29
WTSI-COLO_446	Colorectal	glucose transport	0.381917339970207	21	0.654320987654321	21	0.381917339970207	21
WTSI-COLO_446	Colorectal	glutamine/glutamate	-0.283044269253509	135	0.376543209876543	135	-0.283044269253509	135
WTSI-COLO_446	Colorectal	glycolysis	-0.0775761546987625	59	0.493827160493827	59	-0.00940671399198464	240
WTSI-COLO_446	Colorectal	iron	0.011447167089697	89	0.58641975308642	89	0.011447167089697	89
WTSI-COLO_446	Colorectal	methionine	-0.255375448332487	29	0.41358024691358	29	-0.255375448332487	29
WTSI-COLO_446	Colorectal	riboflavin	-0.522485508708672	18	0.277777777777778	18	-0.522485508708672	18
WTSI-COLO_446	Colorectal	serine/glycine/one-carbon	-0.752642509426569	62	0.17283950617284	62	-0.752642509426569	62
WTSI-COLO_446	Colorectal	sphingolipid	-0.0468907911084511	153	0.450617283950617	153	-0.0468907911084511	153
WTSI-COLO_446	Colorectal	tryptophan	-0.209199478256885	44	0.404320987654321	44	-0.209199478256885	44
WTSI-COLO_446	Colorectal	vitamin B12	0.303795096989873	19	0.635802469135803	19	0.303795096989873	19
WTSI-COLO_446	Colorectal	zinc	1.01802326879577	15	0.907407407407407	15	1.01802326879577	15
WTSI-COLO_452	Colorectal	BCAA	0.0573936070819874	52	0.533950617283951	52	0.0573936070819874	52
WTSI-COLO_452	Colorectal	NAD	-0.0995380094262161	43	0.462962962962963	43	-0.0995380094262161	43
WTSI-COLO_452	Colorectal	OXPHOS	-0.0827163963240038	246	0.466049382716049	246	-0.10553832308582	310
WTSI-COLO_452	Colorectal	PPP	-0.410584044836673	27	0.302469135802469	27	-0.374401142882058	31
WTSI-COLO_452	Colorectal	TCA	-0.0123418741909063	42	0.533950617283951	42	-0.0123418741909063	42
WTSI-COLO_452	Colorectal	amino-acid transport	-0.0050079647295156	32	0.509259259259259	32	-0.0050079647295156	32
WTSI-COLO_452	Colorectal	arginine	0.0673318454586217	50	0.549382716049383	50	0.104327732203846	100
WTSI-COLO_452	Colorectal	cholesterol/isoprenoid	-0.327545013884518	67	0.364197530864198	67	0.0465780015167068	181
WTSI-COLO_452	Colorectal	fatty-acid oxidation	-0.259642067405933	62	0.376543209876543	62	-0.259642067405933	62
WTSI-COLO_452	Colorectal	folate	-0.589219465936931	29	0.234567901234568	29	-0.589219465936931	29
WTSI-COLO_452	Colorectal	glucose transport	0.0321748895452603	21	0.475308641975309	21	0.0321748895452603	21
WTSI-COLO_452	Colorectal	glutamine/glutamate	0.182665373256107	135	0.598765432098765	135	0.182665373256107	135
WTSI-COLO_452	Colorectal	glycolysis	-0.0106217644294678	59	0.506172839506173	59	-0.132507163435095	240
WTSI-COLO_452	Colorectal	iron	-0.414744194315452	89	0.302469135802469	89	-0.414744194315452	89
WTSI-COLO_452	Colorectal	methionine	0.293270675102353	29	0.641975308641975	29	0.293270675102353	29
WTSI-COLO_452	Colorectal	riboflavin	-0.139077925502085	18	0.45679012345679	18	-0.139077925502085	18
WTSI-COLO_452	Colorectal	serine/glycine/one-carbon	-0.353251054040989	62	0.327160493827161	62	-0.353251054040989	62
WTSI-COLO_452	Colorectal	sphingolipid	-0.290870340645452	153	0.358024691358025	153	-0.290870340645452	153
WTSI-COLO_452	Colorectal	tryptophan	-0.358800366491381	44	0.37037037037037	44	-0.358800366491381	44
WTSI-COLO_452	Colorectal	vitamin B12	-0.441051478754838	19	0.302469135802469	19	-0.441051478754838	19
WTSI-COLO_452	Colorectal	zinc	-0.208807839654126	15	0.41358024691358	15	-0.208807839654126	15
WTSI-COLO_455	Colorectal	BCAA	0.0942230005475981	52	0.574074074074074	52	0.0942230005475981	52
WTSI-COLO_455	Colorectal	NAD	0.0352846578330057	43	0.493827160493827	43	0.0352846578330057	43
WTSI-COLO_455	Colorectal	OXPHOS	-0.275387421164737	246	0.367283950617284	246	-0.384281274281018	310
WTSI-COLO_455	Colorectal	PPP	-0.883645330133412	27	0.148148148148148	27	-0.827604322895042	31
WTSI-COLO_455	Colorectal	TCA	-0.162764757380244	42	0.422839506172839	42	-0.162764757380244	42
WTSI-COLO_455	Colorectal	amino-acid transport	-0.233198936425414	32	0.351851851851852	32	-0.233198936425414	32
WTSI-COLO_455	Colorectal	arginine	-0.482291682291106	50	0.277777777777778	50	-0.138353726988155	100
WTSI-COLO_455	Colorectal	cholesterol/isoprenoid	0.154359327454652	67	0.58641975308642	67	0.0769853990724467	181
WTSI-COLO_455	Colorectal	fatty-acid oxidation	-0.0353894949435647	62	0.493827160493827	62	-0.0353894949435647	62
WTSI-COLO_455	Colorectal	folate	-0.451800196952717	29	0.308641975308642	29	-0.451800196952717	29
WTSI-COLO_455	Colorectal	glucose transport	0.752839458621258	21	0.820987654320988	21	0.752839458621258	21
WTSI-COLO_455	Colorectal	glutamine/glutamate	-0.301808032900646	135	0.37037037037037	135	-0.301808032900646	135
WTSI-COLO_455	Colorectal	glycolysis	0.651138980661112	59	0.771604938271605	59	-0.202141596960665	240
WTSI-COLO_455	Colorectal	iron	-0.0438189407970552	89	0.469135802469136	89	-0.0438189407970552	89
WTSI-COLO_455	Colorectal	methionine	0.544795814343905	29	0.777777777777778	29	0.544795814343905	29
WTSI-COLO_455	Colorectal	riboflavin	-0.824510034115448	18	0.200617283950617	18	-0.824510034115448	18
WTSI-COLO_455	Colorectal	serine/glycine/one-carbon	-0.742761574220975	62	0.191358024691358	62	-0.742761574220975	62
WTSI-COLO_455	Colorectal	sphingolipid	-0.245952793287848	153	0.388888888888889	153	-0.245952793287848	153
WTSI-COLO_455	Colorectal	tryptophan	0.103978769783287	44	0.574074074074074	44	0.103978769783287	44
WTSI-COLO_455	Colorectal	vitamin B12	0.893874230152224	19	0.851851851851852	19	0.893874230152224	19
WTSI-COLO_455	Colorectal	zinc	-0.744105356505196	15	0.17283950617284	15	-0.744105356505196	15
WTSI-COLO_457	Colorectal	BCAA	-0.157637460807533	52	0.404320987654321	52	-0.157637460807533	52
WTSI-COLO_457	Colorectal	NAD	-0.209440023454871	43	0.401234567901235	43	-0.209440023454871	43
WTSI-COLO_457	Colorectal	OXPHOS	-0.0343757350719103	246	0.503086419753086	246	-0.0389308551605904	310
WTSI-COLO_457	Colorectal	PPP	0.17277698002074	27	0.611111111111111	27	0.16879969570443	31
WTSI-COLO_457	Colorectal	TCA	-0.190340447916458	42	0.410493827160494	42	-0.190340447916458	42
WTSI-COLO_457	Colorectal	amino-acid transport	0.238449325826426	32	0.62962962962963	32	0.238449325826426	32
WTSI-COLO_457	Colorectal	arginine	0.0471112738409319	50	0.521604938271605	50	0.0652965505651438	100
WTSI-COLO_457	Colorectal	cholesterol/isoprenoid	-0.249150047219906	67	0.401234567901235	67	-0.185502694203636	181
WTSI-COLO_457	Colorectal	fatty-acid oxidation	-0.0292397813938692	62	0.493827160493827	62	-0.0292397813938692	62
WTSI-COLO_457	Colorectal	folate	-0.0986946988000976	29	0.45679012345679	29	-0.0986946988000976	29
WTSI-COLO_457	Colorectal	glucose transport	0.174228915840027	21	0.561728395061729	21	0.174228915840027	21
WTSI-COLO_457	Colorectal	glutamine/glutamate	0.0710311337376469	135	0.537037037037037	135	0.0710311337376469	135
WTSI-COLO_457	Colorectal	glycolysis	0.0633081614372095	59	0.530864197530864	59	-0.00697923502368265	240
WTSI-COLO_457	Colorectal	iron	-0.243588672450966	89	0.407407407407407	89	-0.243588672450966	89
WTSI-COLO_457	Colorectal	methionine	0.0664582276301986	29	0.567901234567901	29	0.0664582276301986	29
WTSI-COLO_457	Colorectal	riboflavin	-0.248913229313291	18	0.404320987654321	18	-0.248913229313291	18
WTSI-COLO_457	Colorectal	serine/glycine/one-carbon	-0.0263291246022175	62	0.5	62	-0.0263291246022175	62
WTSI-COLO_457	Colorectal	sphingolipid	-0.0682427594817706	153	0.475308641975309	153	-0.0682427594817706	153
WTSI-COLO_457	Colorectal	tryptophan	-0.0409129544453368	44	0.487654320987654	44	-0.0409129544453368	44
WTSI-COLO_457	Colorectal	vitamin B12	-0.0039486174760526	19	0.487654320987654	19	-0.0039486174760526	19
WTSI-COLO_457	Colorectal	zinc	0.222838346083814	15	0.617283950617284	15	0.222838346083814	15
WTSI-COLO_466	Colorectal	BCAA	0.079874210165351	52	0.549382716049383	52	0.079874210165351	52
WTSI-COLO_466	Colorectal	NAD	-0.231917759733952	43	0.444444444444444	43	-0.231917759733952	43
WTSI-COLO_466	Colorectal	OXPHOS	-0.156231057342093	246	0.435185185185185	246	-0.0857418353138343	310
WTSI-COLO_466	Colorectal	PPP	-0.127484433814865	27	0.475308641975309	27	-0.474317793434912	31
WTSI-COLO_466	Colorectal	TCA	-0.156893360233765	42	0.472222222222222	42	-0.156893360233765	42
WTSI-COLO_466	Colorectal	amino-acid transport	-0.784744103527287	32	0.200617283950617	32	-0.784744103527287	32
WTSI-COLO_466	Colorectal	arginine	-0.201800908975273	50	0.407407407407407	50	0.0701968834778126	100
WTSI-COLO_466	Colorectal	cholesterol/isoprenoid	-0.222408817431797	67	0.444444444444444	67	-0.0934881894534222	181
WTSI-COLO_466	Colorectal	fatty-acid oxidation	-0.0728574140780493	62	0.469135802469136	62	-0.0728574140780493	62
WTSI-COLO_466	Colorectal	folate	-0.025463149825417	29	0.493827160493827	29	-0.025463149825417	29
WTSI-COLO_466	Colorectal	glucose transport	0.695411568084781	21	0.833333333333333	21	0.695411568084781	21
WTSI-COLO_466	Colorectal	glutamine/glutamate	-0.0138907176346729	135	0.481481481481482	135	-0.0138907176346729	135
WTSI-COLO_466	Colorectal	glycolysis	-0.242608976121242	59	0.376543209876543	59	-0.244072643395507	240
WTSI-COLO_466	Colorectal	iron	-0.227077562236838	89	0.407407407407407	89	-0.227077562236838	89
WTSI-COLO_466	Colorectal	methionine	-0.260307282891954	29	0.376543209876543	29	-0.260307282891954	29
WTSI-COLO_466	Colorectal	riboflavin	0.0911434592935094	18	0.555555555555556	18	0.0911434592935094	18
WTSI-COLO_466	Colorectal	serine/glycine/one-carbon	0.38102085142414	62	0.697530864197531	62	0.38102085142414	62
WTSI-COLO_466	Colorectal	sphingolipid	-0.326202196330063	153	0.351851851851852	153	-0.326202196330063	153
WTSI-COLO_466	Colorectal	tryptophan	-0.678223582551059	44	0.219135802469136	44	-0.678223582551059	44
WTSI-COLO_466	Colorectal	vitamin B12	-1.08071484754421	19	0.141975308641975	19	-1.08071484754421	19
WTSI-COLO_466	Colorectal	zinc	1.15316703931459	15	0.919753086419753	15	1.15316703931459	15
WTSI-COLO_471	Colorectal	BCAA	0.0454153473394299	52	0.540123456790123	52	0.0454153473394299	52
WTSI-COLO_471	Colorectal	NAD	0.0727903438146553	43	0.549382716049383	43	0.0727903438146553	43
WTSI-COLO_471	Colorectal	OXPHOS	0.304411832647279	246	0.666666666666667	246	0.276059225222286	310
WTSI-COLO_471	Colorectal	PPP	-0.0583806558186149	27	0.469135802469136	27	-0.0580443649360903	31
WTSI-COLO_471	Colorectal	TCA	0.115019354870718	42	0.589506172839506	42	0.115019354870718	42
WTSI-COLO_471	Colorectal	amino-acid transport	-0.0574412634469626	32	0.503086419753086	32	-0.0574412634469626	32
WTSI-COLO_471	Colorectal	arginine	0.186269867269138	50	0.589506172839506	50	0.0223345942601374	100
WTSI-COLO_471	Colorectal	cholesterol/isoprenoid	0.0205894634105518	67	0.567901234567901	67	0.0933643176378379	181
WTSI-COLO_471	Colorectal	fatty-acid oxidation	0.217375190684461	62	0.635802469135802	62	0.217375190684461	62
WTSI-COLO_471	Colorectal	folate	-0.0325919061349258	29	0.512345679012346	29	-0.0325919061349258	29
WTSI-COLO_471	Colorectal	glucose transport	-0.0229066060240031	21	0.5	21	-0.0229066060240031	21
WTSI-COLO_471	Colorectal	glutamine/glutamate	0.0223660552554571	135	0.524691358024691	135	0.0223660552554571	135
WTSI-COLO_471	Colorectal	glycolysis	-0.0481493017969211	59	0.5	59	-0.0468259683626808	240
WTSI-COLO_471	Colorectal	iron	-0.0355297248839861	89	0.518518518518519	89	-0.0355297248839861	89
WTSI-COLO_471	Colorectal	methionine	0.247797546652232	29	0.635802469135803	29	0.247797546652232	29
WTSI-COLO_471	Colorectal	riboflavin	0.173369951646525	18	0.574074074074074	18	0.173369951646525	18
WTSI-COLO_471	Colorectal	serine/glycine/one-carbon	-0.0925866324756684	62	0.432098765432099	62	-0.0925866324756684	62
WTSI-COLO_471	Colorectal	sphingolipid	0.0434133622081131	153	0.518518518518519	153	0.0434133622081131	153
WTSI-COLO_471	Colorectal	tryptophan	-0.0680380458534528	44	0.478395061728395	44	-0.0680380458534528	44
WTSI-COLO_471	Colorectal	vitamin B12	-0.0109646720225093	19	0.5	19	-0.0109646720225093	19
WTSI-COLO_471	Colorectal	zinc	0.24266287221267	15	0.67283950617284	15	0.24266287221267	15
WTSI-COLO_478	Colorectal	BCAA	-0.0833215055443192	52	0.487654320987654	52	-0.0833215055443192	52
WTSI-COLO_478	Colorectal	NAD	0.144097496155579	43	0.555555555555556	43	0.144097496155579	43
WTSI-COLO_478	Colorectal	OXPHOS	-0.0868869335942403	246	0.462962962962963	246	-0.0953485911019975	310
WTSI-COLO_478	Colorectal	PPP	-0.28909922521411	27	0.376543209876543	27	-0.270467195603182	31
WTSI-COLO_478	Colorectal	TCA	-0.185808668675112	42	0.407407407407407	42	-0.185808668675112	42
WTSI-COLO_478	Colorectal	amino-acid transport	-0.0464295725636876	32	0.462962962962963	32	-0.0464295725636876	32
WTSI-COLO_478	Colorectal	arginine	-0.0860254728132047	50	0.472222222222222	50	-0.0860254728132047	100
WTSI-COLO_478	Colorectal	cholesterol/isoprenoid	-0.033769067463554	67	0.493827160493827	67	-0.0608200680924128	181
WTSI-COLO_478	Colorectal	fatty-acid oxidation	-0.0984737080465577	62	0.481481481481482	62	-0.0984737080465577	62
WTSI-COLO_478	Colorectal	folate	-0.172462756714521	29	0.432098765432099	29	-0.172462756714521	29
WTSI-COLO_478	Colorectal	glucose transport	-0.362485955851696	21	0.351851851851852	21	-0.362485955851696	21
WTSI-COLO_478	Colorectal	glutamine/glutamate	-0.044040275271498	135	0.45679012345679	135	-0.044040275271498	135
WTSI-COLO_478	Colorectal	glycolysis	-0.188677771760022	59	0.450617283950617	59	-0.142080714389151	240
WTSI-COLO_478	Colorectal	iron	-0.0462994498668605	89	0.481481481481482	89	-0.0462994498668605	89
WTSI-COLO_478	Colorectal	methionine	0.192212899081008	29	0.611111111111111	29	0.192212899081008	29
WTSI-COLO_478	Colorectal	riboflavin	-0.242496937257969	18	0.395061728395062	18	-0.242496937257969	18
WTSI-COLO_478	Colorectal	serine/glycine/one-carbon	0.310908437645037	62	0.682098765432099	62	0.310908437645037	62
WTSI-COLO_478	Colorectal	sphingolipid	-0.187080178104839	153	0.425925925925926	153	-0.187080178104839	153
WTSI-COLO_478	Colorectal	tryptophan	0.145670766981636	44	0.611111111111111	44	0.145670766981636	44
WTSI-COLO_478	Colorectal	vitamin B12	-0.60452195289282	19	0.246913580246914	19	-0.60452195289282	19
WTSI-COLO_478	Colorectal	zinc	0.140919516807565	15	0.580246913580247	15	0.140919516807565	15
WTSI-COLO_493	Colorectal	BCAA	0.316514667250078	52	0.67283950617284	52	0.316514667250078	52
WTSI-COLO_493	Colorectal	NAD	-0.23082553489517	43	0.388888888888889	43	-0.23082553489517	43
WTSI-COLO_493	Colorectal	OXPHOS	0.125004416834744	246	0.577160493827161	246	0.147487575561782	310
WTSI-COLO_493	Colorectal	PPP	-0.182753302779599	27	0.469135802469136	27	-0.203792095528221	31
WTSI-COLO_493	Colorectal	TCA	0.14067121119579	42	0.592592592592593	42	0.14067121119579	42
WTSI-COLO_493	Colorectal	amino-acid transport	0.145288491851511	32	0.580246913580247	32	0.145288491851511	32
WTSI-COLO_493	Colorectal	arginine	-0.127373606633625	50	0.450617283950617	50	-0.192107717417411	100
WTSI-COLO_493	Colorectal	cholesterol/isoprenoid	-0.29423819662784	67	0.358024691358025	67	-0.127935504932253	181
WTSI-COLO_493	Colorectal	fatty-acid oxidation	0.0434958185157832	62	0.515432098765432	62	0.0434958185157832	62
WTSI-COLO_493	Colorectal	folate	0.141132502423123	29	0.604938271604938	29	0.141132502423123	29
WTSI-COLO_493	Colorectal	glucose transport	0.22629469036563	21	0.617283950617284	21	0.22629469036563	21
WTSI-COLO_493	Colorectal	glutamine/glutamate	-0.0419676511425231	135	0.518518518518519	135	-0.0419676511425231	135
WTSI-COLO_493	Colorectal	glycolysis	-0.0733026935197873	59	0.462962962962963	59	-0.144740689479287	240
WTSI-COLO_493	Colorectal	iron	0.24453086939557	89	0.641975308641975	89	0.24453086939557	89
WTSI-COLO_493	Colorectal	methionine	-0.0327678057745408	29	0.518518518518519	29	-0.0327678057745408	29
WTSI-COLO_493	Colorectal	riboflavin	-0.258123107034398	18	0.385802469135802	18	-0.258123107034398	18
WTSI-COLO_493	Colorectal	serine/glycine/one-carbon	0.138328162108944	62	0.567901234567901	62	0.138328162108944	62
WTSI-COLO_493	Colorectal	sphingolipid	0.139890189808651	153	0.58641975308642	153	0.139890189808651	153
WTSI-COLO_493	Colorectal	tryptophan	0.409262951352496	44	0.719135802469136	44	0.409262951352496	44
WTSI-COLO_493	Colorectal	vitamin B12	0.462408045529381	19	0.734567901234568	19	0.462408045529381	19
WTSI-COLO_493	Colorectal	zinc	-0.48544597913522	15	0.308641975308642	15	-0.48544597913522	15
WTSI-GAST_183	Gastric	BCAA	-0.0982081891018669	52	0.472222222222222	52	-0.0982081891018669	52
WTSI-GAST_183	Gastric	NAD	0.0988515573137222	43	0.580246913580247	43	0.0988515573137222	43
WTSI-GAST_183	Gastric	OXPHOS	-0.382894896874861	246	0.345679012345679	246	-0.187793788031328	310
WTSI-GAST_183	Gastric	PPP	0.396226079684146	27	0.728395061728395	27	0.396226079684146	31
WTSI-GAST_183	Gastric	TCA	-0.515348868839101	42	0.283950617283951	42	-0.515348868839101	42
WTSI-GAST_183	Gastric	amino-acid transport	-0.465648542421856	32	0.317901234567901	32	-0.465648542421856	32
WTSI-GAST_183	Gastric	arginine	-0.413521391690095	50	0.299382716049383	50	-0.19502976903667	100
WTSI-GAST_183	Gastric	cholesterol/isoprenoid	-0.0440451123035721	67	0.487654320987654	67	0.0931918016498822	181
WTSI-GAST_183	Gastric	fatty-acid oxidation	-0.205700630130111	62	0.425925925925926	62	-0.205700630130111	62
WTSI-GAST_183	Gastric	folate	-0.722649096879548	29	0.191358024691358	29	-0.722649096879548	29
WTSI-GAST_183	Gastric	glucose transport	0.336134903859979	21	0.734567901234568	21	0.336134903859979	21
WTSI-GAST_183	Gastric	glutamine/glutamate	0.202861644214237	135	0.592592592592593	135	0.202861644214237	135
WTSI-GAST_183	Gastric	glycolysis	-0.207928811633164	59	0.401234567901235	59	-0.138873195492682	240
WTSI-GAST_183	Gastric	iron	-0.0202132032069423	89	0.506172839506173	89	-0.0202132032069423	89
WTSI-GAST_183	Gastric	methionine	-0.0433449299177755	29	0.524691358024691	29	-0.0433449299177755	29
WTSI-GAST_183	Gastric	riboflavin	-0.0239108238698658	18	0.5	18	-0.0239108238698658	18
WTSI-GAST_183	Gastric	serine/glycine/one-carbon	-0.335528243248591	62	0.351851851851852	62	-0.335528243248591	62
WTSI-GAST_183	Gastric	sphingolipid	0.066554343884914	153	0.537037037037037	153	0.066554343884914	153
WTSI-GAST_183	Gastric	tryptophan	0.241694905720128	44	0.623456790123457	44	0.241694905720128	44
WTSI-GAST_183	Gastric	vitamin B12	0.481313187544593	19	0.771604938271605	19	0.481313187544593	19
WTSI-GAST_183	Gastric	zinc	0.372243935421888	15	0.716049382716049	15	0.372243935421888	15
WTSI-GAST_186	Gastric	BCAA	-0.121164286305502	52	0.432098765432099	52	-0.121164286305502	52
WTSI-GAST_186	Gastric	NAD	-0.00440173869944887	43	0.506172839506173	43	-0.00440173869944887	43
WTSI-GAST_186	Gastric	OXPHOS	-0.0575066515852425	246	0.5	246	-0.0675337045105046	310
WTSI-GAST_186	Gastric	PPP	0.214170552774823	27	0.611111111111111	27	0.214170552774823	31
WTSI-GAST_186	Gastric	TCA	-0.0891300060401712	42	0.503086419753086	42	-0.0891300060401712	42
WTSI-GAST_186	Gastric	amino-acid transport	-0.154332377075658	32	0.422839506172839	32	-0.154332377075658	32
WTSI-GAST_186	Gastric	arginine	0.116379154877537	50	0.567901234567901	50	-0.0152689649269638	100
WTSI-GAST_186	Gastric	cholesterol/isoprenoid	-0.0629313784317087	67	0.493827160493827	67	0.0247078643453793	181
WTSI-GAST_186	Gastric	fatty-acid oxidation	0.0423663823882811	62	0.540123456790123	62	0.0423663823882811	62
WTSI-GAST_186	Gastric	folate	0.0426697654951242	29	0.567901234567901	29	0.0426697654951242	29
WTSI-GAST_186	Gastric	glucose transport	-0.264431815500259	21	0.41358024691358	21	-0.264431815500259	21
WTSI-GAST_186	Gastric	glutamine/glutamate	0.0712103673147857	135	0.54320987654321	135	0.0712103673147857	135
WTSI-GAST_186	Gastric	glycolysis	-0.0402625768505421	59	0.524691358024691	59	0.0619921756495428	240
WTSI-GAST_186	Gastric	iron	-0.0522796951558191	89	0.506172839506173	89	-0.0522796951558191	89
WTSI-GAST_186	Gastric	methionine	-0.277214640137589	29	0.395061728395062	29	-0.277214640137589	29
WTSI-GAST_186	Gastric	riboflavin	0.0321436841173428	18	0.527777777777778	18	0.0321436841173428	18
WTSI-GAST_186	Gastric	serine/glycine/one-carbon	-0.181818040577857	62	0.422839506172839	62	-0.181818040577857	62
WTSI-GAST_186	Gastric	sphingolipid	0.0599841562095684	153	0.54320987654321	153	0.0599841562095684	153
WTSI-GAST_186	Gastric	tryptophan	-0.0919544644880041	44	0.475308641975309	44	-0.0919544644880041	44
WTSI-GAST_186	Gastric	vitamin B12	-0.171223443961227	19	0.432098765432099	19	-0.171223443961227	19
WTSI-GAST_186	Gastric	zinc	0.136562101239732	15	0.567901234567901	15	0.136562101239732	15
WTSI-GAST_187	Gastric	BCAA	-0.490008226656811	52	0.29320987654321	52	-0.490008226656811	52
WTSI-GAST_187	Gastric	NAD	0.0269322546718923	43	0.555555555555556	43	0.0269322546718923	43
WTSI-GAST_187	Gastric	OXPHOS	-0.362898722218848	246	0.339506172839506	246	-0.278024362165723	310
WTSI-GAST_187	Gastric	PPP	-0.751744997766221	27	0.185185185185185	27	-0.751744997766221	31
WTSI-GAST_187	Gastric	TCA	-0.407534460085111	42	0.311728395061728	42	-0.407534460085111	42
WTSI-GAST_187	Gastric	amino-acid transport	-0.867500357375474	32	0.166666666666667	32	-0.867500357375474	32
WTSI-GAST_187	Gastric	arginine	-0.409193538472604	50	0.299382716049383	50	0.12296082928887	100
WTSI-GAST_187	Gastric	cholesterol/isoprenoid	-0.687243576210425	67	0.209876543209877	67	-0.529465489082203	181
WTSI-GAST_187	Gastric	fatty-acid oxidation	-0.763562110699615	62	0.188271604938272	62	-0.763562110699615	62
WTSI-GAST_187	Gastric	folate	-0.330309216299794	29	0.376543209876543	29	-0.330309216299794	29
WTSI-GAST_187	Gastric	glucose transport	0.0792764369266098	21	0.574074074074074	21	0.0792764369266098	21
WTSI-GAST_187	Gastric	glutamine/glutamate	-0.667875563498739	135	0.209876543209877	135	-0.667875563498739	135
WTSI-GAST_187	Gastric	glycolysis	-0.409025534150808	59	0.333333333333333	59	-0.0838089321605758	240
WTSI-GAST_187	Gastric	iron	-0.388476212364614	89	0.333333333333333	89	-0.388476212364614	89
WTSI-GAST_187	Gastric	methionine	-0.0723773510810647	29	0.537037037037037	29	-0.0723773510810647	29
WTSI-GAST_187	Gastric	riboflavin	-0.889621655942879	18	0.194444444444444	18	-0.889621655942879	18
WTSI-GAST_187	Gastric	serine/glycine/one-carbon	0.224025402507903	62	0.601851851851852	62	0.224025402507903	62
WTSI-GAST_187	Gastric	sphingolipid	-0.0935766592306732	153	0.45679012345679	153	-0.0935766592306732	153
WTSI-GAST_187	Gastric	tryptophan	-0.0476465578108481	44	0.490740740740741	44	-0.0476465578108481	44
WTSI-GAST_187	Gastric	vitamin B12	-0.335661441448586	19	0.345679012345679	19	-0.335661441448586	19
WTSI-GAST_187	Gastric	zinc	-0.601572664583223	15	0.216049382716049	15	-0.601572664583223	15
WTSI-OESO_005	Oesophageal	BCAA	-0.0739116894654117	52	0.493827160493827	52	-0.0739116894654117	52
WTSI-OESO_005	Oesophageal	NAD	-0.0740012818740034	43	0.475308641975309	43	-0.0740012818740034	43
WTSI-OESO_005	Oesophageal	OXPHOS	-0.179683527747446	246	0.422839506172839	246	-0.185529068505663	310
WTSI-OESO_005	Oesophageal	PPP	-0.0380598864053453	27	0.462962962962963	27	-0.0405999084699655	31
WTSI-OESO_005	Oesophageal	TCA	0.167179759696024	42	0.592592592592593	42	0.167179759696024	42
WTSI-OESO_005	Oesophageal	amino-acid transport	-0.099493741020377	32	0.475308641975309	32	-0.099493741020377	32
WTSI-OESO_005	Oesophageal	arginine	0.200645706775227	50	0.62037037037037	50	0.0299621180776361	100
WTSI-OESO_005	Oesophageal	cholesterol/isoprenoid	0.0152675916417166	67	0.493827160493827	67	0.0236186730446502	181
WTSI-OESO_005	Oesophageal	fatty-acid oxidation	0.0191899804112244	62	0.540123456790123	62	0.0191899804112244	62
WTSI-OESO_005	Oesophageal	folate	0.0333107923018047	29	0.506172839506173	29	0.0333107923018047	29
WTSI-OESO_005	Oesophageal	glucose transport	-0.0304543268355386	21	0.512345679012346	21	-0.0304543268355386	21
WTSI-OESO_005	Oesophageal	glutamine/glutamate	0.0378122697621037	135	0.524691358024691	135	0.0378122697621037	135
WTSI-OESO_005	Oesophageal	glycolysis	-0.0405999084699655	59	0.475308641975309	59	0.0394911287630923	240
WTSI-OESO_005	Oesophageal	iron	-0.019612446208971	89	0.512345679012346	89	-0.019612446208971	89
WTSI-OESO_005	Oesophageal	methionine	-0.0366668505106594	29	0.462962962962963	29	-0.0366668505106594	29
WTSI-OESO_005	Oesophageal	riboflavin	-0.0726258583577052	18	0.5	18	-0.0726258583577052	18
WTSI-OESO_005	Oesophageal	serine/glycine/one-carbon	0.0523448484979077	62	0.537037037037037	62	0.0523448484979077	62
WTSI-OESO_005	Oesophageal	sphingolipid	0.0618754729619266	153	0.537037037037037	153	0.0618754729619266	153
WTSI-OESO_005	Oesophageal	tryptophan	0.155344826011936	44	0.595679012345679	44	0.155344826011936	44
WTSI-OESO_005	Oesophageal	vitamin B12	-0.021583283777141	19	0.518518518518519	19	-0.021583283777141	19
WTSI-OESO_005	Oesophageal	zinc	-0.258853785543213	15	0.388888888888889	15	-0.258853785543213	15
WTSI-OESO_198	Oesophageal	BCAA	-0.0614142878764052	52	0.493827160493827	52	-0.0614142878764052	52
WTSI-OESO_198	Oesophageal	NAD	0.0072711313606369	43	0.537037037037037	43	0.0072711313606369	43
WTSI-OESO_198	Oesophageal	OXPHOS	-0.00514119469096957	246	0.512345679012346	246	0.0272293507451008	310
WTSI-OESO_198	Oesophageal	PPP	-0.104924602219783	27	0.487654320987654	27	-0.104924602219783	31
WTSI-OESO_198	Oesophageal	TCA	0.0168011282432287	42	0.512345679012346	42	0.0168011282432287	42
WTSI-OESO_198	Oesophageal	amino-acid transport	0.110311821655955	32	0.537037037037037	32	0.110311821655955	32
WTSI-OESO_198	Oesophageal	arginine	-0.015923831221751	50	0.512345679012346	50	-0.0755849991382355	100
WTSI-OESO_198	Oesophageal	cholesterol/isoprenoid	0.0761817816457822	67	0.561728395061729	67	0.0604878004155822	181
WTSI-OESO_198	Oesophageal	fatty-acid oxidation	0.0685920318566743	62	0.555555555555556	62	0.0685920318566743	62
WTSI-OESO_198	Oesophageal	folate	0.056591589772875	29	0.530864197530864	29	0.056591589772875	29
WTSI-OESO_198	Oesophageal	glucose transport	0.024454693691047	21	0.524691358024691	21	0.024454693691047	21
WTSI-OESO_198	Oesophageal	glutamine/glutamate	-0.000503943142932706	135	0.5	135	-0.000503943142932706	135
WTSI-OESO_198	Oesophageal	glycolysis	-0.0426504695674531	59	0.487654320987654	59	-0.00516109909965906	240
WTSI-OESO_198	Oesophageal	iron	0.00112758466178681	89	0.524691358024691	89	0.00112758466178681	89
WTSI-OESO_198	Oesophageal	methionine	-0.0853797651645257	29	0.481481481481482	29	-0.0853797651645257	29
WTSI-OESO_198	Oesophageal	riboflavin	0.11092536550958	18	0.549382716049383	18	0.11092536550958	18
WTSI-OESO_198	Oesophageal	serine/glycine/one-carbon	0.168657871008307	62	0.595679012345679	62	0.168657871008307	62
WTSI-OESO_198	Oesophageal	sphingolipid	-0.0150742272246485	153	0.512345679012346	153	-0.0150742272246485	153
WTSI-OESO_198	Oesophageal	tryptophan	0.0844263327925457	44	0.580246913580247	44	0.0844263327925457	44
WTSI-OESO_198	Oesophageal	vitamin B12	0.113710763629597	19	0.555555555555556	19	0.113710763629597	19
WTSI-OESO_198	Oesophageal	zinc	-0.357865635039932	15	0.382716049382716	15	-0.357865635039932	15
WTSI-OESO_227	Oesophageal	BCAA	-0.191007100402194	52	0.425925925925926	52	-0.191007100402194	52
WTSI-OESO_227	Oesophageal	NAD	0.0207699506282137	43	0.506172839506173	43	0.0207699506282137	43
WTSI-OESO_227	Oesophageal	OXPHOS	0.0640861392002363	246	0.549382716049383	246	0.0577095423991104	310
WTSI-OESO_227	Oesophageal	PPP	0.0934789571320422	27	0.574074074074074	27	0.0588916550650641	31
WTSI-OESO_227	Oesophageal	TCA	0.00500067688260341	42	0.503086419753086	42	0.00500067688260341	42
WTSI-OESO_227	Oesophageal	amino-acid transport	0.0446206147572647	32	0.552469135802469	32	0.0446206147572647	32
WTSI-OESO_227	Oesophageal	arginine	0.0678286492747314	50	0.555555555555556	50	-0.000666642712001093	100
WTSI-OESO_227	Oesophageal	cholesterol/isoprenoid	-0.0707084373533608	67	0.450617283950617	67	0.0405518378442346	181
WTSI-OESO_227	Oesophageal	fatty-acid oxidation	-0.000681935890364811	62	0.537037037037037	62	-0.000681935890364811	62
WTSI-OESO_227	Oesophageal	folate	-0.273327138686653	29	0.37037037037037	29	-0.273327138686653	29
WTSI-OESO_227	Oesophageal	glucose transport	-0.0978687454276845	21	0.475308641975309	21	-0.0978687454276845	21
WTSI-OESO_227	Oesophageal	glutamine/glutamate	-0.0376724646595751	135	0.481481481481482	135	-0.0376724646595751	135
WTSI-OESO_227	Oesophageal	glycolysis	0.0185042292655608	59	0.5	59	-0.0356129520467833	240
WTSI-OESO_227	Oesophageal	iron	-0.11653950036969	89	0.469135802469136	89	-0.11653950036969	89
WTSI-OESO_227	Oesophageal	methionine	-0.164908040884359	29	0.450617283950617	29	-0.164908040884359	29
WTSI-OESO_227	Oesophageal	riboflavin	0.196750628313807	18	0.614197530864198	18	0.196750628313807	18
WTSI-OESO_227	Oesophageal	serine/glycine/one-carbon	-0.192318904260579	62	0.385802469135802	62	-0.192318904260579	62
WTSI-OESO_227	Oesophageal	sphingolipid	0.040067492509073	153	0.530864197530864	153	0.040067492509073	153
WTSI-OESO_227	Oesophageal	tryptophan	0.0392028082336293	44	0.574074074074074	44	0.0392028082336293	44
WTSI-OESO_227	Oesophageal	vitamin B12	-0.0261267334521441	19	0.481481481481482	19	-0.0261267334521441	19
WTSI-OESO_227	Oesophageal	zinc	0.0127838788514973	15	0.469135802469136	15	0.0127838788514973	15
WTSI-OESO_274	Oesophageal	BCAA	0.133266543355645	52	0.601851851851852	52	0.133266543355645	52
WTSI-OESO_274	Oesophageal	NAD	-0.420172140642519	43	0.290123456790123	43	-0.420172140642519	43
WTSI-OESO_274	Oesophageal	OXPHOS	0.0481187022502059	246	0.540123456790123	246	0.0464773179618733	310
WTSI-OESO_274	Oesophageal	PPP	-0.25181756818289	27	0.37037037037037	27	-0.25181756818289	31
WTSI-OESO_274	Oesophageal	TCA	0.280603082303705	42	0.697530864197531	42	0.280603082303705	42
WTSI-OESO_274	Oesophageal	amino-acid transport	0.86613862260806	32	0.845679012345679	32	0.86613862260806	32
WTSI-OESO_274	Oesophageal	arginine	0.0172810954166253	50	0.496913580246914	50	0.159391538110628	100
WTSI-OESO_274	Oesophageal	cholesterol/isoprenoid	0.220354777684342	67	0.648148148148148	67	0.0732457331369472	181
WTSI-OESO_274	Oesophageal	fatty-acid oxidation	0.148972503859019	62	0.595679012345679	62	0.148972503859019	62
WTSI-OESO_274	Oesophageal	folate	-0.261697639542324	29	0.388888888888889	29	-0.261697639542324	29
WTSI-OESO_274	Oesophageal	glucose transport	-0.000915783801114035	21	0.530864197530864	21	-0.000915783801114035	21
WTSI-OESO_274	Oesophageal	glutamine/glutamate	0.234797076875402	135	0.62962962962963	135	0.234797076875402	135
WTSI-OESO_274	Oesophageal	glycolysis	-0.197224881717126	59	0.401234567901235	59	0.130261230255833	240
WTSI-OESO_274	Oesophageal	iron	0.205634683249979	89	0.635802469135803	89	0.205634683249979	89
WTSI-OESO_274	Oesophageal	methionine	0.00709943581078965	29	0.530864197530864	29	0.00709943581078965	29
WTSI-OESO_274	Oesophageal	riboflavin	0.18979528266138	18	0.601851851851852	18	0.18979528266138	18
WTSI-OESO_274	Oesophageal	serine/glycine/one-carbon	-0.293644653169501	62	0.354938271604938	62	-0.293644653169501	62
WTSI-OESO_274	Oesophageal	sphingolipid	0.185836469682857	153	0.598765432098765	153	0.185836469682857	153
WTSI-OESO_274	Oesophageal	tryptophan	0.0150400815876459	44	0.5	44	0.0150400815876459	44
WTSI-OESO_274	Oesophageal	vitamin B12	-0.045638424372906	19	0.475308641975309	19	-0.045638424372906	19
WTSI-OESO_274	Oesophageal	zinc	0.601862425890458	15	0.759259259259259	15	0.601862425890458	15
WTSI-OESO_286	Oesophageal	BCAA	-0.00106853928607032	52	0.509259259259259	52	-0.00106853928607032	52
WTSI-OESO_286	Oesophageal	NAD	-0.0455215705231966	43	0.5	43	-0.0455215705231966	43
WTSI-OESO_286	Oesophageal	OXPHOS	-0.0946052033662078	246	0.472222222222222	246	-0.0988763127838221	310
WTSI-OESO_286	Oesophageal	PPP	-0.0471905234824606	27	0.5	27	-0.0471905234824606	31
WTSI-OESO_286	Oesophageal	TCA	0.0348381573885014	42	0.555555555555556	42	0.0348381573885014	42
WTSI-OESO_286	Oesophageal	amino-acid transport	0.343778738802252	32	0.697530864197531	32	0.343778738802252	32
WTSI-OESO_286	Oesophageal	arginine	-0.0441708765332334	50	0.475308641975309	50	-0.0330907065197412	100
WTSI-OESO_286	Oesophageal	cholesterol/isoprenoid	5.01964601222292e-05	67	0.512345679012346	67	-0.0207469501953418	181
WTSI-OESO_286	Oesophageal	fatty-acid oxidation	0.0126073695585574	62	0.509259259259259	62	0.0126073695585574	62
WTSI-OESO_286	Oesophageal	folate	0.204042887620429	29	0.617283950617284	29	0.204042887620429	29
WTSI-OESO_286	Oesophageal	glucose transport	-0.103731712151801	21	0.469135802469136	21	-0.103731712151801	21
WTSI-OESO_286	Oesophageal	glutamine/glutamate	0.140828907165405	135	0.574074074074074	135	0.140828907165405	135
WTSI-OESO_286	Oesophageal	glycolysis	-0.107820224101926	59	0.450617283950617	59	-0.0107238966369359	240
WTSI-OESO_286	Oesophageal	iron	0.0185837127335628	89	0.555555555555556	89	0.0185837127335628	89
WTSI-OESO_286	Oesophageal	methionine	0.00358327898754731	29	0.506172839506173	29	0.00358327898754731	29
WTSI-OESO_286	Oesophageal	riboflavin	0.230016962843611	18	0.626543209876543	18	0.230016962843611	18
WTSI-OESO_286	Oesophageal	serine/glycine/one-carbon	-0.259680533926124	62	0.367283950617284	62	-0.259680533926124	62
WTSI-OESO_286	Oesophageal	sphingolipid	-0.0142118912765771	153	0.481481481481482	153	-0.0142118912765771	153
WTSI-OESO_286	Oesophageal	tryptophan	-0.166787314016279	44	0.419753086419753	44	-0.166787314016279	44
WTSI-OESO_286	Oesophageal	vitamin B12	0.235884552945079	19	0.648148148148148	19	0.235884552945079	19
WTSI-OESO_286	Oesophageal	zinc	0.0542571005773346	15	0.512345679012346	15	0.0542571005773346	15
WTSI-OESO_288	Oesophageal	BCAA	-0.145820756060096	52	0.441358024691358	52	-0.145820756060096	52
WTSI-OESO_288	Oesophageal	NAD	0.0979123344886022	43	0.549382716049383	43	0.0979123344886022	43
WTSI-OESO_288	Oesophageal	OXPHOS	-0.086553411817663	246	0.475308641975309	246	-0.0958194058807097	310
WTSI-OESO_288	Oesophageal	PPP	-0.135866432313255	27	0.432098765432099	27	-0.135866432313255	31
WTSI-OESO_288	Oesophageal	TCA	-0.0129473053322888	42	0.506172839506173	42	-0.0129473053322888	42
WTSI-OESO_288	Oesophageal	amino-acid transport	-0.0883397590805175	32	0.453703703703704	32	-0.0883397590805175	32
WTSI-OESO_288	Oesophageal	arginine	-0.0717096571704958	50	0.5	50	-0.106003048507442	100
WTSI-OESO_288	Oesophageal	cholesterol/isoprenoid	-0.0549191714944421	67	0.487654320987654	67	-0.0349041465848001	181
WTSI-OESO_288	Oesophageal	fatty-acid oxidation	-0.00378740643909362	62	0.503086419753086	62	-0.00378740643909362	62
WTSI-OESO_288	Oesophageal	folate	0.168968007172483	29	0.574074074074074	29	0.168968007172483	29
WTSI-OESO_288	Oesophageal	glucose transport	-0.33484356225962	21	0.339506172839506	21	-0.33484356225962	21
WTSI-OESO_288	Oesophageal	glutamine/glutamate	0.10681075813564	135	0.574074074074074	135	0.10681075813564	135
WTSI-OESO_288	Oesophageal	glycolysis	-0.0671434167464862	59	0.475308641975309	59	0.0284867189313524	240
WTSI-OESO_288	Oesophageal	iron	-0.0433322598291115	89	0.506172839506173	89	-0.0433322598291115	89
WTSI-OESO_288	Oesophageal	methionine	0.0102482557192559	29	0.506172839506173	29	0.0102482557192559	29
WTSI-OESO_288	Oesophageal	riboflavin	0.137835202551538	18	0.552469135802469	18	0.137835202551538	18
WTSI-OESO_288	Oesophageal	serine/glycine/one-carbon	0.132149088256048	62	0.549382716049383	62	0.132149088256048	62
WTSI-OESO_288	Oesophageal	sphingolipid	-0.0770219313669775	153	0.475308641975309	153	-0.0770219313669775	153
WTSI-OESO_288	Oesophageal	tryptophan	-0.0042740762301421	44	0.518518518518519	44	-0.0042740762301421	44
WTSI-OESO_288	Oesophageal	vitamin B12	-0.0979729128986084	19	0.481481481481482	19	-0.0979729128986084	19
WTSI-OESO_288	Oesophageal	zinc	-0.558245656184282	15	0.265432098765432	15	-0.558245656184282	15
WTSI-OESO_292	Oesophageal	BCAA	-0.0508345449937159	52	0.484567901234568	52	-0.0508345449937159	52
WTSI-OESO_292	Oesophageal	NAD	0.0666855770571262	43	0.518518518518519	43	0.0666855770571262	43
WTSI-OESO_292	Oesophageal	OXPHOS	-0.219161830891479	246	0.419753086419753	246	-0.204560155285438	310
WTSI-OESO_292	Oesophageal	PPP	-0.0624630769157311	27	0.444444444444444	27	-0.0624630769157311	31
WTSI-OESO_292	Oesophageal	TCA	-0.192876854921236	42	0.407407407407407	42	-0.192876854921236	42
WTSI-OESO_292	Oesophageal	amino-acid transport	0.125127252053254	32	0.58641975308642	32	0.125127252053254	32
WTSI-OESO_292	Oesophageal	arginine	-0.0525386016680086	50	0.503086419753086	50	-0.115640235442604	100
WTSI-OESO_292	Oesophageal	cholesterol/isoprenoid	0.0168261615251161	67	0.530864197530864	67	0.0162939090775327	181
WTSI-OESO_292	Oesophageal	fatty-acid oxidation	0.0316455184903746	62	0.549382716049383	62	0.0316455184903746	62
WTSI-OESO_292	Oesophageal	folate	0.063471804341208	29	0.555555555555556	29	0.063471804341208	29
WTSI-OESO_292	Oesophageal	glucose transport	0.416558682257214	21	0.697530864197531	21	0.416558682257214	21
WTSI-OESO_292	Oesophageal	glutamine/glutamate	0.0586715843280788	135	0.54320987654321	135	0.0586715843280788	135
WTSI-OESO_292	Oesophageal	glycolysis	-0.0424384229382723	59	0.493827160493827	59	0.0382907342402792	240
WTSI-OESO_292	Oesophageal	iron	-0.128205233793627	89	0.438271604938272	89	-0.128205233793627	89
WTSI-OESO_292	Oesophageal	methionine	0.36467231627854	29	0.679012345679012	29	0.36467231627854	29
WTSI-OESO_292	Oesophageal	riboflavin	-0.0858244238184003	18	0.515432098765432	18	-0.0858244238184003	18
WTSI-OESO_292	Oesophageal	serine/glycine/one-carbon	0.117154350456128	62	0.567901234567901	62	0.117154350456128	62
WTSI-OESO_292	Oesophageal	sphingolipid	-0.126190099838863	153	0.462962962962963	153	-0.126190099838863	153
WTSI-OESO_292	Oesophageal	tryptophan	-0.131037632792289	44	0.450617283950617	44	-0.131037632792289	44
WTSI-OESO_292	Oesophageal	vitamin B12	-0.0370839920246193	19	0.487654320987654	19	-0.0370839920246193	19
WTSI-OESO_292	Oesophageal	zinc	0.233119292959051	15	0.611111111111111	15	0.233119292959051	15
WTSI-OESO_294	Oesophageal	BCAA	-0.159305950870358	52	0.441358024691358	52	-0.159305950870358	52
WTSI-OESO_294	Oesophageal	NAD	0.111352445915623	43	0.574074074074074	43	0.111352445915623	43
WTSI-OESO_294	Oesophageal	OXPHOS	-0.10702251658734	246	0.447530864197531	246	-0.109118813578074	310
WTSI-OESO_294	Oesophageal	PPP	0.326764339514462	27	0.685185185185185	27	0.193403129091203	31
WTSI-OESO_294	Oesophageal	TCA	-0.23830628936609	42	0.401234567901235	42	-0.23830628936609	42
WTSI-OESO_294	Oesophageal	amino-acid transport	0.0653073541819215	32	0.537037037037037	32	0.0653073541819215	32
WTSI-OESO_294	Oesophageal	arginine	0.0594902468007304	50	0.552469135802469	50	0.0384367955823738	100
WTSI-OESO_294	Oesophageal	cholesterol/isoprenoid	-0.0874197481208401	67	0.481481481481482	67	-0.0925376317121895	181
WTSI-OESO_294	Oesophageal	fatty-acid oxidation	0.109262866052758	62	0.564814814814815	62	0.109262866052758	62
WTSI-OESO_294	Oesophageal	folate	0.00704381950201955	29	0.518518518518519	29	0.00704381950201955	29
WTSI-OESO_294	Oesophageal	glucose transport	-0.136636231556694	21	0.419753086419753	21	-0.136636231556694	21
WTSI-OESO_294	Oesophageal	glutamine/glutamate	-0.094780003133578	135	0.469135802469136	135	-0.094780003133578	135
WTSI-OESO_294	Oesophageal	glycolysis	0.0398213402170124	59	0.530864197530864	59	-0.00393453910286116	240
WTSI-OESO_294	Oesophageal	iron	-0.111428875878705	89	0.462962962962963	89	-0.111428875878705	89
WTSI-OESO_294	Oesophageal	methionine	0.149495290294572	29	0.623456790123457	29	0.149495290294572	29
WTSI-OESO_294	Oesophageal	riboflavin	-0.260877597623219	18	0.382716049382716	18	-0.260877597623219	18
WTSI-OESO_294	Oesophageal	serine/glycine/one-carbon	0.0216127655976059	62	0.558641975308642	62	0.0216127655976059	62
WTSI-OESO_294	Oesophageal	sphingolipid	-0.0831211935986661	153	0.462962962962963	153	-0.0831211935986661	153
WTSI-OESO_294	Oesophageal	tryptophan	-0.09788426655299	44	0.435185185185185	44	-0.09788426655299	44
WTSI-OESO_294	Oesophageal	vitamin B12	-0.130497010016455	19	0.462962962962963	19	-0.130497010016455	19
WTSI-OESO_294	Oesophageal	zinc	0.0228444969108427	15	0.518518518518519	15	0.0228444969108427	15
WTSI-OESO_304	Oesophageal	BCAA	-0.133704454279606	52	0.447530864197531	52	-0.133704454279606	52
WTSI-OESO_304	Oesophageal	NAD	0.113272622388442	43	0.567901234567901	43	0.113272622388442	43
WTSI-OESO_304	Oesophageal	OXPHOS	-0.254559229885591	246	0.37962962962963	246	-0.282273982672642	310
WTSI-OESO_304	Oesophageal	PPP	0.0497827575252313	27	0.54320987654321	27	0.0793300584603053	31
WTSI-OESO_304	Oesophageal	TCA	-0.236640935406043	42	0.37962962962963	42	-0.236640935406043	42
WTSI-OESO_304	Oesophageal	amino-acid transport	-0.024991473939074	32	0.487654320987654	32	-0.024991473939074	32
WTSI-OESO_304	Oesophageal	arginine	0.107397873577307	50	0.561728395061729	50	0.050756519392009	100
WTSI-OESO_304	Oesophageal	cholesterol/isoprenoid	-0.00982434886090794	67	0.530864197530864	67	0.0793300584603053	181
WTSI-OESO_304	Oesophageal	fatty-acid oxidation	0.136170017744972	62	0.623456790123457	62	0.136170017744972	62
WTSI-OESO_304	Oesophageal	folate	-0.0839357759001731	29	0.469135802469136	29	-0.0839357759001731	29
WTSI-OESO_304	Oesophageal	glucose transport	-0.359587518967332	21	0.351851851851852	21	-0.359587518967332	21
WTSI-OESO_304	Oesophageal	glutamine/glutamate	0.00493387930906014	135	0.512345679012346	135	0.00493387930906014	135
WTSI-OESO_304	Oesophageal	glycolysis	0.420695440768055	59	0.703703703703704	59	-0.0221668209207	240
WTSI-OESO_304	Oesophageal	iron	-0.0403206926452	89	0.469135802469136	89	-0.0403206926452	89
WTSI-OESO_304	Oesophageal	methionine	-0.259932820210575	29	0.41358024691358	29	-0.259932820210575	29
WTSI-OESO_304	Oesophageal	riboflavin	-0.0325741450524851	18	0.481481481481482	18	-0.0325741450524851	18
WTSI-OESO_304	Oesophageal	serine/glycine/one-carbon	-0.00181751160437522	62	0.478395061728395	62	-0.00181751160437522	62
WTSI-OESO_304	Oesophageal	sphingolipid	0.00245957657495874	153	0.512345679012346	153	0.00245957657495874	153
WTSI-OESO_304	Oesophageal	tryptophan	0.125731460697284	44	0.574074074074074	44	0.125731460697284	44
WTSI-OESO_304	Oesophageal	vitamin B12	0.114846639152403	19	0.592592592592593	19	0.114846639152403	19
WTSI-OESO_304	Oesophageal	zinc	-0.442720704359627	15	0.259259259259259	15	-0.442720704359627	15
WTSI-OESO_308	Oesophageal	BCAA	-0.143495367970588	52	0.441358024691358	52	-0.143495367970588	52
WTSI-OESO_308	Oesophageal	NAD	-0.176915193223439	43	0.419753086419753	43	-0.176915193223439	43
WTSI-OESO_308	Oesophageal	OXPHOS	-0.0973561272538226	246	0.493827160493827	246	-0.144420080993497	310
WTSI-OESO_308	Oesophageal	PPP	-0.182451580639284	27	0.432098765432099	27	-0.191054280356739	31
WTSI-OESO_308	Oesophageal	TCA	-0.150187386202647	42	0.407407407407407	42	-0.150187386202647	42
WTSI-OESO_308	Oesophageal	amino-acid transport	-0.170088850739636	32	0.398148148148148	32	-0.170088850739636	32
WTSI-OESO_308	Oesophageal	arginine	0.124185471854914	50	0.570987654320988	50	0.13155238465877	100
WTSI-OESO_308	Oesophageal	cholesterol/isoprenoid	0.0977635416642983	67	0.54320987654321	67	-0.0598953819988608	181
WTSI-OESO_308	Oesophageal	fatty-acid oxidation	-0.161787977908009	62	0.410493827160494	62	-0.161787977908009	62
WTSI-OESO_308	Oesophageal	folate	-0.225052676632413	29	0.382716049382716	29	-0.225052676632413	29
WTSI-OESO_308	Oesophageal	glucose transport	-0.0398353805269625	21	0.506172839506173	21	-0.0398353805269625	21
WTSI-OESO_308	Oesophageal	glutamine/glutamate	-0.0858612182361116	135	0.475308641975309	135	-0.0858612182361116	135
WTSI-OESO_308	Oesophageal	glycolysis	-0.0921428098494312	59	0.481481481481482	59	0.0338291578527761	240
WTSI-OESO_308	Oesophageal	iron	-0.178227224895665	89	0.425925925925926	89	-0.178227224895665	89
WTSI-OESO_308	Oesophageal	methionine	0.0457345518999388	29	0.530864197530864	29	0.0457345518999388	29
WTSI-OESO_308	Oesophageal	riboflavin	-0.00854774374714927	18	0.518518518518519	18	-0.00854774374714927	18
WTSI-OESO_308	Oesophageal	serine/glycine/one-carbon	-0.181625516182786	62	0.425925925925926	62	-0.181625516182786	62
WTSI-OESO_308	Oesophageal	sphingolipid	-0.120530710924314	153	0.450617283950617	153	-0.120530710924314	153
WTSI-OESO_308	Oesophageal	tryptophan	-0.0268044844776144	44	0.5	44	-0.0268044844776144	44
WTSI-OESO_308	Oesophageal	vitamin B12	-0.379092711140146	19	0.333333333333333	19	-0.379092711140146	19
WTSI-OESO_308	Oesophageal	zinc	0.41108757270916	15	0.697530864197531	15	0.41108757270916	15
WTSI-OESO_309	Oesophageal	BCAA	-0.0913055481923087	52	0.493827160493827	52	-0.0913055481923087	52
WTSI-OESO_309	Oesophageal	NAD	-0.0949180170352512	43	0.462962962962963	43	-0.0949180170352512	43
WTSI-OESO_309	Oesophageal	OXPHOS	-0.0326859741014608	246	0.512345679012346	246	-0.0946365641276926	310
WTSI-OESO_309	Oesophageal	PPP	0.210179256057832	27	0.617283950617284	27	0.268671264712176	31
WTSI-OESO_309	Oesophageal	TCA	0.167359810962659	42	0.595679012345679	42	0.167359810962659	42
WTSI-OESO_309	Oesophageal	amino-acid transport	0.0548714627382596	32	0.552469135802469	32	0.0548714627382596	32
WTSI-OESO_309	Oesophageal	arginine	-0.196230423469198	50	0.432098765432099	50	-0.303016508576602	100
WTSI-OESO_309	Oesophageal	cholesterol/isoprenoid	-0.11093895804453	67	0.487654320987654	67	0.0251310964230912	181
WTSI-OESO_309	Oesophageal	fatty-acid oxidation	-0.11904595123713	62	0.453703703703704	62	-0.11904595123713	62
WTSI-OESO_309	Oesophageal	folate	0.187474050958962	29	0.617283950617284	29	0.187474050958962	29
WTSI-OESO_309	Oesophageal	glucose transport	0.106011199906948	21	0.574074074074074	21	0.106011199906948	21
WTSI-OESO_309	Oesophageal	glutamine/glutamate	0.0519922862002257	135	0.54320987654321	135	0.0519922862002257	135
WTSI-OESO_309	Oesophageal	glycolysis	-0.172793585704588	59	0.401234567901235	59	-0.0595616861031545	240
WTSI-OESO_309	Oesophageal	iron	0.0451903135790672	89	0.555555555555556	89	0.0451903135790672	89
WTSI-OESO_309	Oesophageal	methionine	-0.178061590866397	29	0.419753086419753	29	-0.178061590866397	29
WTSI-OESO_309	Oesophageal	riboflavin	-0.0175524666147461	18	0.5	18	-0.0175524666147461	18
WTSI-OESO_309	Oesophageal	serine/glycine/one-carbon	0.265889929644289	62	0.641975308641975	62	0.265889929644289	62
WTSI-OESO_309	Oesophageal	sphingolipid	-0.00908755805345871	153	0.506172839506173	153	-0.00908755805345871	153
WTSI-OESO_309	Oesophageal	tryptophan	-0.0991674193566998	44	0.478395061728395	44	-0.0991674193566998	44
WTSI-OESO_309	Oesophageal	vitamin B12	0.23925601459922	19	0.611111111111111	19	0.23925601459922	19
WTSI-OESO_309	Oesophageal	zinc	0.202713257869053	15	0.623456790123457	15	0.202713257869053	15
WTSI-OESO_314	Oesophageal	BCAA	0.0130188173019144	52	0.524691358024691	52	0.0130188173019144	52
WTSI-OESO_314	Oesophageal	NAD	0.12193784684926	43	0.580246913580247	43	0.12193784684926	43
WTSI-OESO_314	Oesophageal	OXPHOS	-0.192530586841093	246	0.41358024691358	246	-0.222052877597979	310
WTSI-OESO_314	Oesophageal	PPP	-0.0205335333368331	27	0.518518518518519	27	-0.0205335333368331	31
WTSI-OESO_314	Oesophageal	TCA	-0.087659023169461	42	0.453703703703704	42	-0.087659023169461	42
WTSI-OESO_314	Oesophageal	amino-acid transport	-0.00171257532271129	32	0.515432098765432	32	-0.00171257532271129	32
WTSI-OESO_314	Oesophageal	arginine	0.0391122648519853	50	0.54320987654321	50	0.104408961358103	100
WTSI-OESO_314	Oesophageal	cholesterol/isoprenoid	0.0753728017770616	67	0.567901234567901	67	0.0281418505776914	181
WTSI-OESO_314	Oesophageal	fatty-acid oxidation	-0.0738993990505162	62	0.478395061728395	62	-0.0738993990505162	62
WTSI-OESO_314	Oesophageal	folate	-0.105322397312829	29	0.438271604938272	29	-0.105322397312829	29
WTSI-OESO_314	Oesophageal	glucose transport	-0.141557785752984	21	0.469135802469136	21	-0.141557785752984	21
WTSI-OESO_314	Oesophageal	glutamine/glutamate	0.0287521859975761	135	0.530864197530864	135	0.0287521859975761	135
WTSI-OESO_314	Oesophageal	glycolysis	-0.0205335333368331	59	0.512345679012346	59	-0.0476091807346066	240
WTSI-OESO_314	Oesophageal	iron	-0.113908375899229	89	0.438271604938272	89	-0.113908375899229	89
WTSI-OESO_314	Oesophageal	methionine	-0.160391801220474	29	0.450617283950617	29	-0.160391801220474	29
WTSI-OESO_314	Oesophageal	riboflavin	0.0508148984953301	18	0.521604938271605	18	0.0508148984953301	18
WTSI-OESO_314	Oesophageal	serine/glycine/one-carbon	-0.114894092059872	62	0.450617283950617	62	-0.114894092059872	62
WTSI-OESO_314	Oesophageal	sphingolipid	-0.0201642587898602	153	0.5	153	-0.0201642587898602	153
WTSI-OESO_314	Oesophageal	tryptophan	-0.0278923794365465	44	0.493827160493827	44	-0.0278923794365465	44
WTSI-OESO_314	Oesophageal	vitamin B12	0.141654636392688	19	0.561728395061729	19	0.141654636392688	19
WTSI-OESO_314	Oesophageal	zinc	0.133368560245772	15	0.617283950617284	15	0.133368560245772	15
WTSI-OESO_319	Oesophageal	BCAA	-0.157016250136465	52	0.425925925925926	52	-0.157016250136465	52
WTSI-OESO_319	Oesophageal	NAD	0.0558310051026029	43	0.567901234567901	43	0.0558310051026029	43
WTSI-OESO_319	Oesophageal	OXPHOS	-0.20975024106784	246	0.422839506172839	246	-0.11165306000006	310
WTSI-OESO_319	Oesophageal	PPP	-0.747845494535684	27	0.216049382716049	27	-0.424060803489511	31
WTSI-OESO_319	Oesophageal	TCA	-0.383575876620242	42	0.33641975308642	42	-0.383575876620242	42
WTSI-OESO_319	Oesophageal	amino-acid transport	0.484147992400871	32	0.765432098765432	32	0.484147992400871	32
WTSI-OESO_319	Oesophageal	arginine	0.122980116488989	50	0.577160493827161	50	-0.0598162418915052	100
WTSI-OESO_319	Oesophageal	cholesterol/isoprenoid	0.0795410238380754	67	0.537037037037037	67	0.145047140570939	181
WTSI-OESO_319	Oesophageal	fatty-acid oxidation	-0.199634130202968	62	0.429012345679012	62	-0.199634130202968	62
WTSI-OESO_319	Oesophageal	folate	-0.323024073212775	29	0.364197530864198	29	-0.323024073212775	29
WTSI-OESO_319	Oesophageal	glucose transport	-0.447663411456649	21	0.277777777777778	21	-0.447663411456649	21
WTSI-OESO_319	Oesophageal	glutamine/glutamate	0.0868627757228053	135	0.54320987654321	135	0.0868627757228053	135
WTSI-OESO_319	Oesophageal	glycolysis	0.0613354817720191	59	0.537037037037037	59	-0.215766082837559	240
WTSI-OESO_319	Oesophageal	iron	-0.35079329790749	89	0.345679012345679	89	-0.35079329790749	89
WTSI-OESO_319	Oesophageal	methionine	-0.117753506788508	29	0.462962962962963	29	-0.117753506788508	29
WTSI-OESO_319	Oesophageal	riboflavin	0.502990151526774	18	0.753086419753086	18	0.502990151526774	18
WTSI-OESO_319	Oesophageal	serine/glycine/one-carbon	-0.274503751989159	62	0.354938271604938	62	-0.274503751989159	62
WTSI-OESO_319	Oesophageal	sphingolipid	-0.251678577814815	153	0.364197530864198	153	-0.251678577814815	153
WTSI-OESO_319	Oesophageal	tryptophan	-0.0440903791947132	44	0.506172839506173	44	-0.0440903791947132	44
WTSI-OESO_319	Oesophageal	vitamin B12	0.118957533003889	19	0.58641975308642	19	0.118957533003889	19
WTSI-OESO_319	Oesophageal	zinc	-0.127570648243654	15	0.475308641975309	15	-0.127570648243654	15
WTSI-OESO_323	Oesophageal	BCAA	-0.184440541204481	52	0.419753086419753	52	-0.184440541204481	52
WTSI-OESO_323	Oesophageal	NAD	0.0517448618442925	43	0.518518518518519	43	0.0517448618442925	43
WTSI-OESO_323	Oesophageal	OXPHOS	-0.0955220635902382	246	0.472222222222222	246	-0.104278317816321	310
WTSI-OESO_323	Oesophageal	PPP	-0.0807827938129661	27	0.481481481481482	27	-0.00321014093958897	31
WTSI-OESO_323	Oesophageal	TCA	-0.184049869987709	42	0.441358024691358	42	-0.184049869987709	42
WTSI-OESO_323	Oesophageal	amino-acid transport	0.0462024132148891	32	0.54320987654321	32	0.0462024132148891	32
WTSI-OESO_323	Oesophageal	arginine	0.179490496261627	50	0.617283950617284	50	0.0660484571750715	100
WTSI-OESO_323	Oesophageal	cholesterol/isoprenoid	-0.203288817784063	67	0.438271604938272	67	-0.0212062867070058	181
WTSI-OESO_323	Oesophageal	fatty-acid oxidation	0.0298833008540921	62	0.54320987654321	62	0.0298833008540921	62
WTSI-OESO_323	Oesophageal	folate	0.195292105335979	29	0.611111111111111	29	0.195292105335979	29
WTSI-OESO_323	Oesophageal	glucose transport	0.136877482308441	21	0.592592592592593	21	0.136877482308441	21
WTSI-OESO_323	Oesophageal	glutamine/glutamate	0.0774099261141186	135	0.549382716049383	135	0.0774099261141186	135
WTSI-OESO_323	Oesophageal	glycolysis	-0.0188407519641974	59	0.481481481481482	59	0.0252456769798518	240
WTSI-OESO_323	Oesophageal	iron	-0.0853605926922312	89	0.493827160493827	89	-0.0853605926922312	89
WTSI-OESO_323	Oesophageal	methionine	-0.0234963311437966	29	0.512345679012346	29	-0.0234963311437966	29
WTSI-OESO_323	Oesophageal	riboflavin	0.0453671101473744	18	0.524691358024692	18	0.0453671101473744	18
WTSI-OESO_323	Oesophageal	serine/glycine/one-carbon	-0.138370347810901	62	0.438271604938272	62	-0.138370347810901	62
WTSI-OESO_323	Oesophageal	sphingolipid	-0.0138110665761876	153	0.506172839506173	153	-0.0138110665761876	153
WTSI-OESO_323	Oesophageal	tryptophan	0.042490913848254	44	0.521604938271605	44	0.042490913848254	44
WTSI-OESO_323	Oesophageal	vitamin B12	0.230677295012029	19	0.611111111111111	19	0.230677295012029	19
WTSI-OESO_323	Oesophageal	zinc	0.270388743497379	15	0.648148148148148	15	0.270388743497379	15
WTSI-OESO_324	Oesophageal	BCAA	0.0148747045331315	52	0.518518518518519	52	0.0148747045331315	52
WTSI-OESO_324	Oesophageal	NAD	-0.0816200815395155	43	0.438271604938272	43	-0.0816200815395155	43
WTSI-OESO_324	Oesophageal	OXPHOS	-0.0266137248405463	246	0.518518518518519	246	-0.00657664449247924	310
WTSI-OESO_324	Oesophageal	PPP	-0.364905180702882	27	0.351851851851852	27	-0.364905180702882	31
WTSI-OESO_324	Oesophageal	TCA	-0.0842645197259354	42	0.521604938271605	42	-0.0842645197259354	42
WTSI-OESO_324	Oesophageal	amino-acid transport	-0.0269291523742756	32	0.481481481481482	32	-0.0269291523742756	32
WTSI-OESO_324	Oesophageal	arginine	-0.00518432155890937	50	0.478395061728395	50	-0.0279432318748368	100
WTSI-OESO_324	Oesophageal	cholesterol/isoprenoid	-0.226175908034417	67	0.425925925925926	67	-0.0094591630424777	181
WTSI-OESO_324	Oesophageal	fatty-acid oxidation	-0.210699013699607	62	0.410493827160494	62	-0.210699013699607	62
WTSI-OESO_324	Oesophageal	folate	0.602243281164889	29	0.802469135802469	29	0.602243281164889	29
WTSI-OESO_324	Oesophageal	glucose transport	-0.478406205726945	21	0.314814814814815	21	-0.478406205726945	21
WTSI-OESO_324	Oesophageal	glutamine/glutamate	-0.00267414698185793	135	0.487654320987654	135	-0.00267414698185793	135
WTSI-OESO_324	Oesophageal	glycolysis	-0.0690723097916991	59	0.45679012345679	59	-0.210748846751273	240
WTSI-OESO_324	Oesophageal	iron	-0.233469434105793	89	0.425925925925926	89	-0.233469434105793	89
WTSI-OESO_324	Oesophageal	methionine	0.145440258358908	29	0.604938271604938	29	0.145440258358908	29
WTSI-OESO_324	Oesophageal	riboflavin	-0.265246149287582	18	0.391975308641975	18	-0.265246149287582	18
WTSI-OESO_324	Oesophageal	serine/glycine/one-carbon	-0.153560546648496	62	0.419753086419753	62	-0.153560546648496	62
WTSI-OESO_324	Oesophageal	sphingolipid	0.104631163583765	153	0.537037037037037	153	0.104631163583765	153
WTSI-OESO_324	Oesophageal	tryptophan	0.019627573812308	44	0.518518518518519	44	0.019627573812308	44
WTSI-OESO_324	Oesophageal	vitamin B12	-0.534856510594293	19	0.265432098765432	19	-0.534856510594293	19
WTSI-OESO_324	Oesophageal	zinc	0.423231541775844	15	0.709876543209877	15	0.423231541775844	15
WTSI-OESO_326	Oesophageal	BCAA	-0.032624712933038	52	0.524691358024691	52	-0.032624712933038	52
WTSI-OESO_326	Oesophageal	NAD	0.0919677255322778	43	0.530864197530864	43	0.0919677255322778	43
WTSI-OESO_326	Oesophageal	OXPHOS	-0.0951084642477985	246	0.475308641975309	246	-0.108173050505226	310
WTSI-OESO_326	Oesophageal	PPP	0.226972290926528	27	0.666666666666667	27	0.226972290926528	31
WTSI-OESO_326	Oesophageal	TCA	0.0481367284969638	42	0.530864197530864	42	0.0481367284969638	42
WTSI-OESO_326	Oesophageal	amino-acid transport	-0.0283734354048136	32	0.481481481481482	32	-0.0283734354048136	32
WTSI-OESO_326	Oesophageal	arginine	0.101776618943845	50	0.583333333333333	50	-0.0169897364441487	100
WTSI-OESO_326	Oesophageal	cholesterol/isoprenoid	0.0365258650590655	67	0.518518518518519	67	0.00612786739159974	181
WTSI-OESO_326	Oesophageal	fatty-acid oxidation	0.0343962714566028	62	0.518518518518519	62	0.0343962714566028	62
WTSI-OESO_326	Oesophageal	folate	0.443257165610554	29	0.716049382716049	29	0.443257165610554	29
WTSI-OESO_326	Oesophageal	glucose transport	0.0536268152574808	21	0.561728395061729	21	0.0536268152574808	21
WTSI-OESO_326	Oesophageal	glutamine/glutamate	-0.00771590805746583	135	0.493827160493827	135	-0.00771590805746583	135
WTSI-OESO_326	Oesophageal	glycolysis	-0.0372535698987163	59	0.524691358024691	59	-0.0093227589028526	240
WTSI-OESO_326	Oesophageal	iron	0.00369603056795491	89	0.524691358024691	89	0.00369603056795491	89
WTSI-OESO_326	Oesophageal	methionine	0.242251533005006	29	0.641975308641975	29	0.242251533005006	29
WTSI-OESO_326	Oesophageal	riboflavin	0.191994829117591	18	0.62037037037037	18	0.191994829117591	18
WTSI-OESO_326	Oesophageal	serine/glycine/one-carbon	0.385011713400476	62	0.691358024691358	62	0.385011713400476	62
WTSI-OESO_326	Oesophageal	sphingolipid	0.172112211995075	153	0.580246913580247	153	0.172112211995075	153
WTSI-OESO_326	Oesophageal	tryptophan	0.0678525173863752	44	0.561728395061729	44	0.0678525173863752	44
WTSI-OESO_326	Oesophageal	vitamin B12	0.0737068529957155	19	0.58641975308642	19	0.0737068529957155	19
WTSI-OESO_326	Oesophageal	zinc	0.405228992709769	15	0.67283950617284	15	0.405228992709769	15
WTSI-OESO_328	Oesophageal	BCAA	-0.0825178774810347	52	0.484567901234568	52	-0.0825178774810347	52
WTSI-OESO_328	Oesophageal	NAD	0.00105562237706329	43	0.537037037037037	43	0.00105562237706329	43
WTSI-OESO_328	Oesophageal	OXPHOS	-0.161106597439776	246	0.438271604938272	246	-0.143124654382988	310
WTSI-OESO_328	Oesophageal	PPP	0.00488635515616347	27	0.487654320987654	27	0.00488635515616347	31
WTSI-OESO_328	Oesophageal	TCA	-0.0237521751301073	42	0.503086419753086	42	-0.0237521751301073	42
WTSI-OESO_328	Oesophageal	amino-acid transport	-0.0358873654494893	32	0.475308641975309	32	-0.0358873654494893	32
WTSI-OESO_328	Oesophageal	arginine	0.0484538006771014	50	0.530864197530864	50	-0.0958685690071281	100
WTSI-OESO_328	Oesophageal	cholesterol/isoprenoid	-0.0757140494550607	67	0.481481481481482	67	0.00285631665505004	181
WTSI-OESO_328	Oesophageal	fatty-acid oxidation	0.0795779139335247	62	0.561728395061729	62	0.0795779139335247	62
WTSI-OESO_328	Oesophageal	folate	0.0635704099325647	29	0.549382716049383	29	0.0635704099325647	29
WTSI-OESO_328	Oesophageal	glucose transport	0.122237075338642	21	0.555555555555556	21	0.122237075338642	21
WTSI-OESO_328	Oesophageal	glutamine/glutamate	0.00139712733021878	135	0.5	135	0.00139712733021878	135
WTSI-OESO_328	Oesophageal	glycolysis	0.00488635515616347	59	0.493827160493827	59	0.0129017455843443	240
WTSI-OESO_328	Oesophageal	iron	-0.113530697518919	89	0.469135802469136	89	-0.113530697518919	89
WTSI-OESO_328	Oesophageal	methionine	-0.246409500669201	29	0.388888888888889	29	-0.246409500669201	29
WTSI-OESO_328	Oesophageal	riboflavin	0.249301866467817	18	0.66358024691358	18	0.249301866467817	18
WTSI-OESO_328	Oesophageal	serine/glycine/one-carbon	0.0208204657337416	62	0.521604938271605	62	0.0208204657337416	62
WTSI-OESO_328	Oesophageal	sphingolipid	0.00633697105860444	153	0.5	153	0.00633697105860444	153
WTSI-OESO_328	Oesophageal	tryptophan	0.117824117391885	44	0.577160493827161	44	0.117824117391885	44
WTSI-OESO_328	Oesophageal	vitamin B12	0.344068916863381	19	0.703703703703704	19	0.344068916863381	19
WTSI-OESO_328	Oesophageal	zinc	0.228960920103802	15	0.635802469135803	15	0.228960920103802	15
WTSI-OESO_339	Oesophageal	BCAA	0.00234576094964869	52	0.515432098765432	52	0.00234576094964869	52
WTSI-OESO_339	Oesophageal	NAD	0.0835454488672319	43	0.561728395061729	43	0.0835454488672319	43
WTSI-OESO_339	Oesophageal	OXPHOS	0.0151678732185153	246	0.537037037037037	246	0.0151678732185153	310
WTSI-OESO_339	Oesophageal	PPP	-0.108086542114747	27	0.45679012345679	27	-0.108086542114747	31
WTSI-OESO_339	Oesophageal	TCA	-0.0389183388063323	42	0.493827160493827	42	-0.0389183388063323	42
WTSI-OESO_339	Oesophageal	amino-acid transport	-0.0587620807627594	32	0.45679012345679	32	-0.0587620807627594	32
WTSI-OESO_339	Oesophageal	arginine	-0.0046447302538761	50	0.503086419753086	50	-0.0349959137721852	100
WTSI-OESO_339	Oesophageal	cholesterol/isoprenoid	-0.308658987030372	67	0.358024691358025	67	-0.0711512851673348	181
WTSI-OESO_339	Oesophageal	fatty-acid oxidation	-0.0504913699624559	62	0.478395061728395	62	-0.0504913699624559	62
WTSI-OESO_339	Oesophageal	folate	0.0945426042872695	29	0.530864197530864	29	0.0945426042872695	29
WTSI-OESO_339	Oesophageal	glucose transport	-0.0723929526705129	21	0.45679012345679	21	-0.0723929526705129	21
WTSI-OESO_339	Oesophageal	glutamine/glutamate	-0.0303948852092745	135	0.493827160493827	135	-0.0303948852092745	135
WTSI-OESO_339	Oesophageal	glycolysis	-0.0360869818427635	59	0.524691358024691	59	-0.0105041140203531	240
WTSI-OESO_339	Oesophageal	iron	-0.0669721516949508	89	0.487654320987654	89	-0.0669721516949508	89
WTSI-OESO_339	Oesophageal	methionine	-0.101707076596228	29	0.444444444444444	29	-0.101707076596228	29
WTSI-OESO_339	Oesophageal	riboflavin	-0.0182936050054682	18	0.512345679012346	18	-0.0182936050054682	18
WTSI-OESO_339	Oesophageal	serine/glycine/one-carbon	0.0127386559825207	62	0.518518518518519	62	0.0127386559825207	62
WTSI-OESO_339	Oesophageal	sphingolipid	0.100421578632984	153	0.54320987654321	153	0.100421578632984	153
WTSI-OESO_339	Oesophageal	tryptophan	-0.0271171634933917	44	0.490740740740741	44	-0.0271171634933917	44
WTSI-OESO_339	Oesophageal	vitamin B12	0.165157418833313	19	0.592592592592593	19	0.165157418833313	19
WTSI-OESO_339	Oesophageal	zinc	-0.188300152626404	15	0.5	15	-0.188300152626404	15
WTSI-OESO_354	Oesophageal	BCAA	0.0140114130928645	52	0.515432098765432	52	0.0140114130928645	52
WTSI-OESO_354	Oesophageal	NAD	0.0620365226076735	43	0.530864197530864	43	0.0620365226076735	43
WTSI-OESO_354	Oesophageal	OXPHOS	0.0880991450012617	246	0.558641975308642	246	0.057587921665883	310
WTSI-OESO_354	Oesophageal	PPP	-0.166861560885519	27	0.444444444444444	27	-0.166861560885519	31
WTSI-OESO_354	Oesophageal	TCA	-0.125016525521365	42	0.453703703703704	42	-0.125016525521365	42
WTSI-OESO_354	Oesophageal	amino-acid transport	-0.174807340483748	32	0.410493827160494	32	-0.174807340483748	32
WTSI-OESO_354	Oesophageal	arginine	0.166926091284376	50	0.604938271604938	50	0.0460938837349119	100
WTSI-OESO_354	Oesophageal	cholesterol/isoprenoid	0.118740736305532	67	0.592592592592593	67	0.00336035806257643	181
WTSI-OESO_354	Oesophageal	fatty-acid oxidation	0.108198062056782	62	0.570987654320988	62	0.108198062056782	62
WTSI-OESO_354	Oesophageal	folate	0.0594529610060146	29	0.54320987654321	29	0.0594529610060146	29
WTSI-OESO_354	Oesophageal	glucose transport	-0.0362813654509548	21	0.524691358024691	21	-0.0362813654509548	21
WTSI-OESO_354	Oesophageal	glutamine/glutamate	-0.0438672276146865	135	0.469135802469136	135	-0.0438672276146865	135
WTSI-OESO_354	Oesophageal	glycolysis	-0.141600067806539	59	0.444444444444444	59	-0.0467274828638345	240
WTSI-OESO_354	Oesophageal	iron	-0.00108695320885395	89	0.524691358024691	89	-0.00108695320885395	89
WTSI-OESO_354	Oesophageal	methionine	-0.358469424459575	29	0.376543209876543	29	-0.358469424459575	29
WTSI-OESO_354	Oesophageal	riboflavin	-0.163037303640871	18	0.410493827160494	18	-0.163037303640871	18
WTSI-OESO_354	Oesophageal	serine/glycine/one-carbon	0.065176731037852	62	0.54320987654321	62	0.065176731037852	62
WTSI-OESO_354	Oesophageal	sphingolipid	-0.0284526557572276	153	0.487654320987654	153	-0.0284526557572276	153
WTSI-OESO_354	Oesophageal	tryptophan	0.0299300249625192	44	0.509259259259259	44	0.0299300249625192	44
WTSI-OESO_354	Oesophageal	vitamin B12	0.0111049960229981	19	0.524691358024691	19	0.0111049960229981	19
WTSI-OESO_354	Oesophageal	zinc	0.18800043659873	15	0.561728395061729	15	0.18800043659873	15
WTSI-OESO_358	Oesophageal	BCAA	-0.0224781042931523	52	0.515432098765432	52	-0.0224781042931523	52
WTSI-OESO_358	Oesophageal	NAD	0.160210966355164	43	0.574074074074074	43	0.160210966355164	43
WTSI-OESO_358	Oesophageal	OXPHOS	-0.0491937792379867	246	0.5	246	-0.0422726937843344	310
WTSI-OESO_358	Oesophageal	PPP	0.138802620421532	27	0.549382716049383	27	0.138802620421532	31
WTSI-OESO_358	Oesophageal	TCA	-0.129642170301292	42	0.425925925925926	42	-0.129642170301292	42
WTSI-OESO_358	Oesophageal	amino-acid transport	0.0991245805148537	32	0.555555555555556	32	0.0991245805148537	32
WTSI-OESO_358	Oesophageal	arginine	0.100080078953535	50	0.546296296296296	50	-0.0154502660171646	100
WTSI-OESO_358	Oesophageal	cholesterol/isoprenoid	-0.164652377064942	67	0.481481481481482	67	-0.0379256705866307	181
WTSI-OESO_358	Oesophageal	fatty-acid oxidation	-0.113523193094556	62	0.459876543209877	62	-0.113523193094556	62
WTSI-OESO_358	Oesophageal	folate	-0.0956826949386567	29	0.45679012345679	29	-0.0956826949386567	29
WTSI-OESO_358	Oesophageal	glucose transport	-0.0261577323925885	21	0.512345679012346	21	-0.0261577323925885	21
WTSI-OESO_358	Oesophageal	glutamine/glutamate	0.00983909779096745	135	0.537037037037037	135	0.00983909779096745	135
WTSI-OESO_358	Oesophageal	glycolysis	-0.038313719524591	59	0.512345679012346	59	-0.0423867711141239	240
WTSI-OESO_358	Oesophageal	iron	-0.146153787622127	89	0.450617283950617	89	-0.146153787622127	89
WTSI-OESO_358	Oesophageal	methionine	0.00489537338807284	29	0.537037037037037	29	0.00489537338807284	29
WTSI-OESO_358	Oesophageal	riboflavin	-0.0593446157262167	18	0.478395061728395	18	-0.0593446157262167	18
WTSI-OESO_358	Oesophageal	serine/glycine/one-carbon	-0.09450480713089	62	0.45679012345679	62	-0.09450480713089	62
WTSI-OESO_358	Oesophageal	sphingolipid	-0.02382439792177	153	0.5	153	-0.02382439792177	153
WTSI-OESO_358	Oesophageal	tryptophan	0.0361358816808553	44	0.546296296296296	44	0.0361358816808553	44
WTSI-OESO_358	Oesophageal	vitamin B12	-0.0789667913623104	19	0.469135802469136	19	-0.0789667913623104	19
WTSI-OESO_358	Oesophageal	zinc	-0.0688447968698429	15	0.487654320987654	15	-0.0688447968698429	15
WTSI-OESO_361	Oesophageal	BCAA	0.00919685070020378	52	0.533950617283951	52	0.00919685070020378	52
WTSI-OESO_361	Oesophageal	NAD	0.20894521013948	43	0.62962962962963	43	0.20894521013948	43
WTSI-OESO_361	Oesophageal	OXPHOS	-0.327171167654121	246	0.354938271604938	246	-0.275460477334544	310
WTSI-OESO_361	Oesophageal	PPP	-0.0466297270790892	27	0.506172839506173	27	-0.0997501341988665	31
WTSI-OESO_361	Oesophageal	TCA	-0.325767456634077	42	0.339506172839506	42	-0.325767456634077	42
WTSI-OESO_361	Oesophageal	amino-acid transport	0.095466296496358	32	0.564814814814815	32	0.095466296496358	32
WTSI-OESO_361	Oesophageal	arginine	-0.107059957220751	50	0.459876543209877	50	-0.107059957220751	100
WTSI-OESO_361	Oesophageal	cholesterol/isoprenoid	0.235846370931075	67	0.623456790123457	67	0.129714996846473	181
WTSI-OESO_361	Oesophageal	fatty-acid oxidation	-0.51786626233305	62	0.256172839506173	62	-0.51786626233305	62
WTSI-OESO_361	Oesophageal	folate	0.073331608919772	29	0.561728395061729	29	0.073331608919772	29
WTSI-OESO_361	Oesophageal	glucose transport	0.185043456462685	21	0.604938271604938	21	0.185043456462685	21
WTSI-OESO_361	Oesophageal	glutamine/glutamate	0.146175232219703	135	0.604938271604938	135	0.146175232219703	135
WTSI-OESO_361	Oesophageal	glycolysis	-0.248985315992114	59	0.382716049382716	59	-0.120267793969289	240
WTSI-OESO_361	Oesophageal	iron	0.102117352582143	89	0.598765432098765	89	0.102117352582143	89
WTSI-OESO_361	Oesophageal	methionine	-0.0165055714495603	29	0.481481481481482	29	-0.0165055714495603	29
WTSI-OESO_361	Oesophageal	riboflavin	0.0691686130464113	18	0.521604938271605	18	0.0691686130464113	18
WTSI-OESO_361	Oesophageal	serine/glycine/one-carbon	0.147068509283593	62	0.611111111111111	62	0.147068509283593	62
WTSI-OESO_361	Oesophageal	sphingolipid	-0.0421673037034427	153	0.469135802469136	153	-0.0421673037034427	153
WTSI-OESO_361	Oesophageal	tryptophan	0.218557193108158	44	0.635802469135802	44	0.218557193108158	44
WTSI-OESO_361	Oesophageal	vitamin B12	0.227829168222798	19	0.617283950617284	19	0.227829168222798	19
WTSI-OESO_361	Oesophageal	zinc	-0.53466639307002	15	0.283950617283951	15	-0.53466639307002	15
WTSI-OVAR_018	Ovarian	BCAA	0.105488985818878	52	0.570987654320988	52	0.105488985818878	52
WTSI-OVAR_018	Ovarian	NAD	-0.0754637114362515	43	0.493827160493827	43	-0.0754637114362515	43
WTSI-OVAR_018	Ovarian	OXPHOS	-0.146643774187367	246	0.435185185185185	246	-0.154460602217842	310
WTSI-OVAR_018	Ovarian	PPP	0.0165984350220781	27	0.512345679012346	27	-0.0567345521209676	31
WTSI-OVAR_018	Ovarian	TCA	0.0124524964404928	42	0.540123456790123	42	0.0124524964404928	42
WTSI-OVAR_018	Ovarian	amino-acid transport	0.0440123329800893	32	0.533950617283951	32	0.0440123329800893	32
WTSI-OVAR_018	Ovarian	arginine	-0.126899721653526	50	0.441358024691358	50	-0.0972650722603625	100
WTSI-OVAR_018	Ovarian	cholesterol/isoprenoid	0.0925332869404595	67	0.58641975308642	67	0.0796525710064886	181
WTSI-OVAR_018	Ovarian	fatty-acid oxidation	0.0968774531413482	62	0.558641975308642	62	0.0968774531413482	62
WTSI-OVAR_018	Ovarian	folate	0.144657834351563	29	0.561728395061729	29	0.144657834351563	29
WTSI-OVAR_018	Ovarian	glucose transport	0.020064922881287	21	0.493827160493827	21	0.020064922881287	21
WTSI-OVAR_018	Ovarian	glutamine/glutamate	-0.112751989019122	135	0.450617283950617	135	-0.112751989019122	135
WTSI-OVAR_018	Ovarian	glycolysis	-0.13776526573852	59	0.45679012345679	59	0.0097508085076371	240
WTSI-OVAR_018	Ovarian	iron	0.122681954747672	89	0.574074074074074	89	0.122681954747672	89
WTSI-OVAR_018	Ovarian	methionine	-0.293886404073054	29	0.41358024691358	29	-0.293886404073054	29
WTSI-OVAR_018	Ovarian	riboflavin	-0.0318857186816086	18	0.503086419753086	18	-0.0318857186816086	18
WTSI-OVAR_018	Ovarian	serine/glycine/one-carbon	-0.00937375610260577	62	0.530864197530864	62	-0.00937375610260577	62
WTSI-OVAR_018	Ovarian	sphingolipid	-0.0955423699703326	153	0.481481481481482	153	-0.0955423699703326	153
WTSI-OVAR_018	Ovarian	tryptophan	0.0859478850401033	44	0.552469135802469	44	0.0859478850401033	44
WTSI-OVAR_018	Ovarian	vitamin B12	-0.291843869533392	19	0.395061728395062	19	-0.291843869533392	19
WTSI-OVAR_018	Ovarian	zinc	0.206441769563598	15	0.592592592592593	15	0.206441769563598	15
WTSI-OVAR_044	Ovarian	BCAA	-0.0622886148793724	52	0.487654320987654	52	-0.0622886148793724	52
WTSI-OVAR_044	Ovarian	NAD	0.0127587180170552	43	0.5	43	0.0127587180170552	43
WTSI-OVAR_044	Ovarian	OXPHOS	-0.151223554774299	246	0.432098765432099	246	-0.11785126104978	310
WTSI-OVAR_044	Ovarian	PPP	-0.0715371279640175	27	0.493827160493827	27	-0.0619407762587868	31
WTSI-OVAR_044	Ovarian	TCA	-0.0507975736350976	42	0.496913580246914	42	-0.0507975736350976	42
WTSI-OVAR_044	Ovarian	amino-acid transport	0.114420157984347	32	0.561728395061729	32	0.114420157984347	32
WTSI-OVAR_044	Ovarian	arginine	-0.0417363950830209	50	0.512345679012346	50	-0.10662679901961	100
WTSI-OVAR_044	Ovarian	cholesterol/isoprenoid	0.0357210184184268	67	0.54320987654321	67	0.0357210184184268	181
WTSI-OVAR_044	Ovarian	fatty-acid oxidation	-0.0110752678538161	62	0.512345679012346	62	-0.0110752678538161	62
WTSI-OVAR_044	Ovarian	folate	0.0388831223870444	29	0.518518518518519	29	0.0388831223870444	29
WTSI-OVAR_044	Ovarian	glucose transport	-0.0375705660737032	21	0.5	21	-0.0375705660737032	21
WTSI-OVAR_044	Ovarian	glutamine/glutamate	0.00482397927629023	135	0.487654320987654	135	0.00482397927629023	135
WTSI-OVAR_044	Ovarian	glycolysis	-0.0877264195149961	59	0.469135802469136	59	-0.0106675889058312	240
WTSI-OVAR_044	Ovarian	iron	-0.148962569557446	89	0.469135802469136	89	-0.148962569557446	89
WTSI-OVAR_044	Ovarian	methionine	-0.185017309173106	29	0.45679012345679	29	-0.185017309173106	29
WTSI-OVAR_044	Ovarian	riboflavin	0.0817836527311583	18	0.555555555555556	18	0.0817836527311583	18
WTSI-OVAR_044	Ovarian	serine/glycine/one-carbon	-0.109464975736296	62	0.459876543209877	62	-0.109464975736296	62
WTSI-OVAR_044	Ovarian	sphingolipid	0.019946613471489	153	0.518518518518519	153	0.019946613471489	153
WTSI-OVAR_044	Ovarian	tryptophan	0.0244691276510245	44	0.524691358024691	44	0.0244691276510245	44
WTSI-OVAR_044	Ovarian	vitamin B12	0.101686588533975	19	0.592592592592593	19	0.101686588533975	19
WTSI-OVAR_044	Ovarian	zinc	0.15072112462028	15	0.58641975308642	15	0.15072112462028	15
WTSI-OVAR_062	Ovarian	BCAA	0.141860536583134	52	0.617283950617284	52	0.141860536583134	52
WTSI-OVAR_062	Ovarian	NAD	-0.0370905163308195	43	0.487654320987654	43	-0.0370905163308195	43
WTSI-OVAR_062	Ovarian	OXPHOS	-0.468066760100562	246	0.296296296296296	246	-0.427608518260818	310
WTSI-OVAR_062	Ovarian	PPP	-0.131615241150048	27	0.45679012345679	27	-0.128321710248661	31
WTSI-OVAR_062	Ovarian	TCA	-0.0373700711955451	42	0.524691358024691	42	-0.0373700711955451	42
WTSI-OVAR_062	Ovarian	amino-acid transport	0.319908976156393	32	0.691358024691358	32	0.319908976156393	32
WTSI-OVAR_062	Ovarian	arginine	-0.416326408448816	50	0.308641975308642	50	-0.287658420434509	100
WTSI-OVAR_062	Ovarian	cholesterol/isoprenoid	-0.000836843602150197	67	0.54320987654321	67	-0.0690511031519268	181
WTSI-OVAR_062	Ovarian	fatty-acid oxidation	-0.23368175609676	62	0.395061728395062	62	-0.23368175609676	62
WTSI-OVAR_062	Ovarian	folate	-0.686420793190793	29	0.209876543209877	29	-0.686420793190793	29
WTSI-OVAR_062	Ovarian	glucose transport	-0.00322944652228566	21	0.54320987654321	21	-0.00322944652228566	21
WTSI-OVAR_062	Ovarian	glutamine/glutamate	-0.147582990887952	135	0.444444444444444	135	-0.147582990887952	135
WTSI-OVAR_062	Ovarian	glycolysis	-0.0521129214481804	59	0.5	59	-0.0574038377678601	240
WTSI-OVAR_062	Ovarian	iron	-0.00902714143114166	89	0.487654320987654	89	-0.00902714143114166	89
WTSI-OVAR_062	Ovarian	methionine	-0.0257026493018212	29	0.506172839506173	29	-0.0257026493018212	29
WTSI-OVAR_062	Ovarian	riboflavin	0.613620754855	18	0.694444444444445	18	0.613620754855	18
WTSI-OVAR_062	Ovarian	serine/glycine/one-carbon	-0.236209258371747	62	0.385802469135802	62	-0.236209258371747	62
WTSI-OVAR_062	Ovarian	sphingolipid	-0.116545823076013	153	0.444444444444444	153	-0.116545823076013	153
WTSI-OVAR_062	Ovarian	tryptophan	0.197284569174409	44	0.580246913580247	44	0.197284569174409	44
WTSI-OVAR_062	Ovarian	vitamin B12	-0.130002545479232	19	0.450617283950617	19	-0.130002545479232	19
WTSI-OVAR_062	Ovarian	zinc	0.843147905251824	15	0.820987654320988	15	0.843147905251824	15
WTSI-OVAR_067	Ovarian	BCAA	0.0480543573061601	52	0.530864197530864	52	0.0480543573061601	52
WTSI-OVAR_067	Ovarian	NAD	0.0639729124626645	43	0.530864197530864	43	0.0639729124626645	43
WTSI-OVAR_067	Ovarian	OXPHOS	-0.0742602302710662	246	0.450617283950617	246	-0.0622471534272132	310
WTSI-OVAR_067	Ovarian	PPP	-0.235121908231441	27	0.382716049382716	27	-0.235121908231441	31
WTSI-OVAR_067	Ovarian	TCA	0.00487429582138866	42	0.521604938271605	42	0.00487429582138866	42
WTSI-OVAR_067	Ovarian	amino-acid transport	0.190881416494483	32	0.611111111111111	32	0.190881416494483	32
WTSI-OVAR_067	Ovarian	arginine	0.0420472155663527	50	0.524691358024691	50	-0.0744073535068309	100
WTSI-OVAR_067	Ovarian	cholesterol/isoprenoid	0.0311046005218632	67	0.524691358024691	67	0.0117369583463998	181
WTSI-OVAR_067	Ovarian	fatty-acid oxidation	-0.0220621647555247	62	0.515432098765432	62	-0.0220621647555247	62
WTSI-OVAR_067	Ovarian	folate	-0.121263392821162	29	0.462962962962963	29	-0.121263392821162	29
WTSI-OVAR_067	Ovarian	glucose transport	-0.26506444273165	21	0.364197530864198	21	-0.26506444273165	21
WTSI-OVAR_067	Ovarian	glutamine/glutamate	0.133844454063422	135	0.580246913580247	135	0.133844454063422	135
WTSI-OVAR_067	Ovarian	glycolysis	-0.0434781300727021	59	0.487654320987654	59	-0.022656380976655	240
WTSI-OVAR_067	Ovarian	iron	-0.0586371905934298	89	0.493827160493827	89	-0.0586371905934298	89
WTSI-OVAR_067	Ovarian	methionine	-0.121263392821162	29	0.450617283950617	29	-0.121263392821162	29
WTSI-OVAR_067	Ovarian	riboflavin	-0.12415661400569	18	0.444444444444444	18	-0.12415661400569	18
WTSI-OVAR_067	Ovarian	serine/glycine/one-carbon	-0.106001421568883	62	0.453703703703704	62	-0.106001421568883	62
WTSI-OVAR_067	Ovarian	sphingolipid	0.107998060496178	153	0.537037037037037	153	0.107998060496178	153
WTSI-OVAR_067	Ovarian	tryptophan	0.00123877061617919	44	0.5	44	0.00123877061617919	44
WTSI-OVAR_067	Ovarian	vitamin B12	-0.110498487278027	19	0.450617283950617	19	-0.110498487278027	19
WTSI-OVAR_067	Ovarian	zinc	-0.237987519773946	15	0.388888888888889	15	-0.237987519773946	15
WTSI-OVAR_071	Ovarian	BCAA	-0.209500106199964	52	0.444444444444444	52	-0.209500106199964	52
WTSI-OVAR_071	Ovarian	NAD	-0.0370026899276125	43	0.481481481481482	43	-0.0370026899276125	43
WTSI-OVAR_071	Ovarian	OXPHOS	-0.102435327431664	246	0.459876543209877	246	-0.16583350352683	310
WTSI-OVAR_071	Ovarian	PPP	0.0125904127070645	27	0.512345679012346	27	0.00686613622912963	31
WTSI-OVAR_071	Ovarian	TCA	-0.127258628648384	42	0.432098765432099	42	-0.127258628648384	42
WTSI-OVAR_071	Ovarian	amino-acid transport	0.159775415138309	32	0.598765432098765	32	0.159775415138309	32
WTSI-OVAR_071	Ovarian	arginine	0.0983706312885516	50	0.558641975308642	50	-0.167378079169034	100
WTSI-OVAR_071	Ovarian	cholesterol/isoprenoid	-0.180498857141696	67	0.45679012345679	67	-0.15579183046898	181
WTSI-OVAR_071	Ovarian	fatty-acid oxidation	-0.0123214624204844	62	0.496913580246914	62	-0.0123214624204844	62
WTSI-OVAR_071	Ovarian	folate	0.389719934622002	29	0.697530864197531	29	0.389719934622002	29
WTSI-OVAR_071	Ovarian	glucose transport	-0.101517090697996	21	0.41358024691358	21	-0.101517090697996	21
WTSI-OVAR_071	Ovarian	glutamine/glutamate	-0.201077941746648	135	0.41358024691358	135	-0.201077941746648	135
WTSI-OVAR_071	Ovarian	glycolysis	0.0217214002546875	59	0.512345679012346	59	-0.0366374839730577	240
WTSI-OVAR_071	Ovarian	iron	0.0274151623255652	89	0.524691358024691	89	0.0274151623255652	89
WTSI-OVAR_071	Ovarian	methionine	-0.0262794090511117	29	0.5	29	-0.0262794090511117	29
WTSI-OVAR_071	Ovarian	riboflavin	-0.15963574280078	18	0.462962962962963	18	-0.15963574280078	18
WTSI-OVAR_071	Ovarian	serine/glycine/one-carbon	0.33912845321708	62	0.666666666666667	62	0.33912845321708	62
WTSI-OVAR_071	Ovarian	sphingolipid	0.0236866174071169	153	0.512345679012346	153	0.0236866174071169	153
WTSI-OVAR_071	Ovarian	tryptophan	-0.0453985895612551	44	0.490740740740741	44	-0.0453985895612551	44
WTSI-OVAR_071	Ovarian	vitamin B12	-0.0801609942386428	19	0.45679012345679	19	-0.0801609942386428	19
WTSI-OVAR_071	Ovarian	zinc	-0.220057308385351	15	0.407407407407407	15	-0.220057308385351	15
WTSI-OVAR_087	Ovarian	BCAA	-0.0987197694901229	52	0.447530864197531	52	-0.0987197694901229	52
WTSI-OVAR_087	Ovarian	NAD	-0.145249638491254	43	0.438271604938272	43	-0.145249638491254	43
WTSI-OVAR_087	Ovarian	OXPHOS	-0.122404070600634	246	0.438271604938272	246	-0.100169432618795	310
WTSI-OVAR_087	Ovarian	PPP	0.116534490062613	27	0.617283950617284	27	0.114963890112142	31
WTSI-OVAR_087	Ovarian	TCA	0.0855179734660193	42	0.583333333333333	42	0.0855179734660193	42
WTSI-OVAR_087	Ovarian	amino-acid transport	0.0288061128939678	32	0.521604938271605	32	0.0288061128939678	32
WTSI-OVAR_087	Ovarian	arginine	-0.0234769530984686	50	0.509259259259259	50	-0.0905185362882346	100
WTSI-OVAR_087	Ovarian	cholesterol/isoprenoid	-0.2591285998303	67	0.395061728395062	67	-0.0517578228864218	181
WTSI-OVAR_087	Ovarian	fatty-acid oxidation	0.0837590074926852	62	0.54320987654321	62	0.0837590074926852	62
WTSI-OVAR_087	Ovarian	folate	-0.0866333862396284	29	0.469135802469136	29	-0.0866333862396284	29
WTSI-OVAR_087	Ovarian	glucose transport	-0.0438171144961547	21	0.5	21	-0.0438171144961547	21
WTSI-OVAR_087	Ovarian	glutamine/glutamate	0.039511134585148	135	0.530864197530864	135	0.039511134585148	135
WTSI-OVAR_087	Ovarian	glycolysis	0.06336482884285	59	0.561728395061729	59	-0.0361975903508643	240
WTSI-OVAR_087	Ovarian	iron	0.0412624834028291	89	0.580246913580247	89	0.0412624834028291	89
WTSI-OVAR_087	Ovarian	methionine	0.116700709412504	29	0.58641975308642	29	0.116700709412504	29
WTSI-OVAR_087	Ovarian	riboflavin	-0.159523875807693	18	0.447530864197531	18	-0.159523875807693	18
WTSI-OVAR_087	Ovarian	serine/glycine/one-carbon	-0.146061616356454	62	0.462962962962963	62	-0.146061616356454	62
WTSI-OVAR_087	Ovarian	sphingolipid	-0.0424180832803409	153	0.506172839506173	153	-0.0424180832803409	153
WTSI-OVAR_087	Ovarian	tryptophan	-0.103437545919389	44	0.462962962962963	44	-0.103437545919389	44
WTSI-OVAR_087	Ovarian	vitamin B12	0.0176581565079788	19	0.518518518518519	19	0.0176581565079788	19
WTSI-OVAR_087	Ovarian	zinc	0.0735620576413419	15	0.524691358024691	15	0.0735620576413419	15
WTSI-OVAR_094	Ovarian	BCAA	0.0301404978808076	52	0.533950617283951	52	0.0301404978808076	52
WTSI-OVAR_094	Ovarian	NAD	-0.1228350467162	43	0.432098765432099	43	-0.1228350467162	43
WTSI-OVAR_094	Ovarian	OXPHOS	-0.269726592872666	246	0.395061728395062	246	-0.192380534529753	310
WTSI-OVAR_094	Ovarian	PPP	-0.16257066464334	27	0.438271604938272	27	-0.16257066464334	31
WTSI-OVAR_094	Ovarian	TCA	0.00490042588686869	42	0.570987654320988	42	0.00490042588686869	42
WTSI-OVAR_094	Ovarian	amino-acid transport	0.121123731450029	32	0.583333333333333	32	0.121123731450029	32
WTSI-OVAR_094	Ovarian	arginine	-0.256022754778194	50	0.391975308641975	50	-0.256022754778194	100
WTSI-OVAR_094	Ovarian	cholesterol/isoprenoid	0.216669065080575	67	0.598765432098765	67	0.0721776683155672	181
WTSI-OVAR_094	Ovarian	fatty-acid oxidation	0.0385216952877171	62	0.558641975308642	62	0.0385216952877171	62
WTSI-OVAR_094	Ovarian	folate	-0.0555426405921547	29	0.493827160493827	29	-0.0555426405921547	29
WTSI-OVAR_094	Ovarian	glucose transport	0.0371635417310559	21	0.537037037037037	21	0.0371635417310559	21
WTSI-OVAR_094	Ovarian	glutamine/glutamate	-0.0482209628538109	135	0.487654320987654	135	-0.0482209628538109	135
WTSI-OVAR_094	Ovarian	glycolysis	-0.0376089743455713	59	0.475308641975309	59	-0.0536527352053684	240
WTSI-OVAR_094	Ovarian	iron	-0.133987227608244	89	0.462962962962963	89	-0.133987227608244	89
WTSI-OVAR_094	Ovarian	methionine	-0.336989385457058	29	0.358024691358025	29	-0.336989385457058	29
WTSI-OVAR_094	Ovarian	riboflavin	-0.361074924450938	18	0.348765432098765	18	-0.361074924450938	18
WTSI-OVAR_094	Ovarian	serine/glycine/one-carbon	0.00339282382039888	62	0.527777777777778	62	0.00339282382039888	62
WTSI-OVAR_094	Ovarian	sphingolipid	-0.174965191874749	153	0.425925925925926	153	-0.174965191874749	153
WTSI-OVAR_094	Ovarian	tryptophan	-0.0441669593465745	44	0.475308641975309	44	-0.0441669593465745	44
WTSI-OVAR_094	Ovarian	vitamin B12	0.00566807383379332	19	0.5	19	0.00566807383379332	19
WTSI-OVAR_094	Ovarian	zinc	0.132715262945532	15	0.611111111111111	15	0.132715262945532	15
WTSI-OVAR_098	Ovarian	BCAA	0.184173212341505	52	0.62962962962963	52	0.184173212341505	52
WTSI-OVAR_098	Ovarian	NAD	0.30905431023152	43	0.67283950617284	43	0.30905431023152	43
WTSI-OVAR_098	Ovarian	OXPHOS	-0.308765220991311	246	0.373456790123457	246	-0.157151714444183	310
WTSI-OVAR_098	Ovarian	PPP	0.0800758104142304	27	0.574074074074074	27	0.0941102002002026	31
WTSI-OVAR_098	Ovarian	TCA	-0.313934061431834	42	0.339506172839506	42	-0.313934061431834	42
WTSI-OVAR_098	Ovarian	amino-acid transport	-0.204844038966632	32	0.37962962962963	32	-0.204844038966632	32
WTSI-OVAR_098	Ovarian	arginine	-0.177139004990554	50	0.450617283950617	50	-0.019246134801376	100
WTSI-OVAR_098	Ovarian	cholesterol/isoprenoid	0.0859483806397786	67	0.561728395061729	67	-0.064546180094313	181
WTSI-OVAR_098	Ovarian	fatty-acid oxidation	-0.3455495325664	62	0.361111111111111	62	-0.3455495325664	62
WTSI-OVAR_098	Ovarian	folate	-0.202169635856109	29	0.41358024691358	29	-0.202169635856109	29
WTSI-OVAR_098	Ovarian	glucose transport	-0.610670037642923	21	0.222222222222222	21	-0.610670037642923	21
WTSI-OVAR_098	Ovarian	glutamine/glutamate	0.0410576904599797	135	0.524691358024691	135	0.0410576904599797	135
WTSI-OVAR_098	Ovarian	glycolysis	0.0964688115037251	59	0.574074074074074	59	-0.0217854414577313	240
WTSI-OVAR_098	Ovarian	iron	-0.027048429633435	89	0.524691358024691	89	-0.027048429633435	89
WTSI-OVAR_098	Ovarian	methionine	0.370787567643358	29	0.679012345679012	29	0.370787567643358	29
WTSI-OVAR_098	Ovarian	riboflavin	0.206832992789375	18	0.595679012345679	18	0.206832992789375	18
WTSI-OVAR_098	Ovarian	serine/glycine/one-carbon	-0.424437757879034	62	0.302469135802469	62	-0.424437757879034	62
WTSI-OVAR_098	Ovarian	sphingolipid	-0.12316325311519	153	0.469135802469136	153	-0.12316325311519	153
WTSI-OVAR_098	Ovarian	tryptophan	-0.0839818912529061	44	0.466049382716049	44	-0.0839818912529061	44
WTSI-OVAR_098	Ovarian	vitamin B12	-0.202169635856109	19	0.425925925925926	19	-0.202169635856109	19
WTSI-OVAR_098	Ovarian	zinc	-0.308802606732452	15	0.364197530864198	15	-0.308802606732452	15
WTSI-OVAR_109	Ovarian	BCAA	-0.19305278532664	52	0.438271604938272	52	-0.19305278532664	52
WTSI-OVAR_109	Ovarian	NAD	0.072407392876612	43	0.54320987654321	43	0.072407392876612	43
WTSI-OVAR_109	Ovarian	OXPHOS	-0.160638574432924	246	0.447530864197531	246	-0.159339777126034	310
WTSI-OVAR_109	Ovarian	PPP	-0.1221103789612	27	0.45679012345679	27	0.149108495200362	31
WTSI-OVAR_109	Ovarian	TCA	-0.112036887858041	42	0.496913580246914	42	-0.112036887858041	42
WTSI-OVAR_109	Ovarian	amino-acid transport	-0.0279318034116395	32	0.503086419753086	32	-0.0279318034116395	32
WTSI-OVAR_109	Ovarian	arginine	0.213095764903227	50	0.577160493827161	50	0.17324290658633	100
WTSI-OVAR_109	Ovarian	cholesterol/isoprenoid	0.049057141709914	67	0.518518518518519	67	0.049057141709914	181
WTSI-OVAR_109	Ovarian	fatty-acid oxidation	0.131949121018545	62	0.583333333333333	62	0.131949121018545	62
WTSI-OVAR_109	Ovarian	folate	0.100223085206038	29	0.567901234567901	29	0.100223085206038	29
WTSI-OVAR_109	Ovarian	glucose transport	-0.144570479978182	21	0.450617283950617	21	-0.144570479978182	21
WTSI-OVAR_109	Ovarian	glutamine/glutamate	0.0275091870814082	135	0.537037037037037	135	0.0275091870814082	135
WTSI-OVAR_109	Ovarian	glycolysis	-0.165461714522937	59	0.444444444444444	59	-0.0338661806357074	240
WTSI-OVAR_109	Ovarian	iron	-0.0600057591486578	89	0.512345679012346	89	-0.0600057591486578	89
WTSI-OVAR_109	Ovarian	methionine	-0.250945205258434	29	0.419753086419753	29	-0.250945205258434	29
WTSI-OVAR_109	Ovarian	riboflavin	-0.206100609224029	18	0.367283950617284	18	-0.206100609224029	18
WTSI-OVAR_109	Ovarian	serine/glycine/one-carbon	0.00801944953915497	62	0.509259259259259	62	0.00801944953915497	62
WTSI-OVAR_109	Ovarian	sphingolipid	0.0184350536397659	153	0.518518518518519	153	0.0184350536397659	153
WTSI-OVAR_109	Ovarian	tryptophan	0.010924983078644	44	0.518518518518519	44	0.010924983078644	44
WTSI-OVAR_109	Ovarian	vitamin B12	-0.10862717541919	19	0.475308641975309	19	-0.10862717541919	19
WTSI-OVAR_109	Ovarian	zinc	-0.0142648030403825	15	0.493827160493827	15	-0.0142648030403825	15
WTSI-OVOMTM_001	Ovarian	BCAA	-0.143105915069975	52	0.453703703703704	52	-0.143105915069975	52
WTSI-OVOMTM_001	Ovarian	NAD	-0.138228340215301	43	0.438271604938272	43	-0.138228340215301	43
WTSI-OVOMTM_001	Ovarian	OXPHOS	-0.065975642066196	246	0.487654320987654	246	-0.0824233926205672	310
WTSI-OVOMTM_001	Ovarian	PPP	0.173354128161029	27	0.611111111111111	27	0.173354128161029	31
WTSI-OVOMTM_001	Ovarian	TCA	-0.144753228377083	42	0.435185185185185	42	-0.144753228377083	42
WTSI-OVOMTM_001	Ovarian	amino-acid transport	0.173525110620354	32	0.574074074074074	32	0.173525110620354	32
WTSI-OVOMTM_001	Ovarian	arginine	0.0126726448646825	50	0.518518518518519	50	-0.0803732654254161	100
WTSI-OVOMTM_001	Ovarian	cholesterol/isoprenoid	-0.0959292019265903	67	0.475308641975309	67	-0.036812943405028	181
WTSI-OVOMTM_001	Ovarian	fatty-acid oxidation	-0.0878960534590571	62	0.466049382716049	62	-0.0878960534590571	62
WTSI-OVOMTM_001	Ovarian	folate	-0.016133383319572	29	0.5	29	-0.016133383319572	29
WTSI-OVOMTM_001	Ovarian	glucose transport	-0.0614551454636024	21	0.493827160493827	21	-0.0614551454636024	21
WTSI-OVOMTM_001	Ovarian	glutamine/glutamate	-0.000362421546196133	135	0.5	135	-0.000362421546196133	135
WTSI-OVOMTM_001	Ovarian	glycolysis	0.00851175789072611	59	0.512345679012346	59	0.0738464258115772	240
WTSI-OVOMTM_001	Ovarian	iron	0.0881061812259561	89	0.561728395061729	89	0.0881061812259561	89
WTSI-OVOMTM_001	Ovarian	methionine	0.0754477517236981	29	0.549382716049383	29	0.0754477517236981	29
WTSI-OVOMTM_001	Ovarian	riboflavin	-0.154492494467784	18	0.435185185185185	18	-0.154492494467784	18
WTSI-OVOMTM_001	Ovarian	serine/glycine/one-carbon	-0.0499118851067352	62	0.450617283950617	62	-0.0499118851067352	62
WTSI-OVOMTM_001	Ovarian	sphingolipid	-0.0148020423027245	153	0.493827160493827	153	-0.0148020423027245	153
WTSI-OVOMTM_001	Ovarian	tryptophan	-0.0357273584438545	44	0.481481481481482	44	-0.0357273584438545	44
WTSI-OVOMTM_001	Ovarian	vitamin B12	-0.0601540850479735	19	0.475308641975309	19	-0.0601540850479735	19
WTSI-OVOMTM_001	Ovarian	zinc	0.00480195404408047	15	0.537037037037037	15	0.00480195404408047	15
WTSI-OVOMTM_006	Ovarian	BCAA	0.364432623567756	52	0.70679012345679	52	0.364432623567756	52
WTSI-OVOMTM_006	Ovarian	NAD	-0.485826605599461	43	0.283950617283951	43	-0.485826605599461	43
WTSI-OVOMTM_006	Ovarian	OXPHOS	-0.43079192557074	246	0.311728395061728	246	-0.423894948715257	310
WTSI-OVOMTM_006	Ovarian	PPP	0.526547185740043	27	0.759259259259259	27	0.28001129472821	31
WTSI-OVOMTM_006	Ovarian	TCA	-0.102336969052059	42	0.459876543209877	42	-0.102336969052059	42
WTSI-OVOMTM_006	Ovarian	amino-acid transport	-0.0658152327201861	32	0.469135802469136	32	-0.0658152327201861	32
WTSI-OVOMTM_006	Ovarian	arginine	0.279101265745634	50	0.611111111111111	50	0.0683342860929223	100
WTSI-OVOMTM_006	Ovarian	cholesterol/isoprenoid	-0.522002143121936	67	0.277777777777778	67	-0.346360541000548	181
WTSI-OVOMTM_006	Ovarian	fatty-acid oxidation	-0.157270941547047	62	0.422839506172839	62	-0.157270941547047	62
WTSI-OVOMTM_006	Ovarian	folate	-0.55604738921563	29	0.308641975308642	29	-0.55604738921563	29
WTSI-OVOMTM_006	Ovarian	glucose transport	0.0780588478009956	21	0.549382716049383	21	0.0780588478009956	21
WTSI-OVOMTM_006	Ovarian	glutamine/glutamate	-0.158079856861419	135	0.444444444444444	135	-0.158079856861419	135
WTSI-OVOMTM_006	Ovarian	glycolysis	0.0686633132350268	59	0.561728395061729	59	-0.0120126335841781	240
WTSI-OVOMTM_006	Ovarian	iron	0.10697697322367	89	0.598765432098765	89	0.10697697322367	89
WTSI-OVOMTM_006	Ovarian	methionine	-0.378984229576664	29	0.320987654320988	29	-0.378984229576664	29
WTSI-OVOMTM_006	Ovarian	riboflavin	-0.553550057918515	18	0.271604938271605	18	-0.553550057918515	18
WTSI-OVOMTM_006	Ovarian	serine/glycine/one-carbon	-0.557074107960368	62	0.240740740740741	62	-0.557074107960368	62
WTSI-OVOMTM_006	Ovarian	sphingolipid	-0.160470850603198	153	0.425925925925926	153	-0.160470850603198	153
WTSI-OVOMTM_006	Ovarian	tryptophan	-0.562742723217248	44	0.234567901234568	44	-0.562742723217248	44
WTSI-OVOMTM_006	Ovarian	vitamin B12	-0.0981579611745423	19	0.481481481481482	19	-0.0981579611745423	19
WTSI-OVOMTM_006	Ovarian	zinc	-0.153292347380544	15	0.512345679012346	15	-0.153292347380544	15
WTSI-PANC_067	Pancreatic	BCAA	-0.092699623138377	52	0.462962962962963	52	-0.092699623138377	52
WTSI-PANC_067	Pancreatic	NAD	-0.0889980838309797	43	0.462962962962963	43	-0.0889980838309797	43
WTSI-PANC_067	Pancreatic	OXPHOS	-0.368619173254476	246	0.327160493827161	246	-0.333220925999349	310
WTSI-PANC_067	Pancreatic	PPP	-0.140575441111876	27	0.419753086419753	27	-0.194620240213125	31
WTSI-PANC_067	Pancreatic	TCA	-0.313152957087725	42	0.407407407407407	42	-0.313152957087725	42
WTSI-PANC_067	Pancreatic	amino-acid transport	0.0119129536627907	32	0.521604938271605	32	0.0119129536627907	32
WTSI-PANC_067	Pancreatic	arginine	-0.0142992851220546	50	0.493827160493827	50	0.0968909184695812	100
WTSI-PANC_067	Pancreatic	cholesterol/isoprenoid	0.323709247639636	67	0.697530864197531	67	0.176419345266435	181
WTSI-PANC_067	Pancreatic	fatty-acid oxidation	-0.155546940113023	62	0.425925925925926	62	-0.155546940113023	62
WTSI-PANC_067	Pancreatic	folate	-0.027855937938537	29	0.481481481481482	29	-0.027855937938537	29
WTSI-PANC_067	Pancreatic	glucose transport	-0.280050543099403	21	0.327160493827161	21	-0.280050543099403	21
WTSI-PANC_067	Pancreatic	glutamine/glutamate	-0.0683218383745658	135	0.469135802469136	135	-0.0683218383745658	135
WTSI-PANC_067	Pancreatic	glycolysis	-0.0529518808637605	59	0.5	59	0.0782342706750186	240
WTSI-PANC_067	Pancreatic	iron	0.134343243008144	89	0.592592592592593	89	0.134343243008144	89
WTSI-PANC_067	Pancreatic	methionine	0.0284004465375229	29	0.524691358024691	29	0.0284004465375229	29
WTSI-PANC_067	Pancreatic	riboflavin	-0.140210158398537	18	0.475308641975309	18	-0.140210158398537	18
WTSI-PANC_067	Pancreatic	serine/glycine/one-carbon	0.00606972417006425	62	0.527777777777778	62	0.00606972417006425	62
WTSI-PANC_067	Pancreatic	sphingolipid	-0.0559406977691656	153	0.481481481481482	153	-0.0559406977691656	153
WTSI-PANC_067	Pancreatic	tryptophan	0.0364657432640833	44	0.524691358024691	44	0.0364657432640833	44
WTSI-PANC_067	Pancreatic	vitamin B12	-0.211248219299594	19	0.407407407407407	19	-0.211248219299594	19
WTSI-PANC_067	Pancreatic	zinc	0.0896845697339276	15	0.604938271604938	15	0.0896845697339276	15
