gene	pathways	tiers	ensembl_id	N_organoids	median_LFC	mean_LFC	IQR	MAD	variance	min_LFC	max_LFC	dependency_range	binary_depleted_fraction	strongly_dependent_fraction	N_Colorectal	median_LFC_Colorectal	mean_LFC_Colorectal	depleted_fraction_Colorectal	strong_fraction_Colorectal	N_Oesophageal	median_LFC_Oesophageal	mean_LFC_Oesophageal	depleted_fraction_Oesophageal	strong_fraction_Oesophageal	N_Ovarian	median_LFC_Ovarian	mean_LFC_Ovarian	depleted_fraction_Ovarian	strong_fraction_Ovarian	N_Pancreatic	median_LFC_Pancreatic	mean_LFC_Pancreatic	depleted_fraction_Pancreatic	strong_fraction_Pancreatic	N_Gastric	median_LFC_Gastric	mean_LFC_Gastric	depleted_fraction_Gastric	strong_fraction_Gastric	strong_dependency_threshold	skewness	excess_kurtosis	bimodality_coefficient	extreme_dependency_fraction	common_essential_flag	dependency_class	bimodality_flag_descriptive	MAD_75pct_threshold	IQR_75pct_threshold
CTNNB1	cholesterol/isoprenoid	Tier 2	ENSG00000168036	162	-1.16720600591303	-1.16412151768397	0.709245584269445	0.359336243305772	0.392806624699832	-3.24847578697662	0.839529307265114	4.08800509424174	0.842592592592593	0.907407407407407	85	-1.36718626808376	-1.36476357463417	0.882352941176471	0.964705882352941	59	-0.977228169733304	-1.05399516541308	0.872881355932204	0.915254237288136	11	-0.00614397259101573	-0.13942187451973	0.363636363636364	0.363636363636364	4	-1.15877496928193	-1.16644088830302	1	1	3	-1.52428825956523	-1.3992210295328	0.666666666666667	1	-0.472817800889054	0.0217270813231389	1.18061301653308	0.138237639339542	0.104938271604938	FALSE	A_common_metabolic_essential	FALSE	0.144439289138061	0.289557425044409
EGFR	glycolysis	Tier 2	ENSG00000146648	162	-1.16629536977808	-1.18189153555685	0.711569792423774	0.35824328449153	0.44201153676431	-3.26975861700237	0.865969031770203	4.13572764877257	0.824074074074074	0.882716049382716	85	-1.19767709337039	-1.23597941588211	0.805882352941176	0.858823529411765	59	-1.18332977966945	-1.21712629561933	0.864406779661017	0.949152542372881	11	-0.790800918428407	-0.708772687803788	0.727272727272727	0.727272727272727	4	-0.934048043706192	-0.968734881997312	1	1	3	-1.35590930449944	-0.975429291619375	0.666666666666667	0.666666666666667	-0.472817800889054	-0.0388448373763964	1.17168715262319	0.138551781183319	0.104938271604938	FALSE	A_common_metabolic_essential	FALSE	0.144439289138061	0.289557425044409
SCD	cholesterol/isoprenoid;fatty-acid synthesis	Tier 2	ENSG00000099194	162	-1.14393296444703	-1.09707040146928	0.643007970069744	0.322259054852418	0.337493413625387	-2.33659256188443	0.733828712848092	3.07042127473252	0.820987654320988	0.876543209876543	85	-1.13970857414953	-1.09601364158759	0.817647058823529	0.894117647058824	59	-1.19233084279959	-1.20878597564735	0.855932203389831	0.915254237288136	11	-0.486589453055728	-0.450188841231402	0.636363636363636	0.545454545454545	4	-1.31329055679858	-1.44906142972223	1	1	3	-0.908230977037725	-0.8325166558172	0.666666666666667	0.666666666666667	-0.472817800889054	0.63280820568422	1.02639937929698	0.197715979986231	0.104938271604938	TRUE	A_common_metabolic_essential	FALSE	0.144439289138061	0.289557425044409
COPB2	glycolysis	Tier 2	ENSG00000184432	162	-1.67708533702011	-1.66602499794464	0.5636703112236	0.302799045393117	0.22141464144232	-3.10095645455705	-0.306644112118861	2.79431234243819	0.947530864197531	0.981481481481481	85	-1.63799504420862	-1.6089472839787	0.9	0.964705882352941	59	-1.7299620586557	-1.74967901678607	1	1	11	-1.57403235077679	-1.72127674738817	1	1	4	-1.30191622161635	-1.36420293129501	1	1	3	-1.82953864784454	-1.8378708640043	1	1	-0.472817800889054	-0.0129635697790777	0.490134473341191	0.152770738801679	0.104938271604938	TRUE	A_common_metabolic_essential	FALSE	0.144439289138061	0.289557425044409
MAT2A	methionine	Tier 1	ENSG00000168906	162	-1.66180440495547	-1.6581240280143	0.621398398173905	0.29179961518333	0.319010534279414	-3.30262541065891	1.09083373283267	4.39345914349158	0.953703703703704	0.975308641975309	85	-1.66858354269226	-1.58846799486079	0.923529411764706	0.952941176470588	59	-1.64100902951482	-1.71153826409079	0.983050847457627	1	11	-1.69058651852009	-1.8254662285424	1	1	4	-1.64375134974411	-1.62943625947082	1	1	3	-2.26534964208861	-2.0058939473143	1	1	-0.472817800889054	0.750954119361713	3.40289556558781	0.165327205719785	0.104938271604938	TRUE	A_common_metabolic_essential	FALSE	0.144439289138061	0.289557425044409
KPNB1	cholesterol/isoprenoid	Tier 2	ENSG00000108424	162	-1.30538881726962	-1.33711159507784	0.589832527448895	0.290831852550412	0.229254920149121	-2.81841157939231	0.383727330785529	3.20213891017784	0.932098765432099	0.950617283950617	85	-1.39177650258164	-1.36780043024949	0.911764705882353	0.952941176470588	59	-1.27967001296121	-1.30600321599762	0.940677966101695	0.932203389830508	11	-1.04130450416256	-1.19442857596314	1	1	4	-1.30446196359012	-1.29764686565917	1	1	3	-1.72873898601051	-1.65518342977069	1	1	-0.472817800889054	-0.0856186312664245	0.906136230656148	0.14467199536814	0.104938271604938	TRUE	A_common_metabolic_essential	FALSE	0.144439289138061	0.289557425044409
ATP6V0C	OXPHOS;iron	Tier 1;Tier 2	ENSG00000185883	162	-1.36120404074035	-1.34579042089302	0.57146518452767	0.28485647907073	0.243679350976254	-2.5240374968614	0.842759980802789	3.36679747766419	0.882716049382716	0.962962962962963	85	-1.40005628690722	-1.33279014761684	0.835294117647059	0.952941176470588	59	-1.34136071997713	-1.42015857516691	0.983050847457627	1	11	-1.14934342213394	-1.15557405817265	0.818181818181818	0.909090909090909	4	-1.36120404074035	-1.43186983534248	1	1	3	-0.658511701475213	-0.834245240373442	0.333333333333333	0.666666666666667	-0.472817800889054	0.605874537410638	1.86491256945153	0.172575999965071	0.104938271604938	TRUE	A_common_metabolic_essential	FALSE	0.144439289138061	0.289557425044409
ATP6V1B2	OXPHOS;iron	Tier 1	ENSG00000147416	162	-1.27996595951698	-1.30541656878028	0.556784876575575	0.273102510366626	0.283595998793529	-2.66176934096176	0.870125079612647	3.5318944205744	0.876543209876543	0.962962962962963	85	-1.3043836890903	-1.32642566230802	0.864705882352941	0.964705882352941	59	-1.28608800367286	-1.36586547337377	0.957627118644068	0.983050847457627	11	-0.797451099356357	-0.914751980759124	0.636363636363636	0.818181818181818	4	-1.24333894879635	-1.23483317929575	1	1	3	-1.00424386108252	-1.04787847054607	0.333333333333333	1	-0.472817800889054	0.428537015540055	2.05395393709833	0.145936544244147	0.104938271604938	TRUE	A_common_metabolic_essential	FALSE	0.144439289138061	0.289557425044409
HMGCR	cholesterol/isoprenoid	Tier 1;Tier 2	ENSG00000113161	162	-1.29053063838039	-1.24950650119687	0.52881128042776	0.264245628903386	0.210522916695692	-2.23325455595292	0.0460821998021896	2.27933675575511	0.842592592592593	0.938271604938272	85	-1.18873568787407	-1.17543308414609	0.788235294117647	0.917647058823529	59	-1.3042267880795	-1.32405298099733	0.923728813559322	0.966101694915254	11	-1.41024943341223	-1.32951787062897	0.818181818181818	0.909090909090909	4	-1.39312590001626	-1.41014782937898	1	1	3	-1.26345917660093	-1.37460908939927	0.666666666666667	1	-0.472817800889054	0.416470461073258	0.213370167738345	0.187149992384873	0.104938271604938	TRUE	A_common_metabolic_essential	FALSE	0.144439289138061	0.289557425044409
H2AC15	arginine	Tier 2	ENSG00000275221	162	-1.24722064352353	-1.22297358864456	0.490977957402319	0.259570384512553	0.199150992173937	-2.65111015459071	0.505091434053794	3.15620158864451	0.861111111111111	0.95679012345679	85	-1.17140666876816	-1.18633461537903	0.811764705882353	0.941176470588235	59	-1.33045060740817	-1.28432205044111	0.940677966101695	0.966101694915254	11	-1.27370987592312	-1.20685445834999	0.909090909090909	1	4	-1.16732863120494	-1.16085084568669	1	1	3	-1.15713941205996	-1.19649188419316	0.333333333333333	1	-0.472817800889054	0.0670372333626479	1.55221911321922	0.132014956557537	0.104938271604938	TRUE	A_common_metabolic_essential	FALSE	0.144439289138061	0.289557425044409
ATP6V1E1	OXPHOS;iron	Tier 1;Tier 2	ENSG00000131100	162	-1.07031138927606	-1.05304655830123	0.518969519261202	0.257723636569308	0.169352034630596	-1.99304018681853	0.860714798539594	2.85375498535813	0.848765432098766	0.938271604938272	85	-1.06382829970624	-1.00061334795001	0.788235294117647	0.894117647058824	59	-1.10006493152902	-1.10871018940441	0.923728813559322	0.983050847457627	11	-1.03972577663508	-1.13467721922427	0.909090909090909	1	4	-0.949555437866755	-1.0846703355139	1	1	3	-0.977091852772428	-1.10245864688829	0.666666666666667	1	-0.472817800889054	0.808302868353047	2.75604957864691	0.187608809427265	0.104938271604938	TRUE	A_common_metabolic_essential	FALSE	0.144439289138061	0.289557425044409
PSMC4	glycolysis	Tier 2	ENSG00000013275	162	-1.60663294180631	-1.53626396269472	0.524032174628372	0.252318760578235	0.160535989744972	-2.63532510807468	-0.227158885850399	2.40816622222428	0.969135802469136	0.993827160493827	85	-1.60280729453485	-1.54302257155127	0.964705882352941	1	59	-1.54492643378097	-1.46531990906551	0.966101694915254	0.983050847457627	11	-1.77675720043792	-1.73933892508509	1	1	4	-1.56734873654969	-1.62660485582015	1	1	3	-1.92193386209019	-1.87494038020128	1	1	-0.472817800889054	0.273109908963226	0.351270147809504	0.16769512949016	0.104938271604938	TRUE	A_common_metabolic_essential	FALSE	0.144439289138061	0.289557425044409
SKP1	iron	Tier 1	ENSG00000113558	162	-1.11400101050662	-1.11748038903788	0.493802878660895	0.251021024452717	0.145452256794631	-2.40632530900581	-0.267951688008686	2.13837362099713	0.87037037037037	0.969135802469136	85	-1.17096625950643	-1.11049518716805	0.841176470588235	0.941176470588235	59	-1.05583559616372	-1.12426245843371	0.906779661016949	1	11	-1.02505908853413	-1.09349376562601	0.818181818181818	1	4	-1.15598803279787	-1.13569170885066	1	1	3	-1.3752240884419	-1.24568293665819	1	1	-0.472817800889054	-0.420967097726653	0.375575086468145	0.183016010733563	0.104938271604938	TRUE	A_common_metabolic_essential	FALSE	0.144439289138061	0.289557425044409
HMGCS1	BCAA;cholesterol/isoprenoid	Tier 1;Tier 2	ENSG00000112972	162	-1.58942448234621	-1.65611500035873	0.500468382181147	0.246953186101547	0.239358407361857	-3.22454424683439	0.107636907730817	3.33218115456521	0.953703703703704	0.993827160493827	85	-1.5327623680286	-1.59233467568406	0.923529411764706	0.988235294117647	59	-1.6270776251278	-1.70672694312048	0.983050847457627	1	11	-1.77051449502321	-1.8120504667895	1	1	4	-1.57002010548358	-1.78491922995079	1	1	3	-1.52907730778779	-1.72435364212444	1	1	-0.472817800889054	-0.114299234754298	1.21065932248868	0.139398816739282	0.104938271604938	TRUE	A_common_metabolic_essential	FALSE	0.144439289138061	0.289557425044409
CDK1	glycolysis	Tier 2	ENSG00000170312	162	-1.52122814400028	-1.53015405177478	0.481652295753983	0.24591225672428	0.191513654358609	-2.95505728423168	-0.339582428475401	2.61547485575628	0.959876543209877	0.987654320987654	85	-1.57009784449854	-1.61955265558161	0.952941176470588	0.988235294117647	59	-1.45395874739853	-1.47175531119657	0.991525423728813	1	11	-1.1943857626869	-1.2307624616731	0.909090909090909	0.909090909090909	4	-1.50251797463512	-1.46377811882077	1	1	3	-1.55192265163227	-1.331972582931	0.666666666666667	1	-0.472817800889054	-0.386444090173518	0.744470464504062	0.168990819160702	0.104938271604938	TRUE	A_common_metabolic_essential	FALSE	0.144439289138061	0.289557425044409
POLR2F	OXPHOS	Tier 2	ENSG00000100142	162	-1.09971593986681	-1.15934426910077	0.487256493874736	0.245308994385691	0.139348848204861	-2.32679427941837	-0.235532230768741	2.09126204864963	0.891975308641975	0.975308641975309	85	-1.03940339807429	-1.07731231174095	0.841176470588235	0.952941176470588	59	-1.24756139905121	-1.26828011957515	0.949152542372881	1	11	-1.01959928600992	-1.16081207841508	1	1	4	-1.26521505702155	-1.18374681721799	1	1	3	-1.07810697173218	-1.30325930332407	0.666666666666667	1	-0.472817800889054	-0.400299481241086	0.0459953075572503	0.190118544511211	0.104938271604938	TRUE	A_common_metabolic_essential	FALSE	0.144439289138061	0.289557425044409
ISCU	OXPHOS;TCA;iron	Tier 1;Tier 2	ENSG00000136003	162	-1.27584876814172	-1.31597052180029	0.482555740485445	0.24491285393342	0.258898310302149	-3.31939183379213	-0.145437406829175	3.17395442696296	0.91358024691358	0.95679012345679	85	-1.3113236796713	-1.32987092400887	0.876470588235294	0.941176470588235	59	-1.23564241390465	-1.25796663222619	0.957627118644068	0.966101694915254	11	-1.21289050223636	-1.56447132086167	1	1	4	-1.40674205926275	-1.24954247619911	1	1	3	-1.18798851794588	-1.24027008509117	0.666666666666667	1	-0.472817800889054	-0.726051988083108	1.26866394576942	0.208473869314272	0.104938271604938	TRUE	A_common_metabolic_essential	FALSE	0.144439289138061	0.289557425044409
POLR3K	glycolysis	Tier 2	ENSG00000161980	162	-1.14598923585005	-1.20520860337707	0.430729628333826	0.230198431202165	0.161376248049188	-2.52563999561051	0.111305625963855	2.63694562157436	0.916666666666667	0.987654320987654	85	-1.13677954169236	-1.19447560146676	0.894117647058824	0.988235294117647	59	-1.11385110318841	-1.15534585449091	0.940677966101695	0.983050847457627	11	-1.38780557169211	-1.41577709565696	1	1	4	-1.36095148465024	-1.35661475161337	1	1	3	-1.24840971907766	-1.51598504958934	0.666666666666667	1	-0.472817800889054	-0.725282060725838	1.37098362394752	0.205451616810687	0.104938271604938	TRUE	A_common_metabolic_essential	FALSE	0.144439289138061	0.289557425044409
DHDDS	cholesterol/isoprenoid	Tier 1	ENSG00000117682	162	-1.6113272591086	-1.5887002937912	0.421177710617262	0.221940166725045	0.133744995431144	-3.16894622287067	-0.772307947569914	2.39663827530076	0.984567901234568	1	85	-1.65597770792302	-1.63629517495402	0.988235294117647	1	59	-1.40016608771059	-1.47426407305128	0.991525423728813	1	11	-1.76050297743014	-1.81186537002427	1	1	4	-1.53886095262441	-1.56145453904921	1	1	3	-1.6564815825069	-1.70881339553095	0.666666666666667	1	-0.472817800889054	-0.596291238546902	1.64169497261624	0.176083381706508	0.104938271604938	TRUE	A_common_metabolic_essential	FALSE	0.144439289138061	0.289557425044409
SCAP	cholesterol/isoprenoid	Tier 2	ENSG00000114650	162	-1.07776026716444	-1.09433125909997	0.461171756322594	0.221106148648949	0.216739996631735	-2.51707906002832	0.392894506087258	2.90997356611558	0.842592592592593	0.907407407407407	85	-1.07046054169895	-1.0750150752846	0.8	0.894117647058824	59	-1.09410310580682	-1.10581357167148	0.889830508474576	0.898305084745763	11	-1.00539910309309	-1.12711548514338	0.909090909090909	1	4	-1.21128179876019	-1.18313470851757	1	1	3	-1.13771273971675	-1.1771908919131	0.666666666666667	1	-0.472817800889054	-0.0976976475626837	1.2085984671347	0.138953935597804	0.104938271604938	FALSE	A_common_metabolic_essential	FALSE	0.144439289138061	0.289557425044409
VARS1	BCAA	Tier 1	ENSG00000204394	162	-1.24717907859989	-1.24087506900436	0.449816621447475	0.21893727367881	0.126701023312859	-2.51528824077282	-0.384005104134815	2.13128313663801	0.910493827160494	0.981481481481481	85	-1.21464213193261	-1.21388396022797	0.882352941176471	0.976470588235294	59	-1.20933863018557	-1.19122864309356	0.923728813559322	0.983050847457627	11	-1.57121103465824	-1.63794970598327	1	1	4	-1.36667997707216	-1.34431124286898	1	1	3	-1.56368281762982	-1.38814762650546	1	1	-0.472817800889054	-0.4388998008484	0.653407166277713	0.177736234174844	0.104938271604938	TRUE	A_common_metabolic_essential	FALSE	0.144439289138061	0.289557425044409
PRMT1	arginine	Tier 2	ENSG00000126457	162	-1.75701246236645	-1.75974411010365	0.408304629906337	0.215387916037785	0.121164515435918	-2.85335155077482	-0.898795189312642	1.95455636146218	0.981481481481481	1	85	-1.73349101753269	-1.74740204594689	0.970588235294118	1	59	-1.73793438057868	-1.7006453740005	0.991525423728813	1	11	-2.0606947343952	-2.05697357514267	1	1	4	-2.04000568748036	-2.03615210214908	1	1	3	-1.78197619966422	-1.81332571003669	1	1	-0.472817800889054	-0.147261572806505	0.265429584423987	0.161604163704135	0.104938271604938	TRUE	A_common_metabolic_essential	FALSE	0.144439289138061	0.289557425044409
UBA52	OXPHOS;iron	Tier 1	ENSG00000221983	162	-1.63955257049696	-1.63912030612417	0.418198704124095	0.208014493869185	0.164901079986238	-3.66623511955822	-0.560257583708754	3.10597753584947	0.975308641975309	1	85	-1.69749952524931	-1.71448983630822	0.98235294117647	1	59	-1.58106793892259	-1.55561763420566	0.974576271186441	1	11	-1.6191657654458	-1.4681257447237	0.909090909090909	1	4	-1.58384476678779	-1.64709605006014	1	1	3	-1.71947339641296	-1.76221523186067	1	1	-0.472817800889054	-0.655261765661963	3.47587950631581	0.149945219660959	0.104938271604938	TRUE	A_common_metabolic_essential	FALSE	0.144439289138061	0.289557425044409
ATP6V1A	OXPHOS;iron	Tier 1	ENSG00000114573	162	-1.33607376395333	-1.36977328944805	0.379908387133199	0.19489725026386	0.240750920309126	-3.16665631387506	0.0619506314076466	3.2286069452827	0.904320987654321	0.95679012345679	85	-1.35045825662162	-1.39126693971201	0.876470588235294	0.929411764705882	59	-1.30462393037821	-1.34362592469658	0.966101694915254	0.983050847457627	11	-1.40216184211458	-1.38660596982326	0.909090909090909	1	4	-1.2845427524984	-1.34843437730425	1	1	3	-1.25299014689524	-1.24175009356402	0.333333333333333	1	-0.472817800889054	-0.428511518464753	1.72743141457411	0.152055349415956	0.104938271604938	TRUE	A_common_metabolic_essential	FALSE	0.144439289138061	0.289557425044409
GGPS1	cholesterol/isoprenoid	Tier 1;Tier 2	ENSG00000152904	162	-1.01169299668986	-1.06578315225011	0.407857757968479	0.193542790006942	0.121651904001231	-2.28871872674966	-0.0563094248342564	2.2324093019154	0.888888888888889	0.969135802469136	85	-1.029555199661	-1.09708625935947	0.852941176470588	0.964705882352941	59	-0.995361563802865	-1.04674877643149	0.957627118644068	0.966101694915254	11	-0.766536998186092	-0.880739682061759	0.818181818181818	1	4	-1.00866540852783	-0.991684413267905	1	1	3	-1.32840938263196	-1.3304955512514	0.666666666666667	1	-0.472817800889054	-0.622004937285912	1.08624879374677	0.194161538758774	0.104938271604938	TRUE	A_common_metabolic_essential	FALSE	0.144439289138061	0.289557425044409
ECD	glycolysis	Tier 2	ENSG00000122882	162	-1.50172866585684	-1.5042436916189	0.380174172108654	0.19210842422962	0.120451048655668	-2.47308448071228	-0.477630802032149	1.99545367868014	0.972222222222222	1	85	-1.55540897287482	-1.53108940651258	0.958823529411765	1	59	-1.46947125018423	-1.46278624221614	0.983050847457627	1	11	-1.43980797616198	-1.53871470352821	1	1	4	-1.46901494654289	-1.46205532758428	1	1	3	-1.48251078646625	-1.48880238293087	1	1	-0.472817800889054	0.0798385780472909	0.435471407631118	0.155012979767063	0.104938271604938	TRUE	A_common_metabolic_essential	FALSE	0.144439289138061	0.289557425044409
PHB2	OXPHOS	Tier 2	ENSG00000215021	162	-1.50119461576285	-1.53628595204972	0.381290572042914	0.188012919304338	0.128201408999019	-2.83306621272211	-0.684918458044874	2.14814775467724	0.966049382716049	1	85	-1.51402004088441	-1.54219991707695	0.958823529411765	1	59	-1.47159605998166	-1.53290696944458	0.983050847457627	1	11	-1.4984754640131	-1.41163877985575	0.909090909090909	1	4	-1.5808215797435	-1.68805905084992	1	1	3	-1.63013191332794	-1.68985243382378	1	1	-0.472817800889054	-0.893861034090699	1.53583574311762	0.236940920393493	0.104938271604938	TRUE	A_common_metabolic_essential	FALSE	0.144439289138061	0.289557425044409
FDPS	cholesterol/isoprenoid	Tier 1;Tier 2	ENSG00000160752	162	-0.968739049042997	-0.97202540695366	0.372761653837494	0.1870539950615	0.100508620176682	-1.72871183819772	-0.00359077372943273	1.72512106446829	0.817901234567901	0.95679012345679	85	-0.95414262863995	-0.937561779199184	0.764705882352941	0.941176470588235	59	-0.98416949998973	-1.01159849381711	0.889830508474576	0.983050847457627	11	-1.10035906749047	-1.09852697581419	0.909090909090909	1	4	-0.915354351659828	-0.918702471811593	1	1	3	-0.935520350746994	-0.777482312716862	0.333333333333333	0.666666666666667	-0.472817800889054	0.13514844728581	0.280997808277646	0.160667429629374	0.104938271604938	TRUE	A_common_metabolic_essential	FALSE	0.144439289138061	0.289557425044409
FDX2	cholesterol/isoprenoid;iron	Tier 1	ENSG00000267673	162	-0.862861893970976	-0.893004026518132	0.370127966567406	0.186199435153732	0.111605488172981	-2.39642051456648	-0.0381447795514347	2.35827573501505	0.830246913580247	0.932098765432099	85	-0.867766048472497	-0.892599466013097	0.747058823529412	0.917647058823529	59	-0.830576857920219	-0.845027921634005	0.915254237288136	0.949152542372881	11	-1.08602537045419	-1.07043514332872	0.909090909090909	0.909090909090909	4	-0.851642915370926	-0.847248428617631	1	1	3	-1.29605224983434	-1.25842333911046	1	1	-0.472817800889054	-0.919879389910615	2.64657321099316	0.212124041671924	0.104938271604938	TRUE	A_common_metabolic_essential	FALSE	0.144439289138061	0.289557425044409
GRPEL1	OXPHOS	Tier 2	ENSG00000109519	162	-1.12015585742759	-1.16715024767107	0.411332552121216	0.185888201348484	0.111081546307865	-2.19453172405968	-0.232761885308544	1.96176983875114	0.929012345679012	0.987654320987654	85	-1.12126926571327	-1.19128336925392	0.9	0.988235294117647	59	-1.1316982671942	-1.13651956979734	0.966101694915254	0.983050847457627	11	-1.0572343294225	-1.15982946272051	1	1	4	-1.18128633511687	-1.18249009616392	1	1	3	-1.09285794562567	-1.09217154783536	0.666666666666667	1	-0.472817800889054	-0.494549394246912	0.477226649194029	0.190478870844288	0.104938271604938	TRUE	A_common_metabolic_essential	FALSE	0.144439289138061	0.289557425044409
DNMT1	methionine	Tier 1	ENSG00000130816	162	-1.05765979209956	-1.08073776671714	0.363000885321738	0.183417002521986	0.0989687205819547	-2.06605164210706	-0.250315843570214	1.81573579853684	0.888888888888889	0.969135802469136	85	-1.06114070924683	-1.06664325418292	0.847058823529412	0.964705882352941	59	-1.06110838203045	-1.10205193744251	0.932203389830508	0.966101694915254	11	-0.940744717961361	-1.0784433474328	1	1	4	-1.03348370899851	-1.0315434257246	1	1	3	-1.09228404102239	-1.13490892295359	0.666666666666667	1	-0.472817800889054	-0.325279715674872	0.768522740138944	0.162017185381965	0.104938271604938	TRUE	A_common_metabolic_essential	FALSE	0.144439289138061	0.289557425044409
TXN	glycolysis	Tier 2	ENSG00000136810	162	-0.842178558952717	-0.883948691104406	0.364816803050685	0.183137909411779	0.116142587325144	-1.97232542937577	0.251248088236527	2.2235735176123	0.802469135802469	0.932098765432099	85	-0.803925212168438	-0.854383567479919	0.735294117647059	0.905882352941176	59	-0.843909644419628	-0.86297229474289	0.889830508474576	0.966101694915254	11	-1.09596453864602	-1.19406322715008	0.909090909090909	1	4	-1.07969373293404	-1.12932889113794	1	1	3	-0.740039849731249	-0.669902756695816	0.333333333333333	0.666666666666667	-0.472817800889054	-0.451132589399165	1.59887287365265	0.157207987170145	0.104938271604938	TRUE	A_common_metabolic_essential	FALSE	0.144439289138061	0.289557425044409
WARS1	tryptophan	Tier 1	ENSG00000140105	162	-0.958579610369648	-0.980372246603697	0.356730809763557	0.180385157319556	0.0977349635947344	-2.32649070594841	-0.182383249833112	2.1441074561153	0.858024691358025	0.95679012345679	85	-0.976388339595516	-0.996270137833982	0.852941176470588	0.964705882352941	59	-0.980226869833158	-1.00217113896501	0.906779661016949	0.966101694915254	11	-0.744572378142471	-0.741262340712457	0.727272727272727	0.818181818181818	4	-0.8809718438114	-0.950717800348751	1	1	3	-0.958789729506748	-1.01749602858104	0.333333333333333	1	-0.472817800889054	-0.641752746858576	2.16150361096734	0.171794582772091	0.104938271604938	TRUE	A_common_metabolic_essential	FALSE	0.144439289138061	0.289557425044409
POLD1	iron	Tier 1	ENSG00000062822	162	-1.31128847203759	-1.36640720189972	0.396499817570485	0.177992938454368	0.112524675766284	-2.49211232610997	-0.0135144517347006	2.47859787437527	0.959876543209877	0.987654320987654	85	-1.30816932197111	-1.41564996790016	0.98235294117647	0.988235294117647	59	-1.33265114980272	-1.32963467211237	0.932203389830508	1	11	-1.31669302749179	-1.28252015402112	1	1	4	-1.38585546462312	-1.40762853278883	1	1	3	-0.960128871506004	-0.947012652074232	0.666666666666667	0.666666666666667	-0.472817800889054	-0.0894938990603107	1.89147961752765	0.126822298270856	0.104938271604938	TRUE	A_common_metabolic_essential	FALSE	0.144439289138061	0.289557425044409
ERCC2	iron	Tier 1	ENSG00000104884	162	-0.817356526037533	-0.852208508872395	0.342930713326565	0.177567371628777	0.0626406499503745	-1.55946153325651	-0.275937017218008	1.2835245160385	0.820987654320988	0.95679012345679	85	-0.854381523311841	-0.865803625168202	0.794117647058824	0.976470588235294	59	-0.765377463253383	-0.809121172486332	0.855932203389831	0.915254237288136	11	-0.970350282490195	-1.01375454389062	0.909090909090909	1	4	-0.725812575011281	-0.766383903338305	1	1	3	-0.725059311569651	-0.836495175062416	0.333333333333333	1	-0.472817800889054	-0.399587003007065	-0.257734886666445	0.199977997998386	0.104938271604938	TRUE	A_common_metabolic_essential	FALSE	0.144439289138061	0.289557425044409
PRMT5	arginine	Tier 2	ENSG00000100462	162	-1.15304792159759	-1.20281500837236	0.385231851381591	0.177359577203483	0.102936986266226	-2.15598512208354	-0.138644176230351	2.01734094585319	0.929012345679012	0.987654320987654	85	-1.19009220915134	-1.22816643579935	0.9	0.988235294117647	59	-1.10318299332773	-1.17152664764869	0.966101694915254	0.983050847457627	11	-1.00100267507031	-1.13433627999101	1	1	4	-1.12613056985611	-1.23365513569459	1	1	3	-1.2288904581578	-1.30983082647494	0.666666666666667	1	-0.472817800889054	-0.482234104141278	0.972306814729449	0.175351363128626	0.104938271604938	TRUE	A_common_metabolic_essential	FALSE	0.144439289138061	0.289557425044409
PMPCA	OXPHOS	Tier 2	ENSG00000165688	162	-1.08110373587241	-1.12817917693744	0.330495505780916	0.166033003225659	0.130773190596613	-2.57861887188667	-0.377841656182731	2.20077721570394	0.904320987654321	0.987654320987654	85	-1.04882520048834	-1.11984704969903	0.894117647058824	0.988235294117647	59	-1.11513739382386	-1.16988305940837	0.940677966101695	1	11	-0.978860284954599	-0.973943055903396	0.818181818181818	0.909090909090909	4	-0.939418024606788	-1.01225611431057	1	1	3	-1.13454499758597	-1.26417628739147	0.666666666666667	1	-0.472817800889054	-1.20514591945921	2.64330540645283	0.281881499645226	0.104938271604938	TRUE	A_common_metabolic_essential	FALSE	0.144439289138061	0.289557425044409
IARS1	BCAA	Tier 1	ENSG00000196305	162	-1.13477937620482	-1.1735043962519	0.340339160833033	0.160670351495648	0.0957659743534858	-2.07186342118362	-0.35290248248428	1.71896093869934	0.935185185185185	0.981481481481481	85	-1.1039063555282	-1.15229392100968	0.911764705882353	0.976470588235294	59	-1.16132596065138	-1.16739649357369	0.949152542372881	0.983050847457627	11	-1.20507809444452	-1.26596022579631	1	1	4	-1.19881585891566	-1.21275678002844	1	1	3	-1.48903779492666	-1.50324872742147	1	1	-0.472817800889054	-0.42839652004033	0.786331600267073	0.172952558861817	0.104938271604938	TRUE	A_common_metabolic_essential	FALSE	0.144439289138061	0.289557425044409
LARS1	BCAA	Tier 1	ENSG00000133706	162	-1.32907775644828	-1.35158605896556	0.295937979576691	0.15155046686987	0.0944399689939332	-2.39094872183563	-0.428632561129747	1.96231616070589	0.953703703703704	0.987654320987654	85	-1.30298138969653	-1.30452580918692	0.917647058823529	0.976470588235294	59	-1.34036236254271	-1.36754076849718	0.991525423728813	1	11	-1.41525964748345	-1.54923239025829	1	1	4	-1.25127643736372	-1.30936234257204	1	1	3	-1.46787839773556	-1.70277892235614	1	1	-0.472817800889054	-0.323071198301826	1.69026230457388	0.142555476917097	0.104938271604938	TRUE	A_common_metabolic_essential	FALSE	0.144439289138061	0.289557425044409
AFG3L2	OXPHOS	Tier 2	ENSG00000141385	162	-0.89950067255193	-0.899032762094222	0.300959637622839	0.148189442041135	0.0956393795352693	-1.93228476439263	-0.0620307161636184	1.87025404822902	0.839506172839506	0.907407407407407	85	-0.924208822063837	-0.929286115146594	0.8	0.929411764705882	59	-0.858845627760356	-0.890986073396597	0.898305084745763	0.898305084745763	11	-0.883785830756272	-0.860069195577577	0.909090909090909	0.909090909090909	4	-0.810591831398253	-0.852760115103549	1	1	3	-0.285957624345291	-0.404669243212246	0.333333333333333	0.333333333333333	-0.472817800889054	-0.203279944396747	1.50475336239581	0.137714232667699	0.104938271604938	TRUE	A_common_metabolic_essential	FALSE	0.144439289138061	0.289557425044409
ACTL6A	arginine	Tier 2	ENSG00000136518	162	-1.12015862071238	-1.1253555168277	0.298914638062239	0.148093053939265	0.0818865503306807	-2.34620474130699	-0.304114702637049	2.04209003866994	0.919753086419753	0.987654320987654	85	-1.16644033761513	-1.17871869224155	0.923529411764706	0.988235294117647	59	-1.08810868719017	-1.08667949565267	0.957627118644068	1	11	-1.09029354881659	-0.948873992467254	0.727272727272727	0.909090909090909	4	-1.02750914984153	-1.03868619060201	1	1	3	-1.16899587506675	-1.1366853208332	0.666666666666667	1	-0.472817800889054	-0.797980418540687	2.50740880333395	0.191119547757684	0.104938271604938	TRUE	A_common_metabolic_essential	FALSE	0.144439289138061	0.289557425044409
CENPA	glycolysis	Tier 2	ENSG00000115163	162	-0.880537446677657	-0.928837932573385	0.299547176779803	0.147240416928801	0.0837162830691952	-2.30977739939048	-0.398346420291411	1.91143097909907	0.851851851851852	0.987654320987654	85	-0.922285744932344	-0.986292079707351	0.829411764705882	0.976470588235294	59	-0.792520067023172	-0.868596740744439	0.889830508474576	1	11	-0.705168892811272	-0.763926260990953	0.818181818181818	1	4	-0.925224663884268	-0.931741243401459	1	1	3	-1.10218872006092	-1.08651891777843	0.666666666666667	1	-0.472817800889054	-1.4196281111268	3.29332097860048	0.322495209718257	0.104938271604938	TRUE	A_common_metabolic_essential	FALSE	0.144439289138061	0.289557425044409
RPS2	arginine	Tier 2	ENSG00000140988	162	-1.26538281637096	-1.28948669225599	0.27515876804015	0.142999149677711	0.117788763319632	-2.99521515628421	-0.470111281530251	2.52510387475396	0.925925925925926	0.993827160493827	85	-1.26064004133514	-1.29884542681188	0.894117647058824	0.988235294117647	59	-1.29610733389886	-1.27567235357893	0.966101694915254	1	11	-1.25485778595524	-1.37844775791959	1	1	4	-1.18034476382803	-1.16663268212321	1	1	3	-1.27433667264349	-1.13361931323162	0.666666666666667	1	-0.472817800889054	-1.21132673467623	4.40470931331102	0.235848466184693	0.104938271604938	TRUE	A_common_metabolic_essential	FALSE	0.144439289138061	0.289557425044409
WDR5	arginine	Tier 2	ENSG00000196363	162	-0.850282981700579	-0.888362724470213	0.283635117948669	0.137591012107304	0.0869336067739777	-2.33608902347371	-0.240231252327409	2.0958577711463	0.830246913580247	0.932098765432099	85	-0.838016785393795	-0.886319940986312	0.8	0.929411764705882	59	-0.877175553145722	-0.878440260781235	0.872881355932204	0.915254237288136	11	-0.919171779361132	-0.879474267035989	0.818181818181818	1	4	-0.979617661091726	-0.987485595532006	1	1	3	-0.735093638271979	-1.0418105582404	0.666666666666667	1	-0.472817800889054	-1.09009495855932	3.50244480495679	0.228922366607345	0.104938271604938	TRUE	A_common_metabolic_essential	FALSE	0.144439289138061	0.289557425044409
TYMS	folate;serine/glycine/one-carbon	Tier 1	ENSG00000176890	162	-0.403480125112645	-0.479288310116068	0.614791545000803	0.308006583059191	0.278402706254648	-2.69241648478743	0.638103411974456	3.33051989676189	0.37962962962963	0.438271604938272	85	-0.264328030581503	-0.298774069522115	0.229411764705882	0.305882352941177	59	-0.600638578454718	-0.673852190295944	0.542372881355932	0.593220338983051	11	-0.774790526308743	-0.830998228223826	0.545454545454545	0.545454545454545	4	-0.523342159794785	-0.534175314126953	1	0.75	3	-0.429768247675002	-0.404649778330869	0	0.333333333333333	-0.472817800889054	-1.09229008920888	2.26514182108566	0.263534439602907	0.104938271604938	FALSE	B_selective_metabolic_dependency	FALSE	0.144439289138061	0.289557425044409
SDHAF4	OXPHOS;TCA	Tier 1;Tier 2	ENSG00000154079	162	-0.377942621065984	-0.371618848306743	0.588304794678121	0.292887003456294	0.198155419392776	-1.58853667350782	1.14878865169254	2.73732532520036	0.401234567901235	0.401234567901235	85	-0.252782944460161	-0.310886440106367	0.3	0.341176470588235	59	-0.471099964470744	-0.482575158061293	0.550847457627119	0.491525423728814	11	-0.587779264251172	-0.408440605257629	0.545454545454545	0.545454545454545	4	-0.040315689304061	-0.00929054512557094	0	0	3	0.042824524033771	-0.258320950899528	0.333333333333333	0.333333333333333	-0.472817800889054	0.143566571388526	0.507275563053065	0.155486256287517	0.104938271604938	FALSE	B_selective_metabolic_dependency	FALSE	0.144439289138061	0.289557425044409
ATP6AP1	OXPHOS;iron	Tier 1;Tier 2	ENSG00000071553	162	-0.58156485798859	-0.565717242453939	0.557683845525473	0.285909051466486	0.182888767361296	-1.66331064378761	0.738127032996821	2.40143767678444	0.580246913580247	0.660493827160494	85	-0.571786500298019	-0.558245225486074	0.523529411764706	0.647058823529412	59	-0.60921989185423	-0.608688664939965	0.669491525423729	0.711864406779661	11	-0.396022960488819	-0.492991494513477	0.454545454545455	0.454545454545455	4	-0.680648340855856	-0.695149677317922	1	1	3	0.175110909020732	-0.0264042436146629	0.333333333333333	0.333333333333333	-0.472817800889054	0.324413929860694	0.466198991615197	0.169440109800519	0.104938271604938	TRUE	B_selective_metabolic_dependency	FALSE	0.144439289138061	0.289557425044409
STX5	cholesterol/isoprenoid	Tier 2	ENSG00000162236	162	-0.904411361877134	-0.807063338194681	0.540568592792693	0.260032264780929	0.332432620210171	-2.38398801583024	1.22968480495199	3.61367282078223	0.756172839506173	0.802469135802469	85	-0.816745167910759	-0.777163230721184	0.717647058823529	0.788235294117647	59	-1.06940885476121	-0.918680656174685	0.822033898305085	0.847457627118644	11	-0.661533626755157	-0.612440339645709	0.727272727272727	0.636363636363636	4	-0.847367893789205	-0.875900434074978	1	1	3	-0.480424843411665	-0.0809273298428535	0.333333333333333	0.666666666666667	-0.472817800889054	1.05676064972092	2.19602870554232	0.256489408653505	0.104938271604938	TRUE	B_selective_metabolic_dependency	FALSE	0.144439289138061	0.289557425044409
PPP2CA	glycolysis	Tier 2	ENSG00000113575	162	-0.750252428995351	-0.763072968295794	0.533095116257251	0.258016507932226	0.244097890835271	-2.63017219678547	0.647314903675821	3.2774871004613	0.641975308641975	0.746913580246914	85	-0.750181268175546	-0.765976591507353	0.582352941176471	0.717647058823529	59	-0.749958496884545	-0.749547518211038	0.703389830508475	0.779661016949153	11	-0.829387399819766	-0.82467114433833	0.727272727272727	0.727272727272727	4	-0.889242489747254	-0.871827646247376	1	1	3	-0.721263228404278	-0.575937946210426	0.333333333333333	0.666666666666667	-0.472817800889054	-0.453960666260609	1.25342638752418	0.164987120969741	0.104938271604938	TRUE	B_selective_metabolic_dependency	FALSE	0.144439289138061	0.289557425044409
ATP6V1H	OXPHOS;iron	Tier 1;Tier 2	ENSG00000047249	162	-0.923199757209352	-0.907079579282923	0.498272614603563	0.257993307775594	0.18983534720246	-2.14196070125313	0.75041729521976	2.89237799647289	0.777777777777778	0.87037037037037	85	-0.884985530952065	-0.840220600966527	0.705882352941177	0.823529411764706	59	-0.973542420900594	-0.99548611810509	0.88135593220339	0.932203389830508	11	-0.910224900646859	-0.905937675054644	0.727272727272727	0.818181818181818	4	-0.886964210732098	-0.869633464787061	1	1	3	-1.00621841892127	-1.11687050290968	0.666666666666667	1	-0.472817800889054	0.428310159986937	1.28257592151808	0.161248344798353	0.104938271604938	TRUE	B_selective_metabolic_dependency	FALSE	0.144439289138061	0.289557425044409
DHFR	folate;serine/glycine/one-carbon	Tier 1	ENSG00000228716	162	-0.610639122282127	-0.632578954023419	0.505663598446388	0.255512453293285	0.23552922909615	-2.60959311974613	0.961061772879744	3.57065489262587	0.583333333333333	0.648148148148148	85	-0.519790040418677	-0.488233329767595	0.447058823529412	0.529411764705882	59	-0.703586422355178	-0.812226312854947	0.771186440677966	0.779661016949153	11	-0.751323525302461	-0.878574143859692	0.636363636363636	0.818181818181818	4	-0.601570673262165	-0.601344894627162	0.75	0.75	3	-0.653287168834453	-0.328969967380401	0.333333333333333	0.666666666666667	-0.472817800889054	-0.901601435037358	3.59209427300028	0.187886799073463	0.104938271604938	TRUE	B_selective_metabolic_dependency	FALSE	0.144439289138061	0.289557425044409
MSMO1	cholesterol/isoprenoid	Tier 1	ENSG00000052802	162	-0.624989692180327	-0.66346612975775	0.498967890630331	0.246955846880742	0.158025272540337	-1.93812060005253	0.16128403804061	2.09940463809314	0.574074074074074	0.641975308641975	85	-0.520694396746588	-0.561345974955154	0.447058823529412	0.552941176470588	59	-0.783346769162756	-0.809688795840249	0.76271186440678	0.779661016949153	11	-0.428666238660522	-0.565928827937275	0.545454545454545	0.454545454545455	4	-0.876543779402921	-0.896920094194224	0.75	0.75	3	-0.797428474130844	-0.727522903635285	0.333333333333333	1	-0.472817800889054	-0.655286321845577	0.317164288753247	0.224258822097417	0.104938271604938	FALSE	B_selective_metabolic_dependency	FALSE	0.144439289138061	0.289557425044409
ATP6V1D	OXPHOS;iron	Tier 1;Tier 2	ENSG00000100554	162	-0.678298926813127	-0.70630969612728	0.479399643412272	0.24176465703549	0.176090913355421	-1.95047702099055	0.663602148314683	2.61407916930523	0.660493827160494	0.734567901234568	85	-0.614173358576595	-0.650788307916747	0.605882352941176	0.670588235294118	59	-0.736918732715477	-0.769733955732686	0.754237288135593	0.847457627118644	11	-0.752141476515208	-0.774452855278141	0.636363636363636	0.636363636363636	4	-0.837156744403774	-0.903205215988751	1	1	3	-0.31823490345011	-0.519686313150935	0	0.333333333333333	-0.472817800889054	-0.146222837106941	0.841617832692243	0.148061879750988	0.104938271604938	TRUE	B_selective_metabolic_dependency	FALSE	0.144439289138061	0.289557425044409
TUBB4B	iron	Tier 1	ENSG00000188229	162	-0.332018303585044	-0.402961766660327	0.474168034185173	0.237171113166588	0.206927146948122	-2.07761507852819	0.683239387441538	2.76085446596973	0.327160493827161	0.333333333333333	85	-0.400249884960142	-0.469124085589196	0.382352941176471	0.423529411764706	59	-0.327394195646953	-0.371831071421777	0.279661016949153	0.254237288135593	11	-0.130525502989075	-0.101023769675262	0	0	4	-0.634584721078181	-0.648456018136637	1	0.75	3	0.157141262476275	0.0796199429893109	0	0	-0.472817800889054	-1.13538316055687	2.27349017332782	0.274794321753563	0.104938271604938	FALSE	B_selective_metabolic_dependency	FALSE	0.144439289138061	0.289557425044409
IRS2	glycolysis	Tier 2	ENSG00000185950	162	-0.33329143952825	-0.352255113584616	0.465131841443281	0.236508310003505	0.129081693470337	-1.22412064363636	0.512654692798984	1.73677533643534	0.324074074074074	0.320987654320988	85	-0.412186740204581	-0.410565096254298	0.417647058823529	0.435294117647059	59	-0.257402792431409	-0.274230667445458	0.203389830508475	0.186440677966102	11	-0.353861625371152	-0.310256274251698	0.272727272727273	0.181818181818182	4	-0.290782586407928	-0.266235436767033	0.25	0	3	-0.479857870284019	-0.503308358657855	0.333333333333333	0.666666666666667	-0.472817800889054	-0.340127784375541	-0.162606539557332	0.189288278170929	0.104938271604938	FALSE	B_selective_metabolic_dependency	FALSE	0.144439289138061	0.289557425044409
MBTPS2	cholesterol/isoprenoid	Tier 2	ENSG00000012174	162	-0.699090381109381	-0.719534976786265	0.467481867471238	0.236485888729822	0.144789579358509	-2.0034105383445	0.462943886230221	2.46635442457472	0.67283950617284	0.759259259259259	85	-0.683271084236506	-0.672888373545924	0.570588235294118	0.741176470588235	59	-0.667349739054201	-0.721796280955821	0.771186440677966	0.728813559322034	11	-0.770079965249906	-1.06094707282824	0.909090909090909	1	4	-0.705567059714354	-0.688975621005289	1	0.75	3	-0.806791676665699	-0.785617875482023	0.333333333333333	1	-0.472817800889054	-0.269845033079978	0.782767172119915	0.156856215754229	0.104938271604938	FALSE	B_selective_metabolic_dependency	FALSE	0.144439289138061	0.289557425044409
MED1	cholesterol/isoprenoid	Tier 2	ENSG00000125686	162	-0.616779496130178	-0.63005912024047	0.458990209395189	0.235528349578091	0.144481778758186	-1.83754748745393	0.71826905588467	2.5558165433386	0.583333333333333	0.666666666666667	85	-0.60714812588279	-0.606682413277709	0.547058823529412	0.658823529411765	59	-0.60050814733471	-0.583362790280943	0.576271186440678	0.627118644067797	11	-1.1114528451822	-1.08660348478547	0.818181818181818	1	4	-0.757824006356817	-0.721610727317056	1	0.75	3	-0.290549732521904	-0.414695493955594	0.333333333333333	0.333333333333333	-0.472817800889054	-0.337165023645205	0.943700436536655	0.159087585255368	0.104938271604938	FALSE	B_selective_metabolic_dependency	FALSE	0.144439289138061	0.289557425044409
RACK1	sphingolipid	Tier 1	ENSG00000204628	162	-0.982002103973337	-0.98094185379798	0.468535493013335	0.228847817056427	0.174399396460043	-2.18787927002751	0.227971660242307	2.41585093026982	0.799382716049383	0.888888888888889	85	-0.893457800606291	-0.852242441977714	0.676470588235294	0.811764705882353	59	-1.10507272536405	-1.10788748742026	0.949152542372881	0.966101694915254	11	-1.14323600817857	-1.0986514183534	0.909090909090909	1	4	-1.20794410523115	-1.28920054787957	1	1	3	-0.966392379956831	-1.28821439865531	0.666666666666667	1	-0.472817800889054	0.0801489515131069	0.754111155943122	0.147768103548343	0.104938271604938	TRUE	B_selective_metabolic_dependency	FALSE	0.144439289138061	0.289557425044409
PPP2R1A	glycolysis	Tier 2	ENSG00000105568	162	-0.362210596349572	-0.435904963022405	0.45657299609882	0.228137128628151	0.176698239619305	-2.12483418528032	0.456905669997722	2.58173985527805	0.401234567901235	0.407407407407407	85	-0.261954402617781	-0.307576009037036	0.264705882352941	0.305882352941177	59	-0.458567969601728	-0.513194875089845	0.5	0.440677966101695	11	-0.928091198327371	-0.879387872364687	0.818181818181818	0.909090909090909	4	-0.561119130541005	-0.66657998222627	0.75	0.5	3	-0.643066943609669	-0.618186362088023	0.333333333333333	0.666666666666667	-0.472817800889054	-0.776311105155317	1.2889936877189	0.218176017965325	0.104938271604938	TRUE	B_selective_metabolic_dependency	FALSE	0.144439289138061	0.289557425044409
SLC39A7	zinc	Tier 1	ENSG00000112473	162	-0.743592218766465	-0.788686402539873	0.44060458929558	0.227536489782838	0.202686383956628	-2.83697854979147	0.43002173142242	3.26700028121389	0.734567901234568	0.82716049382716	85	-0.714435116960354	-0.699940392852441	0.641176470588235	0.741176470588235	59	-0.753438586710718	-0.883211715683618	0.855932203389831	0.932203389830508	11	-0.987504339956628	-0.842876735528003	0.727272727272727	0.818181818181818	4	-0.835019767788073	-0.802802636000754	1	1	3	-0.95726664586643	-1.22663931961913	0.666666666666667	1	-0.472817800889054	-0.606752991250866	3.01447753599256	0.150823409020488	0.104938271604938	TRUE	B_selective_metabolic_dependency	FALSE	0.144439289138061	0.289557425044409
APIP	methionine	Tier 1	ENSG00000149089	162	-0.127704070987331	-0.170891007724092	0.445157363973408	0.221704293798906	0.118930757019689	-1.60267641063473	0.548848464314872	2.1515248749496	0.126543209876543	0.141975308641975	85	-0.0956182404498954	-0.141171577287183	0.117647058823529	0.141176470588235	59	-0.144823950249674	-0.211942355188083	0.127118644067797	0.152542372881356	11	-0.321056156228641	-0.249553491151465	0.272727272727273	0.181818181818182	4	0.0860551573427336	0.0828530800132148	0	0	3	-0.168242591985913	-0.255494714394058	0	0	-0.472817800889054	-1.01297002422563	2.37662539585116	0.240249600473545	0.104938271604938	FALSE	B_selective_metabolic_dependency	FALSE	0.144439289138061	0.289557425044409
NFS1	OXPHOS;TCA;iron	Tier 1;Tier 2	ENSG00000244005	162	-0.771229653518133	-0.769027256198006	0.436793623484451	0.219829117459669	0.16627058383884	-2.15136829271985	0.492225206797674	2.64359349951752	0.685185185185185	0.814814814814815	85	-0.776760024244837	-0.828918644533864	0.664705882352941	0.858823529411765	59	-0.757406973402312	-0.692844741319316	0.686440677966102	0.76271186440678	11	-0.802215634826769	-0.878347121940699	0.909090909090909	0.909090909090909	4	-0.811125497458301	-0.759385828966061	0.75	0.75	3	-0.450695432471155	-0.182376441215681	0.333333333333333	0.333333333333333	-0.472817800889054	0.072659594259068	1.15632093949891	0.139369676174643	0.104938271604938	TRUE	B_selective_metabolic_dependency	FALSE	0.144439289138061	0.289557425044409
CDK4	arginine	Tier 2	ENSG00000135446	162	-0.490241315219403	-0.554407747218135	0.480574195679052	0.216912959371034	0.162573592717924	-1.93777083170139	0.493738044811126	2.43150887651252	0.487654320987654	0.530864197530864	85	-0.660482148477058	-0.716701452364484	0.594117647058824	0.729411764705882	59	-0.343936045165743	-0.372592267925979	0.330508474576271	0.288135593220339	11	-0.321253602383265	-0.343612404925033	0.454545454545455	0.272727272727273	4	-0.419288124275962	-0.454294592654458	0.75	0.5	3	-0.479268562260732	-0.438190988643563	0.333333333333333	0.666666666666667	-0.472817800889054	-0.791158470919175	1.05095561670914	0.228757110669114	0.104938271604938	TRUE	B_selective_metabolic_dependency	FALSE	0.144439289138061	0.289557425044409
CCND1	arginine	Tier 2	ENSG00000110092	162	-0.366485762376194	-0.429114721508719	0.408323798805883	0.214102980614045	0.158450219271449	-2.12625454396672	0.503748389423447	2.63000293339017	0.358024691358025	0.395061728395062	85	-0.336056837583373	-0.400714971374886	0.270588235294118	0.352941176470588	59	-0.425657906314712	-0.487086152083744	0.474576271186441	0.457627118644068	11	-0.310826024584901	-0.342503729098182	0.272727272727273	0.272727272727273	4	-0.476824538568139	-0.456789479762703	0.75	0.5	3	-0.557724313760658	-0.374343468491813	0.333333333333333	0.666666666666667	-0.472817800889054	-0.786215626634336	1.49274569880104	0.2143376382055	0.104938271604938	FALSE	B_selective_metabolic_dependency	FALSE	0.144439289138061	0.289557425044409
SOX9	glycolysis	Tier 2	ENSG00000125398	162	-0.449200515497085	-0.425517739181987	0.399485689378553	0.21217776950853	0.145768106649787	-2.14208680370591	0.556036459466363	2.69812326317227	0.37962962962963	0.45679012345679	85	-0.469700088460848	-0.450387946389487	0.352941176470588	0.494117647058824	59	-0.434333822868652	-0.451259048135459	0.415254237288136	0.440677966101695	11	-0.11612341819668	-0.132659911685469	0.272727272727273	0.181818181818182	4	-0.545165239627602	-0.500909816844986	0.75	0.75	3	-0.00365959221454332	-0.187905389487795	0.333333333333333	0.333333333333333	-0.472817800889054	-0.804313058469915	3.56277322280286	0.171206441665067	0.104938271604938	FALSE	B_selective_metabolic_dependency	FALSE	0.144439289138061	0.289557425044409
SOD1	glycolysis	Tier 2	ENSG00000142168	162	-0.758132215072301	-0.756662313037078	0.423317900178839	0.212059751650696	0.107789576842759	-1.74858369515698	0.230262898216028	1.97884659337301	0.703703703703704	0.833333333333333	85	-0.792385611122049	-0.805632219348492	0.688235294117647	0.870588235294118	59	-0.656934879369392	-0.636718996553503	0.652542372881356	0.728813559322034	11	-0.863396000994887	-0.893047168747142	1	1	4	-0.863554760195678	-0.877413591316916	1	1	3	-0.78000947324267	-1.06698734974728	0.666666666666667	1	-0.472817800889054	-0.0811068593635982	0.737955339815263	0.148142187924021	0.104938271604938	TRUE	B_selective_metabolic_dependency	FALSE	0.144439289138061	0.289557425044409
NFYA	cholesterol/isoprenoid	Tier 2	ENSG00000001167	162	-0.501797858489552	-0.486741258141587	0.406503670058536	0.210830563930772	0.11845141438089	-1.75868809691642	0.546076580116119	2.30476467703254	0.466049382716049	0.530864197530864	85	-0.419919090405403	-0.450290995803284	0.405882352941176	0.482352941176471	59	-0.54877420923525	-0.557839564536302	0.525423728813559	0.593220338983051	11	-0.371169636835141	-0.314636543744572	0.454545454545455	0.363636363636364	4	-0.571075971734714	-0.56908591535087	1	1	3	-0.522941377483164	-0.642489741807455	0.333333333333333	0.666666666666667	-0.472817800889054	-0.327351405912075	0.910533803383742	0.158908905050882	0.104938271604938	FALSE	B_selective_metabolic_dependency	FALSE	0.144439289138061	0.289557425044409
TUBB	iron	Tier 1	ENSG00000196230	162	-0.436767883161718	-0.447223253921775	0.412427604536596	0.210628380851722	0.14421058499034	-2.36475906195034	0.768537320605579	3.13329638255592	0.416666666666667	0.425925925925926	85	-0.415660586223306	-0.423684213238483	0.364705882352941	0.376470588235294	59	-0.420319207341267	-0.430606808658048	0.415254237288136	0.406779661016949	11	-0.887920317746343	-0.807267761038002	0.727272727272727	0.818181818181818	4	-0.531196917144488	-0.568453068568785	1	1	3	-0.310867644162624	0.0408501154871915	0	0	-0.472817800889054	-0.590038723016306	3.84542236338312	0.136146847216742	0.104938271604938	TRUE	B_selective_metabolic_dependency	FALSE	0.144439289138061	0.289557425044409
SPTSSA	sphingolipid	Tier 1	ENSG00000165389	162	-0.503123714036371	-0.507577942601598	0.438876421038017	0.209680415390011	0.113825250468812	-1.36073843067052	0.976054621441357	2.33679305211188	0.533950617283951	0.561728395061729	85	-0.496062335429982	-0.508722828648157	0.494117647058824	0.552941176470588	59	-0.548324578370418	-0.541468007326508	0.601694915254237	0.610169491525424	11	-0.395527284313047	-0.473568687906677	0.454545454545455	0.363636363636364	4	-0.492302976993115	-0.443327642929707	0.75	0.5	3	-0.513215242191677	-0.0190025651364587	0.333333333333333	0.666666666666667	-0.472817800889054	0.494221180954045	1.81227482643616	0.158121124062241	0.104938271604938	FALSE	B_selective_metabolic_dependency	FALSE	0.144439289138061	0.289557425044409
RARS1	glycolysis	Tier 2	ENSG00000113643	162	-0.589335537825114	-0.620262657088651	0.418889319291073	0.208649408394674	0.128172824311912	-1.89764418534993	0.360950530751093	2.25859471610102	0.589506172839506	0.648148148148148	85	-0.600905812328031	-0.622519079442212	0.547058823529412	0.635294117647059	59	-0.598411276396637	-0.639156007163431	0.677966101694915	0.694915254237288	11	-0.525002920377183	-0.591483700081791	0.454545454545455	0.545454545454545	4	-0.55179925650121	-0.598894929681872	1	0.75	3	-0.286223647687513	-0.318774617834588	0	0.333333333333333	-0.472817800889054	-0.741163278847966	1.13007771747734	0.215578996479528	0.104938271604938	TRUE	B_selective_metabolic_dependency	FALSE	0.144439289138061	0.289557425044409
ACACA	cholesterol/isoprenoid	Tier 2	ENSG00000278540	162	-0.826034067342525	-0.848306049566947	0.3958609624357	0.206948568054386	0.120943882256975	-2.15298720449476	0.410295881853577	2.56328308634834	0.783950617283951	0.87037037037037	85	-0.876379131098375	-0.892808464546358	0.776470588235294	0.905882352941176	59	-0.817834852883173	-0.841636084658589	0.864406779661017	0.88135593220339	11	-0.673799259386835	-0.577467868649125	0.545454545454545	0.545454545454545	4	-0.88260002673405	-0.79422300981101	0.75	0.75	3	-0.791556515087896	-0.783764318054581	0.333333333333333	1	-0.472817800889054	-0.148979946086454	1.46258615706038	0.13594270164542	0.104938271604938	FALSE	B_selective_metabolic_dependency	FALSE	0.144439289138061	0.289557425044409
ATP5F1B	OXPHOS	Tier 1;Tier 2	ENSG00000110955	162	-0.882472118428923	-0.889723684194257	0.407479852992775	0.205393704856016	0.156478339815308	-2.23858524385035	0.657193258778221	2.89577850262857	0.762345679012346	0.876543209876543	85	-0.927742926314493	-0.958100928679371	0.788235294117647	0.929411764705882	59	-0.817210804502812	-0.843345053684794	0.754237288135593	0.847457627118644	11	-0.564685981165108	-0.685268284791785	0.636363636363636	0.727272727272727	4	-0.902724110923732	-0.90038402725837	0.75	0.75	3	-0.939551295659862	-0.599937497525694	0.666666666666667	0.666666666666667	-0.472817800889054	-0.0966441649943846	1.68433648447992	0.130387870859453	0.104938271604938	TRUE	B_selective_metabolic_dependency	FALSE	0.144439289138061	0.289557425044409
SPTLC2	sphingolipid	Tier 1	ENSG00000100596	162	-0.555361764888565	-0.560443290387165	0.410423553234091	0.205303028930828	0.134168636177675	-1.78332629543115	0.671875426998231	2.45520172242938	0.552469135802469	0.592592592592593	85	-0.498775706795349	-0.488997484292914	0.4	0.541176470588235	59	-0.654615308188893	-0.695127427711237	0.771186440677966	0.779661016949153	11	-0.378612685916883	-0.405670966981185	0.454545454545455	0.0909090909090909	4	-0.410879563428407	-0.415684829911338	0.75	0.25	3	-0.488695224896365	-0.696462895473893	0.666666666666667	0.666666666666667	-0.472817800889054	-0.0529740147895229	1.02362558815568	0.141632353004448	0.104938271604938	FALSE	B_selective_metabolic_dependency	FALSE	0.144439289138061	0.289557425044409
ABCB7	OXPHOS;iron	Tier 1;Tier 2	ENSG00000131269	162	-0.730760792588837	-0.765679770717777	0.410252590519304	0.204832694597833	0.126608800188603	-1.74362564996454	0.154263510294035	1.89788916025858	0.703703703703704	0.796296296296296	85	-0.726829179950215	-0.763691724195537	0.670588235294118	0.8	59	-0.69256663179369	-0.728808887810549	0.728813559322034	0.76271186440678	11	-0.967619912747457	-0.985444155398247	0.818181818181818	0.909090909090909	4	-0.749463792644032	-0.807022662978488	1	1	3	-0.863709918218928	-0.686208519180711	0.333333333333333	0.666666666666667	-0.472817800889054	-0.601574938631935	0.593148786501581	0.204799839326331	0.104938271604938	TRUE	B_selective_metabolic_dependency	FALSE	0.144439289138061	0.289557425044409
COA5	OXPHOS	Tier 1	ENSG00000183513	162	-0.7358401013293	-0.731853567864689	0.390611237891032	0.202484418369432	0.145294568370595	-2.20386074136903	0.429790293005355	2.63365103437439	0.694444444444445	0.783950617283951	85	-0.829567365325097	-0.823673974026647	0.711764705882353	0.858823529411765	59	-0.670244016703104	-0.685812541554255	0.711864406779661	0.76271186440678	11	-0.456212487874908	-0.357721456859613	0.454545454545455	0.454545454545455	4	-0.509528700109322	-0.572423267311171	1	0.5	3	-0.736832683250921	-0.620140385137699	0.333333333333333	0.666666666666667	-0.472817800889054	-0.390928080614358	2.31755004399516	0.137662688734601	0.104938271604938	FALSE	B_selective_metabolic_dependency	FALSE	0.144439289138061	0.289557425044409
CAD	glutamine/glutamate	Tier 1	ENSG00000084774	162	-0.800850482437894	-0.803430281679898	0.431028777915126	0.199924784335351	0.132359141349131	-2.65888714625996	0.125060262343732	2.78394740860369	0.75	0.839506172839506	85	-0.807890041071788	-0.825027736345513	0.735294117647059	0.870588235294118	59	-0.799388932644504	-0.802175167865432	0.796610169491525	0.864406779661017	11	-0.432129498010461	-0.588727046988669	0.636363636363636	0.363636363636364	4	-0.95330140897969	-0.970219015936494	1	1	3	-0.812769180871451	-0.78104651936437	0.333333333333333	1	-0.472817800889054	-0.808672412018029	3.38917522431475	0.175097302409894	0.104938271604938	FALSE	B_selective_metabolic_dependency	FALSE	0.144439289138061	0.289557425044409
MED24	glycolysis	Tier 2	ENSG00000008838	162	-0.214939305295512	-0.219145419056921	0.399245752800927	0.199790656805202	0.0933426893293544	-1.07206554852328	0.541286369110874	1.61335191763416	0.151234567901235	0.191358024691358	85	-0.244512486263246	-0.235844528204686	0.147058823529412	0.223529411764706	59	-0.196487737283836	-0.222574900221202	0.186440677966102	0.169491525423729	11	-0.117346415388266	-0.0756690022848908	0	0.0909090909090909	4	-0.206145032469698	-0.194368899697883	0.25	0	3	-0.30759875031751	-0.237673084282196	0	0.333333333333333	-0.472817800889054	-0.0707602443601913	-0.11604558644664	0.169173843732742	0.104938271604938	FALSE	B_selective_metabolic_dependency	FALSE	0.144439289138061	0.289557425044409
COX4I1	OXPHOS	Tier 1;Tier 2	ENSG00000131143	162	-0.419923838570426	-0.443300876336308	0.410651099403734	0.199235470369695	0.0819561424537969	-1.31745222459018	0.176231175567175	1.49368340015735	0.342592592592593	0.444444444444444	85	-0.477657172554779	-0.479435650560015	0.352941176470588	0.505882352941176	59	-0.41047427525723	-0.406773920194603	0.38135593220339	0.423728813559322	11	-0.309079708788794	-0.32070837100408	0.0909090909090909	0.0909090909090909	4	-0.341923547095629	-0.422741742182367	0.5	0.25	3	-0.565494694276695	-0.614763775874889	0	0.666666666666667	-0.472817800889054	-0.348432077194054	-0.166999423709282	0.190400304152076	0.104938271604938	FALSE	B_selective_metabolic_dependency	FALSE	0.144439289138061	0.289557425044409
MBTPS1	cholesterol/isoprenoid	Tier 2	ENSG00000140943	162	-0.796005283454734	-0.806586153853608	0.396085939879418	0.197775800188335	0.131227228533769	-1.96266428469266	0.128149662796839	2.0908139474895	0.722222222222222	0.851851851851852	85	-0.783443633884696	-0.80158411197132	0.705882352941177	0.870588235294118	59	-0.810251183824512	-0.798992894112333	0.728813559322034	0.830508474576271	11	-0.870891179811736	-0.890594565773484	0.818181818181818	0.818181818181818	4	-0.911792562450859	-0.883545379023974	1	1	3	-0.587953575624069	-0.687001638163505	0.333333333333333	0.666666666666667	-0.472817800889054	-0.478675225588843	0.952290926476104	0.175364211398399	0.104938271604938	FALSE	B_selective_metabolic_dependency	FALSE	0.144439289138061	0.289557425044409
HSCB	OXPHOS;iron	Tier 1	ENSG00000100209	162	-0.421912899002692	-0.444959023231637	0.386898101655962	0.196943016100777	0.103908631683649	-1.57204761794208	0.583842196148296	2.15588981409037	0.348765432098765	0.401234567901235	85	-0.471086570590686	-0.509288953854888	0.376470588235294	0.494117647058824	59	-0.367507199920235	-0.358271021256902	0.313559322033898	0.288135593220339	11	-0.276228349130604	-0.412510562435423	0.363636363636364	0.363636363636364	4	-0.296376894489768	-0.385543124843212	0.5	0.25	3	-0.241604799856195	-0.525340581846634	0	0.333333333333333	-0.472817800889054	-0.393496236682023	0.706212954999795	0.170760083827121	0.104938271604938	TRUE	B_selective_metabolic_dependency	FALSE	0.144439289138061	0.289557425044409
AURKA	glycolysis	Tier 2	ENSG00000087586	162	-0.773023831684742	-0.776382855964745	0.386222356430724	0.194612002799892	0.129903249580602	-2.57866057926185	0.820902399298239	3.39956297856009	0.759259259259259	0.864197530864198	85	-0.792012086204412	-0.782429225183487	0.723529411764706	0.835294117647059	59	-0.758855341464185	-0.783924200787265	0.822033898305085	0.898305084745763	11	-0.670483934813878	-0.710920680373492	0.727272727272727	0.818181818181818	4	-0.792445953566479	-0.766508541110663	1	1	3	-0.706306506474643	-0.709949676897552	0.333333333333333	1	-0.472817800889054	-0.0585818835028706	5.44928534494096	0.0872093883933859	0.104938271604938	TRUE	B_selective_metabolic_dependency	FALSE	0.144439289138061	0.289557425044409
SMARCB1	arginine	Tier 2	ENSG00000099956	162	-0.284102370854024	-0.319299369263349	0.421570337790943	0.194610662469703	0.116959756559136	-1.38593411874594	0.591636365148271	1.97757048389421	0.256172839506173	0.277777777777778	85	-0.320761394320517	-0.350365692020978	0.282352941176471	0.352941176470588	59	-0.279814168707181	-0.27868752207744	0.228813559322034	0.203389830508475	11	-0.138968130576962	-0.328321181123589	0.272727272727273	0.181818181818182	4	-0.257666025747433	-0.328676564252986	0.25	0.25	3	-0.141005977969015	-0.192203648979666	0	0	-0.472817800889054	-0.262782724843584	0.281781290298708	0.168660449073018	0.104938271604938	TRUE	B_selective_metabolic_dependency	FALSE	0.144439289138061	0.289557425044409
FASN	cholesterol/isoprenoid;fatty-acid synthesis	Tier 2	ENSG00000169710	162	-0.376462944193913	-0.424375222839177	0.38560511271146	0.19321688719825	0.106411662935108	-1.37059390354562	0.680489671332931	2.05108357487855	0.358024691358025	0.37037037037037	85	-0.449549986909975	-0.522228220809723	0.452941176470588	0.470588235294118	59	-0.324968508994308	-0.341103535369849	0.26271186440678	0.271186440677966	11	-0.172193156005007	-0.229796053175925	0.181818181818182	0.181818181818182	4	-0.495670332008969	-0.495873628747266	0.5	0.5	3	-0.135686766718938	0.0923241185417112	0	0	-0.472817800889054	-0.393856529125737	0.775027295330046	0.169081587547142	0.104938271604938	FALSE	B_selective_metabolic_dependency	FALSE	0.144439289138061	0.289557425044409
NDUFAF1	OXPHOS	Tier 1	ENSG00000137806	162	-0.401956264112964	-0.413732509751175	0.377941770271976	0.192241962485608	0.0918018957326043	-1.43229717064337	0.559473133983236	1.99177030462661	0.327160493827161	0.382716049382716	85	-0.471872452170158	-0.47422200071625	0.394117647058824	0.494117647058824	59	-0.301349405260057	-0.376279854667532	0.26271186440678	0.305084745762712	11	-0.110772234656975	-0.21492777959404	0.272727272727273	0.0909090909090909	4	-0.225576618864806	-0.190347333015954	0	0	3	-0.430112072370799	-0.46323006194216	0.333333333333333	0.333333333333333	-0.472817800889054	-0.208921616624285	0.939011960399884	0.149183529967996	0.104938271604938	TRUE	B_selective_metabolic_dependency	FALSE	0.144439289138061	0.289557425044409
ATP5PO	OXPHOS	Tier 1;Tier 2	ENSG00000241837	162	-0.659570488609425	-0.626726925954773	0.365852977025813	0.192218933883738	0.100679130566077	-1.49470707447153	0.366461172420396	1.86116824689193	0.660493827160494	0.722222222222222	85	-0.662234138106638	-0.64345621484344	0.605882352941176	0.682352941176471	59	-0.666863349671054	-0.64727046083963	0.771186440677966	0.830508474576271	11	-0.526597952801443	-0.504516817808469	0.545454545454545	0.636363636363636	4	-0.507167003562092	-0.45259327357883	0.75	0.5	3	-0.460712634450532	-0.428989487744743	0.333333333333333	0.333333333333333	-0.472817800889054	0.224206942803116	0.182565035151222	0.168331541424706	0.104938271604938	FALSE	B_selective_metabolic_dependency	FALSE	0.144439289138061	0.289557425044409
KIF20A	glycolysis	Tier 2	ENSG00000112984	162	-0.428204641460036	-0.403193039230452	0.374693882490289	0.190574233757603	0.0960353668196237	-1.14249922246777	0.964326093171194	2.10682531563896	0.388888888888889	0.407407407407407	85	-0.454695944078715	-0.424906853709132	0.341176470588235	0.482352941176471	59	-0.384712387215796	-0.396626600265739	0.423728813559322	0.338983050847458	11	-0.465507395551303	-0.412850593572728	0.454545454545455	0.363636363636364	4	-0.42621987965684	-0.500739400083765	1	0.25	3	0.327253548335526	0.248364585085546	0	0	-0.472817800889054	0.720744360131043	2.38964133611187	0.179896652145276	0.104938271604938	TRUE	B_selective_metabolic_dependency	FALSE	0.144439289138061	0.289557425044409
MRPS11	OXPHOS	Tier 2	ENSG00000181991	162	-0.594779589147705	-0.592993519480513	0.377276952911719	0.190135950550216	0.0794381342311025	-1.26208039466848	0.104482088864496	1.36656248353298	0.580246913580247	0.666666666666667	85	-0.682249579258882	-0.666009391155715	0.564705882352941	0.776470588235294	59	-0.547109349400441	-0.533275002174743	0.610169491525424	0.593220338983051	11	-0.443420012968342	-0.409695636070403	0.636363636363636	0.363636363636364	4	-0.340813858950922	-0.415254009489686	0.5	0.25	3	-0.611485451862878	-0.607752914854797	0.333333333333333	0.666666666666667	-0.472817800889054	0.0400171084929613	-0.114448130416977	0.168555243638917	0.104938271604938	FALSE	B_selective_metabolic_dependency	FALSE	0.144439289138061	0.289557425044409
ATP6V1C1	OXPHOS;iron	Tier 1;Tier 2	ENSG00000155097	162	-0.192222576106406	-0.254338539791004	0.399705341364483	0.189651714880657	0.108082975170957	-1.48495765318135	0.413039439855934	1.89799709303729	0.166666666666667	0.203703703703704	85	-0.181364508075638	-0.239167704142167	0.123529411764706	0.188235294117647	59	-0.167798317992939	-0.254079969184129	0.177966101694915	0.186440677966102	11	-0.24726484791611	-0.26237620427241	0.181818181818182	0.181818181818182	4	-0.565198812781888	-0.599867418639213	1	1	3	-0.0998162041217956	-0.199087496880506	0	0	-0.472817800889054	-1.03490245627463	1.51389354868911	0.273560737996562	0.104938271604938	TRUE	B_selective_metabolic_dependency	FALSE	0.144439289138061	0.289557425044409
ADSL	glutamine/glutamate	Tier 1	ENSG00000239900	162	-0.50292836983225	-0.559667413583765	0.378310518171056	0.189151860633678	0.164160745100618	-2.04445700786825	0.312137748605858	2.35659475647411	0.490740740740741	0.549382716049383	85	-0.504120559060876	-0.539056300956141	0.405882352941176	0.541176470588235	59	-0.501736180603623	-0.569904730893224	0.593220338983051	0.576271186440678	11	-0.579791768620166	-0.711802456146629	0.636363636363636	0.636363636363636	4	-0.395827499323415	-0.394811125350935	0.75	0.25	3	-0.396167340309957	-0.604294925860368	0	0.333333333333333	-0.472817800889054	-1.23748741528186	2.45602231001049	0.297363000762773	0.104938271604938	FALSE	B_selective_metabolic_dependency	FALSE	0.144439289138061	0.289557425044409
PGK1	glycolysis	Tier 1;Tier 2	ENSG00000102144	162	-0.586901617256799	-0.618676011335051	0.38434912871019	0.188816374860879	0.0961176121443657	-1.86131616795346	0.179104592489891	2.04042076044335	0.611111111111111	0.654320987654321	85	-0.636777784669349	-0.688691519120555	0.623529411764706	0.717647058823529	59	-0.523362504028359	-0.533318723863537	0.610169491525424	0.610169491525424	11	-0.622863337900411	-0.644096825646741	0.636363636363636	0.636363636363636	4	-0.415994704418763	-0.437041894449629	0.75	0.25	3	-0.414128526042726	-0.462565781056568	0	0.333333333333333	-0.472817800889054	-0.835133407922915	1.73012277136254	0.217989175934218	0.104938271604938	FALSE	B_selective_metabolic_dependency	FALSE	0.144439289138061	0.289557425044409
ARF1	sphingolipid	Tier 1	ENSG00000143761	162	-0.353226706178896	-0.381007975586653	0.382548754179092	0.187433671209786	0.131743262424596	-1.38036127887267	0.82016795797166	2.20052923684433	0.339506172839506	0.364197530864198	85	-0.324922227087089	-0.386550944816724	0.3	0.4	59	-0.383948564036763	-0.360225295789175	0.364406779661017	0.322033898305085	11	-0.344723079698886	-0.372271951972932	0.272727272727273	0.181818181818182	4	-0.501873910813516	-0.422820342213164	0.75	0.5	3	-0.694049682120254	-0.608965481166646	0.666666666666667	0.666666666666667	-0.472817800889054	-0.185498525189035	0.849220096729752	0.149785464977385	0.104938271604938	FALSE	B_selective_metabolic_dependency	FALSE	0.144439289138061	0.289557425044409
MRPL11	OXPHOS	Tier 2	ENSG00000174547	162	-0.234262797141061	-0.258045199050294	0.368220441454152	0.186528686969076	0.0735606728228188	-1.16476725045716	0.366879846596583	1.53164709705375	0.114197530864198	0.216049382716049	85	-0.279050498426577	-0.324061119408533	0.164705882352941	0.305882352941177	59	-0.187085912306727	-0.195388699175773	0.0593220338983051	0.101694915254237	11	0.0737000141357688	-0.0302303650763953	0.0909090909090909	0.0909090909090909	4	-0.169778177762828	-0.149277850901603	0	0	3	-0.768727785693649	-0.60018280853497	0	0.666666666666667	-0.472817800889054	-0.527180081066777	0.188105094150475	0.204636394312282	0.104938271604938	FALSE	B_selective_metabolic_dependency	FALSE	0.144439289138061	0.289557425044409
ATP6V1G1	OXPHOS;iron	Tier 1;Tier 2	ENSG00000136888	162	-0.764809504731111	-0.771257425751873	0.351255815310056	0.186442748762713	0.0975414205250448	-1.69633074340393	0.349928278630829	2.04625902203476	0.756172839506173	0.864197530864198	85	-0.746397558182265	-0.735643155817186	0.682352941176471	0.823529411764706	59	-0.800746981273757	-0.847583396834559	0.889830508474576	0.949152542372881	11	-0.58304605156332	-0.542688966649335	0.636363636363636	0.636363636363636	4	-0.958195980461866	-0.939239503136347	1	1	3	-0.863098183051111	-0.893359222805184	0.333333333333333	1	-0.472817800889054	0.400972801798696	1.37191642856793	0.156257333846048	0.104938271604938	TRUE	B_selective_metabolic_dependency	FALSE	0.144439289138061	0.289557425044409
SDHC	OXPHOS;TCA;glycolysis	Tier 1;Tier 2	ENSG00000143252	162	-0.577071131458771	-0.59002516290663	0.368598370763138	0.185073208569295	0.0775482847954513	-1.36785213809452	0.553445208871396	1.92129734696591	0.617283950617284	0.660493827160494	85	-0.589446016342885	-0.589043245155717	0.588235294117647	0.658823529411765	59	-0.567742296658183	-0.578899665976331	0.610169491525424	0.627118644067797	11	-0.645481054533408	-0.594709447601559	0.818181818181818	0.818181818181818	4	-0.495755514406866	-0.566604999481237	1	0.5	3	-0.851040992485719	-0.850698779497478	0.333333333333333	1	-0.472817800889054	0.10673108756303	1.2898003619608	0.137669432798545	0.104938271604938	TRUE	B_selective_metabolic_dependency	FALSE	0.144439289138061	0.289557425044409
FDFT1	cholesterol/isoprenoid	Tier 1;Tier 2	ENSG00000079459	162	-0.82690696020941	-0.812054259300605	0.350094971464055	0.183788437004193	0.0805203290192459	-2.07148191372687	-0.0197752971520121	2.05170661657485	0.771604938271605	0.882716049382716	85	-0.828775833753963	-0.828633491026517	0.758823529411765	0.905882352941176	59	-0.792426847774287	-0.803980495664689	0.805084745762712	0.88135593220339	11	-0.639041056929777	-0.708190668959741	0.636363636363636	0.727272727272727	4	-0.865173344654129	-0.870753663284291	1	1	3	-0.919915057287594	-0.803660671177708	0.666666666666667	0.666666666666667	-0.472817800889054	-0.441875243531618	1.77350348005241	0.152646150480967	0.104938271604938	FALSE	B_selective_metabolic_dependency	FALSE	0.144439289138061	0.289557425044409
SLC2A1	glucose transport	Tier 1	ENSG00000117394	162	-0.425145223862529	-0.400976286504247	0.357341407268981	0.183379667794867	0.0823180131291205	-1.18797299660773	0.698081274584903	1.88605427119263	0.401234567901235	0.388888888888889	85	-0.414491325283518	-0.3838856696686	0.323529411764706	0.317647058823529	59	-0.474146893822969	-0.467947749345035	0.533898305084746	0.508474576271186	11	-0.436392734322736	-0.369488169988495	0.454545454545455	0.454545454545455	4	-0.219335612200734	-0.275842124083426	0.25	0.25	3	-0.0277640157518572	0.149593028569096	0	0	-0.472817800889054	0.432237960935505	1.38056883818063	0.159578229340642	0.104938271604938	FALSE	B_selective_metabolic_dependency	FALSE	0.144439289138061	0.289557425044409
FBXL5	iron	Tier 1	ENSG00000118564	162	-0.170958499788758	-0.239244381981097	0.373999464033602	0.182829054881232	0.13349677211198	-2.5229366784636	0.591051427464567	3.11398810592817	0.135802469135802	0.216049382716049	85	-0.109926544929908	-0.16219525802176	0.0882352941176471	0.176470588235294	59	-0.231069836929787	-0.306426466496182	0.161016949152542	0.254237288135593	11	-0.280579814861133	-0.290189247218214	0.363636363636364	0.272727272727273	4	-0.134719316124082	-0.131946238491699	0	0	3	-0.510900578157727	-1.05732158414874	0.333333333333333	0.666666666666667	-0.472817800889054	-1.91013667464479	8.78699683970584	0.313170995797261	0.104938271604938	FALSE	B_selective_metabolic_dependency	FALSE	0.144439289138061	0.289557425044409
HDAC3	cholesterol/isoprenoid	Tier 2	ENSG00000171720	162	-0.587004552094128	-0.592686265032916	0.361009576227333	0.18263934981799	0.122519666106795	-2.14611228955534	0.461433845962933	2.60754613551827	0.601851851851852	0.67283950617284	85	-0.598721249986046	-0.605294909668116	0.570588235294118	0.658823529411765	59	-0.583312969543952	-0.580260051506282	0.627118644067797	0.677966101694915	11	-0.634921214199103	-0.638204089079234	0.727272727272727	0.727272727272727	4	-0.524958937194317	-0.58989873457485	0.75	0.75	3	-0.484125773473289	-0.316641552166979	0.333333333333333	0.666666666666667	-0.472817800889054	-0.298347206879334	2.02042629892387	0.134826185709632	0.104938271604938	TRUE	B_selective_metabolic_dependency	FALSE	0.144439289138061	0.289557425044409
MRPL34	OXPHOS	Tier 2	ENSG00000130312	162	-0.665932190527145	-0.697775217814784	0.36183523659718	0.180582781396252	0.0888285692805169	-1.93193202702455	0.0680009147174592	1.99993294174201	0.67283950617284	0.765432098765432	85	-0.715019554073969	-0.739024174923914	0.676470588235294	0.811764705882353	59	-0.652632690974197	-0.674746964836099	0.720338983050847	0.76271186440678	11	-0.435906904197665	-0.480204619104369	0.363636363636364	0.363636363636364	4	-0.653462721439279	-0.631182153661243	1	0.75	3	-0.849692832567959	-0.868493355779813	0.333333333333333	1	-0.472817800889054	-1.03470641652343	2.68716155868444	0.2368075267685	0.104938271604938	TRUE	B_selective_metabolic_dependency	FALSE	0.144439289138061	0.289557425044409
SC5D	cholesterol/isoprenoid	Tier 1;Tier 2	ENSG00000109929	162	-0.37423036967833	-0.38043820712447	0.354294706408476	0.17977723334739	0.111869659090953	-1.78989423179672	0.558447973851041	2.34834220564776	0.358024691358025	0.358024691358025	85	-0.289586198244767	-0.293249158937107	0.235294117647059	0.258823529411765	59	-0.419941873233309	-0.468102121833286	0.474576271186441	0.440677966101695	11	-0.448936837967804	-0.458951482522004	0.545454545454545	0.454545454545455	4	-0.655221757769212	-0.58416483024526	0.75	0.75	3	-0.673605517111231	-0.567220075874352	0.333333333333333	0.666666666666667	-0.472817800889054	-0.345223074191622	2.29518199619982	0.134002858739425	0.104938271604938	FALSE	B_selective_metabolic_dependency	FALSE	0.144439289138061	0.289557425044409
ATP6V0D1	OXPHOS;iron	Tier 1	ENSG00000159720	162	-0.765979194998266	-0.818048559629016	0.333850365001932	0.179544494558529	0.133503404446839	-2.36716136881819	0.0565048197737647	2.42366618859196	0.746913580246914	0.87037037037037	85	-0.729192060003611	-0.774469627782434	0.705882352941177	0.847058823529412	59	-0.807392491272755	-0.90206970486715	0.830508474576271	0.898305084745763	11	-0.685839041566364	-0.655080653864514	0.636363636363636	0.818181818181818	4	-0.922600624067852	-0.875889583857212	1	1	3	-0.983672923034497	-0.92079672776445	0.333333333333333	1	-0.472817800889054	-0.918968343578304	2.28592531517445	0.221093234984201	0.104938271604938	TRUE	B_selective_metabolic_dependency	FALSE	0.144439289138061	0.289557425044409
ARNT	cholesterol/isoprenoid	Tier 1	ENSG00000143437	162	-0.182940632221055	-0.192433150343514	0.337110683396795	0.179476109893234	0.104492123855793	-1.44748640736418	0.609292349194369	2.05677875655855	0.132716049382716	0.166666666666667	85	-0.249827006544835	-0.242155601003071	0.170588235294118	0.223529411764706	59	-0.12114436643094	-0.137291335202293	0.0847457627118644	0.101694915254237	11	-0.0555589695296413	-0.0895405280539047	0.0909090909090909	0.0909090909090909	4	-0.0321726770897818	-0.0761426925117287	0	0	3	-0.448788505099336	-0.400412971604351	0.333333333333333	0.333333333333333	-0.472817800889054	-0.515378035046107	1.37974326037079	0.17019034259875	0.104938271604938	FALSE	B_selective_metabolic_dependency	FALSE	0.144439289138061	0.289557425044409
ALG1	glycolysis	Tier 2	ENSG00000033011	162	-0.6875019942878	-0.705746812700961	0.366137126174141	0.179350734738205	0.0847962927685989	-1.79831356226466	0.07941623909442	1.87772980135908	0.685185185185185	0.802469135802469	85	-0.660705379800112	-0.700613677811893	0.623529411764706	0.776470588235294	59	-0.700032600811267	-0.696578275843938	0.76271186440678	0.796610169491525	11	-0.840340062721967	-0.739084884417688	0.727272727272727	0.909090909090909	4	-0.798761290425935	-0.79080373241946	1	1	3	-0.806930611377986	-0.79585137016002	0.333333333333333	1	-0.472817800889054	-0.0314244497534826	1.08464747401904	0.140167448554328	0.104938271604938	TRUE	B_selective_metabolic_dependency	FALSE	0.144439289138061	0.289557425044409
ATP5F1A	OXPHOS	Tier 1;Tier 2	ENSG00000152234	162	-0.808275978176597	-0.824027041212426	0.359324630191575	0.178275190355757	0.127827958078861	-2.53651351095617	0.106965635901424	2.64347914685759	0.740740740740741	0.851851851851852	85	-0.84692836402953	-0.870094935140254	0.723529411764706	0.882352941176471	59	-0.794088447296154	-0.812822895624773	0.788135593220339	0.88135593220339	11	-0.563489583778599	-0.595140543219437	0.636363636363636	0.545454545454545	4	-0.561513382707895	-0.676755631271343	0.75	0.75	3	-0.81680876963295	-0.774730615710222	0.666666666666667	0.666666666666667	-0.472817800889054	-0.948430794596679	3.47590364802593	0.199265249935436	0.104938271604938	TRUE	B_selective_metabolic_dependency	FALSE	0.144439289138061	0.289557425044409
NDUFS1	OXPHOS	Tier 1;Tier 2	ENSG00000023228	162	-0.386875205643177	-0.411209354105511	0.370143487681513	0.177703537966409	0.0742268926874148	-1.03618556477351	0.621302521041506	1.65748808581502	0.342592592592593	0.382716049382716	85	-0.480126219801352	-0.480790012857481	0.4	0.529411764705882	59	-0.316709535434364	-0.357980107024433	0.279661016949153	0.23728813559322	11	-0.300204843344131	-0.255527002749578	0.272727272727273	0.0909090909090909	4	-0.371434951861658	-0.354151370874162	0.5	0.25	3	-0.207216780284373	-0.133511814674428	0	0.333333333333333	-0.472817800889054	0.0887697697172323	0.684191226354991	0.149516850804769	0.104938271604938	FALSE	B_selective_metabolic_dependency	FALSE	0.144439289138061	0.289557425044409
RBKS	PPP	Tier 1	ENSG00000171174	162	-0.273469333377618	-0.291518372780403	0.354222526617771	0.177425609356229	0.0949649636495444	-1.38317981859368	0.740798099871336	2.12397791846502	0.308641975308642	0.246913580246914	85	-0.235845819577449	-0.22963433099475	0.188235294117647	0.164705882352941	59	-0.353196814391942	-0.369472834647136	0.457627118644068	0.338983050847458	11	-0.429758615543206	-0.416868532667584	0.545454545454545	0.454545454545455	4	-0.181300496720244	-0.136412241497232	0	0	3	-0.377114892643352	-0.258986062119391	0.333333333333333	0.333333333333333	-0.472817800889054	-0.16566742692369	1.63957364392477	0.133498735519088	0.104938271604938	FALSE	B_selective_metabolic_dependency	FALSE	0.144439289138061	0.289557425044409
NFYC	cholesterol/isoprenoid	Tier 2	ENSG00000066136	162	-0.5405271601624	-0.556274625649135	0.344593996117296	0.177201838330739	0.0898749652050287	-2.13124200866892	0.148612478156218	2.27985448682514	0.540123456790123	0.592592592592593	85	-0.528879772119801	-0.561739109864213	0.488235294117647	0.564705882352941	59	-0.62629880536357	-0.570989911655245	0.64406779661017	0.661016949152542	11	-0.432090951564892	-0.445219420079202	0.363636363636364	0.454545454545455	4	-0.573688055123625	-0.600259799557467	1	0.75	3	-0.314238190533167	-0.460602469980416	0	0.333333333333333	-0.472817800889054	-1.12618996986684	4.59796082871183	0.21289267348115	0.104938271604938	TRUE	B_selective_metabolic_dependency	FALSE	0.144439289138061	0.289557425044409
CIAO3	iron	Tier 1	ENSG00000103245	162	-0.60418488479366	-0.604754771525314	0.340657164588474	0.176816788161926	0.0864428925343851	-1.7668683168441	0.274596588076551	2.04146490492065	0.601851851851852	0.691358024691358	85	-0.523787743661043	-0.532866064422086	0.447058823529412	0.588235294117647	59	-0.677241190731956	-0.662596984617414	0.771186440677966	0.796610169491525	11	-0.739714511922052	-0.781318786012951	0.727272727272727	0.818181818181818	4	-0.567101077574629	-0.588192226113719	1	0.75	3	-0.791451977895228	-0.878719956066279	0.666666666666667	1	-0.472817800889054	-0.184948704304371	1.39304581037403	0.138823932699327	0.104938271604938	TRUE	B_selective_metabolic_dependency	FALSE	0.144439289138061	0.289557425044409
TUBA1B	iron	Tier 1	ENSG00000123416	162	-0.369992076549325	-0.388775537290827	0.322765933504515	0.176658715271687	0.114433786274466	-1.52834644964325	1.5183578681644	3.04670431780765	0.305555555555556	0.339506172839506	85	-0.358075934229856	-0.349109328852705	0.235294117647059	0.329411764705882	59	-0.370055529765936	-0.411530009934257	0.38135593220339	0.338983050847458	11	-0.423890783237474	-0.574305779035191	0.363636363636364	0.454545454545455	4	-0.440017842323253	-0.465269838588276	0.75	0.25	3	-0.317321940738948	-0.2828768595909	0	0.333333333333333	-0.472817800889054	0.686555216057537	6.38837756487341	0.118227909123379	0.104938271604938	TRUE	B_selective_metabolic_dependency	FALSE	0.144439289138061	0.289557425044409
LSS	cholesterol/isoprenoid	Tier 1;Tier 2	ENSG00000160285	162	-0.610965504387394	-0.629582588841311	0.350553141319196	0.175951982036004	0.0974278866115894	-2.04960007840785	0.449398105055924	2.49899818346378	0.645061728395062	0.716049382716049	85	-0.63037869202335	-0.625551975375856	0.582352941176471	0.776470588235294	59	-0.59926604851758	-0.648258417808538	0.728813559322034	0.677966101694915	11	-0.556007313492238	-0.663316037834363	0.727272727272727	0.636363636363636	4	-0.660220309869886	-0.629433995863059	1	0.75	3	-0.242985403282499	-0.253000811670195	0	0	-0.472817800889054	-0.757172945950864	3.16631491607495	0.17058490992648	0.104938271604938	FALSE	B_selective_metabolic_dependency	FALSE	0.144439289138061	0.289557425044409
AHCY	methionine	Tier 1	ENSG00000101444	162	-0.474255856309031	-0.516348845937666	0.372723162078487	0.175850997448094	0.105939756126668	-1.60903529562089	0.593941514136878	2.20297680975776	0.447530864197531	0.5	85	-0.454354938508136	-0.480733799432444	0.429411764705882	0.494117647058824	59	-0.47102376342625	-0.525081364039214	0.440677966101695	0.491525423728814	11	-0.559992228180531	-0.715147216272911	0.545454545454545	0.545454545454545	4	-0.521972610575931	-0.546098582704841	1	0.75	3	-0.448227777974728	-0.585108634003054	0	0.333333333333333	-0.472817800889054	-0.330464044818563	1.67962478780729	0.143376009197172	0.104938271604938	FALSE	B_selective_metabolic_dependency	FALSE	0.144439289138061	0.289557425044409
SLC38A2	amino-acid transport;glutamine/glutamate	Tier 1	ENSG00000134294	162	-0.423773537631127	-0.393526651919842	0.351530558302393	0.175499719306386	0.0940496842593618	-1.16914173888391	0.524708720068635	1.69385045895254	0.429012345679012	0.382716049382716	85	-0.379617844039492	-0.331057556680624	0.323529411764706	0.341176470588235	59	-0.434749806441842	-0.443031781438034	0.576271186440678	0.440677966101695	11	-0.541075132590516	-0.581581233080739	0.363636363636364	0.545454545454545	4	-0.440764318667565	-0.371368821115264	0.75	0	3	-0.422613404419676	-0.529893779989376	0.333333333333333	0.333333333333333	-0.472817800889054	0.179045281242872	0.328301550464452	0.161637189491086	0.104938271604938	FALSE	B_selective_metabolic_dependency	FALSE	0.144439289138061	0.289557425044409
RTEL1	iron	Tier 1	ENSG00000258366	162	-0.280376823261625	-0.286771613847046	0.340745623866842	0.174789244806354	0.0860828813510408	-1.70169782606956	0.559975388702655	2.26167321477221	0.228395061728395	0.234567901234568	85	-0.293934418375305	-0.290396315718128	0.217647058823529	0.282352941176471	59	-0.232254377067504	-0.244554163882969	0.211864406779661	0.152542372881356	11	-0.372430644743355	-0.399662587963666	0.363636363636364	0.272727272727273	4	-0.334304661488918	-0.412880636984043	0.5	0.25	3	-0.364377264949021	-0.432269307516294	0	0.333333333333333	-0.472817800889054	-0.460549959071565	3.23093405714878	0.130507234197832	0.104938271604938	TRUE	B_selective_metabolic_dependency	FALSE	0.144439289138061	0.289557425044409
MTRF1	OXPHOS	Tier 2	ENSG00000120662	162	-0.16844389990234	-0.169648706608584	0.348886645063679	0.174349344939253	0.0782292067619015	-1.12027259550337	0.935444673836768	2.05571726934014	0.114197530864198	0.0987654320987654	85	-0.133811036121643	-0.121272139702413	0.1	0.0705882352941176	59	-0.180822852743153	-0.201827422019577	0.11864406779661	0.11864406779661	11	-0.359249301310457	-0.288579866976513	0.272727272727273	0.181818181818182	4	-0.184716206240988	-0.14754869185947	0	0	3	-0.295230814362105	-0.500855797517004	0	0.333333333333333	-0.472817800889054	0.0640846650433789	2.17269767471421	0.122014300013579	0.104938271604938	FALSE	B_selective_metabolic_dependency	FALSE	0.144439289138061	0.289557425044409
NDUFA9	OXPHOS	Tier 1;Tier 2	ENSG00000139180	162	-0.292690395021656	-0.329734969489706	0.345082123384212	0.174152083118522	0.0799292981990119	-1.36252760250219	0.39563926367233	1.75816686617452	0.262345679012346	0.259259259259259	85	-0.38428577398192	-0.401693629893907	0.364705882352941	0.352941176470588	59	-0.233695558392035	-0.267373927205793	0.161016949152542	0.152542372881356	11	-0.143505488616375	-0.154508752631038	0.181818181818182	0.181818181818182	4	-0.190690286782176	-0.194488542472103	0	0	3	-0.225648981744818	-0.340164787459565	0	0.333333333333333	-0.472817800889054	-0.646940206541154	0.988814574185576	0.201337637905124	0.104938271604938	FALSE	B_selective_metabolic_dependency	FALSE	0.144439289138061	0.289557425044409
ENO1	glycolysis	Tier 1;Tier 2	ENSG00000074800	162	-0.357309121333521	-0.369251052774936	0.334733078057215	0.173571034572334	0.0712576004712842	-1.50298333275087	0.587008496226931	2.0899918289778	0.274691358024691	0.320987654320988	85	-0.398187825253754	-0.421362711134699	0.323529411764706	0.411764705882353	59	-0.325888359854049	-0.344265153566154	0.271186440677966	0.254237288135593	11	-0.196865114577016	-0.249562242119458	0.0909090909090909	0.0909090909090909	4	-0.158299262027834	-0.161738022930902	0	0	3	-0.181896291958823	-0.0996864292164813	0	0.333333333333333	-0.472817800889054	-0.622056167781837	2.87241620515108	0.155328979225238	0.104938271604938	FALSE	B_selective_metabolic_dependency	FALSE	0.144439289138061	0.289557425044409
NDUFB10	OXPHOS	Tier 1	ENSG00000140990	162	-0.493835514395151	-0.522759957743963	0.334637748851181	0.1731252220498	0.128626226919544	-1.89185282215904	0.320762043308064	2.2126148654671	0.515432098765432	0.549382716049383	85	-0.543310678074514	-0.592652205121377	0.529411764705882	0.658823529411765	59	-0.452620503207714	-0.458011362153221	0.483050847457627	0.440677966101695	11	-0.439322937893571	-0.42212550577742	0.545454545454545	0.363636363636364	4	-0.503314960954492	-0.534523901321053	0.75	0.5	3	0.0105105334589524	-0.169176394443014	0.333333333333333	0.333333333333333	-0.472817800889054	-0.937471199821177	2.18643804923471	0.227928647276142	0.104938271604938	TRUE	B_selective_metabolic_dependency	FALSE	0.144439289138061	0.289557425044409
OGDH	OXPHOS;TCA;serine/glycine/one-carbon;tryptophan	Tier 1;Tier 2	ENSG00000105953	162	-0.469981290634201	-0.506207614528218	0.37113143902756	0.172953086192003	0.133801088632235	-1.72308475584946	1.09272375705173	2.81580851290119	0.416666666666667	0.493827160493827	85	-0.525419000017427	-0.505756840306472	0.376470588235294	0.576470588235294	59	-0.456224627054196	-0.541915069920107	0.466101694915254	0.440677966101695	11	-0.393543465154597	-0.466394600311322	0.454545454545455	0.272727272727273	4	-0.375859662799078	-0.369876097151838	0.5	0.5	3	-0.0626928629840394	-0.144489336734341	0.333333333333333	0	-0.472817800889054	-0.172201729979707	2.57966733072865	0.119222678873011	0.104938271604938	TRUE	B_selective_metabolic_dependency	FALSE	0.144439289138061	0.289557425044409
NDUFA11	OXPHOS	Tier 1	ENSG00000174886	162	-0.527901810535225	-0.516565796706661	0.345013515563216	0.172256561062396	0.0821972495156738	-1.27535372728715	0.343898892588735	1.61925261987589	0.537037037037037	0.549382716049383	85	-0.579552465025959	-0.547619045739812	0.541176470588235	0.611764705882353	59	-0.497579283480062	-0.50351591589022	0.576271186440678	0.508474576271186	11	-0.369781835117584	-0.390265118863987	0.363636363636364	0.363636363636364	4	-0.372324217913796	-0.285095454785284	0.5	0.25	3	-0.793198839983318	-0.665101004809017	0.333333333333333	0.666666666666667	-0.472817800889054	0.163591582771021	0.594423997799227	0.154373735427949	0.104938271604938	FALSE	B_selective_metabolic_dependency	FALSE	0.144439289138061	0.289557425044409
NDUFB9	OXPHOS	Tier 1	ENSG00000147684	162	-0.391627851647431	-0.405484004078893	0.353696266615125	0.172145301672706	0.0816191602997725	-1.26340015405827	0.520022747327263	1.78342290138553	0.382716049382716	0.345679012345679	85	-0.438102810623421	-0.448352262397633	0.4	0.411764705882353	59	-0.320740623777367	-0.360442249865745	0.322033898305085	0.254237288135593	11	-0.404601664109922	-0.421857632655286	0.454545454545455	0.454545454545455	4	-0.347464844293327	-0.384453169769409	0.75	0.25	3	-0.042749788054981	-0.0447089922056794	0.333333333333333	0	-0.472817800889054	-0.174589774958539	1.03255693383346	0.14535774978238	0.104938271604938	TRUE	B_selective_metabolic_dependency	FALSE	0.144439289138061	0.289557425044409
ALDOA	PPP;glycolysis	Tier 1;Tier 2	ENSG00000149925	162	-0.321060567724934	-0.35808956961231	0.35446026270329	0.172081913457261	0.0784446415465319	-1.21601174545183	0.447312417472844	1.66332416292467	0.25	0.296296296296296	85	-0.372700218690727	-0.363784163613956	0.229411764705882	0.282352941176471	59	-0.29687381313318	-0.326278752320181	0.254237288135593	0.288135593220339	11	-0.450549903365879	-0.483944111233409	0.454545454545455	0.454545454545455	4	-0.167043703737938	-0.26642916184476	0.25	0.25	3	-0.441847211247462	-0.483102704056926	0	0.333333333333333	-0.472817800889054	-0.37076454939664	0.650746270658835	0.169582077228694	0.104938271604938	TRUE	B_selective_metabolic_dependency	FALSE	0.144439289138061	0.289557425044409
TBL1XR1	cholesterol/isoprenoid	Tier 2	ENSG00000177565	162	-0.287668883114168	-0.31522776916391	0.325434605732954	0.171549210746927	0.0944529042597931	-1.56765360436207	0.730784102436882	2.29843770679895	0.290123456790123	0.259259259259259	85	-0.298544385633214	-0.308506985047053	0.258823529411765	0.258823529411765	59	-0.27005633490904	-0.31645387560996	0.322033898305085	0.254237288135593	11	-0.233296898775702	-0.29020007692622	0.272727272727273	0.181818181818182	4	-0.328084784012049	-0.423543298318173	0.5	0.25	3	-0.48122006838643	-0.428884058368401	0.333333333333333	0.666666666666667	-0.472817800889054	-0.516851976695779	2.80403435074098	0.143005400309852	0.104938271604938	FALSE	B_selective_metabolic_dependency	FALSE	0.144439289138061	0.289557425044409
NSDHL	cholesterol/isoprenoid;glycolysis	Tier 1;Tier 2	ENSG00000147383	162	-0.511385127033681	-0.524303201192207	0.328501548286689	0.170494811089712	0.0908075576025059	-1.64590470983318	0.436559201751425	2.08246391158461	0.503086419753086	0.580246913580247	85	-0.509511755631936	-0.500784251586188	0.441176470588235	0.6	59	-0.551948927888994	-0.550707514939056	0.593220338983051	0.593220338983051	11	-0.433609442476065	-0.452650795385408	0.363636363636364	0.272727272727273	4	-0.543832553376265	-0.600212704984618	0.75	0.5	3	-0.785246217065788	-0.8329014192431	0.666666666666667	1	-0.472817800889054	-0.290657742846105	1.32627633121006	0.146889098326875	0.104938271604938	FALSE	B_selective_metabolic_dependency	FALSE	0.144439289138061	0.289557425044409
IDI1	cholesterol/isoprenoid	Tier 1;Tier 2	ENSG00000067064	162	-0.791141739987544	-0.790978101867156	0.336827445345046	0.170290090927013	0.114242757188636	-1.77462844408618	0.679549336237001	2.45417778032318	0.762345679012346	0.839506172839506	85	-0.747380042846682	-0.709322179438779	0.664705882352941	0.776470588235294	59	-0.847281485994789	-0.903408576776356	0.88135593220339	0.915254237288136	11	-0.810585407518101	-0.817624064088783	0.909090909090909	0.909090909090909	4	-0.791730288913588	-0.823704312649689	1	1	3	-0.907448708959295	-0.752093088267548	0.333333333333333	0.666666666666667	-0.472817800889054	0.384033489769003	1.97966906050387	0.142785705141797	0.104938271604938	FALSE	B_selective_metabolic_dependency	FALSE	0.144439289138061	0.289557425044409
APOC1	cholesterol/isoprenoid	Tier 2	ENSG00000130208	162	-0.236319772152419	-0.255053882217216	0.321859607322092	0.170197683082702	0.0677696516183495	-1.19425019704376	0.677093794153328	1.87134399119708	0.175925925925926	0.185185185185185	85	-0.186591387055868	-0.212662705296241	0.117647058823529	0.152941176470588	59	-0.283526315755472	-0.309318637794262	0.245762711864407	0.220338983050847	11	-0.211263965763639	-0.299897133217912	0.272727272727273	0.272727272727273	4	-0.237157663214156	-0.245649530205544	0	0	3	-0.0946143655501308	-0.237044250975941	0.333333333333333	0.333333333333333	-0.472817800889054	-0.165488927624746	1.14780673574137	0.142602891306338	0.104938271604938	FALSE	B_selective_metabolic_dependency	FALSE	0.144439289138061	0.289557425044409
NDUFS5	OXPHOS	Tier 1	ENSG00000168653	162	-0.311977205125221	-0.35089113251114	0.356380083136916	0.170052866315303	0.0984151903963468	-1.74344944898111	0.710571525866219	2.45402097484733	0.240740740740741	0.296296296296296	85	-0.381131746784576	-0.412933991006373	0.276470588235294	0.411764705882353	59	-0.28893469186424	-0.315736784775529	0.245762711864407	0.186440677966102	11	-0.232985611655075	-0.262694172684054	0	0.181818181818182	4	-0.130013752504418	-0.145264503306081	0.25	0	3	0.0554768538857141	0.118063327747387	0	0	-0.472817800889054	-0.677665327740642	3.46820443097226	0.153201219268872	0.104938271604938	TRUE	B_selective_metabolic_dependency	FALSE	0.144439289138061	0.289557425044409
GMPPB	glycolysis	Tier 2	ENSG00000173540	162	-0.798849227392515	-0.844432812699254	0.340914128240915	0.169509313051575	0.120979365407069	-2.43455377153352	0.160296859418607	2.59485063095213	0.75	0.895061728395062	85	-0.901135444474168	-0.937928019254606	0.788235294117647	0.905882352941176	59	-0.68708903918323	-0.732967121572414	0.720338983050847	0.864406779661017	11	-0.776320980749589	-0.72995047974083	0.636363636363636	0.909090909090909	4	-0.930397759538448	-0.924091886477416	1	1	3	-0.707827663835661	-0.70111700826883	0.333333333333333	1	-0.472817800889054	-0.818985326304319	2.54466710487868	0.194240372452486	0.104938271604938	TRUE	B_selective_metabolic_dependency	FALSE	0.144439289138061	0.289557425044409
GFPT1	glutamine/glutamate;glycolysis	Tier 1;Tier 2	ENSG00000198380	162	-0.141104945277017	-0.230423131296234	0.364897494068461	0.169403459579897	0.139478452046929	-1.79368991573583	0.781397763240337	2.57508767897617	0.12962962962963	0.197530864197531	85	-0.093287389332453	-0.15343558518269	0.0529411764705882	0.176470588235294	59	-0.216317389104745	-0.309801002659049	0.194915254237288	0.220338983050847	11	-0.141460750924315	-0.231497115365974	0.181818181818182	0.181818181818182	4	-0.207476444903195	-0.206114972593955	0.5	0	3	-1.06245292407014	-0.879111737725292	0.333333333333333	0.666666666666667	-0.472817800889054	-1.05959353461095	2.22984517957735	0.256166213333081	0.104938271604938	FALSE	B_selective_metabolic_dependency	FALSE	0.144439289138061	0.289557425044409
ATP6V0B	OXPHOS;iron	Tier 1;Tier 2	ENSG00000117410	162	-0.788630359228749	-0.778779645895962	0.358750775553803	0.168091225821265	0.112284682021399	-1.73113275447198	0.117734778632669	1.84886753310465	0.743827160493827	0.845679012345679	85	-0.755386673207104	-0.714962872320899	0.676470588235294	0.764705882352941	59	-0.859322349796079	-0.855525429492056	0.830508474576271	0.932203389830508	11	-0.760695008020907	-0.91947785086712	0.818181818181818	1	4	-0.741228473006175	-0.760830023296976	1	1	3	-0.568284742418876	-0.585627231704005	0.333333333333333	0.666666666666667	-0.472817800889054	-0.0764697947924371	0.153103381134668	0.16197680557492	0.104938271604938	TRUE	B_selective_metabolic_dependency	FALSE	0.144439289138061	0.289557425044409
NUBP1	iron	Tier 1	ENSG00000103274	162	-0.549672430484794	-0.573200698586805	0.323156817706262	0.168036756454568	0.0947171654818463	-1.84784764821682	0.250287593586467	2.09813524180329	0.509259259259259	0.623456790123457	85	-0.520238016525846	-0.530450163872779	0.417647058823529	0.623529411764706	59	-0.559864695571619	-0.601003865205896	0.64406779661017	0.627118644067797	11	-0.544793415740266	-0.708342948136073	0.454545454545455	0.545454545454545	4	-0.614444065514476	-0.649890229910546	1	1	3	-0.428762292978142	-0.639895948529795	0	0.333333333333333	-0.472817800889054	-0.968034054807987	2.91279983813997	0.215963574359973	0.104938271604938	TRUE	B_selective_metabolic_dependency	FALSE	0.144439289138061	0.289557425044409
SP1	cholesterol/isoprenoid	Tier 2	ENSG00000185591	162	-0.270805117751414	-0.266744215600653	0.330815726826085	0.167940103703594	0.062426817923671	-1.02414452716845	0.367926432607661	1.39207095977612	0.169753086419753	0.203703703703704	85	-0.270766603291052	-0.267053134222477	0.117647058823529	0.211764705882353	59	-0.284266996641937	-0.282427593693734	0.228813559322034	0.203389830508475	11	-0.176643627853577	-0.250091873487243	0.181818181818182	0.181818181818182	4	-0.231526675953416	-0.226226908712643	0.25	0	3	0.0669282412933168	-0.0646334157515485	0.333333333333333	0.333333333333333	-0.472817800889054	-0.00651345092444279	-0.0421755024563506	0.166270636638402	0.104938271604938	FALSE	B_selective_metabolic_dependency	FALSE	0.144439289138061	0.289557425044409
AHCYL1	methionine	Tier 1	ENSG00000168710	162	-0.313640322385127	-0.340730582669497	0.330281544088191	0.167898026249313	0.0894956614630632	-1.70191381995556	0.602620024646959	2.30453384460252	0.253086419753086	0.302469135802469	85	-0.299528645187149	-0.343541192709837	0.247058823529412	0.294117647058824	59	-0.313750515082491	-0.343798607089594	0.288135593220339	0.338983050847458	11	-0.375642563240642	-0.427344117206489	0.272727272727273	0.363636363636364	4	-0.227367077249523	-0.217934088634747	0	0	3	-0.160692863570731	-0.0469045166753392	0	0	-0.472817800889054	-0.714558267359817	2.51391923270082	0.176252106423129	0.104938271604938	FALSE	B_selective_metabolic_dependency	FALSE	0.144439289138061	0.289557425044409
ENPP7	sphingolipid	Tier 1	ENSG00000182156	162	-0.266352597872295	-0.309281107481488	0.310581963190659	0.167758277051389	0.074253495792371	-1.7575794803693	0.222109944959579	1.97968942532887	0.17283950617284	0.240740740740741	85	-0.263389705485473	-0.307633946662147	0.170588235294118	0.258823529411765	59	-0.282259904780872	-0.299183176151842	0.177966101694915	0.220338983050847	11	-0.196384871933028	-0.296373215058582	0.0909090909090909	0.181818181818182	4	-0.337315141994592	-0.355521944485522	0.5	0	3	-0.504015649600131	-0.540217803057792	0	0.666666666666667	-0.472817800889054	-1.31364986590969	4.26033407100807	0.264191260685285	0.104938271604938	FALSE	B_selective_metabolic_dependency	FALSE	0.144439289138061	0.289557425044409
NDUFAB1	OXPHOS;fatty-acid oxidation	Tier 1;Tier 2	ENSG00000004779	162	-0.693460210002357	-0.70044777648409	0.334858290207131	0.167660407435642	0.12521989841377	-1.77717125456032	0.599960946530495	2.37713220109081	0.691358024691358	0.820987654320988	85	-0.717465791785375	-0.716368010265991	0.658823529411765	0.811764705882353	59	-0.671195669344743	-0.660520129521282	0.728813559322034	0.847457627118644	11	-0.893443081881942	-0.803413139452693	0.818181818181818	0.727272727272727	4	-0.652735970175356	-0.648489404653588	0.75	0.75	3	-0.774203963788922	-0.726356374487895	0.333333333333333	1	-0.472817800889054	0.569784085041615	2.58547168862785	0.153277512349933	0.104938271604938	TRUE	B_selective_metabolic_dependency	FALSE	0.144439289138061	0.289557425044409
MMAA	fatty-acid oxidation;vitamin B12	Tier 1	ENSG00000151611	162	-0.266751658907334	-0.269255692405304	0.333410668394596	0.167645719133798	0.0827167183547251	-1.6724825614537	0.466581256027039	2.13906381748074	0.166666666666667	0.197530864197531	85	-0.211082372215818	-0.223635804881505	0.111764705882353	0.164705882352941	59	-0.297851154893416	-0.309464899252905	0.211864406779661	0.220338983050847	11	-0.333620256617963	-0.354161909517085	0.363636363636364	0.272727272727273	4	-0.219346342289023	-0.237098809544125	0.25	0	3	-0.578870776690201	-0.502591151981812	0	0.666666666666667	-0.472817800889054	-0.688289381896528	2.75426587381689	0.16726187174824	0.104938271604938	FALSE	B_selective_metabolic_dependency	FALSE	0.144439289138061	0.289557425044409
WDR26	OXPHOS	Tier 1	ENSG00000162923	162	-0.359955712233786	-0.383308684259882	0.336302006164454	0.167464976228271	0.107085729574828	-1.43552894442247	0.64908030997902	2.08460925440149	0.330246913580247	0.327160493827161	85	-0.359796967858647	-0.356198462848373	0.3	0.317647058823529	59	-0.376600893869592	-0.387145466857648	0.372881355932203	0.338983050847458	11	-0.380624392284532	-0.564951649053541	0.545454545454545	0.454545454545455	4	-0.325376005136962	-0.325388153421186	0	0	3	-0.27213394741909	-0.487178070038069	0	0.333333333333333	-0.472817800889054	-0.233097874797392	1.07786074000861	0.147778041445214	0.104938271604938	FALSE	B_selective_metabolic_dependency	FALSE	0.144439289138061	0.289557425044409
NDUFC2	OXPHOS	Tier 1;Tier 2	ENSG00000151366	162	-0.62048420051534	-0.57498927354193	0.337046780507767	0.167219487275498	0.0947647328529213	-1.50629268289885	0.360173734035599	1.86646641693445	0.570987654320988	0.648148148148148	85	-0.675128195455506	-0.638085791508209	0.558823529411765	0.741176470588235	59	-0.551099073328124	-0.55785393183605	0.627118644067797	0.610169491525424	11	-0.427686102349083	-0.319196545048109	0.363636363636364	0.272727272727273	4	-0.426667506734653	-0.515778633817746	0.75	0.5	3	-0.0348607447163619	-0.141103842155925	0.333333333333333	0.333333333333333	-0.472817800889054	0.417926438682075	1.12685444288369	0.163520575976866	0.104938271604938	FALSE	B_selective_metabolic_dependency	FALSE	0.144439289138061	0.289557425044409
TIMM10	OXPHOS	Tier 2	ENSG00000134809	162	-0.57518957090894	-0.577302811148105	0.332993919744021	0.167206899431841	0.0862642649377957	-1.551182451951	0.357766483836862	1.90894893578786	0.577160493827161	0.660493827160494	85	-0.605872131650072	-0.635092466285428	0.576470588235294	0.752941176470588	59	-0.474865572621692	-0.497555493932709	0.550847457627119	0.525423728813559	11	-0.619738874332561	-0.555752501408268	0.727272727272727	0.636363636363636	4	-0.62103535324453	-0.582250492996864	0.75	0.75	3	-0.568873091009927	-0.580714047407821	0.333333333333333	0.666666666666667	-0.472817800889054	-0.434806421324783	1.14309798090229	0.165150889471701	0.104938271604938	TRUE	B_selective_metabolic_dependency	FALSE	0.144439289138061	0.289557425044409
MVK	cholesterol/isoprenoid	Tier 1;Tier 2	ENSG00000110921	162	-0.557516353416072	-0.581538212150498	0.360200750139192	0.167137170523056	0.095986424880185	-1.41114888938155	0.828754607280115	2.23990349666167	0.617283950617284	0.67283950617284	85	-0.524995111649662	-0.522575251506118	0.535294117647059	0.647058823529412	59	-0.558724915858772	-0.617522061167711	0.686440677966102	0.694915254237288	11	-0.797612802734493	-0.760932998825807	0.818181818181818	0.727272727272727	4	-0.64484437878391	-0.642991180571377	1	0.5	3	-0.581887686837742	-0.804754890698727	0.333333333333333	1	-0.472817800889054	0.316005067013459	2.47689938290536	0.128885404207202	0.104938271604938	TRUE	B_selective_metabolic_dependency	FALSE	0.144439289138061	0.289557425044409
H4C14	arginine	Tier 2	ENSG00000270882	162	-0.342208323849205	-0.372009412233831	0.306418486415064	0.166750655055508	0.0901368761133708	-2.04294886094509	0.422559328435747	2.46550818938083	0.299382716049383	0.351851851851852	85	-0.303770856457413	-0.325413886315399	0.223529411764706	0.305882352941177	59	-0.372432905717371	-0.400337697894694	0.364406779661017	0.389830508474576	11	-0.271612479650378	-0.288647622495537	0.272727272727273	0.272727272727273	4	-0.566827616578607	-0.703518662218861	1	0.75	3	-0.562077629617807	-0.998740590986154	0.333333333333333	0.666666666666667	-0.472817800889054	-1.08972923433441	5.31677724037759	0.192333934877329	0.104938271604938	FALSE	B_selective_metabolic_dependency	FALSE	0.144439289138061	0.289557425044409
SLC39A10	zinc	Tier 1	ENSG00000196950	162	-0.358597475493081	-0.363377971651603	0.336601765445659	0.166427826693567	0.0886088957314573	-1.51336678567672	0.394397589131282	1.907764374808	0.339506172839506	0.327160493827161	85	-0.35318069027616	-0.336687655885311	0.294117647058824	0.317647058823529	59	-0.381503430574267	-0.435700447740021	0.423728813559322	0.372881355932203	11	-0.322390745770671	-0.324354019607413	0.363636363636364	0.363636363636364	4	-0.200550566759355	-0.23688814757389	0.25	0	3	-0.0705424435600043	-0.00900247822329465	0	0	-0.472817800889054	-0.269618749164853	1.07213877324466	0.150472052891351	0.104938271604938	FALSE	B_selective_metabolic_dependency	FALSE	0.144439289138061	0.289557425044409
COX6B1	OXPHOS	Tier 1;Tier 2	ENSG00000126267	162	-0.585602571065348	-0.596469993278684	0.329626233074638	0.166269738299005	0.0848319285687643	-1.60249965078186	0.284052103367351	1.88655175414921	0.546296296296296	0.691358024691358	85	-0.663170883574727	-0.697066016542463	0.570588235294118	0.823529411764706	59	-0.523460720095633	-0.516884684285198	0.525423728813559	0.593220338983051	11	-0.425198517613143	-0.345908936281265	0.454545454545455	0.363636363636364	4	-0.420396892155756	-0.424891923016236	0.75	0.5	3	-0.364432791717661	-0.458921713683996	0.333333333333333	0.333333333333333	-0.472817800889054	-0.304421594226213	1.20070318641865	0.150559258196403	0.104938271604938	FALSE	B_selective_metabolic_dependency	FALSE	0.144439289138061	0.289557425044409
TGS1	cholesterol/isoprenoid	Tier 2	ENSG00000137574	162	-0.47027351513927	-0.443195178240463	0.335691940678663	0.166268937996105	0.112616034512864	-2.05740969993503	0.495236668373053	2.55264636830808	0.459876543209877	0.487654320987654	85	-0.396594392650492	-0.396066887793106	0.341176470588235	0.4	59	-0.485874953770063	-0.467235108083984	0.550847457627119	0.542372881355932	11	-0.584798566838046	-0.660305671696484	0.727272727272727	0.909090909090909	4	-0.454105170910542	-0.460699120663505	1	0.25	3	-0.495772865182575	-0.486301054756889	0.333333333333333	0.666666666666667	-0.472817800889054	-0.25003632055857	3.07182122986147	0.116395154186365	0.104938271604938	TRUE	B_selective_metabolic_dependency	FALSE	0.144439289138061	0.289557425044409
MFN2	OXPHOS	Tier 2	ENSG00000116688	162	-0.760321213204759	-0.77364523883402	0.339940213235908	0.166012550031995	0.0922790921001203	-1.64216307705037	0.331536560917837	1.97369963796821	0.719135802469136	0.882716049382716	85	-0.80940398095326	-0.829234223530772	0.7	0.905882352941176	59	-0.706418495635333	-0.747317511623764	0.745762711864407	0.88135593220339	11	-0.626704794306681	-0.523448795421704	0.727272727272727	0.727272727272727	4	-0.69262151756878	-0.596514952237969	0.75	0.75	3	-0.770199604895105	-0.869963315534304	0.666666666666667	1	-0.472817800889054	-0.00781761320619557	1.21456910937415	0.137535568519205	0.104938271604938	TRUE	B_selective_metabolic_dependency	FALSE	0.144439289138061	0.289557425044409
CHKA	cholesterol/isoprenoid	Tier 2	ENSG00000110721	162	-0.327679845858418	-0.350623520247063	0.337199003365473	0.165634981641193	0.105246610834436	-1.87271346602185	0.690283002010022	2.56299646803187	0.280864197530864	0.259259259259259	85	-0.279077242731124	-0.328812308152199	0.2	0.223529411764706	59	-0.380169826767229	-0.387881551132196	0.364406779661017	0.322033898305085	11	-0.321464070304617	-0.35045876286454	0.454545454545455	0.272727272727273	4	-0.233992698487356	-0.212705676516007	0.25	0	3	-0.443588831614566	-0.420361157571246	0.333333333333333	0.333333333333333	-0.472817800889054	-0.925750880185676	3.2630478565837	0.199255430219159	0.104938271604938	FALSE	B_selective_metabolic_dependency	FALSE	0.144439289138061	0.289557425044409
UQCRC2	OXPHOS	Tier 1;Tier 2	ENSG00000140740	162	-0.523929088637759	-0.524191254845324	0.337833249890507	0.164417288473175	0.0715642117615313	-1.31971897900594	0.251442246203552	1.5711612252095	0.484567901234568	0.580246913580247	85	-0.572046126497204	-0.589035422540219	0.5	0.682352941176471	59	-0.532792784521451	-0.506802575034729	0.542372881355932	0.576271186440678	11	-0.249512358681876	-0.211295517409386	0.181818181818182	0.0909090909090909	4	-0.343531450955142	-0.272389033666882	0.5	0	3	-0.451836345343004	-0.511937871934678	0	0.333333333333333	-0.472817800889054	-0.181280977508057	0.49501491280933	0.157647178777665	0.104938271604938	FALSE	B_selective_metabolic_dependency	FALSE	0.144439289138061	0.289557425044409
BCS1L	OXPHOS	Tier 1	ENSG00000074582	162	-0.425846469998556	-0.487186101766917	0.302435636977919	0.164374817480796	0.0776594942685532	-1.73013405107552	0.0416579677225353	1.77179201879805	0.419753086419753	0.419753086419753	85	-0.424430416567865	-0.487422913055779	0.411764705882353	0.4	59	-0.496586067809476	-0.518693474342437	0.491525423728814	0.525423728813559	11	-0.266179978704242	-0.322070033234378	0.0909090909090909	0.0909090909090909	4	-0.425124206435318	-0.483956666153437	0.75	0.25	3	-0.430269353599628	-0.47056295336787	0	0.333333333333333	-0.472817800889054	-1.17350496993456	2.57610802643619	0.275357442496665	0.104938271604938	FALSE	B_selective_metabolic_dependency	FALSE	0.144439289138061	0.289557425044409
GLB1L	sphingolipid	Tier 1	ENSG00000163521	162	-0.214640473593737	-0.209170139860695	0.324706006114677	0.163984468042176	0.0795081878448628	-1.05015338577487	0.911758690240011	1.96191207601488	0.12037037037037	0.123456790123457	85	-0.245623466251485	-0.222351694444445	0.105882352941176	0.141176470588235	59	-0.177824950368117	-0.209464994154152	0.127118644067797	0.11864406779661	11	-0.0985515352347737	-0.220278444078606	0.181818181818182	0.0909090909090909	4	-0.162425640856426	-0.213418436712366	0.25	0	3	0.141641460685345	0.21650088571811	0	0	-0.472817800889054	0.349371042018188	1.51008817578128	0.148287077870423	0.104938271604938	FALSE	B_selective_metabolic_dependency	FALSE	0.144439289138061	0.289557425044409
H2AC18	arginine	Tier 2	ENSG00000288825	162	-0.728094614497065	-0.730833082742791	0.326017605350804	0.163685554224954	0.0824668725740377	-1.64329169313801	0.0528996644130063	1.69619135755102	0.725308641975309	0.833333333333333	85	-0.697838801458497	-0.735200190149975	0.664705882352941	0.835294117647059	59	-0.731756467050894	-0.7229315115401	0.813559322033898	0.847457627118644	11	-0.694269139387789	-0.651270631197678	0.727272727272727	0.727272727272727	4	-1.00077799108911	-0.977846591672606	1	1	3	-1.05913065536441	-0.724873583617857	0.333333333333333	0.666666666666667	-0.472817800889054	-0.124737094358337	0.377590274644024	0.157834955315941	0.104938271604938	FALSE	B_selective_metabolic_dependency	FALSE	0.144439289138061	0.289557425044409
RBBP7	arginine	Tier 2	ENSG00000102054	162	-0.147525683903601	-0.15008835883252	0.324937502602107	0.163329775359275	0.0929113178312157	-1.14510365311711	0.779660496385872	1.92476414950298	0.111111111111111	0.117283950617284	85	-0.147006100317459	-0.144106297176815	0.117647058823529	0.117647058823529	59	-0.138276653990797	-0.137159147833975	0.0677966101694915	0.0847457627118644	11	-0.170817285191695	-0.220878833321041	0.272727272727273	0.181818181818182	4	-0.203289531964355	-0.275226619477263	0.25	0.25	3	0.01528071676548	-0.147438501397984	0	0.333333333333333	-0.472817800889054	-0.303896302975195	1.2221993457203	0.15007072564517	0.104938271604938	FALSE	B_selective_metabolic_dependency	FALSE	0.144439289138061	0.289557425044409
ADH6	glycolysis	Tier 1	ENSG00000172955	162	-0.240091744632384	-0.252258506037881	0.322130714458157	0.162022928633706	0.0771829687382066	-1.13899012379352	0.57241744222916	1.71140756602268	0.111111111111111	0.17283950617284	85	-0.21014427760395	-0.236750384269779	0.0941176470588235	0.188235294117647	59	-0.27736127353949	-0.262512757142123	0.11864406779661	0.169491525423729	11	-0.242747554493853	-0.207710075735667	0.0909090909090909	0.0909090909090909	4	-0.282063581679116	-0.259940560208801	0.25	0	3	-0.449183233939521	-0.643089856630914	0.333333333333333	0.333333333333333	-0.472817800889054	-0.425477238402462	1.08118669258091	0.165458957408073	0.104938271604938	FALSE	B_selective_metabolic_dependency	FALSE	0.144439289138061	0.289557425044409
CYC1	OXPHOS	Tier 1;Tier 2	ENSG00000179091	162	-0.444839181483488	-0.437850735909989	0.312993447280729	0.161853067235859	0.0781160583551869	-1.47556118717293	0.481107069240981	1.95666825641391	0.348765432098765	0.432098765432099	85	-0.446136783564068	-0.439532964375235	0.305882352941177	0.423529411764706	59	-0.436810361363043	-0.438054851697405	0.398305084745763	0.440677966101695	11	-0.478539878385737	-0.404153576523174	0.363636363636364	0.545454545454545	4	-0.334000232050143	-0.419818367364287	0.5	0.25	3	-0.460151789174684	-0.533772728054782	0.333333333333333	0.333333333333333	-0.472817800889054	-0.39586665708598	1.66016344304215	0.149893433559547	0.104938271604938	FALSE	B_selective_metabolic_dependency	FALSE	0.144439289138061	0.289557425044409
EP300	PPP;cholesterol/isoprenoid	Tier 2	ENSG00000100393	162	-0.227492080854754	-0.213315821978351	0.319221909509837	0.161762771535165	0.0918966215991939	-1.59164629789211	0.923805642982074	2.51545194087419	0.123456790123457	0.135802469135802	85	-0.219416393825823	-0.229974761371434	0.164705882352941	0.176470588235294	59	-0.236207040280208	-0.212650604245494	0.101694915254237	0.11864406779661	11	-0.226101514897305	-0.197495337225669	0	0	4	0.106733902132443	0.0966007529388468	0	0	3	-0.345051172551584	-0.225625698569969	0	0	-0.472817800889054	-0.137541787451646	3.31273446783824	0.108748867089867	0.104938271604938	FALSE	B_selective_metabolic_dependency	FALSE	0.144439289138061	0.289557425044409
SMARCA4	arginine	Tier 2	ENSG00000127616	162	-0.257308696061977	-0.283970506388443	0.320371658431254	0.161755990544938	0.0818191694364676	-1.28473036230647	0.797152345015549	2.08188270732202	0.188271604938272	0.209876543209877	85	-0.261708754150228	-0.265192488764671	0.164705882352941	0.2	59	-0.321117881227803	-0.34144068262866	0.279661016949153	0.271186440677966	11	-0.200762476076102	-0.201601798607733	0	0.0909090909090909	4	-0.132092100813657	-0.161524785564922	0	0	3	-0.136519952249129	-0.15104709596501	0	0	-0.472817800889054	-0.0631703226021316	1.92990604817123	0.125708937683334	0.104938271604938	FALSE	B_selective_metabolic_dependency	FALSE	0.144439289138061	0.289557425044409
PGD	PPP	Tier 1;Tier 2	ENSG00000142657	162	-0.4672805979276	-0.507936625954379	0.323825162438998	0.161657696610651	0.0975058448384844	-2.10115770804237	0.375288321412368	2.47644602945473	0.472222222222222	0.487654320987654	85	-0.501205531771957	-0.538711825928164	0.441176470588235	0.552941176470588	59	-0.421674870967099	-0.447473812362121	0.491525423728814	0.389830508474576	11	-0.689999855532718	-0.784402585078101	0.818181818181818	0.818181818181818	4	-0.207067860239034	-0.261369802880611	0.25	0	3	-0.265445362097698	-0.140121874656245	0	0	-0.472817800889054	-1.16626127557433	4.52310545251998	0.223081656184053	0.104938271604938	FALSE	B_selective_metabolic_dependency	FALSE	0.144439289138061	0.289557425044409
NDUFB8	OXPHOS	Tier 1;Tier 2	ENSG00000166136	162	-0.381619422046036	-0.395110783486519	0.331204401738939	0.161609418042537	0.0586344859814404	-1.47283080428502	0.187525446894928	1.66035625117994	0.345679012345679	0.376543209876543	85	-0.46720500772184	-0.43805665410505	0.352941176470588	0.470588235294118	59	-0.373077071503565	-0.378063957278954	0.423728813559322	0.355932203389831	11	-0.231528935073546	-0.250684415490499	0	0	4	-0.29274093935341	-0.285892851052591	0.25	0	3	-0.289675066759904	-0.188752623940881	0	0	-0.472817800889054	-0.480020623863272	1.72567394124242	0.158102961652559	0.104938271604938	FALSE	B_selective_metabolic_dependency	FALSE	0.144439289138061	0.289557425044409
COX16	OXPHOS	Tier 1	ENSG00000133983	162	-0.175276553742235	-0.201749135022236	0.318769310941954	0.161498532511307	0.0731463488987447	-0.894288806475515	0.900867530568945	1.79515633704446	0.104938271604938	0.148148148148148	85	-0.237638712666128	-0.260459723730478	0.111764705882353	0.223529411764706	59	-0.127492295444254	-0.157400807518755	0.0932203389830508	0.0677966101694915	11	-0.0100098044828973	-0.0760822682253	0.0909090909090909	0.0909090909090909	4	-0.136118398727517	-0.150743397487297	0.25	0	3	0.106335632973327	0.0607476091741359	0	0	-0.472817800889054	0.193079056702659	1.37224977560218	0.139626262640422	0.104938271604938	FALSE	B_selective_metabolic_dependency	FALSE	0.144439289138061	0.289557425044409
NT5E	NAD;glycolysis	Tier 1;Tier 2	ENSG00000135318	162	-0.27577504337711	-0.293305590820869	0.31855741778493	0.161142708598931	0.136406854109927	-3.11435930023917	0.654384576744192	3.76874387698337	0.20679012345679	0.222222222222222	85	-0.325019659061467	-0.343200252193141	0.229411764705882	0.294117647058824	59	-0.224359537259683	-0.232076353969802	0.152542372881356	0.11864406779661	11	-0.265434352986197	-0.296157404547487	0.272727272727273	0.181818181818182	4	-0.203928758327304	-0.281625500760828	0.25	0.25	3	-0.41672002216994	-0.0889153130932449	0.333333333333333	0.333333333333333	-0.472817800889054	-2.88139756080046	19.7389767147098	0.360620276858354	0.104938271604938	FALSE	B_selective_metabolic_dependency	FALSE	0.144439289138061	0.289557425044409
GRIK5	glutamine/glutamate	Tier 1	ENSG00000105737	162	-0.242298225036229	-0.242203134591355	0.330055358697418	0.161098297156961	0.0813414085915694	-1.38335988001454	0.496306233182016	1.87966611319656	0.157407407407407	0.135802469135802	85	-0.216527260721286	-0.230843976549425	0.105882352941176	0.164705882352941	59	-0.264459167522105	-0.262454892685242	0.177966101694915	0.101694915254237	11	-0.122284722289952	-0.23339004720715	0.363636363636364	0.181818181818182	4	-0.360805137689651	-0.318618124511142	0.5	0	3	-0.127035720910618	-0.0961893704486367	0	0	-0.472817800889054	-0.449453281160316	1.42252187486348	0.160712542681289	0.104938271604938	FALSE	B_selective_metabolic_dependency	FALSE	0.144439289138061	0.289557425044409
NDUFS2	OXPHOS	Tier 1;Tier 2	ENSG00000158864	162	-0.366342161988125	-0.397722351919124	0.340266783833293	0.15972251504848	0.0876744222334149	-1.36468970651742	0.360813679864381	1.7255033863818	0.277777777777778	0.302469135802469	85	-0.385455083962634	-0.445085730134205	0.311764705882353	0.329411764705882	59	-0.365341128454641	-0.385069151317581	0.279661016949153	0.305084745762712	11	-0.20672523310643	-0.274912016835882	0.0909090909090909	0.272727272727273	4	-0.243619578461194	-0.256131222530511	0.25	0	3	0.0579179213186935	0.0563010178544535	0	0	-0.472817800889054	-0.506254044269188	0.522361787430276	0.190952609143723	0.104938271604938	FALSE	B_selective_metabolic_dependency	FALSE	0.144439289138061	0.289557425044409
MVD	cholesterol/isoprenoid	Tier 1;Tier 2	ENSG00000167508	162	-0.65362619924835	-0.648138691821561	0.325559185157872	0.159701534785442	0.100492819926414	-1.67407362461705	0.408421020664084	2.08249464528113	0.654320987654321	0.740740740740741	85	-0.628813275546095	-0.59747304552975	0.558823529411765	0.705882352941177	59	-0.675042773882722	-0.661788651654376	0.73728813559322	0.745762711864407	11	-0.880571368797475	-0.965451816236545	0.909090909090909	0.909090909090909	4	-0.614761790961002	-0.623519062517362	1	1	3	-0.664294139717109	-0.68456084292814	0.333333333333333	0.666666666666667	-0.472817800889054	-0.0785569694088691	1.63634452141239	0.13078935872006	0.104938271604938	FALSE	B_selective_metabolic_dependency	FALSE	0.144439289138061	0.289557425044409
UQCRQ	OXPHOS	Tier 1;Tier 2	ENSG00000164405	162	-0.236259533241723	-0.258618183535222	0.29899931987655	0.159489184910263	0.0538932690524657	-1.03666157824842	0.559974990351386	1.59663656859981	0.16358024691358	0.179012345679012	85	-0.272337259084575	-0.298002533410642	0.2	0.258823529411765	59	-0.227242073617805	-0.22261359521186	0.110169491525424	0.0847457627118644	11	-0.210700456043675	-0.202653019709603	0.272727272727273	0.0909090909090909	4	-0.14659141867656	-0.166246026348821	0	0	3	-0.118790289230017	-0.179186984366898	0	0.333333333333333	-0.472817800889054	-0.233616351257429	0.826528465573471	0.15320910536397	0.104938271604938	FALSE	B_selective_metabolic_dependency	FALSE	0.144439289138061	0.289557425044409
NDUFAF3	OXPHOS	Tier 1	ENSG00000178057	162	-0.262867182326593	-0.29579039135901	0.303015142795903	0.159425068922711	0.0824338946768893	-1.33651200076795	0.575302295791185	1.91181429655914	0.200617283950617	0.222222222222222	85	-0.320369750552889	-0.373712513000774	0.270588235294118	0.341176470588235	59	-0.213024890094403	-0.212389408999527	0.0932203389830508	0.101694915254237	11	-0.2287910582648	-0.187001518427041	0.0909090909090909	0.0909090909090909	4	-0.383202071109494	-0.374357915202213	0.75	0	3	0.0400534670907629	-0.022352100205158	0	0	-0.472817800889054	-0.478886490555063	1.81413752284292	0.156187810800002	0.104938271604938	FALSE	B_selective_metabolic_dependency	FALSE	0.144439289138061	0.289557425044409
SUPV3L1	OXPHOS	Tier 2	ENSG00000156502	162	-0.839189778858111	-0.842765560123581	0.332052466384107	0.159389605493619	0.0988142726220489	-2.95481607665826	-0.040543644788726	2.91427243186954	0.756172839506173	0.919753086419753	85	-0.873829628729388	-0.869819464445113	0.741176470588235	0.929411764705882	59	-0.844890554253352	-0.866078656294045	0.838983050847458	0.949152542372881	11	-0.505117807422613	-0.486069168086183	0.454545454545455	0.636363636363636	4	-0.798213791685527	-0.816816594861952	1	1	3	-0.931248665060239	-0.960232770813707	0.333333333333333	1	-0.472817800889054	-1.72462883840119	11.4042265640593	0.227613332939946	0.104938271604938	TRUE	B_selective_metabolic_dependency	FALSE	0.144439289138061	0.289557425044409
OPA1	OXPHOS	Tier 2	ENSG00000198836	162	-0.516144934908725	-0.524403249079725	0.315921008281037	0.158782703876521	0.0671174234404315	-1.25637700402291	0.334644518616817	1.59102152263973	0.518518518518519	0.598765432098765	85	-0.563646845335914	-0.54214412750632	0.476470588235294	0.647058823529412	59	-0.514580303131846	-0.53577845430347	0.601694915254237	0.559322033898305	11	-0.474550887702343	-0.325920571825069	0.363636363636364	0.545454545454545	4	-0.524130859201849	-0.497469200906363	0.75	0.5	3	-0.452759231229067	-0.561714538424132	0.333333333333333	0.333333333333333	-0.472817800889054	0.0885953849008883	0.582686960339055	0.151798028118468	0.104938271604938	FALSE	B_selective_metabolic_dependency	FALSE	0.144439289138061	0.289557425044409
UQCC1	OXPHOS	Tier 1	ENSG00000101019	162	-0.255242748719539	-0.241189273878665	0.317735680114845	0.158276094680461	0.0786231672555883	-1.71848978016598	0.504487968690602	2.22297774885658	0.185185185185185	0.160493827160494	85	-0.2578357556358	-0.256462952047678	0.194117647058824	0.188235294117647	59	-0.269858760249962	-0.245582022197398	0.211864406779661	0.152542372881356	11	-0.16817353310667	-0.202461139836334	0.0909090909090909	0.0909090909090909	4	-0.243221708773721	-0.234542997471566	0	0	3	0.020698028864909	0.127090797813779	0	0	-0.472817800889054	-0.86491863021139	4.5289756115971	0.165136427553357	0.104938271604938	FALSE	B_selective_metabolic_dependency	FALSE	0.144439289138061	0.289557425044409
NDUFA3	OXPHOS	Tier 1;Tier 2	ENSG00000170906	162	-0.28831214124576	-0.272518384959472	0.314652970960301	0.158247873387055	0.064947216418157	-1.00205604863367	0.516126376100553	1.51818242473423	0.182098765432099	0.209876543209877	85	-0.339873705638051	-0.306349926472177	0.164705882352941	0.247058823529412	59	-0.272863488054388	-0.242902725273496	0.211864406779661	0.203389830508475	11	-0.171968212529007	-0.166369664111813	0.181818181818182	0.0909090909090909	4	-0.305079451520759	-0.26167000376976	0.25	0	3	-0.356846606975456	-0.300075833951412	0	0	-0.472817800889054	0.294514624263851	0.36685850289512	0.16917962100554	0.104938271604938	FALSE	B_selective_metabolic_dependency	FALSE	0.144439289138061	0.289557425044409
COQ10B	OXPHOS	Tier 1	ENSG00000115520	162	-0.322922114324429	-0.317887307950232	0.308649379932528	0.158142051098643	0.102458376256361	-1.5958695964067	0.650510035949021	2.24637963235572	0.268518518518519	0.265432098765432	85	-0.339642957823873	-0.307315536290377	0.294117647058824	0.329411764705882	59	-0.318449026680642	-0.34738494562299	0.245762711864407	0.203389830508475	11	-0.247183774067665	-0.273943783565628	0.181818181818182	0.181818181818182	4	-0.243403503388957	-0.22524553452767	0.25	0	3	-0.469002658669999	-0.321949251388828	0.333333333333333	0.333333333333333	-0.472817800889054	-0.0621200294066339	1.77298448957608	0.12821156681867	0.104938271604938	FALSE	B_selective_metabolic_dependency	FALSE	0.144439289138061	0.289557425044409
TIMM13	OXPHOS	Tier 2	ENSG00000099800	162	-0.627748222713121	-0.632298419579408	0.314176262273636	0.157941086942989	0.0723009376715886	-1.41162145160354	0.236425654354361	1.6480471059579	0.604938271604938	0.740740740740741	85	-0.540539517769391	-0.604434210178191	0.541176470588235	0.670588235294118	59	-0.660259547460757	-0.693001950917967	0.728813559322034	0.847457627118644	11	-0.548291289171458	-0.467362039383514	0.454545454545455	0.636363636363636	4	-0.689014040599621	-0.713156018118373	1	1	3	-0.782368215964983	-0.724904832288553	0	0.666666666666667	-0.472817800889054	-0.1789548173121	0.596129063933231	0.155125203247721	0.104938271604938	TRUE	B_selective_metabolic_dependency	FALSE	0.144439289138061	0.289557425044409
GID8	OXPHOS	Tier 1	ENSG00000101193	162	-0.314094131848838	-0.304731905714145	0.311783815612786	0.157331528308589	0.05621865380562	-0.885954449476574	0.433536031105478	1.31949048058205	0.231481481481482	0.240740740740741	85	-0.285224802573652	-0.285296021811063	0.229411764705882	0.247058823529412	59	-0.333277028289279	-0.330650464811822	0.271186440677966	0.254237288135593	11	-0.303186892501997	-0.335270111166561	0.181818181818182	0.181818181818182	4	-0.318446580582325	-0.312737496257474	0	0	3	-0.267444693028135	-0.223036079997158	0	0.333333333333333	-0.472817800889054	0.29751669171479	0.538461480925378	0.165047149154027	0.104938271604938	FALSE	B_selective_metabolic_dependency	FALSE	0.144439289138061	0.289557425044409
GART	folate;serine/glycine/one-carbon	Tier 1	ENSG00000159131	162	-0.358820814256973	-0.359174354128189	0.308720690037205	0.157321346102122	0.0887086781365977	-1.44299683193629	0.600585008527701	2.04358184046399	0.29320987654321	0.296296296296296	85	-0.351590409048292	-0.337843979869908	0.258823529411765	0.294117647058824	59	-0.378108166360398	-0.416688637186182	0.330508474576271	0.355932203389831	11	-0.159385267334941	-0.240632806748149	0.181818181818182	0.181818181818182	4	-0.411605642096395	-0.413023304471314	1	0	3	-0.201319170083217	-0.195274464574931	0	0	-0.472817800889054	-0.104914605550667	1.78083201568512	0.128995233892679	0.104938271604938	FALSE	B_selective_metabolic_dependency	FALSE	0.144439289138061	0.289557425044409
SPTLC1	sphingolipid	Tier 1	ENSG00000090054	162	-0.346015120842842	-0.343238671591534	0.297488360506987	0.157277092629141	0.0802350182704376	-1.27596554213057	0.85050186559827	2.12646740772884	0.259259259259259	0.259259259259259	85	-0.302887845570359	-0.305441300106053	0.152941176470588	0.211764705882353	59	-0.393837872553862	-0.396705726139947	0.406779661016949	0.338983050847458	11	-0.35840514799753	-0.392793296976694	0.363636363636364	0.272727272727273	4	-0.235563804724398	-0.267742583460697	0.25	0	3	-0.356575965828519	-0.281606615323591	0	0.333333333333333	-0.472817800889054	-0.161377996085127	2.15309407280829	0.124977573949298	0.104938271604938	TRUE	B_selective_metabolic_dependency	FALSE	0.144439289138061	0.289557425044409
SQLE	cholesterol/isoprenoid	Tier 1;Tier 2	ENSG00000104549	162	-0.384289518237265	-0.395597204146509	0.312376382817083	0.157114796129417	0.0708432163748689	-1.34397997550901	0.335455194047996	1.67943516955701	0.339506172839506	0.351851851851852	85	-0.368680618260544	-0.364738072761197	0.223529411764706	0.294117647058824	59	-0.427201700430846	-0.442441716299339	0.491525423728814	0.457627118644068	11	-0.353343583148325	-0.307537527378003	0.363636363636364	0.0909090909090909	4	-0.39106037105852	-0.393133324378031	0.5	0.5	3	-0.499485778310391	-0.67483450890051	0.333333333333333	0.666666666666667	-0.472817800889054	-0.517795187386291	1.33978730181459	0.171447348484641	0.104938271604938	FALSE	B_selective_metabolic_dependency	FALSE	0.144439289138061	0.289557425044409
COX6C	OXPHOS	Tier 1;Tier 2	ENSG00000164919	162	-0.406159013297498	-0.436940210614831	0.30442227922098	0.157058011889109	0.064909404009491	-1.25360899671093	0.302267232639245	1.55587622935018	0.348765432098765	0.376543209876543	85	-0.42387211576011	-0.474787547074985	0.305882352941177	0.435294117647059	59	-0.407068666022764	-0.433469910077808	0.432203389830509	0.372881355932203	11	-0.21982277007574	-0.197062753343654	0.181818181818182	0.0909090909090909	4	-0.418213746812656	-0.362183502960017	0.75	0	3	-0.331556680310182	-0.412074541672659	0	0.333333333333333	-0.472817800889054	-0.368846284355764	0.662111866821423	0.169084048667621	0.104938271604938	FALSE	B_selective_metabolic_dependency	FALSE	0.144439289138061	0.289557425044409
HIGD1C	OXPHOS	Tier 1	ENSG00000214511	162	-0.239564339832715	-0.214478142487773	0.307664077160078	0.156997169923289	0.0785278908755168	-0.994779569148307	0.4362065515468	1.43098612069511	0.157407407407407	0.12962962962963	85	-0.196893810653861	-0.181376653762328	0.117647058823529	0.152941176470588	59	-0.271355894154788	-0.270645854673317	0.228813559322034	0.135593220338983	11	-0.250294841888238	-0.233814600405497	0.181818181818182	0	4	-0.228179763843701	-0.236710654513542	0	0	3	0.0415491371415426	0.0528217116729686	0	0	-0.472817800889054	-0.17829717487451	0.617357441310235	0.154596590932448	0.104938271604938	FALSE	B_selective_metabolic_dependency	FALSE	0.144439289138061	0.289557425044409
LETM1	OXPHOS	Tier 1	ENSG00000168924	162	-0.66616091320059	-0.660453539850767	0.296090795172407	0.156675175112118	0.0688452858352386	-1.65067186358793	0.0976475844227539	1.74831944801068	0.654320987654321	0.777777777777778	85	-0.627514468271439	-0.66568800077793	0.588235294117647	0.741176470588235	59	-0.689399095789025	-0.675622533873589	0.76271186440678	0.847457627118644	11	-0.555166172454053	-0.536011771107904	0.545454545454545	0.636363636363636	4	-0.755923149658721	-0.754952609487827	1	1	3	-0.624600221121162	-0.54410799034007	0.333333333333333	0.666666666666667	-0.472817800889054	-0.362391926841272	1.19209543395642	0.156070692366428	0.104938271604938	TRUE	B_selective_metabolic_dependency	FALSE	0.144439289138061	0.289557425044409
PPP2R5D	glycolysis	Tier 2	ENSG00000112640	162	-0.384652041346566	-0.392459767233544	0.309537453210426	0.156638946050869	0.0876887943156618	-1.40754061366707	0.493124269031978	1.90066488269905	0.317901234567901	0.333333333333333	85	-0.339291287570484	-0.332339968283616	0.164705882352941	0.235294117647059	59	-0.464871455031752	-0.452828634915753	0.483050847457627	0.474576271186441	11	-0.385166481439581	-0.466522312716238	0.363636363636364	0.363636363636364	4	-0.383473299396754	-0.41393250700418	1	0.25	3	-0.395194781882447	-0.608406686600643	0.333333333333333	0.333333333333333	-0.472817800889054	-0.402690063479617	1.29815342138823	0.158012103311415	0.104938271604938	FALSE	B_selective_metabolic_dependency	FALSE	0.144439289138061	0.289557425044409
AIFM1	OXPHOS	Tier 2	ENSG00000156709	162	-0.331703567940788	-0.372613171793051	0.342382973769901	0.156127842660625	0.0947828338704697	-1.80523820091301	0.501454147196247	2.30669234810925	0.268518518518519	0.314814814814815	85	-0.385145726764351	-0.423373775994694	0.3	0.376470588235294	59	-0.244505094668037	-0.294548667286068	0.186440677966102	0.203389830508475	11	-0.332193161690915	-0.391595185080636	0.454545454545455	0.363636363636364	4	-0.454308571823003	-0.423911263367261	0.5	0.5	3	-0.352105295102084	-0.331666470563733	0	0.333333333333333	-0.472817800889054	-0.690208636771669	2.18220863384302	0.179196558629433	0.104938271604938	FALSE	B_selective_metabolic_dependency	FALSE	0.144439289138061	0.289557425044409
COX5A	OXPHOS	Tier 1;Tier 2	ENSG00000178741	162	-0.180969380796897	-0.202327773640407	0.295321983045515	0.156077691943694	0.0847167059964233	-1.25201625113426	0.914545901308702	2.16656215244296	0.101851851851852	0.141975308641975	85	-0.231196255964432	-0.236833268833339	0.117647058823529	0.164705882352941	59	-0.159302916626662	-0.17770447767644	0.0932203389830508	0.11864406779661	11	-0.0982641231120135	-0.0476351473635324	0	0	4	-0.164030006556117	-0.190276047773413	0	0	3	-0.604114940370464	-0.29220549463655	0.333333333333333	0.666666666666667	-0.472817800889054	-0.226101861487148	1.75067487492733	0.1346315691709	0.104938271604938	FALSE	B_selective_metabolic_dependency	FALSE	0.144439289138061	0.289557425044409
SREBF2	cholesterol/isoprenoid	Tier 1;Tier 2	ENSG00000198911	162	-0.22008289419115	-0.242305197236926	0.316277785051832	0.15559742957514	0.0846810907203072	-1.09972772351608	0.631041554376498	1.73076927789258	0.154320987654321	0.209876543209877	85	-0.212313033142142	-0.205020985908118	0.0764705882352941	0.176470588235294	59	-0.259761095148865	-0.315843761921907	0.245762711864407	0.271186440677966	11	-0.290097912748601	-0.183983566678641	0.272727272727273	0.181818181818182	4	-0.276267917597838	-0.365190086124653	0.25	0.25	3	0.0460938154213369	0.0975677937213988	0	0	-0.472817800889054	-0.157392447545674	0.871414486015786	0.147914584140533	0.104938271604938	FALSE	B_selective_metabolic_dependency	FALSE	0.144439289138061	0.289557425044409
ACLY	TCA	Tier 1	ENSG00000131473	162	-0.36766089800458	-0.406914364567371	0.31679754333716	0.15544504268586	0.0894906556339534	-1.51415205724397	0.268618369031454	1.78277042627542	0.311728395061728	0.339506172839506	85	-0.391980514973707	-0.437583099016153	0.317647058823529	0.376470588235294	59	-0.334743553114688	-0.363947431930774	0.279661016949153	0.288135593220339	11	-0.329580291619601	-0.476876219519448	0.454545454545455	0.363636363636364	4	-0.329204932684562	-0.358342459669933	0.5	0.25	3	-0.271619835828563	-0.191218968743918	0	0.333333333333333	-0.472817800889054	-1.06365909013221	2.40194109720777	0.251974893856731	0.104938271604938	FALSE	B_selective_metabolic_dependency	FALSE	0.144439289138061	0.289557425044409
ACER1	sphingolipid	Tier 1	ENSG00000167769	162	-0.286292492104125	-0.297312058628711	0.312692877937483	0.155031480370239	0.0845168975228361	-1.68606021253489	0.362655385218698	2.04871559775359	0.12962962962963	0.228395061728395	85	-0.288680137732291	-0.30334017478416	0.123529411764706	0.282352941176471	59	-0.243192127222833	-0.282429276206181	0.14406779661017	0.169491525423729	11	-0.262591410834731	-0.33486556574865	0	0.181818181818182	4	-0.355133751165574	-0.298585285410084	0.5	0	3	-0.31114548609132	-0.279816326719152	0	0.333333333333333	-0.472817800889054	-0.74210223296063	2.56952668580866	0.179767107918602	0.104938271604938	FALSE	B_selective_metabolic_dependency	FALSE	0.144439289138061	0.289557425044409
ADHFE1	OXPHOS	Tier 1	ENSG00000147576	162	-0.2108746677984	-0.191575835099987	0.306101740611526	0.154885536273171	0.0730605341557113	-0.947216693240032	0.819979243603296	1.76719593684333	0.108024691358025	0.123456790123457	85	-0.175560653272214	-0.169645233742984	0.0882352941176471	0.141176470588235	59	-0.220203456579708	-0.220411163854389	0.11864406779661	0.11864406779661	11	-0.291774393978348	-0.220980168088172	0.181818181818182	0.0909090909090909	4	-0.298562815265734	-0.308764195331455	0.25	0	3	-0.0663585369022013	0.0182189598868356	0	0	-0.472817800889054	0.610484631073328	1.6218864112768	0.178768269616222	0.104938271604938	FALSE	B_selective_metabolic_dependency	FALSE	0.144439289138061	0.289557425044409
WDR77	arginine	Tier 2	ENSG00000116455	162	-0.730598951303442	-0.796973732185397	0.35224274178033	0.154200430517919	0.119212856468687	-3.01679476908578	0.0499526173063518	3.06674738639213	0.79320987654321	0.91358024691358	85	-0.773975390663729	-0.824538369558565	0.782352941176471	0.941176470588235	59	-0.648175197217638	-0.719749426402872	0.796610169491525	0.864406779661017	11	-0.680322007615995	-1.06996735013604	0.909090909090909	1	4	-0.759904726736782	-0.859097710633625	1	1	3	-0.697903556335491	-0.450911783251981	0.333333333333333	0.666666666666667	-0.472817800889054	-2.28736180748468	10.4880692968855	0.376675899999187	0.104938271604938	TRUE	B_selective_metabolic_dependency	FALSE	0.144439289138061	0.289557425044409
ATP5F1D	OXPHOS	Tier 1;Tier 2	ENSG00000099624	162	-0.611254908569827	-0.624801324801482	0.305682708557539	0.15392024102864	0.0817611738498509	-1.59672957438632	0.24951395506428	1.8462435294506	0.638888888888889	0.716049382716049	85	-0.655997841588685	-0.671762411200079	0.658823529411765	0.788235294117647	59	-0.550545455291144	-0.583435224269443	0.635593220338983	0.64406779661017	11	-0.525858286504187	-0.512550248439389	0.636363636363636	0.727272727272727	4	-0.618621973491246	-0.629715102437993	0.75	0.5	3	-0.374963220170853	-0.512806097117004	0	0.333333333333333	-0.472817800889054	-0.651539602212615	1.65366934454858	0.184751181278557	0.104938271604938	TRUE	B_selective_metabolic_dependency	FALSE	0.144439289138061	0.289557425044409
RMND5B	OXPHOS	Tier 1	ENSG00000145916	162	-0.264224335937253	-0.267640271206978	0.309591585972915	0.153155825986878	0.0771062460402149	-1.45379335204233	0.507586759426347	1.96138011146868	0.231481481481482	0.197530864197531	85	-0.265220356164183	-0.268870918904453	0.194117647058824	0.235294117647059	59	-0.246719329904647	-0.241061006378716	0.271186440677966	0.152542372881356	11	-0.365591435908104	-0.364423688372161	0.363636363636364	0.181818181818182	4	-0.295896090806825	-0.275280880372695	0.25	0	3	-0.152652132715055	-0.390437452907678	0	0.333333333333333	-0.472817800889054	-0.285384153119617	2.0514289188012	0.133377408233611	0.104938271604938	FALSE	B_selective_metabolic_dependency	FALSE	0.144439289138061	0.289557425044409
TIMM50	OXPHOS	Tier 2	ENSG00000105197	162	-0.351230803048459	-0.37368264674849	0.297125395536031	0.152710282155354	0.0708825187405344	-1.25716467042759	0.787431658397911	2.0445963288255	0.287037037037037	0.339506172839506	85	-0.38406616142011	-0.412000694723296	0.276470588235294	0.388235294117647	59	-0.318538228182057	-0.335972276771961	0.305084745762712	0.288135593220339	11	-0.383874384339857	-0.37960669597556	0.363636363636364	0.454545454545455	4	-0.242088047371987	-0.249335161503442	0.25	0	3	-0.308703717929594	-0.173717030161557	0	0	-0.472817800889054	-0.0351407442556781	2.60525272374837	0.115589682345387	0.104938271604938	FALSE	B_selective_metabolic_dependency	FALSE	0.144439289138061	0.289557425044409
NDUFS7	OXPHOS	Tier 1;Tier 2	ENSG00000115286	162	-0.362276540875615	-0.406091805785666	0.313538767573987	0.152363131772343	0.0748526395034192	-1.69625381439992	0.450369488937973	2.14662330333789	0.308641975308642	0.358024691358025	85	-0.436306982762409	-0.459535135221916	0.394117647058824	0.447058823529412	59	-0.332794035218359	-0.376654491027836	0.211864406779661	0.305084745762712	11	-0.175845188863325	-0.258897327140781	0.181818181818182	0.0909090909090909	4	-0.360027556825989	-0.350121913670636	0.5	0.25	3	-0.0807676498779095	-0.0851376065138703	0	0	-0.472817800889054	-0.754911941507998	2.87304721080024	0.175804329926652	0.104938271604938	FALSE	B_selective_metabolic_dependency	FALSE	0.144439289138061	0.289557425044409
NDUFS8	OXPHOS	Tier 1;Tier 2	ENSG00000110717	162	-0.273523483902344	-0.280719378279556	0.307869933159783	0.152275401375477	0.0584824631850345	-1.091449946024	0.377222781761743	1.46867272778574	0.191358024691358	0.197530864197531	85	-0.343373632510922	-0.329394398439312	0.217647058823529	0.294117647058824	59	-0.243276205585524	-0.24159046885942	0.211864406779661	0.101694915254237	11	-0.16534888147004	-0.222680053886616	0	0.0909090909090909	4	-0.169158770932442	-0.155238438639304	0	0	3	-0.107441123339046	-0.0512478013102601	0	0	-0.472817800889054	-0.368515106605692	0.824985347073943	0.165046750223253	0.104938271604938	FALSE	B_selective_metabolic_dependency	FALSE	0.144439289138061	0.289557425044409
NDUFA10	OXPHOS	Tier 1	ENSG00000130414	162	-0.302243926012506	-0.316680994570885	0.302516149880153	0.152178206556061	0.06126997372273	-1.10030528255676	0.524366959985976	1.62467224254273	0.209876543209877	0.234567901234568	85	-0.352569526567472	-0.372551138138892	0.229411764705882	0.305882352941177	59	-0.296248473963642	-0.301080709211947	0.211864406779661	0.203389830508475	11	-0.137318414314952	-0.137466004327051	0.0909090909090909	0	4	-0.182343758765044	-0.208639914531935	0.25	0	3	0.0824536089829751	0.158324390184221	0	0	-0.472817800889054	0.0952706781130586	1.15963715991393	0.139831807419842	0.104938271604938	FALSE	B_selective_metabolic_dependency	FALSE	0.144439289138061	0.289557425044409
MTRR	OXPHOS;vitamin B12	Tier 1;Tier 2	ENSG00000124275	162	-0.231801472981015	-0.22927637587213	0.298189076540792	0.151554986991787	0.0730309029119741	-1.05944649015051	0.548509885944989	1.6079563760955	0.157407407407407	0.179012345679012	85	-0.211991840333185	-0.192867487343594	0.135294117647059	0.164705882352941	59	-0.26158006931692	-0.26645228466786	0.169491525423729	0.203389830508475	11	-0.232318001566124	-0.33197912090782	0.272727272727273	0.272727272727273	4	-0.293052785191599	-0.262778307819625	0.25	0	3	-0.116824062757252	-0.108489370137095	0	0	-0.472817800889054	-0.057266155889325	0.494768872120455	0.153137580197197	0.104938271604938	FALSE	B_selective_metabolic_dependency	FALSE	0.144439289138061	0.289557425044409
COG2	glycolysis	Tier 2	ENSG00000135775	162	-0.342548446561442	-0.330765224538384	0.317918303579677	0.151192883991361	0.0718632824703926	-1.19893756218137	0.676367585115087	1.87530514729646	0.240740740740741	0.265432098765432	85	-0.351927406118054	-0.330698147974761	0.217647058823529	0.235294117647059	59	-0.349008747905978	-0.327733640922108	0.296610169491525	0.305084745762712	11	-0.313600427041134	-0.27912834523702	0.181818181818182	0.181818181818182	4	-0.189529727849824	-0.183475192154349	0	0	3	-0.828134336142681	-0.778008805578177	0.333333333333333	1	-0.472817800889054	0.135151190701012	2.13689347954904	0.12427552701327	0.104938271604938	FALSE	B_selective_metabolic_dependency	FALSE	0.144439289138061	0.289557425044409
IMMT	OXPHOS	Tier 2	ENSG00000132305	162	-0.265613317296136	-0.30027123544493	0.291773451663781	0.151135299988348	0.0782319102054788	-1.66194273581454	0.38298906683948	2.04493180265402	0.132716049382716	0.197530864197531	85	-0.283108949627646	-0.311381928497074	0.147058823529412	0.176470588235294	59	-0.267731271497793	-0.299736799968874	0.11864406779661	0.220338983050847	11	-0.354887114875455	-0.363364676443901	0.181818181818182	0.363636363636364	4	-0.251345334309735	-0.153311118875239	0	0	3	0.0367555929889804	0.039416964906678	0	0	-0.472817800889054	-1.45575170361119	4.76790215547562	0.288159021944465	0.104938271604938	FALSE	B_selective_metabolic_dependency	FALSE	0.144439289138061	0.289557425044409
NEK1	OXPHOS	Tier 1	ENSG00000137601	162	-0.138299341230854	-0.170474706767905	0.319416291585634	0.150358737323447	0.0910005660502499	-1.58727126052421	0.804018492645015	2.39128975316922	0.114197530864198	0.123456790123457	85	-0.117637940287279	-0.149787855091939	0.0823529411764706	0.105882352941176	59	-0.188736909288038	-0.187110292565853	0.177966101694915	0.169491525423729	11	-0.159457809827107	-0.188212730089069	0	0	4	-0.0304991162971582	-0.0221236590770865	0	0	3	-0.261991090329399	-0.562197628304114	0.333333333333333	0.333333333333333	-0.472817800889054	-0.682349396658194	3.19399745342505	0.158431001429342	0.104938271604938	FALSE	B_selective_metabolic_dependency	FALSE	0.144439289138061	0.289557425044409
SLC25A3	OXPHOS	Tier 2	ENSG00000075415	162	-0.658916111218576	-0.702398425596089	0.323588964792399	0.150158234546673	0.0756177534767278	-2.00984325937545	-0.080708253814458	1.92913500556099	0.737654320987654	0.845679012345679	85	-0.698444029000848	-0.761094251349381	0.711764705882353	0.882352941176471	59	-0.588615066433701	-0.638061590757579	0.76271186440678	0.745762711864407	11	-0.582076320281176	-0.631633899934807	0.818181818181818	1	4	-0.505530930701269	-0.54971562879943	1	1	3	-0.666553780495879	-0.767688104230441	0.333333333333333	1	-0.472817800889054	-1.07454841374264	2.96654665053127	0.238788675037079	0.104938271604938	TRUE	B_selective_metabolic_dependency	FALSE	0.144439289138061	0.289557425044409
OSBP	sphingolipid	Tier 1	ENSG00000110048	162	-0.293361723761691	-0.29115368398306	0.30524442589449	0.150054376995684	0.0632171920234854	-0.963106173183568	0.586980558065291	1.55008673124886	0.20679012345679	0.203703703703704	85	-0.242723491217258	-0.257449437535012	0.158823529411765	0.188235294117647	59	-0.319051019406839	-0.315746611818629	0.254237288135593	0.203389830508475	11	-0.319770944683301	-0.335930776472722	0.272727272727273	0.272727272727273	4	-0.388721856843696	-0.304898405160729	0.5	0	3	-0.573356470107788	-0.579937451879232	0	0.666666666666667	-0.472817800889054	0.189184731857255	0.910565437344787	0.148664873806699	0.104938271604938	FALSE	B_selective_metabolic_dependency	FALSE	0.144439289138061	0.289557425044409
DLST	OXPHOS;TCA;serine/glycine/one-carbon	Tier 1;Tier 2	ENSG00000119689	162	-0.34248946436985	-0.340536868794312	0.301289448196691	0.150047354104256	0.0804397350125217	-1.46722269629684	0.279660096249653	1.74688279254649	0.265432098765432	0.265432098765432	85	-0.381728818579464	-0.364680104951713	0.270588235294118	0.341176470588235	59	-0.282356899182884	-0.298710044287715	0.254237288135593	0.152542372881356	11	-0.312855082986384	-0.412157154631547	0.454545454545455	0.363636363636364	4	-0.178969099694056	-0.134597796874266	0	0	3	-0.378717612973395	-0.491050440787886	0	0.333333333333333	-0.472817800889054	-0.683693641966309	2.11962085351971	0.179473522152284	0.104938271604938	FALSE	B_selective_metabolic_dependency	FALSE	0.144439289138061	0.289557425044409
B3GALT4	sphingolipid	Tier 1	ENSG00000235863	162	-0.181850891364504	-0.118086481448129	0.290946668050173	0.149943185221757	0.129471007641471	-1.13027663770367	1.77670612416662	2.90698276187029	0.104938271604938	0.0864197530864198	85	-0.145970579704312	-0.115716030368865	0.105882352941176	0.0823529411764706	59	-0.193481631604087	-0.138873164388796	0.0847457627118644	0.0677966101694915	11	-0.126609419057344	-0.0167415261383439	0.272727272727273	0.181818181818182	4	0.0421459144683293	0.0471615137230941	0	0	3	-0.327698046524768	-0.368373327225016	0	0.333333333333333	-0.472817800889054	1.77164775961812	6.32701617810101	0.334207314910086	0.104938271604938	FALSE	B_selective_metabolic_dependency	FALSE	0.144439289138061	0.289557425044409
PKM	OXPHOS;glycolysis	Tier 1;Tier 2	ENSG00000067225	162	-0.412427068722226	-0.420887515126181	0.300929866338586	0.14984957323985	0.0752559349252678	-1.51102838173908	0.164071409750063	1.67509979148915	0.361111111111111	0.401234567901235	85	-0.439007113105472	-0.441228364705214	0.352941176470588	0.423529411764706	59	-0.369224003157725	-0.377287955331187	0.364406779661017	0.355932203389831	11	-0.489182375993452	-0.507286233435707	0.454545454545455	0.545454545454545	4	-0.426371442531978	-0.40373296910979	0.5	0.25	3	-0.363846788503941	-0.408098880575394	0	0.333333333333333	-0.472817800889054	-0.514742936945573	1.15106264862879	0.175499186751769	0.104938271604938	TRUE	B_selective_metabolic_dependency	FALSE	0.144439289138061	0.289557425044409
COX17	OXPHOS	Tier 1;Tier 2	ENSG00000138495	162	-0.302893803435249	-0.269671412717277	0.298556813773732	0.149473500976476	0.0896236369897421	-1.30731413509121	0.816200559100079	2.12351469419129	0.197530864197531	0.191358024691358	85	-0.297299706443408	-0.294574995851304	0.2	0.223529411764706	59	-0.316106534055494	-0.253678400173944	0.220338983050847	0.186440677966102	11	-0.305566889857373	-0.272767017204231	0.181818181818182	0.0909090909090909	4	-0.250298697612684	-0.239913612871332	0	0	3	-0.118907519959992	0.0930743460521374	0	0	-0.472817800889054	0.285010127549759	2.39743299008151	0.127893421954503	0.104938271604938	TRUE	B_selective_metabolic_dependency	FALSE	0.144439289138061	0.289557425044409
ARID2	arginine	Tier 2	ENSG00000189079	162	-0.218680917035474	-0.204682190775941	0.290931693792433	0.149274473092111	0.0919418193531857	-0.907716156888615	1.44715868551157	2.35487484240019	0.104938271604938	0.166666666666667	85	-0.21879113809041	-0.173753634156708	0.0588235294117647	0.176470588235294	59	-0.220561540190039	-0.228159473919899	0.135593220338983	0.152542372881356	11	-0.211080471392391	-0.28884930072969	0.181818181818182	0.181818181818182	4	-0.356194545790951	-0.314508497113745	0.5	0.25	3	-0.166789966205045	-0.1642235815422	0	0	-0.472817800889054	1.2052171236928	5.0799865608913	0.220222013381679	0.104938271604938	FALSE	B_selective_metabolic_dependency	FALSE	0.144439289138061	0.289557425044409
KDM1A	cholesterol/isoprenoid	Tier 2	ENSG00000004487	162	-0.294162531444809	-0.296674814702467	0.309634080899871	0.148947274584784	0.0719018378580219	-1.59535179744324	0.8883747131776	2.48372651062084	0.191358024691358	0.240740740740741	85	-0.347810468734658	-0.329150510106139	0.229411764705882	0.294117647058824	59	-0.267947966928838	-0.275488379451148	0.177966101694915	0.203389830508475	11	-0.189760967713237	-0.183105277708129	0	0.0909090909090909	4	-0.352935764109361	-0.353930671131401	0.25	0.25	3	-0.134419372648835	-0.133277165281726	0	0	-0.472817800889054	-0.399247292790154	5.19034485765091	0.103084514975692	0.104938271604938	FALSE	B_selective_metabolic_dependency	FALSE	0.144439289138061	0.289557425044409
H2AJ	arginine	Tier 2	ENSG00000246705	162	-0.238305802542825	-0.23790908784865	0.270871755047385	0.148757189273007	0.0923732740170686	-2.08238045914791	0.481988952117743	2.56436941126565	0.108024691358025	0.135802469135802	85	-0.225763736169204	-0.227500012703437	0.0941176470588235	0.105882352941176	59	-0.245765397846027	-0.259892735389975	0.127118644067797	0.169491525423729	11	-0.0808066342458836	-0.176134716051452	0.181818181818182	0.181818181818182	4	-0.24569890463224	-0.156964660292878	0	0	3	-0.454275260470744	-0.434919748647717	0	0.333333333333333	-0.472817800889054	-1.58010574989053	8.48109847125587	0.24052671859325	0.104938271604938	FALSE	B_selective_metabolic_dependency	FALSE	0.144439289138061	0.289557425044409
MTMR1	riboflavin	Tier 1	ENSG00000063601	162	-0.150847615459181	-0.164940274051634	0.289185061691294	0.148731177452872	0.0876753725911012	-1.20172443780708	0.757078461244702	1.95880289905178	0.114197530864198	0.117283950617284	85	-0.10164154287933	-0.101886816034034	0.0470588235294118	0.105882352941176	59	-0.187311319378662	-0.234585162356621	0.177966101694915	0.11864406779661	11	-0.208856571901504	-0.279465682793532	0.272727272727273	0.181818181818182	4	-0.21508596973857	-0.199335132097438	0.25	0	3	-0.102973703115766	-0.115985805104232	0	0.333333333333333	-0.472817800889054	-0.00223235715118507	1.57075179430369	0.131105664859096	0.104938271604938	FALSE	B_selective_metabolic_dependency	FALSE	0.144439289138061	0.289557425044409
NDUFB2	OXPHOS	Tier 1;Tier 2	ENSG00000090266	162	-0.268302676785272	-0.290987517890361	0.298086423009854	0.148666336678997	0.0791540251989969	-1.30224180814087	0.776401302061754	2.07864311020262	0.194444444444444	0.222222222222222	85	-0.343192391489831	-0.327435976245366	0.211764705882353	0.305882352941177	59	-0.247028546452948	-0.255939051853428	0.14406779661017	0.135593220338983	11	-0.222229707239867	-0.177423261181205	0.181818181818182	0.0909090909090909	4	-0.26936279846904	-0.254537879251396	0.5	0	3	-0.179121699158756	-0.412569489343739	0.333333333333333	0.333333333333333	-0.472817800889054	-0.267352820249224	2.34666732564887	0.127505406148093	0.104938271604938	FALSE	B_selective_metabolic_dependency	FALSE	0.144439289138061	0.289557425044409
ISCA1	OXPHOS;TCA;iron	Tier 1;Tier 2	ENSG00000135070	162	-0.303686013691725	-0.349556973271673	0.292930153056341	0.14851492427206	0.0640160191041036	-1.11626789770033	0.279867440637501	1.39613533833784	0.219135802469136	0.277777777777778	85	-0.326376781231779	-0.373213232741805	0.223529411764706	0.317647058823529	59	-0.328013106116562	-0.345432860414795	0.26271186440678	0.288135593220339	11	-0.281412756810904	-0.277055066211573	0.0909090909090909	0.0909090909090909	4	-0.219270810881758	-0.220462579576357	0	0	3	-0.195293282175404	-0.198370025283999	0	0	-0.472817800889054	-0.496344562358998	0.352803565314454	0.194454015447132	0.104938271604938	FALSE	B_selective_metabolic_dependency	FALSE	0.144439289138061	0.289557425044409
NDUFA2	OXPHOS	Tier 1;Tier 2	ENSG00000131495	162	-0.328287128465459	-0.311169549850759	0.294160337015309	0.148148785631915	0.0681536368859003	-1.03148025064612	0.856443988434826	1.88792423908095	0.20679012345679	0.271604938271605	85	-0.40212214554393	-0.362029370434176	0.276470588235294	0.4	59	-0.249313554799409	-0.270124501386507	0.11864406779661	0.152542372881356	11	-0.206591401229119	-0.203981599747119	0.0909090909090909	0.0909090909090909	4	-0.321037602788482	-0.317931546030402	0.5	0	3	-0.133351212363174	-0.0613670752580309	0	0	-0.472817800889054	0.729697334001757	2.43257121250271	0.180516589000354	0.104938271604938	FALSE	B_selective_metabolic_dependency	FALSE	0.144439289138061	0.289557425044409
CAND1	iron	Tier 1	ENSG00000111530	162	-0.234157837297845	-0.246270940745588	0.288276632521573	0.14807090418351	0.0907869647207224	-1.52581693237374	0.825722984058671	2.35153991643241	0.166666666666667	0.179012345679012	85	-0.241638820880987	-0.229232598952439	0.152941176470588	0.176470588235294	59	-0.21540141221466	-0.233143754105397	0.152542372881356	0.152542372881356	11	-0.31102519408948	-0.355178942202197	0.272727272727273	0.272727272727273	4	-0.295418964187732	-0.421031939252993	0.5	0.25	3	-0.294605281769569	-0.354847958791099	0	0.333333333333333	-0.472817800889054	-0.113011369323554	2.75171226047268	0.114977483438949	0.104938271604938	FALSE	B_selective_metabolic_dependency	FALSE	0.144439289138061	0.289557425044409
PRKD2	sphingolipid	Tier 1	ENSG00000105287	162	-0.247275355521062	-0.247789307152782	0.280160658453387	0.147344274265391	0.0657176017672346	-1.1286845824327	0.589704704736746	1.71838928716944	0.101851851851852	0.160493827160494	85	-0.241044648972767	-0.241528169452329	0.0882352941176471	0.152941176470588	59	-0.251705006965546	-0.257138804725556	0.11864406779661	0.186440677966102	11	-0.212846821050587	-0.203051095048754	0	0	4	-0.392807726674016	-0.373834030851486	0.5	0.25	3	-0.176854611358891	-0.237295235850901	0	0.333333333333333	-0.472817800889054	0.258828499037688	1.72014000662022	0.13720087001993	0.104938271604938	FALSE	B_selective_metabolic_dependency	FALSE	0.144439289138061	0.289557425044409
COX18	OXPHOS	Tier 1	ENSG00000163626	162	-0.329396390156944	-0.324471415646272	0.293731387680086	0.147147575362213	0.0648456129516595	-1.12802476489471	0.553934045430988	1.6819588103257	0.283950617283951	0.246913580246914	85	-0.362041755564162	-0.373796357990687	0.3	0.317647058823529	59	-0.267219482588254	-0.267053817083623	0.26271186440678	0.186440677966102	11	-0.325169738420246	-0.306447240531929	0.272727272727273	0.0909090909090909	4	-0.215737832270782	-0.230947667065783	0.5	0	3	-0.375724357969434	-0.246931127813192	0	0.333333333333333	-0.472817800889054	-0.0738225543124193	1.00032421956096	0.142474596489034	0.104938271604938	FALSE	B_selective_metabolic_dependency	FALSE	0.144439289138061	0.289557425044409
NDUFB3	OXPHOS	Tier 1;Tier 2	ENSG00000119013	162	-0.489230346056524	-0.495050246033929	0.298379240757897	0.147015531496232	0.0754484689921286	-1.39141736753008	0.511107033618303	1.90252440114838	0.466049382716049	0.524691358024691	85	-0.513442751684338	-0.537407316073215	0.458823529411765	0.588235294117647	59	-0.488970075771785	-0.474539834249684	0.5	0.525423728813559	11	-0.358079889802736	-0.423089791164379	0.454545454545455	0.363636363636364	4	-0.341244067336637	-0.365181188817275	0.5	0	3	-0.377928440424458	-0.135318437488199	0	0	-0.472817800889054	-0.047472709793286	2.12403347948866	0.122513586633077	0.104938271604938	TRUE	B_selective_metabolic_dependency	FALSE	0.144439289138061	0.289557425044409
NDUFC1	OXPHOS	Tier 1;Tier 2	ENSG00000109390	162	-0.302763651075288	-0.302521696558572	0.284888360976727	0.145448729450892	0.050208016348711	-0.824659816691385	0.588450976630498	1.41311079332188	0.237654320987654	0.240740740740741	85	-0.37627867224942	-0.350144207725495	0.288235294117647	0.294117647058824	59	-0.260059057426021	-0.27566244033451	0.186440677966102	0.203389830508475	11	-0.0909145985362556	-0.126389271511111	0.272727272727273	0.0909090909090909	4	-0.162255482127821	-0.157329859391528	0	0	3	-0.38868070880436	-0.32085726063238	0	0.333333333333333	-0.472817800889054	0.297673912958047	0.637583617736045	0.162617285452815	0.104938271604938	FALSE	B_selective_metabolic_dependency	FALSE	0.144439289138061	0.289557425044409
MRPS22	OXPHOS	Tier 2	ENSG00000175110	162	-0.376872895945128	-0.401526333280888	0.300415699588232	0.145214727097254	0.0680877454020625	-1.46955842212552	0.556090243075237	2.02564866520076	0.327160493827161	0.327160493827161	85	-0.405539282077429	-0.458743340377487	0.376470588235294	0.435294117647059	59	-0.344225327476009	-0.36945600097938	0.322033898305085	0.254237288135593	11	-0.190598310251884	-0.184228598240369	0	0	4	-0.391842282198851	-0.40112552216345	0.5	0.25	3	-0.388533244143544	-0.208387110778773	0	0	-0.472817800889054	-0.601580814343689	2.98914316923999	0.150554921630717	0.104938271604938	FALSE	B_selective_metabolic_dependency	FALSE	0.144439289138061	0.289557425044409
ATP5PF	OXPHOS	Tier 1;Tier 2	ENSG00000154723	162	-0.226455001725043	-0.263696573368913	0.282263158593049	0.144981091014607	0.0860247882787216	-1.8890612459873	0.343401645007554	2.23246289099485	0.123456790123457	0.166666666666667	85	-0.22173470692255	-0.273100957793513	0.123529411764706	0.188235294117647	59	-0.234411827884389	-0.27409223625228	0.127118644067797	0.169491525423729	11	-0.157270419086197	-0.141874955108601	0.0909090909090909	0	4	-0.151101979996902	-0.157302280589783	0.25	0	3	-0.259154913950264	-0.381329301958988	0	0.333333333333333	-0.472817800889054	-1.66140212399952	6.15890021444988	0.307823624907948	0.104938271604938	FALSE	B_selective_metabolic_dependency	FALSE	0.144439289138061	0.289557425044409
MRPS15	OXPHOS	Tier 2	ENSG00000116898	162	-0.44537516254543	-0.465517962550612	0.295534852673516	0.144873181640695	0.0649140078935226	-1.26784484333457	0.353747436953997	1.62159228028857	0.410493827160494	0.444444444444444	85	-0.507659799978768	-0.520587383056204	0.411764705882353	0.564705882352941	59	-0.389031924335559	-0.432597961146878	0.432203389830509	0.355932203389831	11	-0.258696974235691	-0.258124170553567	0.272727272727273	0.181818181818182	4	-0.455791489709663	-0.439821532758595	0.75	0.25	3	-0.327098341486295	-0.3473502195441	0	0	-0.472817800889054	-0.176125905743253	0.875330684828697	0.148732334627328	0.104938271604938	FALSE	B_selective_metabolic_dependency	FALSE	0.144439289138061	0.289557425044409
TOMM70	OXPHOS	Tier 2	ENSG00000154174	162	-0.3262258674633	-0.343947560686108	0.295112188131247	0.144442921924726	0.0796319918909087	-1.42313472330092	0.276638688115129	1.69977341141605	0.253086419753086	0.234567901234568	85	-0.348124193902679	-0.372813568866757	0.288235294117647	0.282352941176471	59	-0.299709524066137	-0.3214101213211	0.228813559322034	0.186440677966102	11	-0.170146925480857	-0.272423684100179	0.272727272727273	0.181818181818182	4	-0.24178720519431	-0.251981949480374	0	0	3	-0.361968003227764	-0.354188665502268	0	0.333333333333333	-0.472817800889054	-0.719778974430215	1.17118323188059	0.210030677870733	0.104938271604938	FALSE	B_selective_metabolic_dependency	FALSE	0.144439289138061	0.289557425044409
LYRM4	OXPHOS;TCA;iron	Tier 1;Tier 2	ENSG00000214113	162	-0.610375532920236	-0.663063124107468	0.310521487781856	0.144190580120394	0.100076143341151	-2.02219385907219	0.489038215573016	2.51123207464521	0.66358024691358	0.777777777777778	85	-0.619936453124815	-0.656385212727754	0.588235294117647	0.764705882352941	59	-0.586378387508841	-0.60933733803616	0.686440677966102	0.745762711864407	11	-0.689404972137876	-0.903689071417167	0.909090909090909	0.909090909090909	4	-0.635533755637905	-0.636019754733806	1	1	3	-1.30765621047127	-1.06264042496443	1	1	-0.472817800889054	-0.883167444773185	3.5256607556913	0.185755968736198	0.104938271604938	TRUE	B_selective_metabolic_dependency	FALSE	0.144439289138061	0.289557425044409
NDUFA6	OXPHOS	Tier 1;Tier 2	ENSG00000184983	162	-0.287928195145617	-0.30357734532998	0.310229732627724	0.142433564028698	0.0688837180914672	-1.02941522062116	0.736349500584455	1.76576472120561	0.231481481481482	0.228395061728395	85	-0.387404807651751	-0.382546114284237	0.3	0.341176470588235	59	-0.208645161833638	-0.246993170013713	0.152542372881356	0.11864406779661	11	-0.0948591845813284	-0.157886595782517	0.181818181818182	0.0909090909090909	4	-0.305062773070247	-0.285421713073512	0.25	0	3	0.280618671851761	0.262642069138074	0	0	-0.472817800889054	0.313171628324616	1.70679325837917	0.141440632875861	0.104938271604938	FALSE	B_selective_metabolic_dependency	FALSE	0.144439289138061	0.289557425044409
SMARCD1	arginine	Tier 2	ENSG00000066117	162	-0.255547792421175	-0.273740116259884	0.305579366116814	0.141866622409711	0.0687210672261098	-0.989226722431971	0.542985477055063	1.53221219948703	0.175925925925926	0.191358024691358	85	-0.304061654948519	-0.297426385076583	0.211764705882353	0.247058823529412	59	-0.24841319299586	-0.232693781197418	0.0932203389830508	0.101694915254237	11	-0.213762862887496	-0.276218751379294	0.272727272727273	0.181818181818182	4	-0.308884842680556	-0.30498496826868	0.5	0.25	3	-0.226905931235992	-0.359125624565687	0	0.333333333333333	-0.472817800889054	-0.0641820205561808	0.408401790047125	0.155313248633461	0.104938271604938	FALSE	B_selective_metabolic_dependency	FALSE	0.144439289138061	0.289557425044409
CIAO1	iron	Tier 1	ENSG00000144021	162	-0.303576541641841	-0.348050856074102	0.293106137059909	0.138016241412764	0.0582858037190924	-1.05295375689275	0.219939537637296	1.27289329453004	0.203703703703704	0.271604938271605	85	-0.373081567566152	-0.388305207596529	0.252941176470588	0.352941176470588	59	-0.274175228663308	-0.28984477878985	0.110169491525424	0.152542372881356	11	-0.296747574777906	-0.415327257612356	0.363636363636364	0.363636363636364	4	-0.162117924928824	-0.166763432703579	0.25	0	3	-0.176045167814564	-0.347266841716029	0	0.333333333333333	-0.472817800889054	-0.607963403233008	0.127566169155721	0.221467617463206	0.104938271604938	TRUE	B_selective_metabolic_dependency	FALSE	0.144439289138061	0.289557425044409
TIMMDC1	OXPHOS	Tier 1	ENSG00000113845	162	-0.215926350614537	-0.250184940594191	0.307798256758997	0.135880693283663	0.0774022896068564	-1.64749931738789	0.56337805443112	2.21087737181902	0.111111111111111	0.148148148148148	85	-0.308822691939993	-0.324979736900896	0.152941176470588	0.235294117647059	59	-0.16428373797242	-0.177242143158592	0.0677966101694915	0.0508474576271187	11	-0.110008381038547	-0.115313285275929	0	0	4	-0.133707579061546	-0.126436189814273	0.25	0	3	-0.0825743291320828	-0.225068465344508	0	0.333333333333333	-0.472817800889054	-1.19960343511911	4.85691190367608	0.223486374066075	0.104938271604938	FALSE	B_selective_metabolic_dependency	FALSE	0.144439289138061	0.289557425044409
RHOT1	OXPHOS	Tier 2	ENSG00000126858	162	-0.14445869491221	-0.17411689026892	0.416170220395363	0.204149011156961	0.090487021825144	-1.00083772696184	0.509153832774614	1.50999155973645	0.0802469135802469	0.154320987654321	85	-0.122052333368397	-0.164349675657227	0.0705882352941176	0.176470588235294	59	-0.204206096156545	-0.204315620285527	0.0677966101694915	0.101694915254237	11	0.0254010585251343	-0.160606928302698	0.272727272727273	0.363636363636364	4	-0.181049266416371	-0.180779782366698	0	0	3	0.0681103821443672	0.102401048313909	0	0	-0.472817800889054	-0.451486857253414	-0.0161282350989476	0.199291740065528	0.104938271604938	FALSE	C_weak_or_non_dependent	FALSE	0.144439289138061	0.289557425044409
TAS2R43	glutamine/glutamate	Tier 1	ENSG00000255374	162	0.089435011174893	0.100928980953125	0.397073236531068	0.196905370264226	0.101472822724814	-1.05016290734818	0.951713552394405	2.00187645974259	0.0185185185185185	0.0432098765432099	85	0.158210599397313	0.130188863919546	0.0235294117647059	0.0352941176470588	59	0.0450391320489479	0.0601857859234011	0.0169491525423729	0.0508474576271187	11	0.0561775686019388	0.0788860749584592	0	0	4	0.190491192033635	0.173205421376041	0	0	3	0.462053094443399	0.0576372005723153	0	0.333333333333333	-0.472817800889054	-0.513789053236781	1.13945083890728	0.175646037490547	0.104938271604938	FALSE	C_weak_or_non_dependent	FALSE	0.144439289138061	0.289557425044409
MTF1	cholesterol/isoprenoid	Tier 2	ENSG00000188786	162	0.147219365312135	0.234112766261049	0.418533304836406	0.186732518065581	0.133468794372947	-0.532755466281418	1.69680444815712	2.22955991443854	0.00617283950617284	0.00617283950617284	85	0.15278799088981	0.253901296192851	0	0.0117647058823529	59	0.0950059580096651	0.192143079116416	0.0169491525423729	0	11	0.262425241871409	0.260337016773885	0	0	4	0.20458196041244	0.185480087129282	0	0	3	0.550907564572662	0.467529585666428	0	0	-0.472817800889054	0.94955757278762	1.43169251910025	0.253946901023051	0.104938271604938	FALSE	C_weak_or_non_dependent	FALSE	0.144439289138061	0.289557425044409
AGL	glycolysis	Tier 2	ENSG00000162688	162	-0.0108765624107752	-0.0436077959357478	0.324742240891631	0.181954471744758	0.0886796703802609	-1.26624318422306	0.717517296951504	1.98376048117456	0.0308641975308642	0.0617283950617284	85	-0.0701815028821533	-0.0748738623387969	0.0352941176470588	0.0823529411764706	59	0.0435456627865991	0.0332071032221662	0	0.0169491525423729	11	-0.0878592037694019	-0.203022555978174	0.181818181818182	0.181818181818182	4	-0.112193684270484	-0.0950904771262231	0	0	3	-0.105467436900467	-0.0152645695454692	0	0	-0.472817800889054	-0.866453295155667	2.56650780431166	0.203026176236386	0.104938271604938	FALSE	C_weak_or_non_dependent	FALSE	0.144439289138061	0.289557425044409
DDO	glutamine/glutamate;serine/glycine/one-carbon	Tier 1	ENSG00000203797	162	0.0688622034928711	0.0514111775271469	0.362605694033265	0.181948183873366	0.0691773972100518	-0.896516214114394	0.748540023842007	1.6450562379564	0.00617283950617284	0.0308641975308642	85	0.077637035624384	0.0600021192435141	0	0.0352941176470588	59	0.0431545793078866	0.0211415526327891	0.0169491525423729	0.0338983050847458	11	0.205295502072804	0.194826332943461	0	0	4	-0.0777362569999464	-0.0577700592377165	0	0	3	0.0618451812044271	0.0230231976457796	0	0	-0.472817800889054	-0.430993988089158	1.03222541040186	0.167268255725127	0.104938271604938	FALSE	C_weak_or_non_dependent	FALSE	0.144439289138061	0.289557425044409
ARV1	cholesterol/isoprenoid	Tier 1	ENSG00000173409	162	0.00410884956076601	0.0188504765990801	0.347104514145861	0.180493587215639	0.0886859422812987	-0.869586318347657	1.20194596772916	2.07153228607682	0.0123456790123457	0.0432098765432099	85	0.0235992154942627	0.0642507673860418	0.0117647058823529	0.0352941176470588	59	-0.00903263787722063	-0.0206600627006325	0	0.0338983050847458	11	-0.0160179821978796	-0.120440769504645	0.0909090909090909	0.181818181818182	4	-0.0477771008828257	0.00967816544313658	0	0	3	0.126819050286545	0.0325138277844334	0	0	-0.472817800889054	0.36985128166026	2.34070571395502	0.135373598932456	0.104938271604938	FALSE	C_weak_or_non_dependent	FALSE	0.144439289138061	0.289557425044409
NAGS	arginine	Tier 1	ENSG00000161653	162	-0.068829914069819	-0.0657507463542307	0.351251129158241	0.177523754023023	0.0821352398385615	-1.03953440849697	1.14384853948626	2.18338294798323	0.0246913580246914	0.0740740740740741	85	-0.110392464935601	-0.0846389981715141	0.0117647058823529	0.0941176470588235	59	-0.0380739404419926	-0.0307933474257058	0.0169491525423729	0.0338983050847458	11	-0.0142539966910055	-0.0213289368385119	0	0	4	-0.226812963127686	-0.169248895121322	0.5	0.25	3	-0.0888066869755409	-0.242961560327036	0	0.333333333333333	-0.472817800889054	0.168623019373429	1.6751508108848	0.133012245282856	0.104938271604938	FALSE	C_weak_or_non_dependent	FALSE	0.144439289138061	0.289557425044409
ARSK	sphingolipid	Tier 1	ENSG00000164291	162	-0.0236621961568865	-0.0656721583014242	0.384620315938006	0.177271760733192	0.107132895543082	-1.55049936217979	0.744463754026108	2.2949631162059	0.0648148148148148	0.123456790123457	85	-0.0232862583467667	-0.0504154906793732	0.0764705882352941	0.129411764705882	59	-0.0876548069424297	-0.112510323206598	0.0508474576271187	0.135593220338983	11	0.114474106613982	0.0486080449482	0.0909090909090909	0.0909090909090909	4	-0.0180190597349081	0.001931354470429	0	0	3	-0.169596741822158	-0.0859592600688707	0	0	-0.472817800889054	-0.72299697363389	2.01114905514058	0.188739342814788	0.104938271604938	FALSE	C_weak_or_non_dependent	FALSE	0.144439289138061	0.289557425044409
PHYH	OXPHOS	Tier 2	ENSG00000107537	162	-0.103482374799053	-0.0980828707309464	0.329884127073467	0.172661693236723	0.0756729738851366	-0.78486259522374	1.051160600439	1.83602319566274	0.0493827160493827	0.0802469135802469	85	-0.141981597021687	-0.124138829821579	0.0588235294117647	0.105882352941176	59	-0.0508168513512525	-0.0690694212633576	0.0508474576271187	0.0677966101694915	11	-0.117524152374396	-0.0657098571751322	0	0	4	-0.143331260291506	-0.149774668300807	0	0	3	-0.103761638486469	0.0197928110295468	0	0	-0.472817800889054	0.515190779440596	1.17425622154734	0.175000055771158	0.104938271604938	FALSE	C_weak_or_non_dependent	FALSE	0.144439289138061	0.289557425044409
BHMT	methionine;serine/glycine/one-carbon	Tier 1	ENSG00000145692	162	-0.0935263776097972	-0.091449704081746	0.333679784190564	0.171052285703776	0.0815979633990248	-1.41797535545451	0.638128333928645	2.05610368938316	0.0123456790123457	0.0555555555555556	85	-0.0658176728626009	-0.0744180662452212	0.0117647058823529	0.0941176470588235	59	-0.103981322284847	-0.108063718660428	0.0169491525423729	0.0169491525423729	11	-0.104476670320426	-0.116847691511117	0	0	4	-0.00661188923702272	-0.034969372466041	0	0	3	-0.359497913842406	-0.22945164431577	0	0	-0.472817800889054	-1.14628779524356	4.16493081084943	0.226379805759917	0.104938271604938	FALSE	C_weak_or_non_dependent	FALSE	0.144439289138061	0.289557425044409
ATP5MJ	OXPHOS	Tier 1	ENSG00000156411	162	0.0474719362872353	0.00714391097761924	0.346340083584746	0.167709951976605	0.097008240181769	-1.4722495389539	0.696489435613731	2.16873897456763	0.0277777777777778	0.0802469135802469	85	0.0619658646655758	-0.0115212479913277	0.0411764705882353	0.105882352941176	59	0.0456200353812873	0.0326473481119569	0.0169491525423729	0.0677966101694915	11	0.0140247021675469	-0.000553524539831197	0	0	4	0.0474719362872353	-0.00469289565586717	0	0	3	0.0617468784580841	0.0784288238644416	0	0	-0.472817800889054	-0.945157909124956	2.50421062917893	0.221158560866737	0.104938271604938	FALSE	C_weak_or_non_dependent	FALSE	0.144439289138061	0.289557425044409
ATXN2	cholesterol/isoprenoid	Tier 2	ENSG00000204842	162	-0.0442078673042165	-0.0442086634830242	0.33291293853665	0.16767389935901	0.0641279547978903	-1.19085021579019	0.762138347208624	1.95298856299882	0.00617283950617284	0.037037037037037	85	0.0179510473374459	-0.0358611832000288	0	0.0470588235294118	59	-0.110793842758844	-0.0749143554837997	0	0.0169491525423729	11	0.126718566369174	0.130490924642191	0	0	4	0.0224402113145837	0.0217452200979664	0	0	3	-0.439314861239057	-0.405345663386419	0.333333333333333	0.333333333333333	-0.472817800889054	-0.353676918471455	2.11929275722629	0.137608289320563	0.104938271604938	FALSE	C_weak_or_non_dependent	FALSE	0.144439289138061	0.289557425044409
MTMR6	riboflavin	Tier 1	ENSG00000139505	162	-0.198304857266309	-0.180521269891983	0.32977670248027	0.167523532087105	0.0777043548719978	-0.958883942624222	0.684732377515857	1.64361632014008	0.0925925925925926	0.123456790123457	85	-0.148093578820214	-0.127891072783099	0.0470588235294118	0.0941176470588235	59	-0.242965559404474	-0.249500126917129	0.135593220338983	0.152542372881356	11	-0.131964483948588	-0.230435542209542	0.181818181818182	0.272727272727273	4	-0.201869596390167	-0.191323013370843	0.25	0	3	-0.377580068108526	-0.117704676679643	0	0	-0.472817800889054	0.135598232803112	0.65786917367779	0.151667748666225	0.104938271604938	FALSE	C_weak_or_non_dependent	FALSE	0.144439289138061	0.289557425044409
SMARCE1	arginine	Tier 2	ENSG00000073584	162	0.0286862620903604	-0.00920100938656405	0.341597605040282	0.167485974228334	0.0886550322800354	-1.66463310409411	0.584463586053602	2.24909669014771	0.0154320987654321	0.0617283950617284	85	-0.00145626583204078	-0.0655443610379239	0.0294117647058824	0.105882352941176	59	0.0804932536142188	0.0762772103192656	0	0	11	0.182626125281334	0.069693830757008	0	0	4	-0.0339179437559833	-0.0261724728662988	0	0	3	-0.133165598859554	-0.360530162699469	0	0.333333333333333	-0.472817800889054	-1.48690119182659	5.54931549926594	0.276655597397225	0.104938271604938	TRUE	C_weak_or_non_dependent	FALSE	0.144439289138061	0.289557425044409
PPFIA1	glutamine/glutamate	Tier 1	ENSG00000131626	162	-0.0102946964878993	-0.0524450401230431	0.323157615242528	0.167334065580922	0.0698988305619475	-1.06959797245171	0.607526171168028	1.67712414361974	0.0123456790123457	0.0679012345679012	85	0.00461345413781497	-0.0781085623776029	0.0117647058823529	0.0941176470588235	59	-0.0348584857465467	-0.0205356833065642	0.0169491525423729	0.0338983050847458	11	0.0296034140361553	-0.0647218625986919	0	0.0909090909090909	4	0.11637007642638	0.0860418105453869	0	0	3	-0.224946037513989	-0.0924967121151283	0	0	-0.472817800889054	-0.484814355059811	0.941182809365587	0.176487826827609	0.104938271604938	FALSE	C_weak_or_non_dependent	FALSE	0.144439289138061	0.289557425044409
GNB4	glutamine/glutamate	Tier 1	ENSG00000114450	162	0.013778229539055	-0.0163564444405727	0.340995005712501	0.1670127346733	0.0721028073412691	-0.861124002114522	0.497328079359966	1.35845208147449	0.0216049382716049	0.0555555555555556	85	-0.0225734638439837	-0.0577629397419814	0.0411764705882353	0.0823529411764706	59	0.0629724266415283	0.0360449895675753	0	0.0338983050847458	11	0.00312786764730242	0.0679563642521659	0	0	4	0.00175884460789233	-0.0621137842187013	0	0	3	-0.270207952081099	-0.121871125230106	0	0	-0.472817800889054	-0.660340482303724	0.45518603816696	0.220526704420023	0.104938271604938	FALSE	C_weak_or_non_dependent	FALSE	0.144439289138061	0.289557425044409
DHCR7	cholesterol/isoprenoid	Tier 1;Tier 2	ENSG00000172893	162	-0.147121073555793	-0.144055710279546	0.306854215285017	0.166870954191388	0.0804217510336233	-1.2084327451411	1.11355036214103	2.32198310728213	0.0555555555555556	0.0987654320987654	85	-0.108839075091767	-0.105587135927857	0.0588235294117647	0.0823529411764706	59	-0.176427144456948	-0.208255339782228	0.0677966101694915	0.135593220338983	11	-0.0988724960236411	-0.107796682585541	0	0.0909090909090909	4	-0.00466778320729014	-0.0545889923327739	0	0	3	-0.206449573437312	-0.223644662165064	0	0	-0.472817800889054	-0.260645520468745	3.16667527063442	0.115785549614637	0.104938271604938	FALSE	C_weak_or_non_dependent	FALSE	0.144439289138061	0.289557425044409
ATP6V0D2	OXPHOS;iron	Tier 1	ENSG00000147614	162	0.176367437775919	0.170973737705528	0.330665407274395	0.166253948353544	0.0744690964471944	-0.977826274449166	0.784228869239912	1.76205514368908	0	0.0185185185185185	85	0.130433690386666	0.123305837922369	0	0.0235294117647059	59	0.268732766318594	0.247145807184606	0	0	11	0.240270851462616	0.232503454545792	0	0	4	0.151243268178371	0.164551641417444	0	0	3	-0.281427418870999	-0.193532634890341	0	0.333333333333333	-0.472817800889054	-0.615972748048445	1.52859124685687	0.181854385751225	0.104938271604938	FALSE	C_weak_or_non_dependent	FALSE	0.144439289138061	0.289557425044409
ST3GAL6	sphingolipid	Tier 1	ENSG00000064225	162	0.0173661702623645	-0.00273461674193141	0.33609290136523	0.16590147561711	0.103911802223641	-1.23824225177424	0.816273272186442	2.05451552396068	0.037037037037037	0.0864197530864198	85	0.0460646690969046	-0.00939543450522351	0.0588235294117647	0.129411764705882	59	-0.0451658389465367	-0.0219641333621027	0.0169491525423729	0.0338983050847458	11	0.108142240245147	0.0763306325751291	0	0	4	0.103282544388935	0.158619001580264	0	0	3	0.14157052449422	0.0591249748225646	0	0.333333333333333	-0.472817800889054	-0.590999791894915	1.40400691176542	0.18085107026052	0.104938271604938	FALSE	C_weak_or_non_dependent	FALSE	0.144439289138061	0.289557425044409
MAOB	OXPHOS;arginine;serine/glycine/one-carbon;tryptophan	Tier 1;Tier 2	ENSG00000069535	162	0.0383200131918793	0.0361096047835071	0.327978846755566	0.165776672983764	0.0713767803577026	-1.25527654765768	0.701011970825328	1.956288518483	0.00617283950617284	0.0308641975308642	85	-0.0308512455757557	0.0204863613951479	0	0.0235294117647059	59	0.0665459237276654	0.0608246220163807	0.0169491525423729	0.0338983050847458	11	0.0910109917083483	0.0872055443099362	0	0	4	0.0371649088983522	0.0174894559714146	0	0	3	0.0111518119961036	-0.169818751306945	0	0.333333333333333	-0.472817800889054	-0.866756352878964	2.91438426278585	0.195211892813329	0.104938271604938	FALSE	C_weak_or_non_dependent	FALSE	0.144439289138061	0.289557425044409
ACAD8	BCAA	Tier 1	ENSG00000151498	162	0.00729855845179963	0.0134184867648937	0.321634401884763	0.165255742863255	0.0822205139773228	-1.06378883972449	0.900800993067113	1.96458983279161	0.0123456790123457	0.0493827160493827	85	-0.0466453111660181	-0.0277781524039606	0.0235294117647059	0.0705882352941176	59	0.0291393377464921	0.0505276640376901	0	0.0169491525423729	11	0.00825277106539073	0.0291667321558732	0	0.0909090909090909	4	0.0813505246486304	0.11973524381772	0	0	3	0.0451041786885303	0.251343534346743	0	0	-0.472817800889054	-0.208214144268338	1.39577543594569	0.14000047381503	0.104938271604938	FALSE	C_weak_or_non_dependent	FALSE	0.144439289138061	0.289557425044409
NIT2	glutamine/glutamate	Tier 1	ENSG00000114021	162	-0.203246920118953	-0.220852987158182	0.324729496405317	0.164969803171397	0.0805681906777935	-1.02005086738405	0.581458231823901	1.60150909920795	0.0864197530864198	0.154320987654321	85	-0.206133441585028	-0.23020439187559	0.0941176470588235	0.176470588235294	59	-0.257801795311029	-0.249300423724694	0.101694915254237	0.135593220338983	11	-0.11562137291471	-0.0980429326977763	0	0.0909090909090909	4	-0.178836247880869	-0.16381661855158	0	0	3	0.282494991754903	0.0772177078128306	0	0.333333333333333	-0.472817800889054	-0.0465026857964731	0.525390481027894	0.152255457292595	0.104938271604938	FALSE	C_weak_or_non_dependent	FALSE	0.144439289138061	0.289557425044409
PHPT1	riboflavin	Tier 1	ENSG00000054148	162	-0.148610354021332	-0.162015213586151	0.317569128749436	0.164713692934103	0.05880501569826	-0.847708317174383	0.722383454361515	1.5700917715359	0.0833333333333333	0.0740740740740741	85	-0.164375636319782	-0.155973184708369	0.0647058823529412	0.0705882352941176	59	-0.142365902338515	-0.165662232668692	0.0847457627118644	0.0508474576271187	11	-0.142133692127413	-0.158747363478369	0	0.0909090909090909	4	-0.227443611286235	-0.219173619147491	0.5	0.25	3	-0.443673316375936	-0.197252232813416	0.333333333333333	0.333333333333333	-0.472817800889054	0.40156321949946	1.49502446398946	0.153772782390694	0.104938271604938	FALSE	C_weak_or_non_dependent	FALSE	0.144439289138061	0.289557425044409
MAT2B	methionine	Tier 1	ENSG00000038274	162	-0.027637825541828	-0.00858443876395076	0.318673312706208	0.163301904746456	0.0726237522094252	-0.726161762364553	1.00589504595568	1.73205680832023	0.00617283950617284	0.037037037037037	85	-0.0166580910350338	0.0138023375233709	0	0.0235294117647059	59	-0.0395818592102979	-0.0413838455037623	0.0169491525423729	0.0677966101694915	11	-0.0234106714840436	-0.0088971678276937	0	0	4	0.000325494668812321	0.0567530545943123	0	0	3	0.0473299913040471	-0.0837914189323971	0	0	-0.472817800889054	0.318940408961543	1.24339711734556	0.150918500413383	0.104938271604938	FALSE	C_weak_or_non_dependent	FALSE	0.144439289138061	0.289557425044409
ALDOC	PPP;cholesterol/isoprenoid;glycolysis	Tier 1;Tier 2	ENSG00000109107	162	-0.16670624629525	-0.188896753613382	0.329148206705332	0.162846887113742	0.0780637700122447	-1.74947439817689	0.738441884114498	2.48791628229139	0.0679012345679012	0.0987654320987654	85	-0.161093618143795	-0.164375231216102	0.0470588235294118	0.0705882352941176	59	-0.176601501920902	-0.201348401015581	0.0847457627118644	0.135593220338983	11	-0.157802439686237	-0.0989951096173813	0	0	4	-0.271420486901965	-0.266504402090441	0.25	0	3	-0.911484922340593	-0.864953319308993	0.333333333333333	0.666666666666667	-0.472817800889054	-0.844038507754296	6.0805299601843	0.141086388482473	0.104938271604938	FALSE	C_weak_or_non_dependent	FALSE	0.144439289138061	0.289557425044409
ELOVL6	cholesterol/isoprenoid	Tier 2	ENSG00000170522	162	-0.0431682061461675	-0.0336467678600447	0.312455008957839	0.162547093197365	0.0654277796151947	-0.879175191051221	0.611760103437763	1.49093529448898	0.0123456790123457	0.0493827160493827	85	-0.0209455096536533	-0.0295697164727414	0	0.0705882352941176	59	-0.054104465403149	-0.0346402920705666	0.0169491525423729	0.0169491525423729	11	-0.0978318376977474	-0.144375481996419	0.0909090909090909	0.0909090909090909	4	-0.0455910337604555	-0.0376585102847992	0	0	3	0.24068106825241	0.281730360706336	0	0	-0.472817800889054	-0.182294835744701	0.388674246943418	0.160305342906301	0.104938271604938	FALSE	C_weak_or_non_dependent	FALSE	0.144439289138061	0.289557425044409
ACAT2	BCAA;cholesterol/isoprenoid;tryptophan	Tier 1;Tier 2	ENSG00000120437	162	0.0615817247617591	0.0798782755648912	0.313145729939291	0.162148136945913	0.149480678032935	-1.22914224547453	1.58363542021672	2.81277766569125	0.0216049382716049	0.0740740740740741	85	0.0822715058171259	0.0844220905545684	0.0176470588235294	0.0823529411764706	59	0.0566217393458399	0.111434663058396	0.0169491525423729	0.0169491525423729	11	0.00841981443226189	-0.147972686083786	0.0909090909090909	0.272727272727273	4	0.0627258464953015	0.135647312583335	0	0	3	0.36211540391603	0.0916227068390025	0	0.333333333333333	-0.472817800889054	0.320329008688845	3.41647252119902	0.116392702216511	0.104938271604938	FALSE	C_weak_or_non_dependent	FALSE	0.144439289138061	0.289557425044409
SLC25A32	folate	Tier 1	ENSG00000164933	162	-0.025499941117718	-0.0404748224548166	0.318011613081488	0.161837008137482	0.0777577242362369	-1.40632078779163	0.597432797939532	2.00375358573117	0.0277777777777778	0.0617283950617284	85	0.0187722478810429	0.0096743996365311	0.0117647058823529	0.0470588235294118	59	-0.0813371179816534	-0.11706459061338	0.0593220338983051	0.0677966101694915	11	-0.0863915985450857	-0.0593060834268148	0	0.0909090909090909	4	0.174061484416811	0.248411467277256	0	0	3	-0.094196456912693	-0.271237770670028	0	0.333333333333333	-0.472817800889054	-0.885798307299225	3.11061120507021	0.194673702816492	0.104938271604938	FALSE	C_weak_or_non_dependent	FALSE	0.144439289138061	0.289557425044409
BST1	NAD	Tier 1	ENSG00000109743	162	-0.179186773920828	-0.162719079620705	0.3254258509906	0.161591106723212	0.0801994122715559	-1.074304633106	0.745155363434312	1.81945999654031	0.0833333333333333	0.0987654320987654	85	-0.155044515996677	-0.146339577877768	0.0823529411764706	0.105882352941176	59	-0.197050245913419	-0.174450450612396	0.0932203389830508	0.0847457627118644	11	-0.106748885231499	-0.145338285258408	0.0909090909090909	0.0909090909090909	4	-0.228572992959444	-0.210245217055418	0	0	3	-0.338507902059992	-0.396449395582797	0	0.333333333333333	-0.472817800889054	-0.109556094732396	1.39121130425418	0.135876965806666	0.104938271604938	FALSE	C_weak_or_non_dependent	FALSE	0.144439289138061	0.289557425044409
ABCC1	sphingolipid;vitamin B12	Tier 1	ENSG00000103222	162	-0.0276615349820929	-0.0242288050390713	0.290117360701296	0.161418783799698	0.0663823713822189	-0.746216982812461	0.894952839437227	1.64116982224969	0.0123456790123457	0.0617283950617284	85	-0.015859728412074	-0.00301124145913636	0	0.0588235294117647	59	-0.0887273875051217	-0.0731052948669546	0.0338983050847458	0.0677966101694915	11	0.0158342779619716	0.0514928304282292	0	0	4	0.0610138794928989	0.0489547377820114	0	0	3	0.0960676597914525	-0.0393795269970694	0	0.333333333333333	-0.472817800889054	0.0115770821395777	1.21472065251735	0.137542729571959	0.104938271604938	FALSE	C_weak_or_non_dependent	FALSE	0.144439289138061	0.289557425044409
GLA	sphingolipid	Tier 1	ENSG00000102393	162	-0.169718386214881	-0.186671658389922	0.313130980264872	0.16109822198739	0.0976751723466467	-1.35918844159322	0.536713662363821	1.89590210395704	0.0833333333333333	0.104938271604938	85	-0.17142723779582	-0.184926899685552	0.0823529411764706	0.105882352941176	59	-0.155189719081416	-0.160819029886811	0.0932203389830508	0.101694915254237	11	-0.180249400789936	-0.231228741610886	0	0.0909090909090909	4	-0.128774502918171	-0.133717988606927	0	0	3	-0.364672049435793	-0.651770436808727	0.333333333333333	0.333333333333333	-0.472817800889054	-0.924395382772121	2.44243000355914	0.218199049597563	0.104938271604938	FALSE	C_weak_or_non_dependent	FALSE	0.144439289138061	0.289557425044409
COPRS	arginine	Tier 2	ENSG00000172301	162	0.0634752260696626	0.0231430979481894	0.309205149195705	0.160565077814512	0.0834711632106454	-1.01160110644239	0.671684519256549	1.68328562569894	0	0.0864197530864198	85	0.0251080522909231	-0.000589345626123975	0	0.105882352941176	59	0.0640890799287892	0.0599057048060598	0	0.0338983050847458	11	0.0660448178595021	0.00267497184574471	0	0.181818181818182	4	0.135429799695275	0.0891503572472965	0	0	3	0.20067513176159	-0.0403954856742266	0	0.333333333333333	-0.472817800889054	-0.952668171058064	1.59566113214212	0.249278778448604	0.104938271604938	FALSE	C_weak_or_non_dependent	FALSE	0.144439289138061	0.289557425044409
B4GALT2	glycolysis;sphingolipid	Tier 1;Tier 2	ENSG00000117411	162	0.16838015638795	0.153486936653835	0.318206025501007	0.159487922114479	0.0831744639715495	-0.849734153528103	1.12688606671123	1.97662022023933	0	0.0308641975308642	85	0.16689207083981	0.138888626519577	0	0.0470588235294118	59	0.159373376350095	0.167571675827118	0	0	11	0.219579493848711	0.119379005791087	0	0.0909090909090909	4	0.220896714252044	0.201273030008976	0	0	3	0.461102857280367	0.351453475406485	0	0	-0.472817800889054	-0.285024578091474	0.980065093283879	0.153655218236554	0.104938271604938	FALSE	C_weak_or_non_dependent	FALSE	0.144439289138061	0.289557425044409
LDHAL6A	OXPHOS;glycolysis;methionine	Tier 1	ENSG00000166800	162	-0.0105039615407969	-0.0280125461521481	0.311028866925614	0.159195302746246	0.0662835493473913	-1.18368772913773	0.959804942912514	2.14349267205024	0.00617283950617284	0.0308641975308642	85	-0.00818767281729362	-0.0309674085954405	0.0117647058823529	0.0588235294117647	59	-0.0128202502643002	-0.0232195387154381	0	0	11	-0.067365743922199	0.000348527232357891	0	0	4	-0.0993854912235472	-0.102221052297901	0	0	3	0.0772934979374865	-0.0435998507296791	0	0	-0.472817800889054	-0.510517135421473	3.14880323624578	0.136942515994253	0.104938271604938	FALSE	C_weak_or_non_dependent	FALSE	0.144439289138061	0.289557425044409
GRIN2A	glutamine/glutamate	Tier 1	ENSG00000183454	162	-0.103047537070558	-0.0974681490466712	0.295555320371798	0.158467441885633	0.057252954290596	-0.875376883338325	0.496880638265114	1.37225752160344	0.0123456790123457	0.0493827160493827	85	-0.0893887895433867	-0.0852316937888526	0.0117647058823529	0.0588235294117647	59	-0.111101531207359	-0.122860077537609	0.0169491525423729	0.0508474576271187	11	-0.0859300349655322	-0.0753866239175393	0	0	4	-0.169022781541251	-0.173050433400244	0	0	3	0.064722606801069	0.0750176659681874	0	0	-0.472817800889054	-0.263294151867592	0.722361809570615	0.157738698630226	0.104938271604938	FALSE	C_weak_or_non_dependent	FALSE	0.144439289138061	0.289557425044409
DLD	BCAA;OXPHOS;TCA;glycolysis;serine/glycine/one-carbon	Tier 1;Tier 2	ENSG00000091140	162	-0.182175115527305	-0.199432890429937	0.309642250420734	0.158400588222202	0.0831291418843201	-1.29531374642607	0.563161080027754	1.85847482645382	0.0895061728395062	0.141975308641975	85	-0.234461660410359	-0.257288410663714	0.129411764705882	0.176470588235294	59	-0.104068990646973	-0.147020506957298	0.0593220338983051	0.101694915254237	11	-0.198160215992564	-0.159290631834745	0	0.181818181818182	4	-0.206373428009492	-0.133505929042713	0	0	3	0.15913253308483	0.173939077866494	0	0	-0.472817800889054	-0.803226386159688	1.4340095516514	0.219627773653587	0.104938271604938	FALSE	C_weak_or_non_dependent	FALSE	0.144439289138061	0.289557425044409
JAG1	cholesterol/isoprenoid	Tier 2	ENSG00000101384	162	0.0121756746542478	-0.0126483510938134	0.327384692108564	0.158281176740644	0.0772755810747103	-1.23957265922308	0.769832942499219	2.0094056017223	0.00617283950617284	0.037037037037037	85	0.0130001129049771	-0.00757613276561438	0	0.0470588235294118	59	0.0524791513911202	-0.010617003011662	0.0169491525423729	0.0338983050847458	11	-0.0639487248087637	-0.0696602830385022	0	0	4	0.0467168034583033	0.0145548150036497	0	0	3	-0.0226585760105786	-0.0235381870078562	0	0	-0.472817800889054	-0.840045304591278	3.04801460874722	0.18733943041059	0.104938271604938	FALSE	C_weak_or_non_dependent	FALSE	0.144439289138061	0.289557425044409
CAMK2B	glutamine/glutamate	Tier 1	ENSG00000058404	162	-0.0756736200650385	-0.0801698737997011	0.314480747543356	0.158271674470265	0.0861712095162691	-1.10216750200919	1.06794226581598	2.17010976782517	0.0246913580246914	0.0802469135802469	85	-0.129631763640735	-0.140076010144853	0.0470588235294118	0.105882352941176	59	-0.0178722656557813	-0.0424236845323413	0	0.0508474576271187	11	-0.0362972924545918	0.0104425824130886	0	0.0909090909090909	4	-0.0543996827907481	0.113834659463579	0	0	3	0.278515999176802	0.283910549923587	0	0	-0.472817800889054	0.103143060641068	2.05704077457323	0.124558550285462	0.104938271604938	FALSE	C_weak_or_non_dependent	FALSE	0.144439289138061	0.289557425044409
TMEM186	OXPHOS	Tier 1	ENSG00000184857	162	-0.0273969040976283	-0.0356027903724803	0.316309425342306	0.158266366139009	0.0741563390909102	-1.18507687533869	0.944422394962803	2.12949927030149	0.00925925925925926	0.0617283950617284	85	-0.0267326716893441	-0.0341707400253292	0.00588235294117647	0.0705882352941176	59	-0.0480109883050065	-0.0452977265072454	0.0169491525423729	0.0508474576271187	11	-0.00216822809432087	-0.00343504262647219	0	0	4	0.0855553232396128	0.104125373879869	0	0	3	-0.14567958315682	-0.189763100296546	0	0.333333333333333	-0.472817800889054	-0.449198804010033	2.54660882438134	0.139687713075981	0.104938271604938	FALSE	C_weak_or_non_dependent	FALSE	0.144439289138061	0.289557425044409
MMAB	vitamin B12	Tier 1	ENSG00000139428	162	-0.0167963694576094	-0.0273048651620189	0.320471238525943	0.157949813002668	0.0748500953330676	-0.799619932855129	1.30143693770673	2.10105687056186	0.0123456790123457	0.0555555555555556	85	-0.0281605473686734	-0.039567068229705	0	0.0705882352941176	59	-0.0175755907318882	-0.0192716109445832	0.0169491525423729	0.0338983050847458	11	-0.0160171481833306	-0.0387618772911973	0.0909090909090909	0.0909090909090909	4	-0.0123290675714679	-0.0372370176370844	0	0	3	0.202012882568955	0.21738880325326	0	0	-0.472817800889054	0.478874261349841	2.89400031644176	0.137343172560195	0.104938271604938	FALSE	C_weak_or_non_dependent	FALSE	0.144439289138061	0.289557425044409
ACOT9	fatty-acid oxidation	Tier 1	ENSG00000123130	162	-0.187365421314946	-0.18710685672551	0.327266230971298	0.157863199957092	0.0674877911814868	-0.679283421253203	1.21099921620798	1.89028263746119	0.0740740740740741	0.135802469135802	85	-0.188234622426889	-0.188461903027546	0.0823529411764706	0.176470588235294	59	-0.195489227372389	-0.162886697392668	0.0508474576271187	0.0508474576271187	11	-0.274729193679505	-0.293837293832929	0.0909090909090909	0.181818181818182	4	-0.102805228730947	-0.093474353362044	0	0	3	-0.519421902287247	-0.358542080137819	0.333333333333333	0.666666666666667	-0.472817800889054	1.04144984534882	4.27890765349782	0.201692389448172	0.104938271604938	FALSE	C_weak_or_non_dependent	FALSE	0.144439289138061	0.289557425044409
TAS2R42	glutamine/glutamate	Tier 1	ENSG00000186136	162	0.139201703191486	0.147930544301244	0.292972341092145	0.157827487870848	0.0531656217178992	-0.613476158601197	0.982295416050663	1.59577157465186	0	0.00617283950617284	85	0.149733598784501	0.131310747470217	0	0.0117647058823529	59	0.132781848422503	0.154023704104881	0	0	11	0.129492077039262	0.151793823032497	0	0	4	0.21088886841078	0.211100912518328	0	0	3	0.429166609073618	0.400600132071398	0	0	-0.472817800889054	-0.0531743850131081	0.914955720820683	0.143843074623334	0.104938271604938	FALSE	C_weak_or_non_dependent	FALSE	0.144439289138061	0.289557425044409
ASAH1	sphingolipid	Tier 1	ENSG00000104763	162	-0.0168521170074436	0.0073776152877446	0.318992394570418	0.157351899517743	0.070692356028808	-0.793784042596603	0.705788269755352	1.49957231235196	0.0185185185185185	0.0432098765432099	85	0.0235454799561937	0.0358007761837701	0.0235294117647059	0.0470588235294118	59	-0.054651493145284	-0.0187115795162363	0.0169491525423729	0.0338983050847458	11	-0.0437139566647528	-0.024568562492181	0	0	4	-0.0594614545255328	-0.0280331827322594	0	0	3	-0.00329587459915897	-0.120507396401621	0	0.333333333333333	-0.472817800889054	-0.00151962165523837	0.253537896102898	0.158472451777826	0.104938271604938	FALSE	C_weak_or_non_dependent	FALSE	0.144439289138061	0.289557425044409
BCKDHA	BCAA;OXPHOS	Tier 1;Tier 2	ENSG00000248098	162	0.0631996617507522	0.00469210945590572	0.340454971992033	0.157281038586046	0.0830916472305706	-0.951280844411909	0.910289650240561	1.86157049465247	0.0216049382716049	0.0617283950617284	85	0.0290917602422398	-0.0210130015073151	0.0176470588235294	0.0823529411764706	59	0.0802085321322212	0.0315742492558501	0.0338983050847458	0.0508474576271187	11	0.171739891595624	0.102849096977021	0	0	4	-0.0555657689158416	-0.0388875670350894	0	0	3	0.026008758221412	-0.097481214907841	0	0	-0.472817800889054	-0.70088046520467	1.32274523435398	0.202078746358302	0.104938271604938	FALSE	C_weak_or_non_dependent	FALSE	0.144439289138061	0.289557425044409
EFNA3	glycolysis	Tier 2	ENSG00000143590	162	-0.150125782786099	-0.157065934698405	0.307940020577972	0.156923452123987	0.0773996720004657	-1.20927842342685	0.672418015525394	1.88169643895224	0.058641975308642	0.111111111111111	85	-0.199566924352218	-0.192442540448283	0.0705882352941176	0.141176470588235	59	-0.083961682260398	-0.0887080907084948	0.00847457627118644	0.0508474576271187	11	-0.373638633369825	-0.330224533245927	0.272727272727273	0.272727272727273	4	-0.195504863690127	-0.203241588198423	0	0	3	0.264233919762738	0.197382695754198	0	0	-0.472817800889054	-0.452015656307849	1.73961081726931	0.154472394702412	0.104938271604938	FALSE	C_weak_or_non_dependent	FALSE	0.144439289138061	0.289557425044409
COX19	OXPHOS	Tier 1	ENSG00000240230	162	-0.0565644064636129	-0.0818776388005227	0.307099101997551	0.156675201733317	0.0854416107291797	-1.10678440444244	1.00210345515944	2.10888785960188	0.0462962962962963	0.0925925925925926	85	-0.0276515817859443	-0.0646668558655813	0.0352941176470588	0.0823529411764706	59	-0.086477465954848	-0.112096709083672	0.0593220338983051	0.101694915254237	11	-0.0470658230401574	-0.117286330228596	0.0909090909090909	0.181818181818182	4	0.0330383452916852	0.0702666694016211	0	0	3	-0.0601407941113683	-0.048235315421847	0	0	-0.472817800889054	-0.273235926286584	1.7100801515659	0.138365557949452	0.104938271604938	FALSE	C_weak_or_non_dependent	FALSE	0.144439289138061	0.289557425044409
PET117	OXPHOS	Tier 1	ENSG00000232838	162	0.0270454285620391	-0.0134321008199717	0.305235907242326	0.156043108389594	0.0840905051147878	-1.1039226646616	0.635254600980306	1.73917726564191	0.0216049382716049	0.0740740740740741	85	-0.0241578932362777	-0.0507697330319169	0.0352941176470588	0.105882352941176	59	0.0470355870402757	0.0236006553518862	0.00847457627118644	0.0338983050847458	11	-0.000110113357050617	-0.0787702318672046	0	0.0909090909090909	4	0.26784021567761	0.215171305226088	0	0	3	0.272176275176669	0.250925212917044	0	0	-0.472817800889054	-0.9958846334018	1.76954298761241	0.254500235173323	0.104938271604938	FALSE	C_weak_or_non_dependent	FALSE	0.144439289138061	0.289557425044409
ARID1A	arginine	Tier 2	ENSG00000117713	162	-0.119133775828116	-0.0949607459770051	0.309501775715289	0.156015548093608	0.0733935146363216	-0.774967407232615	0.697673220484873	1.47264062771749	0.0524691358024691	0.0802469135802469	85	-0.140070735832638	-0.10923682279018	0.0588235294117647	0.117647058823529	59	-0.0620285323732371	-0.0664993518934688	0.0593220338983051	0.0508474576271187	11	-0.136029529352702	-0.099255770460817	0	0	4	-0.112323232057207	-0.136411867792386	0	0	3	-0.167905750941553	-0.179196067718777	0	0	-0.472817800889054	0.253651551669185	0.704789912298454	0.157411414930542	0.104938271604938	FALSE	C_weak_or_non_dependent	FALSE	0.144439289138061	0.289557425044409
G6PC1	glycolysis	Tier 1	ENSG00000131482	162	0.0527864133215936	0.030027408034987	0.314539850328826	0.156011799498035	0.0711409726328879	-1.05046314780151	1.00033171748761	2.05079486528912	0.0154320987654321	0.0432098765432099	85	0.0657366928733245	0.0367244266897916	0.0176470588235294	0.0588235294117647	59	0.0146892935577934	0.00678183074045902	0.0169491525423729	0.0338983050847458	11	-0.0664704840646589	-0.024732351805402	0	0	4	0.215746957249996	0.191417227963213	0	0	3	0.109141293484115	0.283040925785034	0	0	-0.472817800889054	-0.622626915631857	2.34565592751557	0.165151381894169	0.104938271604938	FALSE	C_weak_or_non_dependent	FALSE	0.144439289138061	0.289557425044409
NDUFS4	OXPHOS	Tier 1;Tier 2	ENSG00000164258	162	0.0380386241857682	0.0277125929663077	0.297998321701172	0.155661756153962	0.0587734501629013	-0.981926648827418	0.868917502948789	1.85084415177621	0.00617283950617284	0.0246913580246914	85	0.00846462555272696	-0.0200819863703785	0.0117647058823529	0.0470588235294118	59	0.0633168314134076	0.067865805198009	0	0	11	-0.00843052632357588	0.0999648488891938	0	0	4	0.0572711959707307	0.102888769501215	0	0	3	-0.0937074060581933	0.227052659851831	0	0	-0.472817800889054	-0.596709051754556	2.40662407637408	0.160227613118876	0.104938271604938	FALSE	C_weak_or_non_dependent	FALSE	0.144439289138061	0.289557425044409
B4GALT4	glycolysis;sphingolipid	Tier 1;Tier 2	ENSG00000121578	162	-0.0648548072811117	-0.095310105025047	0.325081097455978	0.155191108285546	0.0952685986767292	-1.14755599536896	0.731977579263	1.87953357463196	0.0709876543209877	0.104938271604938	85	-0.0404599594144275	-0.0748361687983262	0.0647058823529412	0.105882352941176	59	-0.108874994882245	-0.123474435758278	0.101694915254237	0.0847457627118644	11	0.00122090166319619	-0.0950657818223598	0	0.181818181818182	4	-0.1184391783826	-0.121843826001834	0	0	3	-0.105936238653283	-0.087024017469404	0	0.333333333333333	-0.472817800889054	-0.590539052830142	1.26495010918382	0.184211530974842	0.104938271604938	FALSE	C_weak_or_non_dependent	FALSE	0.144439289138061	0.289557425044409
SEC24B	cholesterol/isoprenoid	Tier 2	ENSG00000138802	162	-0.0341703173301352	-0.0447500516693773	0.299627388084048	0.155098390874036	0.0820863747666202	-1.02199687541494	0.89274943289848	1.91474630831342	0.0277777777777778	0.0617283950617284	85	-0.0461291345310816	-0.02737633110143	0.0235294117647059	0.0705882352941176	59	-0.0284756843660185	-0.0730733904847723	0.0423728813559322	0.0508474576271187	11	-0.0369260542123507	-0.0530518545924905	0	0.0909090909090909	4	-0.0648071591802012	-0.0354644024101744	0	0	3	0.0770540605697583	0.038079273980692	0	0	-0.472817800889054	0.0217286620459661	1.56097321246564	0.131335285345299	0.104938271604938	FALSE	C_weak_or_non_dependent	FALSE	0.144439289138061	0.289557425044409
PTS	folate	Tier 1	ENSG00000150787	162	0.114110321026854	0.0956078164848057	0.303957412606676	0.1549553239291	0.0621884274457879	-0.810321499215329	0.743911776866852	1.55423327608218	0.00617283950617284	0.0308641975308642	85	0.115770043157266	0.104612250488157	0	0.0352941176470588	59	0.140940537140346	0.0985013107608642	0.0169491525423729	0.0338983050847458	11	-0.0509085200082865	-0.0976597477678069	0	0	4	0.212018270570528	0.226132275945497	0	0	3	0.318376639674677	0.318191921939359	0	0	-0.472817800889054	-0.491629867470331	1.0539875066012	0.174623921586562	0.104938271604938	FALSE	C_weak_or_non_dependent	FALSE	0.144439289138061	0.289557425044409
CERS5	sphingolipid	Tier 1	ENSG00000139624	162	-0.00624214824314323	-0.00970901919271789	0.308752771486163	0.154794706956757	0.0700427113735698	-1.23623224845406	0.825205730190816	2.06143797864488	0.0123456790123457	0.0308641975308642	85	0.083639429994384	0.0229137298923807	0.0117647058823529	0.0235294117647059	59	-0.034696650776209	-0.0315372022429889	0.0169491525423729	0.0508474576271187	11	-0.0662705016808591	-0.0871487856993377	0	0	4	-0.0966792229603296	-0.117269431373428	0	0	3	0.0378773969818316	-0.077372949849963	0	0	-0.472817800889054	-0.40751560821692	2.58216490799206	0.134979080535254	0.104938271604938	FALSE	C_weak_or_non_dependent	FALSE	0.144439289138061	0.289557425044409
ALAS2	serine/glycine/one-carbon	Tier 1	ENSG00000158578	162	-0.155930316440468	-0.153371801642933	0.312078550197707	0.154721488003524	0.0748961327163381	-0.835534682772472	1.33998914204759	2.17552382482006	0.0555555555555556	0.104938271604938	85	-0.119521295927812	-0.136965607526416	0.0235294117647059	0.105882352941176	59	-0.165197511352433	-0.172984150298488	0.0508474576271187	0.0847457627118644	11	-0.128891450302654	-0.16591059605161	0.181818181818182	0.181818181818182	4	-0.226434268144629	-0.24180613312624	0.25	0	3	0.0180269362129448	-0.068616423242118	0.333333333333333	0.333333333333333	-0.472817800889054	0.892514420106384	4.7042881568782	0.166952917459183	0.104938271604938	FALSE	C_weak_or_non_dependent	FALSE	0.144439289138061	0.289557425044409
HMOX2	iron	Tier 1	ENSG00000103415	162	-0.139838708938893	-0.125116660886139	0.310089257030211	0.154576761838431	0.0654446958713076	-1.19895628431539	0.662124272237468	1.86108055655286	0.0308641975308642	0.0679012345679012	85	-0.148024365951474	-0.138277989809536	0.0352941176470588	0.0941176470588235	59	-0.10738686474508	-0.0868041836272125	0.0338983050847458	0.0508474576271187	11	-0.230416026464003	-0.200155769206721	0	0	4	-0.0808835164667172	-0.0814106436271444	0	0	3	-0.21847925220241	-0.288822353318604	0	0	-0.472817800889054	-0.117590244172441	1.67572301518318	0.131113445115385	0.104938271604938	FALSE	C_weak_or_non_dependent	FALSE	0.144439289138061	0.289557425044409
ERRFI1	cholesterol/isoprenoid	Tier 2	ENSG00000116285	162	0.00264543412354553	0.0167895632646095	0.327796165858294	0.154380555160032	0.0653991732899717	-0.851141471195506	0.838598999691977	1.68974047088748	0.0185185185185185	0.0432098765432099	85	-0.00163150993662401	0.0190076169747956	0.0235294117647059	0.0588235294117647	59	0.0314334471872302	0.0208455027023281	0.0169491525423729	0.0169491525423729	11	-0.0436887729779401	-0.0187564309995474	0	0	4	0.0586094848431419	0.0566654676684472	0	0	3	0.190052367361689	-0.0486546610356703	0	0.333333333333333	-0.472817800889054	-0.335638982553559	1.32877966588552	0.150653756836782	0.104938271604938	FALSE	C_weak_or_non_dependent	FALSE	0.144439289138061	0.289557425044409
S100A11	cholesterol/isoprenoid	Tier 2	ENSG00000163191	162	-0.0280048591554587	-0.0404785455249954	0.318475317557581	0.154273881525583	0.0654894144116618	-0.815187708711367	0.745917003630174	1.56110471234154	0.0246913580246914	0.0432098765432099	85	-0.111096684536554	-0.102134773144691	0.0352941176470588	0.0823529411764706	59	0.0230282583915605	0.0185812080316449	0.0169491525423729	0	11	0.0685407548660494	0.0489570768177898	0	0	4	-0.045294818158976	-0.0663005847860794	0	0	3	0.117933216614821	0.251438187510346	0	0	-0.472817800889054	0.282204685713284	1.03403277818499	0.1522601703736	0.104938271604938	FALSE	C_weak_or_non_dependent	FALSE	0.144439289138061	0.289557425044409
IVD	BCAA	Tier 1;Tier 2	ENSG00000128928	162	-0.0434260885686663	-0.0509379263489747	0.306639279534989	0.153996639249666	0.0600628587819841	-0.784606915639438	0.971570635546672	1.75617755118611	0.037037037037037	0.037037037037037	85	-0.0428594203550737	-0.0386354206504809	0.0235294117647059	0.0235294117647059	59	-0.041346418823429	-0.0430525679653309	0.0338983050847458	0.0338983050847458	11	-0.196758309808121	-0.229984785882763	0.181818181818182	0.181818181818182	4	0.00972121794114726	0.0209858652992162	0	0	3	-0.00777641943815773	0.00601912674167511	0	0	-0.472817800889054	0.251845627191675	1.94039849331111	0.132976145722548	0.104938271604938	FALSE	C_weak_or_non_dependent	FALSE	0.144439289138061	0.289557425044409
FLVCR1	iron	Tier 1	ENSG00000162769	162	-0.106655687268516	-0.127678222060283	0.331450882990568	0.153989337534523	0.0749852110824284	-1.10526106595027	0.861115596715631	1.9663766626659	0.0833333333333333	0.0802469135802469	85	-0.0442232471357792	-0.0821584858136239	0.0352941176470588	0.0705882352941176	59	-0.15334799937906	-0.155919685519348	0.110169491525424	0.0847457627118644	11	-0.290710467037255	-0.233233484759747	0.272727272727273	0.0909090909090909	4	-0.0992307453617865	-0.12457026720844	0.25	0	3	-0.47211670961715	-0.479096610925115	0	0.333333333333333	-0.472817800889054	-0.010579948196873	1.84193272058565	0.12661801394124	0.104938271604938	FALSE	C_weak_or_non_dependent	FALSE	0.144439289138061	0.289557425044409
ATP5F1C	OXPHOS	Tier 1;Tier 2	ENSG00000165629	162	-0.197708001183169	-0.223412220390692	0.313554243681187	0.153567517640831	0.0693617785318654	-1.09961570223276	0.878147639804298	1.97776334203705	0.0802469135802469	0.166666666666667	85	-0.192011518003131	-0.246100963042468	0.0882352941176471	0.235294117647059	59	-0.22371497723293	-0.215112744633455	0.0932203389830508	0.0847457627118644	11	-0.184889690757883	-0.166705924498994	0	0.0909090909090909	4	-0.0328499301145001	-0.000941652345376093	0	0	3	-0.111189890759968	-0.248338044146025	0	0.333333333333333	-0.472817800889054	-0.0327871891093614	1.73554206391241	0.128470368861007	0.104938271604938	FALSE	C_weak_or_non_dependent	FALSE	0.144439289138061	0.289557425044409
RPE	PPP;glycolysis	Tier 1;Tier 2	ENSG00000197713	162	-0.156956723736357	-0.182366551081047	0.301556772215709	0.153541392717539	0.0625319861963435	-0.909683700359195	0.629991950435107	1.5396756507943	0.0987654320987654	0.123456790123457	85	-0.140886108134759	-0.156701544793387	0.0470588235294118	0.105882352941176	59	-0.134260769010502	-0.184374219480645	0.11864406779661	0.101694915254237	11	-0.220432240121945	-0.327317538396365	0.181818181818182	0.272727272727273	4	-0.214622504923608	-0.231412929062417	0.5	0	3	-0.584233517809671	-0.273175459908028	0.333333333333333	0.666666666666667	-0.472817800889054	-0.168661612563455	0.347179415209189	0.160596911375313	0.104938271604938	TRUE	C_weak_or_non_dependent	FALSE	0.144439289138061	0.289557425044409
COX5B	OXPHOS	Tier 1;Tier 2	ENSG00000135940	162	-0.170312503003789	-0.192652841910913	0.31027526374512	0.153345672978161	0.0553878365577164	-0.980582291731604	0.382002269029576	1.36258456076118	0.0709876543209877	0.0925925925925926	85	-0.206280044666233	-0.225203878613769	0.0823529411764706	0.129411764705882	59	-0.154366309541724	-0.169161039204906	0.0423728813559322	0.0508474576271187	11	-0.0536654624056887	-0.0825244666184809	0.0909090909090909	0.0909090909090909	4	-0.134777077403852	-0.171380685503642	0.25	0	3	-0.154392986376013	-0.164545839830108	0	0	-0.472817800889054	-0.559360453366024	0.943985037713477	0.187535939774631	0.104938271604938	FALSE	C_weak_or_non_dependent	FALSE	0.144439289138061	0.289557425044409
B3GALT2	sphingolipid	Tier 1	ENSG00000162630	162	-0.0637949490305442	-0.070684769481338	0.303329397800745	0.15330340149561	0.065594361624509	-0.944514499367043	0.602915096608059	1.5474295959751	0.0185185185185185	0.0679012345679012	85	-0.0669112468106353	-0.0824161965013563	0.0235294117647059	0.0941176470588235	59	-0.0415358704662903	-0.0658550141683	0.0169491525423729	0.0508474576271187	11	-0.0829402900484127	-0.0644078096015149	0	0	4	-0.0510970999528484	-0.0868586250924647	0	0	3	0.0947031795973924	0.165270096184916	0	0	-0.472817800889054	-0.219964124021084	0.553707449181767	0.158595484876404	0.104938271604938	FALSE	C_weak_or_non_dependent	FALSE	0.144439289138061	0.289557425044409
SLC33A1	sphingolipid	Tier 1	ENSG00000169359	162	-0.143497995632361	-0.136563144617205	0.301124727789242	0.153102732966031	0.0873062296411992	-1.34233395873957	0.827692033448415	2.17002599218799	0.0895061728395062	0.0802469135802469	85	-0.115831643301555	-0.110820157603095	0.0529411764705882	0.0705882352941176	59	-0.158498934210104	-0.165084693022506	0.152542372881356	0.0847457627118644	11	-0.12284879157436	-0.130860637169226	0.0909090909090909	0.0909090909090909	4	-0.0732594267453707	-0.071308337386603	0	0	3	-0.230960245426691	-0.412939594996132	0	0.333333333333333	-0.472817800889054	-0.217836482956905	2.62273922692642	0.120681773021779	0.104938271604938	FALSE	C_weak_or_non_dependent	FALSE	0.144439289138061	0.289557425044409
CD9	cholesterol/isoprenoid	Tier 2	ENSG00000010278	162	-0.119927208447222	-0.11170972869767	0.305632579769615	0.152740832799329	0.070203444884514	-1.22125017160445	0.837432985135278	2.05868315673973	0.0308641975308642	0.0555555555555556	85	-0.123755177269948	-0.100058230557905	0.0470588235294118	0.0588235294117647	59	-0.116717363429249	-0.115325287288761	0	0.0677966101694915	11	-0.120180981393166	-0.173220436376417	0.0909090909090909	0	4	-0.0758870118861499	-0.0568623687540835	0	0	3	-0.228630880285502	-0.218320075468962	0	0	-0.472817800889054	0.0930488182183109	2.35615063750254	0.119894614149996	0.104938271604938	FALSE	C_weak_or_non_dependent	FALSE	0.144439289138061	0.289557425044409
GFUS	glycolysis	Tier 2	ENSG00000104522	162	-0.0759049388338512	-0.106367181944844	0.301416661915522	0.152708067681157	0.0803664526711211	-1.3195870565796	0.718880338319736	2.03846739489933	0.0216049382716049	0.0802469135802469	85	-0.0541699244936934	-0.0979896184654957	0.0235294117647059	0.0823529411764706	59	-0.096516122416464	-0.123750045291491	0.0254237288135593	0.0677966101694915	11	0.0106517893166725	0.0133317208539204	0	0	4	-0.0917787118707001	-0.0599945526328688	0	0	3	-0.624990249958372	-0.502594650720431	0	0.666666666666667	-0.472817800889054	-0.665048527354153	2.09882250638814	0.176847737878715	0.104938271604938	FALSE	C_weak_or_non_dependent	FALSE	0.144439289138061	0.289557425044409
ARMC8	OXPHOS	Tier 1	ENSG00000114098	162	0.0229946914775557	0.00435446994912607	0.297672557141082	0.152569529727119	0.0787602742745976	-0.865814510120731	1.03759941653291	1.90341392665364	0.0216049382716049	0.0617283950617284	85	0.0123109738123496	0.0198396552649884	0.00588235294117647	0.0588235294117647	59	0.0339367775273869	-0.000533419616761336	0.0338983050847458	0.0508474576271187	11	0.0397888450258092	0.0170957657037736	0.0909090909090909	0.181818181818182	4	-0.122850135161181	-0.0954168931687963	0	0	3	-0.246157018758594	-0.251953552814332	0	0	-0.472817800889054	0.177544418476009	1.94561404366633	0.128902617162948	0.104938271604938	FALSE	C_weak_or_non_dependent	FALSE	0.144439289138061	0.289557425044409
GLYATL2	serine/glycine/one-carbon	Tier 1	ENSG00000156689	162	-0.116810207643286	-0.121864339579928	0.284587049093834	0.152230065051372	0.0944849277968424	-1.02426931316109	0.833315263651882	1.85758457681297	0.0895061728395062	0.104938271604938	85	-0.0922987075762897	-0.0797756858940687	0.0823529411764706	0.117647058823529	59	-0.12087707564366	-0.147189592603999	0.0932203389830508	0.0847457627118644	11	-0.271721783672801	-0.206865040126401	0.181818181818182	0.0909090909090909	4	-0.0923419763261428	-0.105769768620419	0	0	3	-0.280507210242681	-0.526103077148152	0	0.333333333333333	-0.472817800889054	0.274090609578076	1.47300483185766	0.142784157961052	0.104938271604938	FALSE	C_weak_or_non_dependent	FALSE	0.144439289138061	0.289557425044409
COA3	OXPHOS	Tier 1	ENSG00000183978	162	-0.158066508767542	-0.163125700967731	0.302283817741692	0.152189819082974	0.0560631590993328	-1.15300660518171	0.720825224215763	1.87383182939747	0.0432098765432099	0.0617283950617284	85	-0.167527710955806	-0.195245235736203	0.0588235294117647	0.0705882352941176	59	-0.164609537751623	-0.140932098975837	0.0338983050847458	0.0677966101694915	11	-0.152463703517561	-0.138107173930211	0	0	4	-0.106826591206212	-0.0739955087800585	0	0	3	0.0217595191047037	0.0998787562439671	0	0	-0.472817800889054	-0.223975015711472	2.60787991877324	0.121201741764594	0.104938271604938	FALSE	C_weak_or_non_dependent	FALSE	0.144439289138061	0.289557425044409
TAS2R20	glutamine/glutamate	Tier 1	ENSG00000255837	162	0.116420231240382	0.111937722902825	0.306908630279646	0.152169739835982	0.0709383898098002	-0.810052372418922	0.936606358073847	1.74665873049277	0.00617283950617284	0.0123456790123457	85	0.0787856771933028	0.0935475062864759	0.0117647058823529	0.0235294117647059	59	0.164457781265639	0.164442571855737	0	0	11	0.0778316041979912	0.0151456956006259	0	0	4	0.197097432280832	0.203801600343919	0	0	3	-0.0506175560481467	-0.167182572187963	0	0	-0.472817800889054	-0.0197109218879633	1.56282003561154	0.131292478655753	0.104938271604938	FALSE	C_weak_or_non_dependent	FALSE	0.144439289138061	0.289557425044409
ADH1A	glycolysis	Tier 1	ENSG00000187758	162	0.105357632954332	0.0957642023623672	0.303862352905054	0.152089571646762	0.0594875824255681	-0.773950632508575	0.722807525951697	1.49675815846027	0.00617283950617284	0.0308641975308642	85	0.116525044936257	0.0797539200595216	0.0117647058823529	0.0588235294117647	59	0.0925069610329882	0.119558171900444	0	0	11	0.0973322639602432	0.100816390470695	0	0	4	0.0354844730865152	0.0426666708881516	0	0	3	0.333642757622456	0.133712818929244	0	0	-0.472817800889054	-0.458537319856384	0.811268093792643	0.176216987848089	0.104938271604938	FALSE	C_weak_or_non_dependent	FALSE	0.144439289138061	0.289557425044409
SCP2	cholesterol/isoprenoid;fatty-acid oxidation	Tier 1	ENSG00000116171	162	-0.0904875915920766	-0.131034195416637	0.30354232590484	0.151984445255986	0.0685160748711439	-1.27515159743464	0.294353850658008	1.56950544809264	0.0524691358024691	0.0925925925925926	85	-0.141840380609839	-0.192293406487078	0.0529411764705882	0.129411764705882	59	-0.041026677272908	-0.0742143339353377	0.0508474576271187	0.0508474576271187	11	0.136155827389554	0.0337785502375511	0.0909090909090909	0.0909090909090909	4	-0.0683242143756146	-0.0938733033822266	0	0	3	-0.224200709455654	-0.166675080997598	0	0	-0.472817800889054	-1.28196486075318	3.14014767451682	0.287427579658009	0.104938271604938	FALSE	C_weak_or_non_dependent	FALSE	0.144439289138061	0.289557425044409
ME1	OXPHOS;glycolysis	Tier 1;Tier 2	ENSG00000065833	162	-0.0915586058511856	-0.110060195647363	0.306682244720443	0.15188309610911	0.0884188059259885	-1.22894677365441	1.00646540499619	2.2354121786506	0.0432098765432099	0.0987654320987654	85	-0.0807691457722888	-0.104876861138034	0.0470588235294118	0.141176470588235	59	-0.101144185232397	-0.126462645272223	0.0508474576271187	0.0677966101694915	11	-0.0505873293107573	-0.047844764917856	0	0	4	-0.0785328707922434	-0.119249561150318	0	0	3	-0.173861171469492	-0.150210589460328	0	0	-0.472817800889054	-0.180931018281434	2.02409113618984	0.127801008952019	0.104938271604938	FALSE	C_weak_or_non_dependent	FALSE	0.144439289138061	0.289557425044409
AVPR1A	cholesterol/isoprenoid	Tier 2	ENSG00000166148	162	0.103436840247535	0.104748675186789	0.285303040861741	0.1516628459914	0.0584206977255592	-0.716440914953737	0.716163639734497	1.43260455468823	0	0.0246913580246914	85	0.08600979995331	0.0675751978374175	0	0.0235294117647059	59	0.150454552446233	0.147157830958149	0	0.0338983050847458	11	0.121631675424821	0.149228296525759	0	0	4	0.026885450786951	0.0316664840306327	0	0	3	0.322412398355021	0.258301446547567	0	0	-0.472817800889054	-0.520528570640694	0.879404503313152	0.183236284338639	0.104938271604938	FALSE	C_weak_or_non_dependent	FALSE	0.144439289138061	0.289557425044409
AOC2	serine/glycine/one-carbon	Tier 1	ENSG00000131480	162	-0.0111453651832724	-0.0158604184388317	0.302360947869865	0.15165174161835	0.0743345962142384	-1.15723480486695	0.858884156658432	2.01611896152538	0	0.0493827160493827	85	0.0229612679061877	-0.019295747458637	0	0.0470588235294118	59	-0.0034780857936523	0.0227484360270165	0	0.0338983050847458	11	-0.119023231671308	-0.123141379413838	0	0.0909090909090909	4	0.103279081410748	0.113593643419081	0	0	3	-0.404960717577504	-0.457075459608221	0	0.333333333333333	-0.472817800889054	-0.66593002432844	2.40119563502218	0.170664093824499	0.104938271604938	FALSE	C_weak_or_non_dependent	FALSE	0.144439289138061	0.289557425044409
ATP6V1C2	OXPHOS;iron	Tier 1	ENSG00000143882	162	0.0751300669486836	0.0722424814978023	0.296240553202671	0.151451596377488	0.0572692016921257	-0.548701302651687	0.843797815286641	1.39249911793833	0	0.0123456790123457	85	0.0436403497093102	0.0625803268005751	0	0.0235294117647059	59	0.0906994051649881	0.0738701689893709	0	0	11	0.0982610653737739	0.09024691250801	0	0	4	0.0571505340595553	0.0646135852499406	0	0	3	0.277067029675128	0.25814795854478	0	0	-0.472817800889054	0.30333396280628	0.593545083562495	0.164205667056954	0.104938271604938	FALSE	C_weak_or_non_dependent	FALSE	0.144439289138061	0.289557425044409
ACER3	sphingolipid	Tier 1	ENSG00000078124	162	-0.00763851611401741	-0.0212863878430337	0.314267215338311	0.151109563912444	0.0588604116816512	-0.868293956563641	0.755290071545005	1.62358402810865	0.00308641975308642	0.037037037037037	85	-0.00303617675786948	-0.0385815181776977	0.00588235294117647	0.0588235294117647	59	-0.0496182104867095	-0.0188778872349504	0	0.0169491525423729	11	0.0648007453570329	0.031985256478956	0	0	4	-0.0104383670741989	-0.0250096371707303	0	0	3	0.315434458582342	0.231010096269776	0	0	-0.472817800889054	-0.109162024933292	0.697098650715291	0.149828733283239	0.104938271604938	FALSE	C_weak_or_non_dependent	FALSE	0.144439289138061	0.289557425044409
CREBBP	PPP;cholesterol/isoprenoid	Tier 2	ENSG00000005339	162	-0.0294475515121496	-0.0448593857714273	0.283035564551002	0.151067343842936	0.0763924721686936	-1.52203166674729	0.558530123686549	2.08056179043384	0.0246913580246914	0.0493827160493827	85	-0.0726103915848342	-0.128864076027241	0.0352941176470588	0.0823529411764706	59	0.0712525308092427	0.0447022234935536	0	0	11	0.140660680416868	0.0660876523198819	0.0909090909090909	0.0909090909090909	4	0.0753100221399458	0.0513515895551794	0	0	3	0.174539992023199	0.0388080824950608	0	0	-0.472817800889054	-1.25073882035708	4.56797524214786	0.241357246344686	0.104938271604938	FALSE	C_weak_or_non_dependent	FALSE	0.144439289138061	0.289557425044409
ANTXR2	cholesterol/isoprenoid	Tier 2	ENSG00000163297	162	0.0323568942007191	0.0264896124181157	0.298943121128846	0.150796007305034	0.0697364772537076	-0.831952783073717	0.850138275871664	1.68209105894538	0.00925925925925926	0.0308641975308642	85	0.0293520279221214	0.0211815641220695	0.0176470588235294	0.0588235294117647	59	0.0323335756903602	0.0306531465539551	0	0	11	0.0411904205393597	0.0257002395688685	0	0	4	0.0115065210516945	0.000877998322101667	0	0	3	0.225951050212262	0.132044662043174	0	0	-0.472817800889054	-0.233331303067517	1.34756657294711	0.142409838513781	0.104938271604938	FALSE	C_weak_or_non_dependent	FALSE	0.144439289138061	0.289557425044409
GPC3	glycolysis	Tier 2	ENSG00000147257	162	-0.120379398015306	-0.130371215905138	0.299508517983751	0.150587999892977	0.0734114819999282	-1.19511444422025	0.60086716598875	1.795981610209	0.037037037037037	0.0864197530864198	85	-0.132056848027803	-0.137821647128946	0.0352941176470588	0.0941176470588235	59	-0.0882200931510451	-0.130785613197009	0.0508474576271187	0.0847457627118644	11	0.0376517446116462	-0.0345160351716421	0	0.0909090909090909	4	-0.233721484871713	-0.197591742167491	0	0	3	-0.207668400108204	-0.172967478830128	0	0	-0.472817800889054	-0.287175770175016	1.45770331593264	0.14405226227586	0.104938271604938	FALSE	C_weak_or_non_dependent	FALSE	0.144439289138061	0.289557425044409
CYP8B1	cholesterol/isoprenoid	Tier 1	ENSG00000180432	162	-0.132979437301247	-0.118917771121501	0.290377276295524	0.150335911704554	0.0604357110999205	-0.887260612195161	0.741942681873095	1.62920329406826	0.0277777777777778	0.0740740740740741	85	-0.129002490326298	-0.0908296044100576	0.0294117647058824	0.0823529411764706	59	-0.130580689098797	-0.130744262145463	0.0169491525423729	0.0338983050847458	11	-0.21920631266907	-0.297765967114098	0.0909090909090909	0.272727272727273	4	-0.16958885854073	-0.183708041518452	0	0	3	-0.0815507927262564	0.0600022413610044	0	0	-0.472817800889054	0.169121379924759	1.25620606330604	0.140655299041	0.104938271604938	FALSE	C_weak_or_non_dependent	FALSE	0.144439289138061	0.289557425044409
FGF21	glucose transport	Tier 1	ENSG00000105550	162	-0.135655966996766	-0.158556035792914	0.303022166439531	0.150268674161088	0.0670662235007388	-1.08332307173036	0.52438366650925	1.60770673823961	0.0401234567901235	0.104938271604938	85	-0.13589055083854	-0.167791821047853	0.0411764705882353	0.105882352941176	59	-0.0895555014131645	-0.103054168351875	0.0169491525423729	0.0677966101694915	11	-0.415538310215512	-0.335050831361245	0.181818181818182	0.272727272727273	4	-0.113692037129428	-0.11400925060777	0	0	3	-0.229768225637761	-0.400660309739755	0	0.333333333333333	-0.472817800889054	-0.816287492040455	1.68461124081092	0.215250433330837	0.104938271604938	FALSE	C_weak_or_non_dependent	FALSE	0.144439289138061	0.289557425044409
SLC1A2	glutamine/glutamate	Tier 1	ENSG00000110436	162	0.064283619471704	0.0408671406143106	0.299939872365015	0.150250533762225	0.06081150323573	-0.660344080936541	0.616500164164983	1.27684424510152	0.00925925925925926	0.0432098765432099	85	0.0555129894779981	0.0487996985743424	0.00588235294117647	0.0352941176470588	59	0.0992918847576464	0.0435289180160984	0.0169491525423729	0.0508474576271187	11	-0.0506593040145397	-0.0656507236689901	0	0.0909090909090909	4	-0.00394445256264249	0.0363020352911989	0	0	3	0.207708586657116	0.160415352314504	0	0	-0.472817800889054	-0.40492420584218	0.370048059747646	0.181111764748259	0.104938271604938	FALSE	C_weak_or_non_dependent	FALSE	0.144439289138061	0.289557425044409
PARP9	NAD	Tier 1	ENSG00000138496	162	-0.0930069793931279	-0.108003622327713	0.295397688651739	0.150107029801508	0.0605946698264975	-0.937462475347659	0.490682372205981	1.42814484755364	0.0246913580246914	0.0740740740740741	85	-0.0691460407508335	-0.0754498715214133	0.0352941176470588	0.0588235294117647	59	-0.179191817411307	-0.178708520186563	0.0169491525423729	0.101694915254237	11	0.0238942762619978	0.0569572449727374	0	0	4	-0.0457197590837669	-0.0488571237239206	0	0	3	-0.173933429788339	-0.323548748855538	0	0.333333333333333	-0.472817800889054	-0.447236674878459	0.696914159157664	0.177685126755008	0.104938271604938	FALSE	C_weak_or_non_dependent	FALSE	0.144439289138061	0.289557425044409
SERINC3	serine/glycine/one-carbon	Tier 1	ENSG00000132824	162	0.0289822195625636	-0.0109211354919691	0.306601562813313	0.14995245915984	0.0674180984964947	-1.03922435277408	1.01315370838174	2.05237806115582	0.0308641975308642	0.0432098765432099	85	0.0120467608099737	-0.0275748776120651	0.0588235294117647	0.0705882352941176	59	0.0286700607735219	-0.0167124580720476	0	0.0169491525423729	11	0.0937443952897477	0.0669400363519211	0	0	4	-0.0634779414829073	-0.0509549409533569	0	0	3	0.299016172567664	0.342718345839881	0	0	-0.472817800889054	-0.224448120114955	2.50513886942966	0.122680923186837	0.104938271604938	FALSE	C_weak_or_non_dependent	FALSE	0.144439289138061	0.289557425044409
NSMAF	sphingolipid	Tier 1	ENSG00000035681	162	-0.118851277512013	-0.128259724905939	0.299157357235368	0.149919552231748	0.0594754820398464	-1.02536878446263	0.36218157057912	1.38755035504175	0.0524691358024691	0.0864197530864198	85	-0.134279471741947	-0.150108279271414	0.0882352941176471	0.152941176470588	59	-0.077853379106645	-0.0970886543783487	0.0169491525423729	0.0169491525423729	11	-0.141250471563139	-0.109232610149238	0	0	4	-0.204501937866661	-0.186250843417925	0	0	3	-0.105438627652803	-0.114693001018649	0	0	-0.472817800889054	-0.570806241249429	0.834662796445533	0.192388012321201	0.104938271604938	FALSE	C_weak_or_non_dependent	FALSE	0.144439289138061	0.289557425044409
ACP3	riboflavin	Tier 1	ENSG00000014257	162	0.0963223347763611	0.0874498746730737	0.301103281353804	0.149834366822904	0.0662810792105078	-0.537711880183157	0.955129857203183	1.49284173738634	0.00617283950617284	0.0123456790123457	85	0.0886466309491587	0.0889014939437818	0	0.0117647058823529	59	0.0848326714062758	0.0586850063547489	0.0169491525423729	0.0169491525423729	11	0.143718507964603	0.14387253124595	0	0	4	0.0991342484610981	0.0901106547713126	0	0	3	0.420814762751511	0.401598958031868	0	0	-0.472817800889054	0.070701913939428	0.471750425115818	0.153940882593157	0.104938271604938	FALSE	C_weak_or_non_dependent	FALSE	0.144439289138061	0.289557425044409
ASPA	glutamine/glutamate	Tier 1	ENSG00000108381	162	0.0141619105510283	0.0108518310586348	0.299860576360771	0.149774617110435	0.0556420583598089	-0.676193100458159	0.658169242925505	1.33436234338366	0.0185185185185185	0.0308641975308642	85	0.0538914323593832	0.0472295072487382	0.0117647058823529	0.0117647058823529	59	-0.0315775762760489	-0.0365813295832404	0.0338983050847458	0.0677966101694915	11	-0.0683066070325767	0.00865643064617719	0	0	4	0.0618698494409248	0.044618733126265	0	0	3	0.0241942306216372	-0.123969569615242	0	0	-0.472817800889054	-0.0637640594693654	0.56726678060237	0.151580253876695	0.104938271604938	FALSE	C_weak_or_non_dependent	FALSE	0.144439289138061	0.289557425044409
NT5C3A	NAD	Tier 1	ENSG00000122643	162	-0.0605137768039055	-0.0581313765992369	0.30672405818411	0.149640882317522	0.0765023243626787	-1.40367363723886	0.873341838529448	2.27701547576831	0.0401234567901235	0.0679012345679012	85	-0.0148205511503723	0.00374803957757199	0.0117647058823529	0.0470588235294118	59	-0.0855437382537519	-0.118779721679304	0.0423728813559322	0.0847457627118644	11	-0.0910109020307899	-0.0478150221839051	0.0909090909090909	0.0909090909090909	4	-0.124087331348599	-0.143741661426295	0.25	0	3	-0.12016463648784	-0.542310301454305	0.333333333333333	0.333333333333333	-0.472817800889054	-0.602791136186277	3.31129172878086	0.145533219449789	0.104938271604938	FALSE	C_weak_or_non_dependent	FALSE	0.144439289138061	0.289557425044409
KMO	NAD;tryptophan	Tier 1	ENSG00000117009	162	0.0152743422013434	-0.00912607018174366	0.299023990294552	0.149499897380578	0.07264328833902	-1.41946324812353	0.639981759370723	2.05944500749425	0.0185185185185185	0.0308641975308642	85	0.022196761780811	-0.00307932114532867	0.0352941176470588	0.0470588235294118	59	0.0175039666539784	0.00186458437754445	0	0	11	-0.0279466659796052	-0.0835862225746916	0	0.0909090909090909	4	-0.0273941865889288	-0.00927563675086086	0	0	3	-0.13594645039192	-0.123380185013202	0	0	-0.472817800889054	-0.929267263171472	4.01413215002367	0.185042666143641	0.104938271604938	FALSE	C_weak_or_non_dependent	FALSE	0.144439289138061	0.289557425044409
ACY3	glutamine/glutamate	Tier 1	ENSG00000132744	162	-0.0542894561935175	-0.0874554269090444	0.30579807102736	0.149282798735086	0.0658772843053012	-0.982545305202179	0.669754117506506	1.65229942270869	0.00925925925925926	0.0555555555555556	85	-0.0643158283202104	-0.0744797058838138	0.00588235294117647	0.0235294117647059	59	-0.0581771820331671	-0.0979663158863527	0.0169491525423729	0.0677966101694915	11	-0.0455434635558822	-0.15521549492254	0	0.181818181818182	4	0.0118290950508996	0.0169843567028201	0	0	3	-0.0592963823195858	-0.139186168169846	0	0.333333333333333	-0.472817800889054	-0.571666607634085	1.8987631699781	0.166778358866038	0.104938271604938	FALSE	C_weak_or_non_dependent	FALSE	0.144439289138061	0.289557425044409
PGAM5	OXPHOS	Tier 1	ENSG00000247077	162	-0.0964879747651978	-0.107182925039574	0.291476950367728	0.149218906766339	0.0591992593550343	-0.898623303258598	0.728193937144049	1.62681724040265	0.0617283950617284	0.0493827160493827	85	-0.142941586531049	-0.13309006078197	0.0647058823529412	0.0823529411764706	59	-0.0725380635241278	-0.0724632306873736	0.0593220338983051	0.0169491525423729	11	-0.0592686481273624	-0.0375379157836562	0	0	4	-0.256260887759504	-0.271562907023922	0.25	0	3	-0.0736490470032774	-0.0921597925575103	0	0	-0.472817800889054	0.252992027277079	0.950560625341383	0.151842742557176	0.104938271604938	FALSE	C_weak_or_non_dependent	FALSE	0.144439289138061	0.289557425044409
HMMR	glycolysis	Tier 2	ENSG00000072571	162	-0.193859930179128	-0.204327065772302	0.28885287902136	0.149176563453644	0.0662622687799533	-0.954319643399129	0.484579926334782	1.43889956973391	0.095679012345679	0.111111111111111	85	-0.266711233528811	-0.262369567843402	0.135294117647059	0.152941176470588	59	-0.153316849442704	-0.135549718109527	0.0338983050847458	0.0677966101694915	11	-0.140422622362953	-0.208250282524507	0.181818181818182	0.0909090909090909	4	-0.203058288793694	-0.193081038497394	0	0	3	0.227701441497316	0.086979747265837	0	0	-0.472817800889054	-0.14809760740186	0.561669740782508	0.154408047748935	0.104938271604938	FALSE	C_weak_or_non_dependent	FALSE	0.144439289138061	0.289557425044409
TAS2R8	glutamine/glutamate	Tier 1	ENSG00000121314	162	-0.01671745370009	0.0130047292898933	0.297642969275084	0.149097616256497	0.0596125451740403	-0.749056598997595	0.62701775084583	1.37607434984343	0.0246913580246914	0.0308641975308642	85	-0.000354955800225107	0.019718145723415	0.0117647058823529	0.0235294117647059	59	-0.00820340845887737	0.016571294045608	0.0338983050847458	0.0169491525423729	11	-0.0672455077633695	-0.0385776391985156	0.0909090909090909	0.0909090909090909	4	0.0299042365616886	0.0227311676301468	0	0	3	-0.0915143814035791	-0.0711844098517813	0	0.333333333333333	-0.472817800889054	-0.0956693528608558	0.115443989384783	0.163500572760206	0.104938271604938	FALSE	C_weak_or_non_dependent	FALSE	0.144439289138061	0.289557425044409
AFMID	NAD;tryptophan	Tier 1	ENSG00000183077	162	0.00380685241275169	-0.00721981791500912	0.279053355337093	0.149061509435613	0.0653587673269045	-0.796980867551366	0.670209573709246	1.46719044126061	0.0123456790123457	0.0432098765432099	85	0.0372830377451096	0.0247619980182224	0.0117647058823529	0.0588235294117647	59	-0.0307319256145085	-0.0535448306498996	0.0169491525423729	0.0338983050847458	11	-0.00999438644374026	-0.035434131221598	0	0	4	-0.0831556630129876	-0.0670999130121987	0	0	3	0.103214772234024	0.180979923350022	0	0	-0.472817800889054	-0.135102013996798	0.876589829618165	0.146863811053817	0.104938271604938	FALSE	C_weak_or_non_dependent	FALSE	0.144439289138061	0.289557425044409
PFKFB2	glycolysis	Tier 2	ENSG00000123836	162	-0.103469895538123	-0.0824683308875199	0.302104808144281	0.148940027335351	0.055352407104259	-0.664938862549539	0.966912299419918	1.63185116196946	0.0185185185185185	0.037037037037037	85	-0.0716280656014996	-0.0533249787636668	0	0.0352941176470588	59	-0.138330710936367	-0.104782493192871	0.0338983050847458	0.0338983050847458	11	-0.188573395588866	-0.154273103023081	0.0909090909090909	0	4	-0.088008511105917	-0.125316571767054	0	0	3	-0.0972000064756509	-0.148936296721688	0	0.333333333333333	-0.472817800889054	0.603712015722264	1.89956712569859	0.171495558814283	0.104938271604938	FALSE	C_weak_or_non_dependent	FALSE	0.144439289138061	0.289557425044409
APOD	cholesterol/isoprenoid	Tier 2	ENSG00000189058	162	-0.0552278845903181	-0.0531954644263026	0.295068455250559	0.148883511872872	0.0905406335905972	-1.41411226530181	0.892137267375841	2.30624953267765	0.0277777777777778	0.0432098765432099	85	-0.00445808542273058	-0.052742809453029	0.0294117647058824	0.0470588235294118	59	-0.0773139450825528	-0.0431972862096992	0.0338983050847458	0.0508474576271187	11	-0.186232448209997	-0.181016009669389	0	0	4	0.0564425378446254	-0.0439456937105148	0	0	3	0.0888826254634754	0.193690778008015	0	0	-0.472817800889054	-0.790522970903102	4.47188928253374	0.154334372360448	0.104938271604938	FALSE	C_weak_or_non_dependent	FALSE	0.144439289138061	0.289557425044409
AKR1C2	cholesterol/isoprenoid	Tier 1	ENSG00000151632	162	0.0334482516507179	0.0114607086973862	0.285211308212267	0.14868376316689	0.085269112069573	-1.41104908663936	0.680543320184103	2.09159240682346	0.0246913580246914	0.0432098765432099	85	0.0227670058927751	0.012213605908516	0.0235294117647059	0.0470588235294118	59	0.0565531647108954	0.0175945538049527	0.0169491525423729	0.0338983050847458	11	0.114375663848815	0.0624059822018444	0	0	4	-0.000620265967204658	0.0116589628339626	0	0	3	-0.16881005042646	-0.317567341098548	0.333333333333333	0.333333333333333	-0.472817800889054	-1.08788701129646	3.85235842508316	0.220353264097255	0.104938271604938	FALSE	C_weak_or_non_dependent	FALSE	0.144439289138061	0.289557425044409
SLC2A7	glucose transport	Tier 1	ENSG00000197241	162	0.00628445087799155	-0.00841347469658676	0.292552262038487	0.148606174991116	0.0687846742004516	-1.06538581882303	1.01425879918342	2.07964461800645	0.0185185185185185	0.0432098765432099	85	-0.0201160094135057	-0.00626818905683488	0	0.0235294117647059	59	0.0461557285219657	0.0261285601105239	0.0338983050847458	0.0338983050847458	11	-0.0741819962249447	-0.111049100432118	0.0909090909090909	0.181818181818182	4	-0.0184433525365031	-0.0407100878461356	0	0	3	-0.161318982029737	-0.329130473799721	0	0.333333333333333	-0.472817800889054	-0.394800700995844	2.56547826794154	0.134057154561181	0.104938271604938	FALSE	C_weak_or_non_dependent	FALSE	0.144439289138061	0.289557425044409
CYP39A1	cholesterol/isoprenoid	Tier 1	ENSG00000146233	162	0.0270898036730667	0.0119153663725931	0.314640292415028	0.148591519736747	0.0690402587942131	-0.985836023846852	0.638069750207836	1.62390577405469	0.0123456790123457	0.0493827160493827	85	0.0549980962288977	0.0370493061794018	0.0117647058823529	0.0470588235294118	59	0.0205786164064187	0.00321395684522405	0	0.0338983050847458	11	0.00076748019492667	-0.0575699432056894	0.0909090909090909	0.0909090909090909	4	-0.00905639706955138	0.000138801379859846	0	0	3	-0.24163759166861	-0.258603652338048	0	0.333333333333333	-0.472817800889054	-0.661214782436072	1.46553870968314	0.191060254577522	0.104938271604938	FALSE	C_weak_or_non_dependent	FALSE	0.144439289138061	0.289557425044409
ADI1	methionine	Tier 1	ENSG00000182551	162	0.0167330442032621	0.0272987204294499	0.291680197932881	0.148396128272156	0.0510499294978754	-0.726165200174487	0.658836820103583	1.38500202027807	0.00617283950617284	0.0123456790123457	85	-0.00343717668654292	0.0121182611351579	0	0.0117647058823529	59	0.00718590400129741	0.04664728581765	0	0	11	0.00423168739878821	-0.0522083812501334	0.0909090909090909	0.0909090909090909	4	0.0389567419727449	0.117265285543836	0	0	3	0.104335995621062	0.248460567139083	0	0	-0.472817800889054	0.265250732525533	0.672766564589567	0.159054880448731	0.104938271604938	FALSE	C_weak_or_non_dependent	FALSE	0.144439289138061	0.289557425044409
AKR1D1	cholesterol/isoprenoid	Tier 1	ENSG00000122787	162	-0.166052443276014	-0.174774131638026	0.301733028877376	0.148394028830278	0.079656412267052	-1.52674678676205	0.804839489760422	2.33158627652247	0.0432098765432099	0.0864197530864198	85	-0.118327794431134	-0.167614230549003	0.0235294117647059	0.0941176470588235	59	-0.188129772993498	-0.184397446235168	0.0508474576271187	0.0847457627118644	11	-0.197481054868678	-0.195008799824636	0	0.0909090909090909	4	-0.139689955716138	-0.142367368876424	0.25	0	3	-0.466555555330261	-0.157394709081131	0.333333333333333	0	-0.472817800889054	-0.389515988060309	3.34144071677748	0.122547648583917	0.104938271604938	FALSE	C_weak_or_non_dependent	FALSE	0.144439289138061	0.289557425044409
GRM2	glutamine/glutamate	Tier 1	ENSG00000164082	162	-0.207993113880734	-0.202318717922624	0.28520662329915	0.148090299486405	0.0618280215920184	-1.14512197487963	0.737523632445113	1.88264560732474	0.0925925925925926	0.111111111111111	85	-0.221112467643083	-0.194279558255616	0.0705882352941176	0.129411764705882	59	-0.191411026003887	-0.18702140012944	0.101694915254237	0.0677966101694915	11	-0.218765920306914	-0.248672893206085	0.0909090909090909	0.0909090909090909	4	-0.305433859537753	-0.313935176431934	0.5	0.25	3	-0.359854681999473	-0.412154904368693	0	0.333333333333333	-0.472817800889054	0.0116389672151423	1.95549872701699	0.124826254457619	0.104938271604938	FALSE	C_weak_or_non_dependent	FALSE	0.144439289138061	0.289557425044409
TMEM97	cholesterol/isoprenoid	Tier 2	ENSG00000109084	162	-0.0219170515949439	-0.0671570817692262	0.28606989965378	0.147996966163359	0.0748580074477886	-1.19161777325641	0.638335039752362	1.82995281300877	0.0216049382716049	0.0432098765432099	85	-0.0727470745312318	-0.118214461404607	0.0294117647058824	0.0705882352941176	59	0.00200403919388586	-0.00901875629103762	0.0169491525423729	0.0169491525423729	11	0.0230877438880765	-0.00873425369922456	0	0	4	-0.00630750849874461	0.0217500726102294	0	0	3	-0.149441590364971	-0.0966783019337556	0	0	-0.472817800889054	-1.04948604265115	3.23715765574793	0.226108051730468	0.104938271604938	FALSE	C_weak_or_non_dependent	FALSE	0.144439289138061	0.289557425044409
TNRC6B	cholesterol/isoprenoid	Tier 2	ENSG00000100354	162	-0.0291675636506742	-0.0178077524561388	0.302060651773118	0.147822034160918	0.0913706417303203	-0.983037212569496	1.10434700240656	2.08738421497605	0.0185185185185185	0.0740740740740741	85	-0.0178274016196372	0.0210033359521124	0.0117647058823529	0.0470588235294118	59	-0.0315431601887809	-0.0471424523838717	0	0.0847457627118644	11	-0.138981612124151	-0.118232791127648	0.181818181818182	0.181818181818182	4	0.0314895041895465	0.0254275093529761	0	0	3	-0.0097061556306678	-0.229961366061128	0	0.333333333333333	-0.472817800889054	0.0299483970917912	1.55940848258043	0.131418040755865	0.104938271604938	FALSE	C_weak_or_non_dependent	FALSE	0.144439289138061	0.289557425044409
PPARG	cholesterol/isoprenoid	Tier 2	ENSG00000132170	162	0.0824946132259908	0.064109237697687	0.300394016089594	0.147740910222359	0.0567437577656967	-0.615462779273883	0.633483640122276	1.24894641939616	0.0123456790123457	0.0246913580246914	85	0.0818662918710798	0.0557771216767117	0.0117647058823529	0.0352941176470588	59	0.0911704343726176	0.089500971634035	0	0	11	0.0800712630596136	0.0498160808368006	0.0909090909090909	0.0909090909090909	4	0.0408301511580274	0.00205568904516097	0	0	3	-0.107265575250198	-0.0640386024295743	0	0	-0.472817800889054	-0.184000919842283	0.167013557163245	0.166115089427415	0.104938271604938	FALSE	C_weak_or_non_dependent	FALSE	0.144439289138061	0.289557425044409
VCAN	glycolysis	Tier 2	ENSG00000038427	162	-0.0939181109551022	-0.096910798268525	0.304052303807693	0.147424309319601	0.0656827702698371	-1.00506573157398	0.701882548331393	1.70694827990538	0.0185185185185185	0.0740740740740741	85	-0.107801367824016	-0.105984587237385	0.0117647058823529	0.0941176470588235	59	-0.0810239992770731	-0.0725302630063513	0.0169491525423729	0.0508474576271187	11	-0.142755605333404	-0.196308239457272	0.0909090909090909	0.0909090909090909	4	0.0132808541775832	0.00424634328312088	0	0	3	-0.0618966735855281	-0.0897228753503621	0	0	-0.472817800889054	-0.315536718388002	1.08623737878333	0.153936682096855	0.104938271604938	FALSE	C_weak_or_non_dependent	FALSE	0.144439289138061	0.289557425044409
ARL6IP5	glutamine/glutamate	Tier 1	ENSG00000144746	162	0.0995636594666986	0.0860435972161195	0.291240014183327	0.146990115459058	0.0561484227497403	-0.684666577090977	0.710163956528425	1.3948305336194	0	0.0185185185185185	85	0.104305851484447	0.0786769741260882	0	0.0352941176470588	59	0.0907846100086518	0.0984065480892705	0	0	11	0.152032633278556	0.117286012363578	0	0	4	0.0961417112460305	0.110785725939259	0	0	3	-0.0950054730904157	-0.0959184762431608	0	0	-0.472817800889054	-0.352203878911869	0.717469753233714	0.165930883470539	0.104938271604938	FALSE	C_weak_or_non_dependent	FALSE	0.144439289138061	0.289557425044409
CHD9	cholesterol/isoprenoid	Tier 2	ENSG00000177200	162	-0.153574972270833	-0.136941475279148	0.302957800312578	0.146812045716443	0.0762648576102295	-0.907171376281811	0.864695245575062	1.77186662185687	0.0555555555555556	0.104938271604938	85	-0.129428982793917	-0.0966537625291691	0.0235294117647059	0.0823529411764706	59	-0.178643196574356	-0.197272729502715	0.0677966101694915	0.11864406779661	11	-0.138515904062794	-0.0772276858543045	0.0909090909090909	0.0909090909090909	4	-0.322551815571752	-0.284833238135451	0.5	0.25	3	-0.222078210849837	-0.113673547547747	0	0.333333333333333	-0.472817800889054	0.293098151203359	1.13248058760948	0.151046873224776	0.104938271604938	FALSE	C_weak_or_non_dependent	FALSE	0.144439289138061	0.289557425044409
SMARCD2	arginine	Tier 2	ENSG00000108604	162	-0.105646419741063	-0.106484330997104	0.290595892158267	0.146796731214158	0.0571276089204708	-0.77405287451982	0.625502512159438	1.39955538667926	0.037037037037037	0.0493827160493827	85	-0.0816906750100918	-0.0956304199334961	0.0352941176470588	0.0705882352941176	59	-0.119725363171299	-0.110642949866245	0.0338983050847458	0.0169491525423729	11	-0.0716777734871197	-0.085227195625378	0	0	4	-0.19702851418507	-0.246423496474517	0.25	0.25	3	-0.241826596486394	-0.223582915765978	0	0	-0.472817800889054	0.0831978636664139	0.671254002384255	0.149661938351562	0.104938271604938	FALSE	C_weak_or_non_dependent	FALSE	0.144439289138061	0.289557425044409
COX8A	OXPHOS	Tier 1;Tier 2	ENSG00000176340	162	-0.0312908848288149	-0.0294381508885468	0.291157378874306	0.146727835944844	0.0564000385361204	-0.602250453151378	0.708286205390357	1.31053665854174	0.037037037037037	0.0432098765432099	85	-0.000135413010707536	-0.0285890372654505	0.0235294117647059	0.0470588235294118	59	-0.0631204358709578	-0.0538541806163127	0.0508474576271187	0.0338983050847458	11	-0.0405049673545166	-0.00447424084008023	0.0909090909090909	0.0909090909090909	4	0.0155638573957922	0.0345461068799258	0	0	3	0.255128830637583	0.249838867234113	0	0	-0.472817800889054	0.129295362895027	0.41740198017997	0.157043229537778	0.104938271604938	FALSE	C_weak_or_non_dependent	FALSE	0.144439289138061	0.289557425044409
GRIK1	glutamine/glutamate	Tier 1	ENSG00000171189	162	-0.0764847231511872	-0.089272575806542	0.299958956795444	0.146580833908545	0.0760204465523197	-0.967999344248332	0.637826404006654	1.60582574825499	0.0246913580246914	0.0740740740740741	85	-0.0885811698819344	-0.109363283905275	0.0470588235294118	0.117647058823529	59	-0.0489052855812368	-0.0566743308075248	0	0.0169491525423729	11	-0.144316875553077	-0.101861039017408	0	0.0909090909090909	4	-0.106549622112876	-0.0677766454603784	0	0	3	-0.113803078825458	-0.143638206678153	0	0	-0.472817800889054	-0.236246195207121	1.30298611209183	0.143458448620181	0.104938271604938	FALSE	C_weak_or_non_dependent	FALSE	0.144439289138061	0.289557425044409
DLG1	glutamine/glutamate	Tier 1	ENSG00000075711	162	-0.0631590250346246	-0.0780541479553285	0.290058419873576	0.146534397676275	0.0641916829116578	-0.842957764268344	0.688882512812758	1.5318402770811	0.0246913580246914	0.0617283950617284	85	-0.0567940658157478	-0.0776622122185961	0.0470588235294118	0.0941176470588235	59	-0.0518955817782416	-0.0718922436985367	0	0.0338983050847458	11	-0.149464545175603	-0.109859030946067	0	0	4	-0.143709342876339	-0.116943856083869	0	0	3	-0.0398305864862933	-0.0418722624088884	0	0	-0.472817800889054	-0.216794324011856	0.558711541410111	0.158266245159659	0.104938271604938	FALSE	C_weak_or_non_dependent	FALSE	0.144439289138061	0.289557425044409
CYP1A2	tryptophan	Tier 1	ENSG00000140505	162	-0.112103098610607	-0.111398455952118	0.290781598843782	0.146450550437429	0.069805453621068	-1.33440670194773	0.918893286002695	2.25329998795042	0.0308641975308642	0.0493827160493827	85	-0.0482140403423663	-0.0602135100622672	0.0470588235294118	0.0705882352941176	59	-0.148189150185727	-0.169965265281534	0.0169491525423729	0.0338983050847458	11	-0.119278302263995	-0.116182633291074	0	0	4	-0.17889907152103	-0.179702862151657	0	0	3	-0.413934372856931	-0.301210147510515	0	0	-0.472817800889054	0.0282799542930474	4.35174426781762	0.0961524742541938	0.104938271604938	FALSE	C_weak_or_non_dependent	FALSE	0.144439289138061	0.289557425044409
B4GAT1	sphingolipid	Tier 1	ENSG00000174684	162	0.0191351718020495	-0.006423409502949	0.298270791503183	0.146376358513481	0.0639989405979141	-0.935736142706364	0.778656048938751	1.71439219164511	0.00617283950617284	0.0432098765432099	85	-0.0126640956869656	-0.00196278666397904	0.0117647058823529	0.0352941176470588	59	0.0411255295640131	0.0111794093642772	0	0.0338983050847458	11	-0.00687916404100796	-0.0635253470440419	0	0.0909090909090909	4	0.0194215999015679	-0.000775890262831001	0	0	3	-0.240876605802831	-0.277152748998696	0	0.333333333333333	-0.472817800889054	-0.504115568816406	1.56033647969025	0.164647883401718	0.104938271604938	FALSE	C_weak_or_non_dependent	FALSE	0.144439289138061	0.289557425044409
PNP	NAD	Tier 1	ENSG00000198805	162	-0.108673687381411	-0.128382793774881	0.285128998548876	0.146366128181608	0.0882782776684365	-1.88037817114109	0.617357991316978	2.49773616245807	0.0524691358024691	0.0925925925925926	85	-0.108536094748797	-0.117139227377288	0.0647058823529412	0.0941176470588235	59	-0.103479561135399	-0.134239451325714	0.0338983050847458	0.0677966101694915	11	-0.203609421442617	-0.230607680229315	0.0909090909090909	0.181818181818182	4	0.0380034950225377	0.0497965770207614	0	0	3	-0.108811280014025	-0.194517487268222	0	0.333333333333333	-0.472817800889054	-1.3476843232368	6.75602289990936	0.219800918808049	0.104938271604938	FALSE	C_weak_or_non_dependent	FALSE	0.144439289138061	0.289557425044409
ACO1	TCA;iron	Tier 1	ENSG00000122729	162	-0.157917269485615	-0.154095651344213	0.287496281122631	0.146359593737792	0.0708957333167306	-1.19719476379087	1.04212104362003	2.2393158074109	0.058641975308642	0.0740740740740741	85	-0.134935427077156	-0.0958568970437237	0.0352941176470588	0.0705882352941176	59	-0.2086265111392	-0.209092945174345	0.076271186440678	0.0677966101694915	11	-0.121710305065603	-0.179788492860714	0.0909090909090909	0.0909090909090909	4	-0.251768706740879	-0.256722622418336	0	0	3	-0.160916251430092	-0.491537197539468	0.333333333333333	0.333333333333333	-0.472817800889054	0.443013623787535	3.03071143406579	0.131639050704577	0.104938271604938	FALSE	C_weak_or_non_dependent	FALSE	0.144439289138061	0.289557425044409
PRKD3	sphingolipid	Tier 1	ENSG00000115825	162	-0.119020172568262	-0.103729043504379	0.282846682725186	0.146304882819069	0.0629608342295276	-0.986730518195882	0.960440003800393	1.94717052199628	0.058641975308642	0.037037037037037	85	-0.129250120071105	-0.0882669232134438	0.0764705882352941	0.0352941176470588	59	-0.104817961361901	-0.117956585424363	0.0338983050847458	0.0508474576271187	11	-0.143570417466472	-0.101459361170192	0	0	4	-0.238555341965594	-0.19452433895474	0.25	0	3	-0.265777991771268	-0.149275901946029	0	0	-0.472817800889054	0.840469858114195	3.41154135168308	0.180222029470887	0.104938271604938	FALSE	C_weak_or_non_dependent	FALSE	0.144439289138061	0.289557425044409
RETSAT	OXPHOS	Tier 2	ENSG00000042445	162	-0.0889437092216129	-0.099892619441573	0.299935846133785	0.146217333259764	0.0646770140790136	-1.22358035149521	0.700149318991188	1.9237296704864	0.0277777777777778	0.0432098765432099	85	-0.071007645955806	-0.082964060891339	0.00588235294117647	0.0352941176470588	59	-0.0884176023366168	-0.124090610711094	0.0677966101694915	0.0677966101694915	11	-0.132521828305908	-0.164099098659838	0	0	4	-0.0468192475012282	-0.0346092248580942	0	0	3	-0.190149617332248	0.0447379476247073	0	0	-0.472817800889054	-0.417224814421413	2.02365561775374	0.145299718054443	0.104938271604938	FALSE	C_weak_or_non_dependent	FALSE	0.144439289138061	0.289557425044409
SLC7A5	amino-acid transport;tryptophan	Tier 1	ENSG00000103257	162	-0.11669690001257	-0.120931146968428	0.283046194049693	0.146096275719679	0.0893553597090683	-1.35917086530317	0.937649344574138	2.2968202098773	0.0555555555555556	0.0802469135802469	85	-0.0900189519764717	-0.048556034844252	0.0117647058823529	0.0352941176470588	59	-0.131946191652732	-0.168719762612497	0.0677966101694915	0.101694915254237	11	-0.161091723965994	-0.352498935660094	0.272727272727273	0.272727272727273	4	-0.356370037990991	-0.343263544829439	0.25	0.25	3	-0.108263829336798	-0.0861914604692445	0	0	-0.472817800889054	-0.281803738975263	3.76240662176019	0.109929650793519	0.104938271604938	FALSE	C_weak_or_non_dependent	FALSE	0.144439289138061	0.289557425044409
SLC39A1	zinc	Tier 1	ENSG00000143570	162	-0.0642333710349521	-0.0663883747331904	0.290636469818091	0.145952882091378	0.073014963596626	-1.47870667457578	0.987239315245799	2.46594598982158	0.0401234567901235	0.0493827160493827	85	-0.063768822061965	-0.0497883736806523	0.00588235294117647	0.0470588235294118	59	-0.0175198689334753	-0.0251700816984155	0.0338983050847458	0.0169491525423729	11	-0.211586341722181	-0.222710831396768	0.272727272727273	0.181818181818182	4	-0.23133343120498	-0.229706966485913	0	0	3	-0.149460146985484	-0.556407704135596	0.333333333333333	0.333333333333333	-0.472817800889054	-0.462720100269007	5.30123130545166	0.106895132495432	0.104938271604938	FALSE	C_weak_or_non_dependent	FALSE	0.144439289138061	0.289557425044409
AOC3	serine/glycine/one-carbon	Tier 1	ENSG00000131471	162	0.0282702951151677	-0.00470995234327034	0.298221915480898	0.145923890765297	0.0928678252482612	-0.987487596782878	0.844378316102208	1.83186591288509	0.0246913580246914	0.0802469135802469	85	0.0464037683908533	0.0149148082411394	0.0235294117647059	0.0705882352941176	59	0.0245717063154948	-0.00722659396517028	0.0169491525423729	0.0677966101694915	11	0.0781107314023572	-0.0487140464893346	0.0909090909090909	0.181818181818182	4	-0.0205698663202954	-0.014927899679279	0	0	3	-0.0682932178114079	-0.336278608687266	0	0.333333333333333	-0.472817800889054	-0.602489426516545	1.1314759470043	0.189615474748393	0.104938271604938	FALSE	C_weak_or_non_dependent	FALSE	0.144439289138061	0.289557425044409
ECI2	fatty-acid oxidation	Tier 1	ENSG00000198721	162	0.0963213741502345	0.0653751190629182	0.315296117645281	0.145897858809622	0.0658461207590421	-0.855131884546116	1.21395695521384	2.06908883975995	0.00308641975308642	0.0123456790123457	85	0.103263120612559	0.0679675993847881	0.00588235294117647	0	59	0.0964162770027605	0.0911698986251447	0	0	11	-0.0147378873528746	0.031339053482556	0	0	4	0.0418694573862786	0.0694387552267228	0	0	3	-0.607589383508624	-0.395995095870931	0	0.666666666666667	-0.472817800889054	0.231872498633568	2.38573347060009	0.124817346916771	0.104938271604938	FALSE	C_weak_or_non_dependent	FALSE	0.144439289138061	0.289557425044409
B4GALNT1	sphingolipid	Tier 1	ENSG00000135454	162	-0.0277642212910981	-0.00239644708090524	0.272756885074668	0.145679657480698	0.0676376521273908	-0.869009740747693	1.05901349785826	1.92802323860596	0.0154320987654321	0.037037037037037	85	-0.0103150004394345	0.0225714198727416	0.0176470588235294	0.0352941176470588	59	-0.0206181956064785	-0.0120898888665911	0.0169491525423729	0.0338983050847458	11	-0.153648398336084	-0.165305452299308	0	0.0909090909090909	4	-0.0246535506229077	-0.0243189389145461	0	0	3	-0.0216989996193401	0.107381352596585	0	0	-0.472817800889054	0.4774398329636	2.22679483972303	0.148240036522106	0.104938271604938	FALSE	C_weak_or_non_dependent	FALSE	0.144439289138061	0.289557425044409
G6PC2	glycolysis	Tier 1	ENSG00000152254	162	-0.0537882863411781	-0.0665028255702152	0.285623628440156	0.145672094854019	0.0596013794112063	-0.67029247376304	1.01334411009823	1.68363658386127	0.0185185185185185	0.0555555555555556	85	-0.0334069189352483	-0.04889803029491	0.0117647058823529	0.0823529411764706	59	-0.0924568114581226	-0.0945105311490455	0.0338983050847458	0.0338983050847458	11	-0.0529432762951065	-0.0776086346135774	0	0	4	-0.194796966797159	-0.182299760765447	0	0	3	-0.0951587207926036	0.180630064765769	0	0	-0.472817800889054	0.320399599904072	1.75760344019976	0.141106990572028	0.104938271604938	FALSE	C_weak_or_non_dependent	FALSE	0.144439289138061	0.289557425044409
PDSS2	cholesterol/isoprenoid	Tier 1	ENSG00000164494	162	-0.162077673363333	-0.172037297568746	0.288532748721645	0.145546989208037	0.0513930218848917	-1.00049611847838	0.392496008854128	1.39299212733251	0.0617283950617284	0.0864197530864198	85	-0.242488609778966	-0.23601087020657	0.0941176470588235	0.141176470588235	59	-0.104493996996572	-0.113651987045625	0.0338983050847458	0.0169491525423729	11	-0.0205694253908263	-0.0471046440404663	0	0.0909090909090909	4	-0.131224393675186	-0.0979148024145808	0	0	3	0.000674486072677144	-0.0646135695943328	0	0	-0.472817800889054	-0.456950938122949	0.716067146730297	0.178479528528602	0.104938271604938	FALSE	C_weak_or_non_dependent	FALSE	0.144439289138061	0.289557425044409
PLPP3	sphingolipid	Tier 1	ENSG00000162407	162	0.0520670349729997	0.0612985958259344	0.293672814131968	0.145447773367951	0.0667229489556787	-0.591220995196869	1.13132023544893	1.7225412306458	0	0.037037037037037	85	0.0487356414592675	0.047785650618719	0	0.0705882352941176	59	0.0605379797807362	0.0873367440367868	0	0	11	0.0333488016462843	0.0326473315476993	0	0	4	0.0342425446661861	0.0083576442975271	0	0	3	0.080985747457999	0.107724366275015	0	0	-0.472817800889054	0.385039724164548	1.80719598980339	0.146015718214991	0.104938271604938	FALSE	C_weak_or_non_dependent	FALSE	0.144439289138061	0.289557425044409
NDUFAF5	OXPHOS	Tier 1	ENSG00000101247	162	-0.0261341505844846	-0.0620658913353548	0.290342675067084	0.145433619461349	0.0768864268959249	-1.55819959609058	0.506794166976295	2.06499376306688	0.0308641975308642	0.0555555555555556	85	-0.0629613859741199	-0.0891188328398465	0.0117647058823529	0.0705882352941176	59	0.0438021855622748	-0.0227996682983194	0.0508474576271187	0.0338983050847458	11	0.0674964560070399	0.0652819361805208	0	0	4	-0.0614859956618462	-0.062528179303606	0	0	3	-0.0822251378862477	-0.534127252036994	0.333333333333333	0.333333333333333	-0.472817800889054	-1.93708237284732	7.71447128929123	0.345089065525578	0.104938271604938	FALSE	C_weak_or_non_dependent	FALSE	0.144439289138061	0.289557425044409
MET	glycolysis	Tier 2	ENSG00000105976	162	-0.110133756453693	-0.125420340080231	0.283839879441566	0.145224235277012	0.0560399489932346	-0.994780838147365	0.503460591158671	1.49824142930604	0.0524691358024691	0.0679012345679012	85	-0.109168301643245	-0.132247976417147	0.0294117647058824	0.0941176470588235	59	-0.0886189330338584	-0.105853219951533	0.0677966101694915	0.0508474576271187	11	-0.275974432989679	-0.221525804024518	0.0909090909090909	0	4	-0.258650391146599	-0.226511101785448	0.25	0	3	0.304101764853908	0.170383710337319	0	0	-0.472817800889054	-0.218994267007034	0.550738937958027	0.158602305288202	0.104938271604938	FALSE	C_weak_or_non_dependent	FALSE	0.144439289138061	0.289557425044409
ACOX1	fatty-acid oxidation	Tier 1	ENSG00000161533	162	-0.0830708932215334	-0.0669799449506373	0.293916138893753	0.145197197707164	0.0602641993415038	-0.605650036029717	0.900949274762666	1.50659931079238	0.0216049382716049	0.037037037037037	85	-0.0829261915682783	-0.0683936479676777	0	0.0352941176470588	59	-0.0862374135863568	-0.101499041405462	0.0423728813559322	0.0508474576271187	11	0.0791404215156319	0.0135155718849087	0.0909090909090909	0	4	-0.153485059214448	-0.15803641502969	0	0	3	0.749137462513858	0.47820893585213	0	0	-0.472817800889054	0.67649835356568	1.40413972946696	0.195372885091882	0.104938271604938	FALSE	C_weak_or_non_dependent	FALSE	0.144439289138061	0.289557425044409
ARID1B	arginine	Tier 2	ENSG00000049618	162	0.0172078926939175	-0.0169993248613667	0.287221144649971	0.145183238644939	0.0738254867934962	-1.0196958415862	0.744626934313352	1.76432277589955	0.0246913580246914	0.0555555555555556	85	-0.0191093708356075	-0.0488286272067532	0.0352941176470588	0.0705882352941176	59	0.02623090883174	0.0186792194382731	0.0169491525423729	0.0508474576271187	11	0.0121396788013278	0.0462065080928895	0	0	4	-0.0406034855924169	0.0117778222304991	0	0	3	-0.00780255786995251	-0.0869713799230914	0	0	-0.472817800889054	-0.681710719010325	2.35304669947759	0.174170016957088	0.104938271604938	FALSE	C_weak_or_non_dependent	FALSE	0.144439289138061	0.289557425044409
PC	OXPHOS;TCA;glycolysis	Tier 1;Tier 2	ENSG00000173599	162	-0.0389813721556466	-0.0730352251792081	0.287934273024765	0.145021608086693	0.0703341400420572	-1.48586121634602	0.861840978167886	2.3477021945139	0.0277777777777778	0.0679012345679012	85	-0.0399494369024453	-0.0982792232783879	0.0294117647058824	0.0941176470588235	59	-0.0397474972597133	-0.0410792271034146	0.0169491525423729	0.0338983050847458	11	0.0478529194212376	0.0500752312171847	0	0	4	-0.0556866915075616	-0.015104546617743	0	0	3	-0.209373763510452	-0.514902486061781	0.333333333333333	0.333333333333333	-0.472817800889054	-1.10002140220252	5.82100585969411	0.186066490795279	0.104938271604938	FALSE	C_weak_or_non_dependent	FALSE	0.144439289138061	0.289557425044409
PKLR	OXPHOS;glycolysis	Tier 1	ENSG00000143627	162	-0.147604795703687	-0.151350289746702	0.279319356111846	0.145015174465591	0.0630006933570515	-1.09389758186275	0.888102788092619	1.98200036995537	0.095679012345679	0.0802469135802469	85	-0.108505141949536	-0.109368709619602	0.0941176470588235	0.0823529411764706	59	-0.177562980744626	-0.202803215893593	0.0932203389830508	0.0847457627118644	11	-0.27188733896274	-0.218225294486791	0.0909090909090909	0	4	-0.153682693080247	-0.16747879316013	0	0	3	-0.0276447861409264	-0.0622078238608241	0.333333333333333	0.333333333333333	-0.472817800889054	0.173633046771291	2.49604292050684	0.12044625110907	0.104938271604938	FALSE	C_weak_or_non_dependent	FALSE	0.144439289138061	0.289557425044409
ST3GAL4	sphingolipid	Tier 1	ENSG00000110080	162	0.0284686840205817	0.0605056674370792	0.292565004995926	0.14461021107048	0.0526156516126841	-0.594085100136102	0.766800061217035	1.36088516135314	0	0.0123456790123457	85	0.0702665446673709	0.100343886534886	0	0.0117647058823529	59	0.0036474751776819	5.78513698338199e-06	0	0.0169491525423729	11	0.113102255387332	0.115174835588884	0	0	4	-0.0498273816602963	-0.052143119226232	0	0	3	0.113883666179897	0.0713319105622458	0	0	-0.472817800889054	0.389843803418583	0.898579870779572	0.165625915663532	0.104938271604938	FALSE	C_weak_or_non_dependent	FALSE	0.144439289138061	0.289557425044409
ACSM1	serine/glycine/one-carbon	Tier 1	ENSG00000166743	162	-0.116262390576777	-0.107786939991423	0.290006956831049	0.144512028406347	0.0701023083157424	-1.26700491316629	0.667599909752106	1.93460482291839	0.0432098765432099	0.0555555555555556	85	-0.0765031233848777	-0.066365091060394	0.0470588235294118	0.0588235294117647	59	-0.1384565791655	-0.13853830973192	0.0338983050847458	0.0508474576271187	11	-0.19205264656411	-0.263483733473769	0.0909090909090909	0.0909090909090909	4	0.036393322084039	-0.0119163605883306	0	0	3	-0.250990339347255	-0.233568251243004	0	0	-0.472817800889054	-0.544928424841635	3.25027730752519	0.139351791851988	0.104938271604938	FALSE	C_weak_or_non_dependent	FALSE	0.144439289138061	0.289557425044409
PGM2	PPP;glycolysis	Tier 1;Tier 2	ENSG00000169299	162	0.012373139000046	-0.000905823483084512	0.291053139636441	0.144507593504316	0.0699765299720412	-1.31248198666085	0.775220381827448	2.0877023684883	0.00617283950617284	0.037037037037037	85	0.0114942999147066	-0.0183955109103261	0.0117647058823529	0.0588235294117647	59	0.0309312134955881	0.0275632293999586	0	0.0169491525423729	11	0.0616195396763532	-0.00297546635327619	0	0	4	-0.0123897391784723	-0.0229564642408731	0	0	3	-0.219994282413525	-0.0282665082099992	0	0	-0.472817800889054	-0.816430475252859	3.68474187313864	0.171078884474794	0.104938271604938	FALSE	C_weak_or_non_dependent	FALSE	0.144439289138061	0.289557425044409
ARTN	glycolysis	Tier 2	ENSG00000117407	162	-0.0190144641786215	-0.0615857994569944	0.28372223192854	0.144480331818984	0.0831960203295414	-1.26673657742446	0.56418437339733	1.83092095082179	0.0432098765432099	0.0740740740740741	85	-0.0873865851418916	-0.108793415715864	0.0705882352941176	0.0941176470588235	59	0.0591634730703046	0.0370692000277145	0	0.0169491525423729	11	0.00772532986351944	-0.0922299020433558	0.0909090909090909	0.0909090909090909	4	-0.0327531820478405	-0.0405596779177222	0	0	3	-0.63489141094198	-0.579924781223993	0	0.666666666666667	-0.472817800889054	-1.41802810036288	3.56753523773736	0.312834924658282	0.104938271604938	FALSE	C_weak_or_non_dependent	FALSE	0.144439289138061	0.289557425044409
BRIP1	iron	Tier 1	ENSG00000136492	162	-0.0571063260426225	-0.0635175596397307	0.283287091942878	0.144444625411231	0.0688376168947033	-1.0881753439139	0.625685439084485	1.71386078299839	0.0154320987654321	0.0493827160493827	85	-0.0877023851075509	-0.0926171292793191	0.0294117647058824	0.0705882352941176	59	-0.00804867861367545	-0.0256630340559206	0	0.0338983050847458	11	-0.0204004730475368	-0.0329062578210481	0	0	4	-0.129921835477373	-0.0827766450328507	0	0	3	-0.140931953476466	-0.0700647491439999	0	0	-0.472817800889054	-0.642796110637233	2.43427430330022	0.166433577358311	0.104938271604938	FALSE	C_weak_or_non_dependent	FALSE	0.144439289138061	0.289557425044409
CERS6	sphingolipid	Tier 1	ENSG00000172292	162	-0.113395595202292	-0.128079399982234	0.28268312743778	0.144438078209173	0.0684787085883799	-1.59510693304088	0.5372422830366	2.13234921607748	0.0524691358024691	0.0802469135802469	85	-0.134847391958636	-0.137342779386449	0.0764705882352941	0.105882352941176	59	-0.111570214535345	-0.125803564697356	0.0338983050847458	0.0508474576271187	11	-0.0516173237626539	-0.017396322496072	0	0	4	-0.113737809341887	-0.111374723938753	0	0	3	-0.301125267985236	-0.338485929639319	0	0.333333333333333	-0.472817800889054	-1.27927663255603	5.41629163160357	0.229804378922392	0.104938271604938	FALSE	C_weak_or_non_dependent	FALSE	0.144439289138061	0.289557425044409
SLC35A3	glycolysis	Tier 2	ENSG00000117620	162	0.0373376169412246	0.0302945202417274	0.288135896798981	0.144355063206615	0.0670368111101188	-0.797537121228949	0.91242594159057	1.70996306281952	0.00617283950617284	0.037037037037037	85	0.0510418891017178	0.0422156072471579	0	0.0352941176470588	59	0.0561872418904963	0.0347211856465767	0.0169491525423729	0.0338983050847458	11	-0.0191873468221568	-0.0664602998840985	0	0	4	-0.00839257344837449	-0.0156449574989679	0	0	3	-0.0393062255838781	0.0214929462414507	0	0.333333333333333	-0.472817800889054	-0.00384822426239107	1.68051695977105	0.129246990179236	0.104938271604938	FALSE	C_weak_or_non_dependent	FALSE	0.144439289138061	0.289557425044409
PARP10	NAD	Tier 1	ENSG00000178685	162	-0.0569781781678646	-0.0755106773765477	0.293443982731835	0.144353758244116	0.0720125351490755	-0.889972744711932	0.841764557711911	1.73173730242384	0.0154320987654321	0.0679012345679012	85	-0.114179458655786	-0.100423301398648	0.0117647058823529	0.0941176470588235	59	-0.00494765497930004	-0.0470267326793614	0.0254237288135593	0.0338983050847458	11	-0.0425477065990023	-0.0698816356272437	0	0.0909090909090909	4	-0.0434991928959141	-0.104684545529238	0	0	3	0.0229507943175772	0.0884214286611049	0	0	-0.472817800889054	-0.245428892134681	1.55615717320927	0.139268647119598	0.104938271604938	FALSE	C_weak_or_non_dependent	FALSE	0.144439289138061	0.289557425044409
NDUFB11	OXPHOS	Tier 1	ENSG00000147123	162	-0.293297853830757	-0.334314667092257	0.277544185322062	0.144198789630248	0.0762075939814884	-1.55084581441599	0.410041209054703	1.96088702347069	0.222222222222222	0.234567901234568	85	-0.364896236674266	-0.397571093601813	0.288235294117647	0.364705882352941	59	-0.260774992738387	-0.269948425933936	0.161016949152542	0.11864406779661	11	-0.267852974726683	-0.237196983766432	0.0909090909090909	0	4	-0.273577759332125	-0.274963845836253	0.25	0	3	-0.227183366691374	-0.243151259304525	0	0	-0.472817800889054	-0.844401907590867	2.43034041066585	0.201838346366188	0.104938271604938	FALSE	C_weak_or_non_dependent	FALSE	0.144439289138061	0.289557425044409
SLC39A3	zinc	Tier 1	ENSG00000141873	162	-0.0676573111977868	-0.0847689398910964	0.292431814893749	0.144185540372547	0.0689012725685309	-1.08706173535823	0.581597275140393	1.66865901049862	0.0246913580246914	0.0740740740740741	85	-0.100814455222183	-0.122764988236359	0.0235294117647059	0.129411764705882	59	-0.0271060752990183	-0.0279827958398159	0.0169491525423729	0	11	-0.0860294073003746	-0.10908281353143	0.0909090909090909	0.0909090909090909	4	-0.139171627271228	-0.125548273847732	0	0	3	-0.0667373925492607	0.0185149121728884	0	0	-0.472817800889054	-0.511457964544811	1.2071677061241	0.173679578430859	0.104938271604938	FALSE	C_weak_or_non_dependent	FALSE	0.144439289138061	0.289557425044409
ISG20	glycolysis	Tier 2	ENSG00000172183	162	0.0498517036084051	0.0600725485958586	0.289337964010541	0.14415204756372	0.0673635905288644	-1.11853731559118	0.780457979902509	1.89899529549369	0.00617283950617284	0.0185185185185185	85	0.0765481972148846	0.0706314618745244	0.0117647058823529	0.0235294117647059	59	0.05141613016942	0.082359874570822	0	0	11	-0.0239505775918496	0.0188048069479792	0	0	4	0.0452537888548001	0.0422429363701792	0	0	3	-0.235368711638851	-0.502326202797486	0	0.333333333333333	-0.472817800889054	-0.650917363805648	2.82709196443568	0.160257009948948	0.104938271604938	FALSE	C_weak_or_non_dependent	FALSE	0.144439289138061	0.289557425044409
NCOA6	cholesterol/isoprenoid	Tier 2	ENSG00000198646	162	-0.222045097010567	-0.236220968077847	0.285668300736256	0.14403438169312	0.061169182223278	-1.15263026496464	0.331204059431123	1.48383432439577	0.0802469135802469	0.141975308641975	85	-0.256417137237544	-0.280160077811205	0.0941176470588235	0.2	59	-0.195617584041605	-0.171190875316847	0.0677966101694915	0.0677966101694915	11	-0.203967395233608	-0.209304282008826	0	0.0909090909090909	4	-0.180859004429466	-0.207746582950359	0	0	3	-0.230413221775777	-0.406865045688797	0.333333333333333	0.333333333333333	-0.472817800889054	-0.640881645177278	1.12847220052055	0.196338373470113	0.104938271604938	FALSE	C_weak_or_non_dependent	FALSE	0.144439289138061	0.289557425044409
TAS1R1	glutamine/glutamate	Tier 1	ENSG00000173662	162	0.0739277736958705	0.0708326611247927	0.285035106769431	0.143865737700388	0.0511512090215642	-0.537162957920864	0.683197430887201	1.22036038880807	0	0.0123456790123457	85	0.0599747471966203	0.0624889700052483	0	0.0117647058823529	59	0.120018659638231	0.0715403096130458	0	0.0169491525423729	11	0.122816128681327	0.10743345712919	0	0	4	0.162985027524426	0.151798175765667	0	0	3	-0.0484068414477158	0.0511632177056152	0	0	-0.472817800889054	0.0361693961433814	0.0188844846171397	0.164807954153374	0.104938271604938	FALSE	C_weak_or_non_dependent	FALSE	0.144439289138061	0.289557425044409
ATIC	folate;serine/glycine/one-carbon	Tier 1	ENSG00000138363	162	-0.263286227418697	-0.262273289458165	0.28500569551302	0.143799214193551	0.0561056569135652	-0.823276212236215	0.406327068267637	1.22960328050385	0.135802469135802	0.185185185185185	85	-0.255235445630355	-0.246268350275954	0.1	0.176470588235294	59	-0.253922327265836	-0.262748969759389	0.161016949152542	0.152542372881356	11	-0.294613021666712	-0.347175696664332	0.272727272727273	0.454545454545455	4	-0.24380704003296	-0.266130029896169	0.25	0	3	-0.364812314509641	-0.389940373356804	0	0.333333333333333	-0.472817800889054	0.294510729298114	0.173809692679161	0.17442116916026	0.104938271604938	FALSE	C_weak_or_non_dependent	FALSE	0.144439289138061	0.289557425044409
AZIN2	arginine	Tier 1	ENSG00000142920	162	-0.0426263392034263	-0.0366179669460504	0.282497966373591	0.143750160125745	0.0555361016302091	-0.659087102750613	0.641074404838675	1.30016150758929	0.00617283950617284	0.0555555555555556	85	-0.0660697262354694	-0.080781272945261	0.0117647058823529	0.0941176470588235	59	-0.0141775555986059	0.0135972050715429	0	0.0169491525423729	11	0.118411528655865	0.0736127832354104	0	0	4	-0.095833934121849	-0.100280111420748	0	0	3	0.0118865530898406	-0.0921859046801768	0	0	-0.472817800889054	-0.0180725650687297	0.222623160562994	0.159304296884731	0.104938271604938	FALSE	C_weak_or_non_dependent	FALSE	0.144439289138061	0.289557425044409
GID4	OXPHOS	Tier 1	ENSG00000141034	162	-0.180968097378542	-0.178124974198369	0.307177368225844	0.143718381695789	0.049679889864218	-0.859170545939645	0.45350685725698	1.31267740319662	0.0802469135802469	0.104938271604938	85	-0.168522664004878	-0.179194394226813	0.0882352941176471	0.129411764705882	59	-0.178732524460944	-0.178464735731018	0.0593220338983051	0.0847457627118644	11	-0.0951939798607992	-0.131782616264234	0.0909090909090909	0	4	-0.18571837544922	-0.26035568525783	0.25	0.25	3	-0.301732661668022	-0.201423794262891	0	0	-0.472817800889054	-0.122679630107586	0.189032609604311	0.162518447193655	0.104938271604938	FALSE	C_weak_or_non_dependent	FALSE	0.144439289138061	0.289557425044409
IDUA	glycolysis	Tier 2	ENSG00000127415	162	-0.171922994470698	-0.188353206606456	0.274039719123157	0.143704275833897	0.0700367815197624	-1.22704477890424	0.606551009286901	1.83359578819114	0.101851851851852	0.123456790123457	85	-0.172480796366135	-0.190242390738557	0.1	0.164705882352941	59	-0.185025929697668	-0.197559499145874	0.101694915254237	0.0677966101694915	11	-0.126549856715034	-0.131941382289363	0.0909090909090909	0	4	-0.13088950025307	-0.127168985305045	0	0	3	-0.548492028124953	-0.242191553819581	0.333333333333333	0.666666666666667	-0.472817800889054	-0.245958008599592	1.58102131161239	0.138849309363235	0.104938271604938	FALSE	C_weak_or_non_dependent	FALSE	0.144439289138061	0.289557425044409
ENPP3	NAD;riboflavin	Tier 1	ENSG00000154269	162	-0.0595934822437206	-0.063330046289945	0.286686435553861	0.143582327608401	0.059242043400313	-1.14117545705589	0.563469665444571	1.70464512250046	0.0123456790123457	0.0617283950617284	85	-0.0483510548146921	-0.0582803471994334	0	0.0470588235294118	59	-0.068385387564754	-0.0794859152607703	0.0338983050847458	0.0847457627118644	11	-0.0677635396631752	-0.0631592510246817	0	0.0909090909090909	4	-0.0724890758950123	-0.0365452967834813	0	0	3	0.0545657064442138	0.0749879872572061	0	0	-0.472817800889054	-0.659611776344573	2.19257998583583	0.173964748832588	0.104938271604938	FALSE	C_weak_or_non_dependent	FALSE	0.144439289138061	0.289557425044409
TAS2R13	glutamine/glutamate	Tier 1	ENSG00000212128	162	0.117070976395081	0.0983288270531839	0.306683661281375	0.143564915899043	0.090084799979366	-1.20530827386541	1.23816677709356	2.44347505095897	0.00617283950617284	0.0432098765432099	85	0.146134641903461	0.120974165767424	0.0117647058823529	0.0470588235294118	59	0.103252652871078	0.0868152932370641	0	0.0338983050847458	11	0.0825234749066536	0.0486045052905119	0	0.0909090909090909	4	0.0615178283466765	0.0592230749867883	0	0	3	-0.0922237495606442	-0.0823927555816101	0	0	-0.472817800889054	-0.339008879591937	2.7896644031931	0.126031919438554	0.104938271604938	FALSE	C_weak_or_non_dependent	FALSE	0.144439289138061	0.289557425044409
MIOX	glycolysis	Tier 2	ENSG00000100253	162	0.00826284206286751	-0.00590471943507612	0.286050157498948	0.1435230073948	0.0723646397995948	-0.950681084696842	0.796731300973749	1.74741238567059	0.0185185185185185	0.0432098765432099	85	0.0262911016280922	-0.00153738028533565	0.0235294117647059	0.0705882352941176	59	-0.000506246483555586	-0.00895698019557852	0.0169491525423729	0	11	0.0432419904983247	-0.00629653500026804	0	0	4	-0.035323919323022	-0.0343728637654625	0	0	3	-0.0362848416324324	-0.0302240175416235	0	0.333333333333333	-0.472817800889054	-0.566600680670131	2.32036265335254	0.157696434213977	0.104938271604938	FALSE	C_weak_or_non_dependent	FALSE	0.144439289138061	0.289557425044409
GPT	OXPHOS;glutamine/glutamate	Tier 1	ENSG00000167701	162	-0.0789915855824031	-0.071469935400228	0.297779802752706	0.143446211702138	0.054750533925188	-1.17335381532808	0.537082404646782	1.71043621997486	0.0123456790123457	0.037037037037037	85	-0.116550447314497	-0.108064853598849	0.0117647058823529	0.0588235294117647	59	-0.0693601454821447	-0.0366319665888182	0.0169491525423729	0.0169491525423729	11	-0.0916568507477921	0.00962346129218157	0	0	4	-0.0514261578243953	-0.0263907226882482	0	0	3	-0.0661866952354804	-0.0772087112184882	0	0	-0.472817800889054	-0.659931701427146	2.53537778650845	0.167073234326236	0.104938271604938	FALSE	C_weak_or_non_dependent	FALSE	0.144439289138061	0.289557425044409
GPRC6A	glutamine/glutamate	Tier 1	ENSG00000173612	162	0.028779211917545	0.00171971429886187	0.289623583180873	0.143400761554113	0.0595627997200184	-0.752709399635804	0.676243152099368	1.42895255173517	0.0123456790123457	0.0432098765432099	85	0.0420426655487527	-0.00362476416109497	0.0117647058823529	0.0588235294117647	59	0.0263427061281489	0.0185459858333995	0.0169491525423729	0	11	0.0333187254207949	-0.0710222180932051	0	0.181818181818182	4	-0.0122307028124576	-0.0189282049475498	0	0	3	0.0899939499168143	0.116480908251193	0	0	-0.472817800889054	-0.476622640293457	0.832432931507702	0.178130584551538	0.104938271604938	FALSE	C_weak_or_non_dependent	FALSE	0.144439289138061	0.289557425044409
PDSS1	cholesterol/isoprenoid	Tier 1	ENSG00000148459	162	-0.171816828738279	-0.182117521367878	0.284582824659083	0.14338383067889	0.0483309722766385	-0.943673328695076	0.358856649868616	1.30252997856369	0.0462962962962963	0.104938271604938	85	-0.163776376522644	-0.166026249803182	0.0294117647058824	0.105882352941176	59	-0.23488946944368	-0.22205696708607	0.0847457627118644	0.11864406779661	11	-0.12311956643845	-0.116899075852515	0	0.0909090909090909	4	-0.126103382849975	-0.181773444691236	0	0	3	-0.163038519756624	-0.0921541857016739	0	0	-0.472817800889054	-0.265768051590592	0.563429380132788	0.161723296733271	0.104938271604938	FALSE	C_weak_or_non_dependent	FALSE	0.144439289138061	0.289557425044409
GALK2	glycolysis	Tier 2	ENSG00000156958	162	0.0902010198138411	0.0543214804296655	0.282973244095517	0.143313152161324	0.0998849293538363	-1.52417958439719	0.989312881189835	2.51349246558702	0.0123456790123457	0.0617283950617284	85	0.0535918254401868	-0.00590346911193846	0.0235294117647059	0.105882352941176	59	0.107044128110935	0.116704328251692	0	0.0169491525423729	11	0.111635856925857	0.0899649921685605	0	0	4	0.208396319307929	0.231964097225742	0	0	3	0.154527250810529	0.166282678171211	0	0	-0.472817800889054	-1.26341617174244	5.0567765352926	0.233609649139675	0.104938271604938	FALSE	C_weak_or_non_dependent	FALSE	0.144439289138061	0.289557425044409
ACADM	BCAA;OXPHOS;fatty-acid oxidation	Tier 1;Tier 2	ENSG00000117054	162	-0.0152210630719662	-0.0172085565142836	0.286458569475105	0.143305041778828	0.0541720582000245	-0.676763094340571	0.548012526893383	1.22477562123395	0	0.0432098765432099	85	-0.00400694275960498	-0.0233659886391292	0	0.0705882352941176	59	-0.0297534081692692	0.0183083053816438	0	0	11	-0.0467558828180269	-0.0565716680160974	0	0	4	-0.0141694716606447	-0.0506488015667266	0	0	3	-0.384674254769169	-0.352327861353658	0	0.333333333333333	-0.472817800889054	-0.221538548388865	0.112949571412847	0.170038124008969	0.104938271604938	FALSE	C_weak_or_non_dependent	FALSE	0.144439289138061	0.289557425044409
ACSBG1	fatty-acid oxidation	Tier 1	ENSG00000103740	162	0.021853082905846	0.00903650701516341	0.284343772781633	0.14324649690892	0.0640551139587354	-1.38577632174213	0.654135889349942	2.03991221109207	0.0185185185185185	0.0308641975308642	85	0.0388643863276327	0.00644775297877346	0.0117647058823529	0.0352941176470588	59	0.0020231029059464	-0.00513018174664836	0.0338983050847458	0.0338983050847458	11	0.0267347052295864	0.0999943166573934	0	0	4	-0.101101104609355	-0.0861657415586961	0	0	3	0.209459555127628	0.154420446438813	0	0	-0.472817800889054	-0.98078037794819	4.92365915136937	0.178675965493551	0.104938271604938	FALSE	C_weak_or_non_dependent	FALSE	0.144439289138061	0.289557425044409
TAS1R3	glutamine/glutamate	Tier 1	ENSG00000169962	162	-0.152446182909403	-0.150982810895556	0.279564174879645	0.143205483990685	0.0468154892854184	-0.788393627336005	0.459290563897528	1.24768419123353	0.0802469135802469	0.0555555555555556	85	-0.0976060071915089	-0.104069623342228	0.0588235294117647	0.0823529411764706	59	-0.221503220386113	-0.210384118151274	0.11864406779661	0.0338983050847458	11	-0.183045280884675	-0.165828040099392	0	0	4	-0.163680798992027	-0.185603739735258	0.25	0	3	-0.240214180118561	-0.211370336677058	0	0	-0.472817800889054	0.17866853699931	0.143717340680621	0.166427319042591	0.104938271604938	FALSE	C_weak_or_non_dependent	FALSE	0.144439289138061	0.289557425044409
AGMAT	arginine	Tier 1	ENSG00000116771	162	-0.0386806309516925	-0.0470142024726379	0.289117136839131	0.143204392194528	0.0522784884077913	-0.877384644613457	0.698192725671619	1.57557737028508	0.0123456790123457	0.037037037037037	85	-0.0364178939060492	-0.036795897398932	0	0.0235294117647059	59	-0.0377890175314236	-0.0360322000002334	0	0.0338983050847458	11	0.0694086136676203	-0.0359796577979856	0.0909090909090909	0.0909090909090909	4	-0.184861054447233	-0.22730842752339	0.25	0	3	-0.158741804442979	-0.352579925257652	0	0.333333333333333	-0.472817800889054	-0.247532880539251	1.45542791174044	0.141274146824232	0.104938271604938	FALSE	C_weak_or_non_dependent	FALSE	0.144439289138061	0.289557425044409
ALDH7A1	BCAA;arginine;glycolysis;tryptophan	Tier 1;Tier 2	ENSG00000164904	162	-0.156831061554044	-0.160580383775097	0.286083297782679	0.14314130887896	0.0506546021152639	-0.690962002180641	0.788100756374837	1.47906275855548	0.0740740740740741	0.0679012345679012	85	-0.121114947837151	-0.135855223707685	0.0588235294117647	0.0941176470588235	59	-0.188885933423017	-0.180688211897592	0.101694915254237	0.0338983050847458	11	-0.238874910506475	-0.254568333550345	0.0909090909090909	0.0909090909090909	4	-0.166486780520057	-0.140281117537456	0	0	3	-0.0666269772489773	-0.148115838416987	0	0	-0.472817800889054	0.28966361456084	1.12666141763655	0.150890602956142	0.104938271604938	FALSE	C_weak_or_non_dependent	FALSE	0.144439289138061	0.289557425044409
RAB3A	glutamine/glutamate	Tier 1	ENSG00000105649	162	-0.0532183774190716	-0.0666578139001021	0.285182761783269	0.143118771271576	0.0517775311399075	-1.35411213264351	0.589823227316867	1.94393535996038	0.00617283950617284	0.0246913580246914	85	-0.072059096166958	-0.0955457144968222	0	0.0352941176470588	59	-0.0337110891133977	-0.017525471570093	0	0	11	-0.0438922199744579	-0.114186141925747	0	0.0909090909090909	4	-0.0468923287782111	-0.106871483991957	0.25	0	3	-0.0201829707144264	0.0134520667332931	0	0	-0.472817800889054	-1.01422312012445	5.27100303489901	0.179087026318967	0.104938271604938	FALSE	C_weak_or_non_dependent	FALSE	0.144439289138061	0.289557425044409
CAMK2A	glutamine/glutamate	Tier 1	ENSG00000070808	162	-0.0188448209936488	-0.061953130605915	0.280836156682007	0.143103223598758	0.0624193355492809	-0.866362100922964	0.4633482063051	1.32971030722806	0.0185185185185185	0.0864197530864198	85	-0.0852578366155458	-0.0967841897158215	0.0235294117647059	0.105882352941176	59	0.0251387528598823	-0.0106919261733041	0	0.0508474576271187	11	0.0559522087219353	-0.0423106890162078	0.0909090909090909	0.0909090909090909	4	-0.0095074120042074	-0.010360841224385	0	0	3	-0.12549134212903	-0.224022148004212	0	0.333333333333333	-0.472817800889054	-0.705021725961447	0.534775841919043	0.227119197873558	0.104938271604938	FALSE	C_weak_or_non_dependent	FALSE	0.144439289138061	0.289557425044409
IL4I1	BCAA;glutamine/glutamate;methionine;tryptophan	Tier 1	ENSG00000104951	162	-0.245142827973037	-0.254332083991329	0.280194689639856	0.14309376683379	0.0705273054379061	-1.12713599011261	0.349122075591046	1.47625806570365	0.166666666666667	0.160493827160494	85	-0.265656348657064	-0.251331313339262	0.111764705882353	0.164705882352941	59	-0.225728590605589	-0.253219442962723	0.245762711864407	0.152542372881356	11	-0.178204034645139	-0.219146748278227	0.0909090909090909	0.0909090909090909	4	-0.341599523525026	-0.297523508836875	0.5	0.25	3	-0.173021722126291	-0.432660190516451	0	0.333333333333333	-0.472817800889054	-0.695079859205244	1.23326453243348	0.203448396714126	0.104938271604938	FALSE	C_weak_or_non_dependent	FALSE	0.144439289138061	0.289557425044409
ARSG	sphingolipid	Tier 1	ENSG00000141337	162	0.109547560403434	0.107093050138214	0.285731256738269	0.143036991800344	0.0501063331895986	-0.677002567523956	0.813304328308352	1.49030689583231	0.00617283950617284	0.00617283950617284	85	0.107224492363662	0.102509502812387	0.0117647058823529	0.0117647058823529	59	0.111870628443205	0.11661411040187	0	0	11	0.113296518030946	0.0535145334094987	0	0	4	0.190157408199996	0.22453965356599	0	0	3	0.0261697358078447	0.0895717959529867	0	0	-0.472817800889054	0.185205727088553	1.05928324756073	0.145348572582877	0.104938271604938	FALSE	C_weak_or_non_dependent	FALSE	0.144439289138061	0.289557425044409
FTCD	folate;serine/glycine/one-carbon	Tier 1	ENSG00000160282	162	-0.255847904684055	-0.239207708449635	0.277243754596953	0.142975890027796	0.0588093041518649	-1.26312903472718	0.50280486417179	1.76593389889897	0.108024691358025	0.12962962962963	85	-0.265005858040331	-0.255288611107442	0.0882352941176471	0.141176470588235	59	-0.201543447167711	-0.223115491834604	0.135593220338983	0.135593220338983	11	-0.238939862963224	-0.230880179792029	0.0909090909090909	0.0909090909090909	4	-0.27359656404022	-0.279800852212578	0.25	0	3	-0.297271148149428	-0.0764724733013373	0	0	-0.472817800889054	-0.243513808503917	1.56709645403755	0.138945991862784	0.104938271604938	FALSE	C_weak_or_non_dependent	FALSE	0.144439289138061	0.289557425044409
AADAT	tryptophan	Tier 1	ENSG00000109576	162	-0.128807577583882	-0.114361815900855	0.278719550218818	0.142838629930155	0.0578355601522203	-0.804591581597813	0.588965648267939	1.39355722986575	0.0339506172839506	0.0617283950617284	85	-0.124283812181177	-0.119180768397849	0.0529411764705882	0.0823529411764706	59	-0.139961135690378	-0.11332301624841	0.0169491525423729	0.0338983050847458	11	-0.150778725576935	-0.130232631590781	0	0.0909090909090909	4	-0.0386282219289275	-0.0474459492088612	0	0	3	-0.184736022280479	-0.0292827197103556	0	0	-0.472817800889054	0.144479319800475	0.533891641970537	0.154898219812276	0.104938271604938	FALSE	C_weak_or_non_dependent	FALSE	0.144439289138061	0.289557425044409
NDUFV1	OXPHOS	Tier 1;Tier 2	ENSG00000167792	162	-0.256098141780319	-0.271227559886942	0.288211696896777	0.142733721550109	0.078486076982449	-1.52156157943872	0.628885850057297	2.15044742949602	0.175925925925926	0.191358024691358	85	-0.263853905177363	-0.288194732736483	0.129411764705882	0.188235294117647	59	-0.285844881888787	-0.299831093610551	0.296610169491525	0.254237288135593	11	-0.0659673948268279	-0.0594929269986056	0	0	4	-0.260865016596483	-0.201451899817074	0	0	3	-0.0469863449858814	-0.0973493666026662	0	0	-0.472817800889054	-0.730521653096073	3.25354465787323	0.164728035375281	0.104938271604938	FALSE	C_weak_or_non_dependent	FALSE	0.144439289138061	0.289557425044409
PFKFB4	glycolysis	Tier 2	ENSG00000114268	162	-0.0472165849520619	-0.0578672061218275	0.290785381555131	0.142534089546224	0.0623367825154683	-0.747228150011318	1.19021814691692	1.93744629692824	0.00925925925925926	0.0493827160493827	85	-0.0345422135469982	-0.0545253294867966	0.0117647058823529	0.0705882352941176	59	-0.0547104982992458	-0.0830904939448814	0.00847457627118644	0.0338983050847458	11	-0.0216816548840698	-0.00751750508033222	0	0	4	-0.0978999942836577	-0.105380677111917	0	0	3	-0.228212579709339	0.222240007240328	0	0	-0.472817800889054	0.394836567713682	3.37971808255817	0.122492798350871	0.104938271604938	FALSE	C_weak_or_non_dependent	FALSE	0.144439289138061	0.289557425044409
LARS2	BCAA	Tier 1	ENSG00000011376	162	-0.0943133900440433	-0.121084693910047	0.29042390319077	0.142480647330295	0.0750863715833475	-1.59550409750965	0.470584055038543	2.06608815254819	0.0339506172839506	0.0925925925925926	85	-0.17329582134073	-0.196857963673642	0.0588235294117647	0.141176470588235	59	-0.0274064553094363	-0.0371427928783585	0.00847457627118644	0.0338983050847458	11	0.00546861487442991	-0.0257293623583809	0	0.0909090909090909	4	-0.0768133072868845	-0.0792713912866372	0	0	3	-0.0725802286405154	-0.0304200567520555	0	0	-0.472817800889054	-1.20283163317526	4.43938318311411	0.233115423812435	0.104938271604938	FALSE	C_weak_or_non_dependent	FALSE	0.144439289138061	0.289557425044409
MCCC1	BCAA	Tier 1;Tier 2	ENSG00000078070	162	-0.120557317111618	-0.122478913129191	0.285637268709576	0.142464302654378	0.0673260959048202	-1.12236435719843	0.684647675347634	1.80701203254606	0.0308641975308642	0.0802469135802469	85	-0.0905112605502139	-0.104419899876694	0.0235294117647059	0.117647058823529	59	-0.126326636109157	-0.122815259681044	0.0338983050847458	0.0508474576271187	11	-0.274447928287203	-0.247569639049327	0.0909090909090909	0	4	-0.130358661189516	-0.133373648252857	0	0	3	-0.185179405997809	-0.154343831224806	0	0	-0.472817800889054	-0.410942341193852	1.39871334916893	0.156781408512437	0.104938271604938	FALSE	C_weak_or_non_dependent	FALSE	0.144439289138061	0.289557425044409
ATP6V0E2	OXPHOS;iron	Tier 1	ENSG00000171130	162	-0.0570701040255508	-0.0700692438210069	0.281342463337264	0.142367406024999	0.0560396722615955	-0.711210285852475	0.595861582328778	1.30707186818125	0.0277777777777778	0.0555555555555556	85	-0.103614672546064	-0.105823175496023	0.0529411764705882	0.0823529411764706	59	-0.0332234357989919	-0.0294506748199242	0	0.0338983050847458	11	0.0709396623602015	0.00204632346290481	0	0	4	-0.117707108119587	-0.115833278045943	0	0	3	-0.148438002621931	-0.0592780711246189	0	0	-0.472817800889054	-0.252003410219617	0.165107949844207	0.170931346394458	0.104938271604938	FALSE	C_weak_or_non_dependent	FALSE	0.144439289138061	0.289557425044409
TIMM21	OXPHOS	Tier 1	ENSG00000075336	162	-0.0533722006231832	-0.0455626471965988	0.280371824545538	0.142320738114722	0.0598446854884495	-1.2013437028056	0.613951813748478	1.81529551655408	0.00617283950617284	0.0308641975308642	85	-0.08658379746863	-0.0808846782420723	0	0.0470588235294118	59	0.00384794819176878	0.0107286914104821	0.0169491525423729	0	11	-0.0736333554217156	-0.000157049679138102	0	0	4	-0.00127352773628721	0.00127072012910717	0	0	3	-0.0756011861618504	-0.380766440845736	0	0.333333333333333	-0.472817800889054	-0.933334786399388	3.88601077104319	0.188189094829577	0.104938271604938	FALSE	C_weak_or_non_dependent	FALSE	0.144439289138061	0.289557425044409
LPAR1	sphingolipid	Tier 1	ENSG00000198121	162	-0.0851596991757142	-0.0781196775230744	0.290150187595444	0.142316065233866	0.0571223270681031	-0.660046155503886	0.812437120048007	1.47248327555189	0.0123456790123457	0.0555555555555556	85	-0.0994419575218068	-0.0881427094384337	0.0235294117647059	0.0705882352941176	59	-0.0559704768164893	-0.079543035511947	0	0.0508474576271187	11	-0.0934391465683167	-0.0842738020118467	0	0	4	-0.123913766047139	-0.119660238309843	0	0	3	0.403229511052156	0.311811471367791	0	0	-0.472817800889054	0.159924743611638	0.970184833465956	0.145949845641218	0.104938271604938	FALSE	C_weak_or_non_dependent	FALSE	0.144439289138061	0.289557425044409
GNB2	glutamine/glutamate	Tier 1	ENSG00000172354	162	-0.044719118497477	-0.0383274068016998	0.285702192609017	0.142280762456847	0.0542416432743628	-0.720151951810855	0.559902590352888	1.28005454216374	0.00617283950617284	0.0432098765432099	85	-0.0182457711856245	-0.0458463190293635	0.0117647058823529	0.0470588235294118	59	-0.065400587864216	-0.0551035506501411	0	0.0508474576271187	11	0.113901169144781	0.0172356180395001	0	0	4	-0.128797871771698	-0.07762362614851	0	0	3	0.398519139857188	0.353303136712798	0	0	-0.472817800889054	-0.147980357713868	0.280226160074479	0.16126031161023	0.104938271604938	FALSE	C_weak_or_non_dependent	FALSE	0.144439289138061	0.289557425044409
TUBA3D	iron	Tier 1	ENSG00000075886	162	-0.154675730626881	-0.152018647197098	0.281061735917517	0.1422771260012	0.0585672372798023	-0.858533608777524	0.580995617495477	1.439529226273	0.0401234567901235	0.0802469135802469	85	-0.118500852424022	-0.118798345435865	0.0176470588235294	0.0823529411764706	59	-0.191612751169915	-0.191273975852864	0.0677966101694915	0.0847457627118644	11	-0.125168360091459	-0.17491859214192	0	0.0909090909090909	4	-0.191842091533786	-0.203428213499158	0	0	3	-0.0920823979961838	-0.16872651366823	0.333333333333333	0	-0.472817800889054	-0.0663991917899936	0.786474703271022	0.146774810155557	0.104938271604938	TRUE	C_weak_or_non_dependent	FALSE	0.144439289138061	0.289557425044409
KDSR	sphingolipid	Tier 1	ENSG00000119537	162	-0.0583301635160477	-0.0916981613658865	0.290341665866309	0.1422264419125	0.0737019694495467	-1.11672889855331	0.982596639322158	2.09932553787547	0.0246913580246914	0.0864197530864198	85	-0.0869919148059095	-0.121573821790742	0.0352941176470588	0.129411764705882	59	-0.0162332767487056	-0.0445958320686566	0.0169491525423729	0.0338983050847458	11	0.0180994108223147	-0.0145788858238735	0	0	4	-0.190045704485071	-0.189506202225208	0	0	3	-0.256802311171734	-0.323926881348783	0	0.333333333333333	-0.472817800889054	-0.654546748187876	2.66007828883532	0.163871082014281	0.104938271604938	FALSE	C_weak_or_non_dependent	FALSE	0.144439289138061	0.289557425044409
MAEA	OXPHOS	Tier 1	ENSG00000090316	162	-0.385799975853456	-0.366696998960863	0.28670480050091	0.142223617461103	0.0638471131046276	-1.05971029636606	0.493707568041481	1.55341786440754	0.308641975308642	0.37037037037037	85	-0.389793033344879	-0.375278334446274	0.282352941176471	0.388235294117647	59	-0.396686064009323	-0.367625225367557	0.372881355932203	0.372881355932203	11	-0.41655762604238	-0.405508211822622	0.181818181818182	0.454545454545455	4	-0.320388541597364	-0.321188013072339	0.5	0	3	-0.0852090482809048	-0.0236749082341334	0	0	-0.472817800889054	0.547648567027595	1.0171810546159	0.183762626997646	0.104938271604938	FALSE	C_weak_or_non_dependent	FALSE	0.144439289138061	0.289557425044409
ABCB11	cholesterol/isoprenoid	Tier 1	ENSG00000073734	162	0.00391975460597944	-0.0162242986713564	0.263547589249293	0.142156752622741	0.0564358543529686	-0.730724666679197	0.806290939305232	1.53701560598443	0.0246913580246914	0.0493827160493827	85	0.00413099335051148	-0.0259812416319706	0.0117647058823529	0.0588235294117647	59	0.00454333922438659	-0.00182470030471641	0.0169491525423729	0.0338983050847458	11	-0.0160254961664486	-0.00980548779845861	0	0	4	-0.156458075309418	-0.195718517618431	0.5	0.25	3	-0.00576083974976908	0.192820302730937	0	0	-0.472817800889054	-0.233117162235359	0.765856846393389	0.154537409053004	0.104938271604938	FALSE	C_weak_or_non_dependent	FALSE	0.144439289138061	0.289557425044409
MTR	folate;methionine;serine/glycine/one-carbon;vitamin B12	Tier 1	ENSG00000116984	162	-0.00469836025320224	-0.0168649734984807	0.281837679049924	0.142111075467469	0.0725086796744826	-0.981258415236022	0.838256500646708	1.81951491588273	0.00617283950617284	0.0432098765432099	85	0.00341172321870744	-0.00639202781516021	0.0117647058823529	0.0705882352941176	59	-0.0241264983190206	-0.0215288340818912	0	0	11	0.0157881487068942	-0.0369662379429654	0	0	4	0.0220733079338785	0.0172428027407056	0	0	3	0.0735200455271475	-0.193648241741292	0	0.333333333333333	-0.472817800889054	-0.213445838530477	2.06645813046247	0.128713034556728	0.104938271604938	FALSE	C_weak_or_non_dependent	FALSE	0.144439289138061	0.289557425044409
UQCC5	OXPHOS	Tier 1	ENSG00000168273	162	-0.0479254293040682	-0.0609313178502054	0.290902706934225	0.142045364903684	0.0823580823081475	-1.00057305942856	1.23787758745696	2.23845064688552	0.00925925925925926	0.0617283950617284	85	-0.0319320519271571	-0.0581785685398993	0.0176470588235294	0.0941176470588235	59	-0.0780502550053276	-0.0499314486037244	0	0.0169491525423729	11	0.0226828203699069	-0.0879729597729729	0	0.0909090909090909	4	-0.0827166206612091	-0.0871824718381119	0	0	3	-0.217780856812596	-0.221102417788981	0	0	-0.472817800889054	0.0436371308282452	3.17186211765567	0.108565324776589	0.104938271604938	FALSE	C_weak_or_non_dependent	FALSE	0.144439289138061	0.289557425044409
B3GALT6	glycolysis	Tier 2	ENSG00000176022	162	0.136144686225484	0.136208920673848	0.268116663161332	0.142009039119303	0.0461787795486258	-0.528102077077038	0.678899502984063	1.2070015800611	0.00617283950617284	0.00617283950617284	85	0.195272465934321	0.184242941966764	0	0.0117647058823529	59	0.05415556135521	0.0743820422667585	0.0169491525423729	0	11	0.0259023474369019	0.0776102905992351	0	0	4	0.140776354676648	0.139873387930605	0	0	3	0.103040546386144	0.201149279978547	0	0	-0.472817800889054	0.0489113724384891	0.245563995506183	0.159052186949993	0.104938271604938	FALSE	C_weak_or_non_dependent	FALSE	0.144439289138061	0.289557425044409
ST6GALNAC3	sphingolipid	Tier 1	ENSG00000184005	162	-0.0874053877835678	-0.079022236792979	0.283540823454827	0.141982668815675	0.0579404830330501	-0.738199865536367	0.893416249404357	1.63161611494072	0.0216049382716049	0.0308641975308642	85	-0.0608725444075916	-0.0284297597007974	0.00588235294117647	0.0352941176470588	59	-0.154730548601032	-0.152674209895252	0.0338983050847458	0.0169491525423729	11	-0.0669157770250447	-0.0662071194388583	0.0909090909090909	0	4	-0.0606015135296502	-0.0567606523878902	0	0	3	-0.103836961633041	-0.140657826231994	0	0.333333333333333	-0.472817800889054	0.544325547008464	1.5791207752766	0.169763887304317	0.104938271604938	FALSE	C_weak_or_non_dependent	FALSE	0.144439289138061	0.289557425044409
TKTL1	PPP;glycolysis	Tier 1;Tier 2	ENSG00000007350	162	-0.177146257347413	-0.185980424605411	0.27218975529594	0.141903051136148	0.0441531916903696	-0.804556345161745	0.552259365970258	1.356815711132	0.037037037037037	0.0987654320987654	85	-0.177666535395617	-0.19697574641913	0.0352941176470588	0.152941176470588	59	-0.199297036213932	-0.191057719180136	0.0338983050847458	0.0338983050847458	11	-0.153682043774026	-0.14391120731602	0.0909090909090909	0.0909090909090909	4	-0.150543920624267	-0.120305229330722	0	0	3	0.0465154065456345	-0.0164135703411588	0	0	-0.472817800889054	0.0550211715957158	0.628583827142546	0.150034628265608	0.104938271604938	FALSE	C_weak_or_non_dependent	FALSE	0.144439289138061	0.289557425044409
SDC1	glycolysis	Tier 2	ENSG00000115884	162	-0.0264876421926189	-0.0330317383123316	0.281878411754541	0.141896827014215	0.0691315554862236	-1.13280863571505	0.771440540717211	1.90424917643226	0.0246913580246914	0.0493827160493827	85	-0.0671871692837781	-0.0543903221150359	0.0352941176470588	0.0705882352941176	59	-0.00802239869652816	-0.00336403825458697	0.0169491525423729	0.0169491525423729	11	0.0376652226804257	-0.0402905203201043	0	0.0909090909090909	4	-0.0559929230658088	-0.00961284079069656	0	0	3	0.0460092745597398	-0.0159462943716987	0	0	-0.472817800889054	-0.73487437531013	3.06287068854627	0.168871620812822	0.104938271604938	FALSE	C_weak_or_non_dependent	FALSE	0.144439289138061	0.289557425044409
NDUFV2	OXPHOS	Tier 1;Tier 2	ENSG00000178127	162	-0.22356802534839	-0.239877953048484	0.278729250226367	0.141880057204604	0.0631546480763069	-0.951340286704175	0.515482015505354	1.46682230220953	0.160493827160494	0.154320987654321	85	-0.2704635567572	-0.257064527411752	0.188235294117647	0.188235294117647	59	-0.206140092086322	-0.231619610062272	0.11864406779661	0.101694915254237	11	-0.0992305640511522	-0.17900554012497	0.181818181818182	0.272727272727273	4	-0.201119331938765	-0.219073960851087	0.25	0	3	-0.155261044679654	-0.166276595134129	0	0	-0.472817800889054	-0.0356771113182075	0.843489371811372	0.145107569337434	0.104938271604938	FALSE	C_weak_or_non_dependent	FALSE	0.144439289138061	0.289557425044409
GNE	glycolysis	Tier 2	ENSG00000159921	162	-0.186115688596579	-0.173534619290676	0.275023276600857	0.141827174148963	0.0547579131135997	-0.760348889338173	1.03134204379972	1.79169093313789	0.0617283950617284	0.0740740740740741	85	-0.126174928377936	-0.155530550788121	0.0352941176470588	0.105882352941176	59	-0.230914435804848	-0.204044496743639	0.11864406779661	0.0338983050847458	11	-0.222432879377577	-0.267405401347736	0	0.0909090909090909	4	-0.0558120657084391	-0.0780897517676799	0	0	3	-0.218395572534411	0.133310740557133	0	0	-0.472817800889054	0.937773367303454	3.89478710602187	0.188857682328806	0.104938271604938	FALSE	C_weak_or_non_dependent	FALSE	0.144439289138061	0.289557425044409
EXT2	glycolysis	Tier 2	ENSG00000151348	162	-0.0350164265959868	-0.0503946720589667	0.282136756829834	0.141662506908164	0.0695408694918506	-1.30805325179412	0.635130726787906	1.94318397858202	0.0154320987654321	0.0617283950617284	85	-0.0372829676993698	-0.0493436231095089	0.0117647058823529	0.0588235294117647	59	0.00279209515710399	-0.0307505577931087	0.0254237288135593	0.0508474576271187	11	-0.0991874140651446	-0.135674802993178	0	0.0909090909090909	4	0.0203682723451534	-0.0121267020276353	0	0	3	-0.117295038865828	-0.204838786138478	0	0.333333333333333	-0.472817800889054	-0.902581512428999	3.16150597568232	0.196854910812965	0.104938271604938	FALSE	C_weak_or_non_dependent	FALSE	0.144439289138061	0.289557425044409
HMGCL	BCAA	Tier 1	ENSG00000117305	162	0.126161418173284	0.111183378781355	0.288187615028657	0.141550297006807	0.0762461369993824	-0.861786042909426	2.09307187213059	2.95485791504002	0.00617283950617284	0.0308641975308642	85	0.13193278835869	0.122453973358223	0.0117647058823529	0.0470588235294118	59	0.140176203601217	0.119233454166479	0	0	11	0.0984828520054848	0.0878536699755678	0	0	4	0.123609282287519	0.0962940526414516	0	0	3	-0.175246295293079	-0.261073582996274	0	0.333333333333333	-0.472817800889054	1.62320172526435	15.8904301364077	0.16561528658967	0.104938271604938	FALSE	C_weak_or_non_dependent	FALSE	0.144439289138061	0.289557425044409
MTMR2	riboflavin	Tier 1	ENSG00000087053	162	-0.0527174614315556	-0.067459515035381	0.276751469324778	0.141534612803395	0.0606523826298645	-0.838591613731075	0.539777488752299	1.37836910248337	0.0123456790123457	0.0679012345679012	85	-0.0197012677204684	-0.0417401994668582	0.0117647058823529	0.0470588235294118	59	-0.0624967933991251	-0.082211895895607	0.0169491525423729	0.0847457627118644	11	-0.0902291462447129	-0.130570557828653	0	0.0909090909090909	4	-0.0742773364891739	-0.0713449649149302	0	0	3	-0.139396470317125	-0.269455542477686	0	0.333333333333333	-0.472817800889054	-0.423408224526635	0.464084784290018	0.180847956120019	0.104938271604938	FALSE	C_weak_or_non_dependent	FALSE	0.144439289138061	0.289557425044409
ACBD6	fatty-acid oxidation	Tier 1	ENSG00000230124	162	0.122388409966786	0.10439079095345	0.271727835635647	0.141533160606101	0.0693408347756834	-0.939467388035333	0.730454028372911	1.66992141640824	0	0.0246913580246914	85	0.123596470505368	0.0971171049672501	0	0.0235294117647059	59	0.0994216950007818	0.119121628126646	0	0.0169491525423729	11	0.158160902572964	0.172781545234852	0	0	4	0.0479449101417088	0.0473140973668442	0	0	3	-0.192378007688735	-0.153891744760057	0	0.333333333333333	-0.472817800889054	-0.824826565864603	2.60117624422271	0.194081620613633	0.104938271604938	FALSE	C_weak_or_non_dependent	FALSE	0.144439289138061	0.289557425044409
GNAI1	cholesterol/isoprenoid	Tier 2	ENSG00000127955	162	0.00592195081015101	-0.0135550569695223	0.282989690926033	0.141502997632279	0.0576253928753414	-0.806136204691465	0.646863610109159	1.45299981480062	0.00617283950617284	0.0679012345679012	85	-0.00133583405044552	-0.0181426334188307	0	0.0823529411764706	59	0.00899545380156868	0.0149750711491462	0	0.0169491525423729	11	-0.0383691148446204	-0.0926983686437698	0.0909090909090909	0.0909090909090909	4	0.0960386462560143	0.0845318149452181	0	0	3	-0.498998321966357	-0.285256596987011	0	0.666666666666667	-0.472817800889054	-0.711960995802062	1.16253921242779	0.20873168018394	0.104938271604938	FALSE	C_weak_or_non_dependent	FALSE	0.144439289138061	0.289557425044409
ALPL	folate	Tier 1	ENSG00000162551	162	-0.0774905208319933	-0.0540286717397928	0.270935290094377	0.141492032885807	0.0502882410790761	-0.906987852383832	0.619710301210144	1.52669815359398	0.0123456790123457	0.0185185185185185	85	-0.0785952284864926	-0.0605195585509719	0.0235294117647059	0.0352941176470588	59	-0.0624745800658614	-0.0503735529404279	0	0	11	-0.05217676844214	-0.0354422775168468	0	0	4	-0.0834808842456389	-0.0492199558511554	0	0	3	0.0200433015344156	-0.016565948479547	0	0	-0.472817800889054	-0.251226675359968	1.39605311466864	0.142646848874212	0.104938271604938	FALSE	C_weak_or_non_dependent	FALSE	0.144439289138061	0.289557425044409
TAT	methionine	Tier 1	ENSG00000198650	162	0.0181874726384548	0.018652338304156	0.278951020497255	0.141489001209165	0.0610276400492675	-0.853572036925111	0.837088293410867	1.69066033033598	0.0123456790123457	0.0246913580246914	85	0.0186910202237662	0.0272224103273917	0	0.0352941176470588	59	0.016328050206076	-0.0154182140495562	0.0338983050847458	0.0169491525423729	11	-0.0049223947125014	0.0675913096586602	0	0	4	0.228049127840759	0.247036827166164	0	0	3	-0.0296312503142783	-0.0380677195137076	0	0	-0.472817800889054	0.00778967232906302	1.85322384143971	0.126430791968704	0.104938271604938	FALSE	C_weak_or_non_dependent	FALSE	0.144439289138061	0.289557425044409
NDUFA1	OXPHOS	Tier 1;Tier 2	ENSG00000125356	162	-0.376051797622476	-0.39450563667907	0.279113520216158	0.141357837784642	0.0708174243676668	-1.57672328848428	0.432063001448457	2.00878628993274	0.327160493827161	0.302469135802469	85	-0.41814778761124	-0.456278132306621	0.394117647058824	0.352941176470588	59	-0.304931144966361	-0.36453435526351	0.279661016949153	0.271186440677966	11	-0.184624600150968	-0.210309795192513	0.0909090909090909	0.0909090909090909	4	-0.240504911376621	-0.255802139453209	0.25	0.25	3	-0.232600937210804	-0.0940428768229733	0.333333333333333	0.333333333333333	-0.472817800889054	-0.538496269305451	2.17779447899989	0.156655012184108	0.104938271604938	FALSE	C_weak_or_non_dependent	FALSE	0.144439289138061	0.289557425044409
TYR	riboflavin	Tier 1	ENSG00000077498	162	-0.0773713765461174	-0.0878322657209323	0.275249739223258	0.141312676417618	0.0591153008001935	-0.904270103893838	0.621081154012297	1.52535125790613	0.0185185185185185	0.0555555555555556	85	-0.0223704981388891	-0.0387335891348605	0.0235294117647059	0.0470588235294118	59	-0.154155027478708	-0.143698972318594	0.0169491525423729	0.0508474576271187	11	-0.206300693838764	-0.181633257738381	0	0.181818181818182	4	-0.0384251361129673	-0.0585452265991007	0	0	3	-0.204140417613238	-0.0753619540040799	0	0	-0.472817800889054	-0.0502513934266845	0.790713983462836	0.14640885276787	0.104938271604938	FALSE	C_weak_or_non_dependent	FALSE	0.144439289138061	0.289557425044409
PYCR3	arginine;glutamine/glutamate	Tier 1	ENSG00000104524	162	-0.120512549128016	-0.116221067901133	0.286404505459193	0.141217599877785	0.0588486627564495	-0.914323403036876	0.604194255948913	1.51851765898579	0.0493827160493827	0.0617283950617284	85	-0.139421734013369	-0.153756889430453	0.0588235294117647	0.105882352941176	59	-0.0858570054188452	-0.0788240908473407	0.0338983050847458	0	11	-0.0511900452679537	-0.0240487572059248	0	0	4	-0.196748638264686	-0.189027714820147	0	0	3	0.167314905857057	-0.0290696166187176	0.333333333333333	0.333333333333333	-0.472817800889054	0.108189940834342	1.10612116847648	0.141243509335759	0.104938271604938	FALSE	C_weak_or_non_dependent	FALSE	0.144439289138061	0.289557425044409
AKR1A1	glycolysis	Tier 1;Tier 2	ENSG00000117448	162	0.045022573506219	0.0392880628181484	0.297490660861961	0.141113621189195	0.063572754355603	-0.897497378913189	1.02858601704392	1.92608339595711	0	0.037037037037037	85	0.0571452290092398	0.0634562628268327	0	0.0117647058823529	59	0.0547449804726025	0.0311678732544286	0	0.0338983050847458	11	0.0419295418416272	0.033163929881823	0	0.0909090909090909	4	0.0207596479721176	0.0543052809817811	0	0	3	-0.593067568804545	-0.483348346126401	0	0.666666666666667	-0.472817800889054	0.110293850620158	2.04486692985648	0.124934106132007	0.104938271604938	FALSE	C_weak_or_non_dependent	FALSE	0.144439289138061	0.289557425044409
CERS3	sphingolipid	Tier 1	ENSG00000154227	162	0.0215444511746747	0.0192614206950759	0.280772084792805	0.141060243739047	0.0697304142244521	-0.821492122818011	1.03500413919039	1.8564962620084	0.00925925925925926	0.037037037037037	85	0.0469991495970901	0.0363867271447852	0.0176470588235294	0.0470588235294118	59	-0.00348779918184557	-0.011654502695858	0	0.0338983050847458	11	0.0224515645198744	0.0673630445679979	0	0	4	-0.00504668285380141	0.0325607559040351	0	0	3	-0.0804434547276777	-0.052047503170981	0	0	-0.472817800889054	0.465953514906001	2.91652636622767	0.13563791720971	0.104938271604938	FALSE	C_weak_or_non_dependent	FALSE	0.144439289138061	0.289557425044409
IDH3A	OXPHOS;TCA	Tier 1;Tier 2	ENSG00000166411	162	-0.00965858833828976	-0.0325101000334464	0.281789571576337	0.141013353814956	0.066065518557133	-1.18073290663287	0.634707587234251	1.81544049386712	0.0246913580246914	0.0740740740740741	85	-0.00898510038239057	-0.0129869958407501	0.0117647058823529	0.0705882352941176	59	-0.0149555151793605	-0.0552484682283619	0.0338983050847458	0.0677966101694915	11	0.113813411384018	0.000776630527441561	0.0909090909090909	0.0909090909090909	4	-0.0747428055479097	-0.0405795792515815	0	0	3	-0.247229759066071	-0.24976885075891	0	0.333333333333333	-0.472817800889054	-0.911739981301714	2.31599648204546	0.218718671057593	0.104938271604938	FALSE	C_weak_or_non_dependent	FALSE	0.144439289138061	0.289557425044409
NR1H2	cholesterol/isoprenoid;fatty-acid synthesis	Tier 2	ENSG00000131408	162	-0.0613006509177264	-0.0606997468111316	0.270050691713258	0.140896918071017	0.0598069419793479	-0.827623201736878	0.858879110583964	1.68650231232084	0.0185185185185185	0.0555555555555556	85	-0.067106693290587	-0.0729046280045003	0.0117647058823529	0.0705882352941176	59	-0.0703238404638935	-0.0610480281103612	0.0338983050847458	0.0338983050847458	11	-0.00199151998017089	-0.0703558584999014	0	0.0909090909090909	4	0.00744712879200398	0.0069031044842936	0	0	3	-0.0407829439757169	0.23722336035075	0	0	-0.472817800889054	0.0195284192093497	1.71472717241854	0.12872520630614	0.104938271604938	FALSE	C_weak_or_non_dependent	FALSE	0.144439289138061	0.289557425044409
ME3	OXPHOS	Tier 1	ENSG00000151376	162	-0.0998045463194131	-0.0682183108734019	0.305761206941185	0.140895524629049	0.0614771876420607	-0.898653015943442	0.737887563530381	1.63654057947382	0.0185185185185185	0.0432098765432099	85	-0.0469521247449015	-0.046294738421718	0.0235294117647059	0.0470588235294118	59	-0.107731338883189	-0.0748094407085191	0.0169491525423729	0.0169491525423729	11	-0.122773801190547	-0.153328762825263	0	0.181818181818182	4	-0.167499032790164	-0.172046807949148	0	0	3	-0.0383268579526334	-0.109250990322657	0	0	-0.472817800889054	0.201132074690792	0.891856564994331	0.149736258565808	0.104938271604938	FALSE	C_weak_or_non_dependent	FALSE	0.144439289138061	0.289557425044409
NDUFS3	OXPHOS	Tier 1;Tier 2	ENSG00000213619	162	-0.391114232457122	-0.386001396444018	0.279922865147126	0.14082578606078	0.0555797178473915	-1.68555107388824	0.186284898254423	1.87183597214266	0.327160493827161	0.339506172839506	85	-0.42329016545019	-0.430121821273935	0.305882352941177	0.411764705882353	59	-0.380322041493741	-0.3656661442283	0.389830508474576	0.322033898305085	11	-0.205111480635163	-0.243196988838068	0.181818181818182	0.0909090909090909	4	-0.344772925715906	-0.350897760994276	0.5	0	3	-0.0658520153378162	-0.106270328326956	0	0	-0.472817800889054	-0.88315903684892	4.61341863758872	0.166817851346546	0.104938271604938	FALSE	C_weak_or_non_dependent	FALSE	0.144439289138061	0.289557425044409
BCKDK	BCAA	Tier 1;Tier 2	ENSG00000103507	162	0.0362377567740807	0.0447073167045709	0.280765571363318	0.140756097534756	0.0449184535797961	-0.521034247895042	0.565360384475153	1.0863946323702	0	0.0123456790123457	85	0.0451698856340564	0.0531690501656196	0	0.0117647058823529	59	-0.0199455288281356	0.0100106126096513	0	0.0169491525423729	11	0.0898266743515686	0.0825069420176022	0	0	4	0.0988026979887946	0.0701362991963824	0	0	3	0.317834805885964	0.314822779704749	0	0	-0.472817800889054	0.0151774541368604	0.094816163164134	0.162598422974899	0.104938271604938	FALSE	C_weak_or_non_dependent	FALSE	0.144439289138061	0.289557425044409
NDUFA8	OXPHOS	Tier 1;Tier 2	ENSG00000119421	162	-0.524596628709128	-0.50782889397205	0.279174959927442	0.140742025594713	0.0767497446749398	-1.45116810253457	0.979414895771006	2.43058299830558	0.537037037037037	0.567901234567901	85	-0.56072470970856	-0.551939732212452	0.535294117647059	0.623529411764706	59	-0.527186365114849	-0.517753992267791	0.61864406779661	0.627118644067797	11	-0.334158404108482	-0.254487874997993	0.181818181818182	0	4	-0.435720176061367	-0.455264961790242	0.75	0.5	3	-0.0151601273177615	-0.0618305231583395	0	0	-0.472817800889054	0.761010020410693	5.56403978990011	0.135889223162729	0.104938271604938	FALSE	C_weak_or_non_dependent	FALSE	0.144439289138061	0.289557425044409
PDK4	OXPHOS	Tier 1;Tier 2	ENSG00000004799	162	0.0814572529554188	0.0573694605247539	0.289022248862236	0.140648184505714	0.0665513350626574	-0.808849516490832	0.780775546733329	1.58962506322416	0.00617283950617284	0.0308641975308642	85	0.0748286242568523	0.0361921080303642	0	0.0470588235294118	59	0.107193375544182	0.0845639659108413	0.0169491525423729	0.0169491525423729	11	0.045564217027703	0.0687715337776407	0	0	4	0.117948283154354	0.0890691517437496	0	0	3	-0.110357599297859	0.0384953183868285	0	0	-0.472817800889054	-0.457992803201912	0.752251875661782	0.177671038766279	0.104938271604938	FALSE	C_weak_or_non_dependent	FALSE	0.144439289138061	0.289557425044409
SDHB	OXPHOS;TCA	Tier 1;Tier 2	ENSG00000117118	162	-0.303171906157684	-0.293022443936614	0.276786206821866	0.1406126933534	0.0730426297662954	-1.72383651829158	0.683091142929541	2.40692766122112	0.219135802469136	0.222222222222222	85	-0.30406484272615	-0.310297090944967	0.188235294117647	0.235294117647059	59	-0.304214941765078	-0.289114491242136	0.279661016949153	0.220338983050847	11	-0.309579774425206	-0.337479143353223	0.272727272727273	0.272727272727273	4	-0.136949621761232	-0.12738796704098	0	0	3	-0.0996614347390141	0.061731413642043	0	0	-0.472817800889054	-0.436436637097054	4.86558011809027	0.108995059670892	0.104938271604938	FALSE	C_weak_or_non_dependent	FALSE	0.144439289138061	0.289557425044409
H3C3	arginine	Tier 2	ENSG00000287080	162	-0.18652981561914	-0.162052022047289	0.294995275383217	0.140551978594985	0.0533366191530666	-0.848015746781898	0.775341633083339	1.62335737986524	0.0308641975308642	0.0679012345679012	85	-0.159426278821824	-0.158420982001534	0.0235294117647059	0.0823529411764706	59	-0.196047250980564	-0.178597048521886	0	0.0338983050847458	11	-0.132768131314777	-0.155981618246357	0.0909090909090909	0.0909090909090909	4	-0.353158597260087	-0.338735986011519	0.5	0.25	3	0.251953128610971	0.273774502005636	0	0	-0.472817800889054	0.458960740573995	1.63396871094827	0.157416941392128	0.104938271604938	FALSE	C_weak_or_non_dependent	FALSE	0.144439289138061	0.289557425044409
BDH2	OXPHOS	Tier 2	ENSG00000164039	162	-0.107413593761219	-0.101170138542551	0.271965396852519	0.140443966317721	0.0647619409011743	-1.23059804531074	0.772232834979639	2.00283088029038	0.0185185185185185	0.0555555555555556	85	-0.105392471766297	-0.0843268875508901	0.0117647058823529	0.0705882352941176	59	-0.0924425379690867	-0.101260834601562	0.0338983050847458	0.0338983050847458	11	-0.217453134209231	-0.193722212682122	0	0	4	-0.0815243289224371	-0.0463545152406106	0	0	3	0.14091481854296	-0.310341786703187	0	0.333333333333333	-0.472817800889054	-0.305546085557948	2.68370184328653	0.125092154312775	0.104938271604938	FALSE	C_weak_or_non_dependent	FALSE	0.144439289138061	0.289557425044409
CD44	glycolysis	Tier 2	ENSG00000026508	162	-0.0221091670766549	-0.035418722876369	0.27427823023495	0.140269664031119	0.0518203461722617	-0.724876903576242	0.542970872163046	1.26784777573929	0.0123456790123457	0.0432098765432099	85	0.0211917565927834	-0.00543457145896373	0.0117647058823529	0.0470588235294118	59	-0.0226895635900691	-0.0451970122626646	0.0169491525423729	0.0508474576271187	11	-0.155212922520307	-0.146082222270375	0	0	4	-0.0254265248068049	-0.0538614814528956	0	0	3	-0.289779400392789	-0.262306812558985	0	0	-0.472817800889054	-0.38889537990439	0.82098562431813	0.167387119361166	0.104938271604938	FALSE	C_weak_or_non_dependent	FALSE	0.144439289138061	0.289557425044409
PLOD1	glycolysis	Tier 2	ENSG00000083444	162	-0.197998160688931	-0.173243666290698	0.30912911049704	0.140228744773034	0.0704568224355504	-1.15971398753106	0.870127566099827	2.02984155363089	0.0802469135802469	0.104938271604938	85	-0.160381818716589	-0.130927336478914	0.0470588235294118	0.105882352941176	59	-0.27444660679815	-0.221228267857256	0.135593220338983	0.11864406779661	11	-0.146370070505268	-0.125125670968093	0	0	4	-0.214589517903888	-0.242738969637556	0	0	3	-0.288153610291433	-0.512281425202653	0.333333333333333	0.333333333333333	-0.472817800889054	0.235820968597879	1.80787393480268	0.134223242808869	0.104938271604938	FALSE	C_weak_or_non_dependent	FALSE	0.144439289138061	0.289557425044409
PPA2	OXPHOS	Tier 1	ENSG00000138777	162	-0.457340353037805	-0.490404331599393	0.27650343285259	0.140170432185151	0.06425433708572	-1.3899201059011	0.355014329303465	1.74493443520457	0.493827160493827	0.481481481481482	85	-0.478393682032214	-0.514897852149362	0.482352941176471	0.505882352941176	59	-0.505713679522693	-0.501698497522193	0.576271186440678	0.525423728813559	11	-0.252403467984181	-0.23424672120651	0.272727272727273	0.0909090909090909	4	-0.413285110337039	-0.398657399746875	0.5	0.25	3	-0.738673546753908	-0.635876466779143	0	0.666666666666667	-0.472817800889054	-0.505746671528897	2.20273678461165	0.152041407846422	0.104938271604938	FALSE	C_weak_or_non_dependent	FALSE	0.144439289138061	0.289557425044409
FUT1	sphingolipid	Tier 1	ENSG00000174951	162	0.0284419125643057	0.00549478267003418	0.265734744219429	0.140115103244288	0.0563592337272239	-0.857644642859413	0.643310392044277	1.50095503490369	0.00925925925925926	0.0308641975308642	85	0.000920939524893914	-0.0225371253186422	0.0176470588235294	0.0588235294117647	59	0.0359956202436713	0.032859387748683	0	0	11	0.020390407391486	0.0123765721312965	0	0	4	-0.08167665817784	-0.0438164929490437	0	0	3	0.336941660804536	0.302076748603248	0	0	-0.472817800889054	-0.507051648454868	1.28198527084921	0.171297393330658	0.104938271604938	FALSE	C_weak_or_non_dependent	FALSE	0.144439289138061	0.289557425044409
UQCRC1	OXPHOS	Tier 1;Tier 2	ENSG00000010256	162	-0.513088567015556	-0.531985424133452	0.287159412966744	0.140109629954859	0.0508934384237162	-1.16475022243126	0.25733815996771	1.42208838239897	0.45679012345679	0.58641975308642	85	-0.5602497107741	-0.557749171640483	0.423529411764706	0.647058823529412	59	-0.497219256026317	-0.532717734412046	0.559322033898305	0.559322033898305	11	-0.379840252376556	-0.303221960184359	0.272727272727273	0.363636363636364	4	-0.39849124884308	-0.43952520845599	0.5	0.25	3	-0.804593556855814	-0.749690131338496	0	0.666666666666667	-0.472817800889054	0.119982982368263	0.852965699802421	0.146807787044604	0.104938271604938	FALSE	C_weak_or_non_dependent	FALSE	0.144439289138061	0.289557425044409
ACOX2	cholesterol/isoprenoid;fatty-acid oxidation	Tier 1	ENSG00000168306	162	-0.020170093351463	-0.0565395750741665	0.289535372332255	0.140090540666543	0.0597029063201935	-1.14145793926175	0.54891855031336	1.69037648957511	0.00617283950617284	0.0555555555555556	85	0.0137539357719239	-0.0277305431443816	0	0.0352941176470588	59	-0.0373136726634222	-0.0794927228275865	0.0169491525423729	0.0847457627118644	11	-0.137362131283783	-0.0974800459947959	0	0	4	-0.0281257268577715	-0.0426822139611795	0	0	3	-0.320217576152516	-0.289744995375822	0	0.333333333333333	-0.472817800889054	-0.864563121979509	1.99448692432224	0.217044356174981	0.104938271604938	FALSE	C_weak_or_non_dependent	FALSE	0.144439289138061	0.289557425044409
MDH2	OXPHOS;TCA;glycolysis	Tier 1;Tier 2	ENSG00000146701	162	-0.18366269351129	-0.180266817414151	0.280488501926325	0.140006476671592	0.0610791013186994	-1.25608145730718	0.529340931409377	1.78542238871656	0.0802469135802469	0.0925925925925926	85	-0.214605866990768	-0.194753781374919	0.0941176470588235	0.117647058823529	59	-0.139329794059374	-0.150719573901053	0.0338983050847458	0.0677966101694915	11	-0.161504736930793	-0.26200863171055	0.181818181818182	0.0909090909090909	4	-0.227701900086113	-0.205131734089011	0.25	0	3	-0.170491887364473	-0.0180254196300579	0	0	-0.472817800889054	-0.275249151038116	1.96240564622051	0.13414952138244	0.104938271604938	FALSE	C_weak_or_non_dependent	FALSE	0.144439289138061	0.289557425044409
ARSH	sphingolipid	Tier 1	ENSG00000205667	162	-0.190098386130346	-0.18565968124905	0.284526130561663	0.139990333335474	0.0634417400707345	-1.01609115291901	0.663448487281463	1.67953964020047	0.0648148148148148	0.111111111111111	85	-0.188925660383233	-0.185759979822212	0.0705882352941176	0.152941176470588	59	-0.188516925231397	-0.196476384759369	0.076271186440678	0.0847457627118644	11	-0.146888101932588	-0.168875458518958	0	0	4	-0.285115397375861	-0.280527715677831	0	0	3	-0.000796024711506332	0.0948591765881798	0	0	-0.472817800889054	-0.130451861390677	1.29337276715961	0.138367975125411	0.104938271604938	FALSE	C_weak_or_non_dependent	FALSE	0.144439289138061	0.289557425044409
TAS2R14	glutamine/glutamate	Tier 1	ENSG00000212127	162	0.0561026428720236	0.0702611776733444	0.283052073998769	0.13996089166179	0.0559292182550753	-0.906572723081403	0.789645632688042	1.69621835576945	0.00617283950617284	0.0185185185185185	85	0.0703400243131334	0.0957583771266514	0	0.0235294117647059	59	0.0439089491741326	0.0391602162210618	0	0	11	0.0828683858691009	0.0735045501292015	0.0909090909090909	0.0909090909090909	4	0.0292214406764457	0.0864350983308233	0	0	3	-0.0894927539998486	-0.0739648248235756	0	0	-0.472817800889054	-0.0547963289756056	2.01889147178091	0.124201421807622	0.104938271604938	FALSE	C_weak_or_non_dependent	FALSE	0.144439289138061	0.289557425044409
DCN	glycolysis	Tier 2	ENSG00000011465	162	-0.053472852003995	-0.0335337033191505	0.277392722770813	0.139926542862166	0.0579979371968917	-0.5557440973878	0.847535097337736	1.40327919472554	0.0246913580246914	0.0308641975308642	85	-0.0232855696589678	-0.00272871515180453	0.0352941176470588	0.0352941176470588	59	-0.0619580408332476	-0.0856631355446254	0.0169491525423729	0.0338983050847458	11	-0.0570670010685318	-0.0604803226870217	0	0	4	-0.07961056427282	-0.0806703264775752	0	0	3	0.54396051892999	0.280523567600481	0	0	-0.472817800889054	0.714727211816673	1.28064260561436	0.205909768790367	0.104938271604938	FALSE	C_weak_or_non_dependent	FALSE	0.144439289138061	0.289557425044409
GLDC	cholesterol/isoprenoid;serine/glycine/one-carbon	Tier 1;Tier 2	ENSG00000178445	162	-0.0897829160165869	-0.101147270978588	0.290305582271919	0.139824924847364	0.0606105063473289	-0.765294073221056	0.723974142376719	1.48926821559778	0.0493827160493827	0.0740740740740741	85	-0.107815004374347	-0.0974385704268775	0.0470588235294118	0.0705882352941176	59	-0.112629824801596	-0.122192060776912	0.0677966101694915	0.101694915254237	11	-0.0927818782334292	-0.138464204911153	0	0	4	0.0265067098038375	0.0525563080112436	0	0	3	0.237167988956847	0.139544398522965	0	0	-0.472817800889054	0.0508066702829685	0.376154022698529	0.15585274164425	0.104938271604938	FALSE	C_weak_or_non_dependent	FALSE	0.144439289138061	0.289557425044409
GRIK2	glutamine/glutamate	Tier 1	ENSG00000164418	162	-0.154124494444906	-0.154514833305208	0.268978503442563	0.139820661441983	0.0543922941803391	-0.781770746693375	0.819903518988171	1.60167426568155	0.0246913580246914	0.0864197530864198	85	-0.128748937455071	-0.135085823825407	0.0235294117647059	0.117647058823529	59	-0.191384974852022	-0.190360901433004	0.0169491525423729	0.0508474576271187	11	-0.153569267944094	-0.150345706604417	0	0	4	0.00270648248646101	-0.102241304451778	0.25	0.25	3	0.00124814482444754	-0.0850155984270164	0	0	-0.472817800889054	0.574320394050653	2.29502622638073	0.159229412458959	0.104938271604938	FALSE	C_weak_or_non_dependent	FALSE	0.144439289138061	0.289557425044409
CYP1A1	tryptophan	Tier 1	ENSG00000140465	162	-0.0240337256034971	-0.0601659056158688	0.278209386477293	0.139749409533263	0.0850304793324946	-0.88847794649433	0.718662942934609	1.60714088942894	0.0432098765432099	0.0925925925925926	85	-0.0244435929705504	-0.0541596401390404	0.0352941176470588	0.117647058823529	59	-0.0320803106403749	-0.0814711166222731	0.0677966101694915	0.0677966101694915	11	0.0906621102377815	0.0691528698878138	0	0	4	-0.0335238567625386	-0.0543666321551296	0	0	3	-0.220387086673105	-0.293242152461209	0	0.333333333333333	-0.472817800889054	-0.548484813113295	0.68627400447796	0.192916568182899	0.104938271604938	FALSE	C_weak_or_non_dependent	FALSE	0.144439289138061	0.289557425044409
MTX2	OXPHOS	Tier 2	ENSG00000128654	162	-0.154995527039351	-0.177294379949793	0.28124928681879	0.139736235010097	0.0889222444114678	-1.21994812704249	0.666905703223212	1.8868538302657	0.095679012345679	0.111111111111111	85	-0.143180689827527	-0.154306123303651	0.0529411764705882	0.0823529411764706	59	-0.21010346512945	-0.216420289873071	0.169491525423729	0.169491525423729	11	-0.157470379883574	-0.171263030948381	0.0909090909090909	0.0909090909090909	4	-0.166431941330841	-0.148459030700165	0	0	3	-0.117968669953008	-0.119714168437384	0	0	-0.472817800889054	-0.999221993322377	2.2145715734978	0.241612106633707	0.104938271604938	FALSE	C_weak_or_non_dependent	FALSE	0.144439289138061	0.289557425044409
GLYATL1	serine/glycine/one-carbon	Tier 1	ENSG00000166840	162	0.100487940761684	0.103791277600218	0.271305873425132	0.139658862121765	0.0576926547082706	-0.589851870837507	1.06931677866771	1.65916864950522	0	0.0185185185185185	85	0.125337741375839	0.121066662437356	0	0.0235294117647059	59	0.0876887403931456	0.0852179072425879	0	0	11	0.117704929722572	0.0962045577751545	0	0.0909090909090909	4	0.0170920194465561	0.00774674432698303	0	0	3	0.155441405370254	0.135475674637576	0	0	-0.472817800889054	0.328565824422048	1.94441133104406	0.138474825620396	0.104938271604938	FALSE	C_weak_or_non_dependent	FALSE	0.144439289138061	0.289557425044409
TIMM17A	OXPHOS	Tier 2	ENSG00000134375	162	-0.0685125422566267	-0.0913723189790375	0.264537479837103	0.139651812326104	0.0539182711458532	-1.18344995149365	0.637370846966842	1.82082079846049	0.0339506172839506	0.037037037037037	85	-0.0874520106524642	-0.103721246338499	0.0294117647058824	0.0588235294117647	59	-0.0511031276447773	-0.0854587608921087	0.0508474576271187	0.0169491525423729	11	-0.139186404456631	-0.0943029718223885	0	0	4	-0.0758980220821911	-0.0723175740405723	0	0	3	0.180143882216086	0.127553381003766	0	0	-0.472817800889054	-0.661525186611537	2.84589414480059	0.161482377526795	0.104938271604938	FALSE	C_weak_or_non_dependent	FALSE	0.144439289138061	0.289557425044409
PDP1	OXPHOS	Tier 1;Tier 2	ENSG00000164951	162	-0.00814085809161857	0.00785376807901682	0.276358267223394	0.139615134396805	0.0536200410742282	-0.637479815821279	0.978716497622355	1.61619631344363	0	0.0185185185185185	85	-0.00770983184219753	0.00860608300027269	0	0.0352941176470588	59	-0.0131910423855601	0.0052528114795118	0	0	11	-0.0148092180535398	0.0200305527519768	0	0	4	0.0175803694860757	0.0120146930018017	0	0	3	0.011843040107751	-0.0125057852642001	0	0	-0.472817800889054	0.5439581300851	1.61206736569665	0.168982408631002	0.104938271604938	FALSE	C_weak_or_non_dependent	FALSE	0.144439289138061	0.289557425044409
AGO2	cholesterol/isoprenoid	Tier 2	ENSG00000123908	162	-0.0420386051311838	-0.0727299266430844	0.260409204595256	0.139601841207294	0.0758573634930131	-1.08711072863242	0.608959344632738	1.69607007326516	0.0401234567901235	0.0679012345679012	85	-0.0532096056172362	-0.0804955413606355	0.0529411764705882	0.0823529411764706	59	-0.0408033868024827	-0.0802016265898369	0.0338983050847458	0.0677966101694915	11	-0.00847476390577828	0.0164363511413855	0	0	4	-0.0774675780449464	-0.0501912429544376	0	0	3	-0.130664825253239	-0.0627553408209215	0	0	-0.472817800889054	-0.635671977870718	1.58954740619313	0.183629276487183	0.104938271604938	FALSE	C_weak_or_non_dependent	FALSE	0.144439289138061	0.289557425044409
FOXRED1	OXPHOS	Tier 1	ENSG00000110074	162	-0.172963879934783	-0.170800702101694	0.277545528285575	0.139598291522593	0.0567317477578428	-0.920911720563372	0.518944921022747	1.43985664158612	0.0524691358024691	0.0925925925925926	85	-0.212504433832509	-0.186094953525711	0.0529411764705882	0.117647058823529	59	-0.171615221998964	-0.164795075574164	0.0677966101694915	0.0847457627118644	11	-0.117075310571855	-0.125628929388475	0	0	4	-0.0818940655569461	-0.0982847909663162	0	0	3	-0.179441114255258	-0.117891948258259	0	0	-0.472817800889054	0.140895680099517	0.533101183289097	0.15476160907889	0.104938271604938	FALSE	C_weak_or_non_dependent	FALSE	0.144439289138061	0.289557425044409
ACAT1	BCAA;OXPHOS;TCA;cholesterol/isoprenoid;fatty-acid oxidation;tryptophan	Tier 1;Tier 2	ENSG00000075239	162	-0.140792897176883	-0.14265549041407	0.277718201915271	0.139448080812208	0.0713845739017867	-1.19629074591344	0.730334871086921	1.92662561700036	0.0277777777777778	0.0802469135802469	85	-0.0865768875887853	-0.111240281616213	0.0235294117647059	0.0941176470588235	59	-0.182200349262478	-0.176722702941343	0.0423728813559322	0.0508474576271187	11	-0.252002888860019	-0.273004948375303	0	0.181818181818182	4	-0.153383380918618	-0.127095474484105	0	0	3	-0.0891461099196498	0.0944367646342624	0	0	-0.472817800889054	-0.0936165936524792	1.87989247060863	0.127102571091666	0.104938271604938	FALSE	C_weak_or_non_dependent	FALSE	0.144439289138061	0.289557425044409
CPT1A	OXPHOS;fatty-acid oxidation	Tier 1;Tier 2	ENSG00000110090	162	0.121090493715798	0.128276461699784	0.284328022436693	0.139390467991796	0.0666266388849484	-0.651655378034934	1.27966297706423	1.93131835509916	0	0.0308641975308642	85	0.119596090937363	0.106797736656427	0	0.0352941176470588	59	0.141017651073641	0.167058552790794	0	0	11	0.114854299844551	0.0620635493036884	0	0.181818181818182	4	0.0970391101235486	0.121269756964727	0	0	3	0.106628291093478	0.226248831570782	0	0	-0.472817800889054	0.235143815876982	2.32691026755528	0.125875350738997	0.104938271604938	FALSE	C_weak_or_non_dependent	FALSE	0.144439289138061	0.289557425044409
GBGT1	sphingolipid	Tier 1	ENSG00000148288	162	-0.219088086607209	-0.227065760123699	0.274875977761975	0.139365968761716	0.0649162625739654	-1.27411432799272	0.455854531115819	1.72996885910854	0.111111111111111	0.123456790123457	85	-0.216286141103195	-0.227855513805713	0.158823529411765	0.141176470588235	59	-0.208677927816835	-0.197094674720649	0.0423728813559322	0.0508474576271187	11	-0.219118748846971	-0.276061707262296	0	0.181818181818182	4	-0.250243799662597	-0.242888957497654	0.25	0	3	-0.512597200446128	-0.593371349386491	0.333333333333333	1	-0.472817800889054	-0.453326677062801	1.69604838969734	0.1554934639468	0.104938271604938	FALSE	C_weak_or_non_dependent	FALSE	0.144439289138061	0.289557425044409
CTH	glycolysis;methionine;serine/glycine/one-carbon	Tier 1;Tier 2	ENSG00000116761	162	0.104152045415756	0.0711530992498533	0.272157843614837	0.139317218398718	0.0670124026233437	-0.94806060575648	0.797833101704996	1.74589370746148	0.00925925925925926	0.037037037037037	85	0.104412693765868	0.0676829831853312	0.0176470588235294	0.0470588235294118	59	0.107309283009844	0.0820649695445314	0	0.0169491525423729	11	0.017141849771682	0.0680073377986594	0	0	4	0.0253246104345103	0.0536673080228876	0	0	3	0.20803709190774	-0.010278214427027	0	0.333333333333333	-0.472817800889054	-0.814577499047937	1.87572657766005	0.209712870997955	0.104938271604938	FALSE	C_weak_or_non_dependent	FALSE	0.144439289138061	0.289557425044409
RAB5IF	OXPHOS	Tier 1	ENSG00000101084	162	0.0696272623807516	0.0612121843044894	0.282148516125652	0.139290215428814	0.0624544554693035	-1.02954383382733	0.850712762830371	1.8802565966577	0.00617283950617284	0.0308641975308642	85	0.0644230830800936	0.0613575547632656	0.0117647058823529	0.0352941176470588	59	0.0875815580587117	0.0776965392489545	0	0.0169491525423729	11	-0.0956399378368823	-0.0410200932117078	0	0	4	0.175121691909549	0.130921473235756	0	0	3	-0.0422444474774387	0.0148070063823849	0	0.333333333333333	-0.472817800889054	-0.562842271085011	2.83688011003283	0.148060532788192	0.104938271604938	FALSE	C_weak_or_non_dependent	FALSE	0.144439289138061	0.289557425044409
ACSBG2	fatty-acid oxidation	Tier 1	ENSG00000130377	162	-0.0529365889323094	-0.0656111128678035	0.260600978827809	0.139226129232134	0.0600245292648505	-0.869911486838529	0.864241637211616	1.73415312405015	0.00617283950617284	0.0555555555555556	85	-0.0257612210557185	-0.033323057484545	0	0.0352941176470588	59	-0.109885522993231	-0.097888271045222	0	0.0508474576271187	11	-0.0529773327417272	-0.0727951773554561	0.0909090909090909	0.181818181818182	4	-0.028931060782429	-0.0164887200179756	0	0	3	-0.238786347237887	-0.384810191915943	0	0.333333333333333	-0.472817800889054	0.0777708802789477	1.39988956822137	0.134920310833624	0.104938271604938	FALSE	C_weak_or_non_dependent	FALSE	0.144439289138061	0.289557425044409
NNT	NAD;OXPHOS;TCA	Tier 1;Tier 2	ENSG00000112992	162	-0.258075598157032	-0.242612338806039	0.270411677567224	0.139218503217931	0.075533510180474	-1.16989053689336	0.975402956715021	2.14529349360839	0.151234567901235	0.148148148148148	85	-0.268130124453245	-0.247611501499858	0.152941176470588	0.188235294117647	59	-0.2768467825751	-0.267216821693455	0.161016949152542	0.101694915254237	11	-0.196688943164433	-0.140177750919265	0.0909090909090909	0	4	-0.151559323477524	-0.169827654579226	0	0	3	-0.499603495357034	-0.0897209669158761	0.333333333333333	0.666666666666667	-0.472817800889054	0.490955272445569	2.85177512488744	0.139309369941952	0.104938271604938	FALSE	C_weak_or_non_dependent	FALSE	0.144439289138061	0.289557425044409
SRM	arginine;methionine	Tier 1	ENSG00000116649	162	-0.0608455084629397	-0.0807800132972037	0.283718083833132	0.139146790550197	0.0511725075860565	-0.745082028352183	0.591648872952747	1.33673090130493	0.0123456790123457	0.0740740740740741	85	-0.0515573944120634	-0.0843067959925272	0.0117647058823529	0.0823529411764706	59	-0.0831766342057151	-0.100992281506653	0.0169491525423729	0.0508474576271187	11	-0.0169727525965948	0.031052043561859	0	0.0909090909090909	4	-0.0579215627364641	-0.077743004172573	0	0	3	0.100179405975709	0.00255321720673832	0	0.333333333333333	-0.472817800889054	-0.320011706214919	0.550186181191024	0.166856797802163	0.104938271604938	FALSE	C_weak_or_non_dependent	FALSE	0.144439289138061	0.289557425044409
CPT2	fatty-acid oxidation	Tier 1	ENSG00000157184	162	-0.122778457961902	-0.126225819193351	0.27411419812209	0.139097021341688	0.0628367991543832	-0.979764288494052	0.557140507274255	1.53690479576831	0.0339506172839506	0.0740740740740741	85	-0.151709330900163	-0.118771108705545	0.0294117647058824	0.0941176470588235	59	-0.118468204994123	-0.14506376968593	0.0338983050847458	0.0508474576271187	11	-0.15653176947902	-0.126778077622503	0.0909090909090909	0.0909090909090909	4	-0.117152392618343	-0.129473175612833	0	0	3	0.0255924220283954	0.0393918328057453	0	0	-0.472817800889054	-0.344845719837348	1.24074356627697	0.153329756285403	0.104938271604938	FALSE	C_weak_or_non_dependent	FALSE	0.144439289138061	0.289557425044409
RMND5A	OXPHOS	Tier 1	ENSG00000153561	162	-0.222519871902332	-0.224231040891962	0.304276746702546	0.139092534828929	0.065275893131489	-1.26336367303471	0.377948791632541	1.64131246466725	0.0925925925925926	0.141975308641975	85	-0.225790349440429	-0.235326365316549	0.105882352941176	0.164705882352941	59	-0.202485175746672	-0.194107765506658	0.0847457627118644	0.101694915254237	11	-0.301749695942547	-0.309682170084889	0.0909090909090909	0.181818181818182	4	-0.211128665444253	-0.174761778525767	0	0	3	-0.326154679714698	-0.254926140887202	0	0.333333333333333	-0.472817800889054	-0.528492151837339	1.5048567566681	0.169184775666083	0.104938271604938	FALSE	C_weak_or_non_dependent	FALSE	0.144439289138061	0.289557425044409
LCN2	iron	Tier 1	ENSG00000148346	162	-0.160120228278947	-0.17927652318348	0.287550754181062	0.139068707148874	0.0615453996430296	-1.20565261358817	0.72083339786251	1.92648601145068	0.0617283950617284	0.0925925925925926	85	-0.166127968082142	-0.182687219687251	0.0588235294117647	0.0823529411764706	59	-0.165150670113674	-0.192973659003659	0.0508474576271187	0.11864406779661	11	-0.126761290731361	-0.204158414566073	0.0909090909090909	0.0909090909090909	4	-0.29233007876727	-0.227243069983674	0.25	0	3	0.365239940296174	0.341925879689984	0	0	-0.472817800889054	-0.164289553116819	2.22030839552096	0.124077240948197	0.104938271604938	FALSE	C_weak_or_non_dependent	FALSE	0.144439289138061	0.289557425044409
SLC40A1	iron	Tier 1	ENSG00000138449	162	0.00741012376509817	0.0206661979099504	0.291681167029089	0.139051102080007	0.0617647866698762	-0.966178092145755	0.975684035613489	1.94186212775924	0.00617283950617284	0.0185185185185185	85	-0.0323015900634454	0.00175649305281736	0	0.0235294117647059	59	0.0206503546295848	0.0410205874240277	0.0169491525423729	0.0169491525423729	11	-0.0658675116953584	-0.0832205983142532	0	0	4	0.0898864654481311	0.0603524439081169	0	0	3	0.697266542089559	0.484141433243058	0	0	-0.472817800889054	0.0610965125702968	2.56638579048219	0.116400356272464	0.104938271604938	FALSE	C_weak_or_non_dependent	FALSE	0.144439289138061	0.289557425044409
ACADL	fatty-acid oxidation	Tier 1	ENSG00000115361	162	0.117286380523223	0.0925417571454222	0.276214542577489	0.139023226484968	0.0898833600162231	-1.49676355116583	0.924384977899631	2.42114852906546	0.00617283950617284	0.0308641975308642	85	0.0934527586918698	0.0732931232746876	0.0117647058823529	0.0470588235294118	59	0.100171580636827	0.0817064253095246	0	0.0169491525423729	11	0.213784917732136	0.168033225013784	0	0	4	0.220346693577502	0.198858054468129	0	0	3	0.585349136746577	0.432457464307952	0	0	-0.472817800889054	-0.910550997792804	4.56515554389608	0.172201493004213	0.104938271604938	FALSE	C_weak_or_non_dependent	FALSE	0.144439289138061	0.289557425044409
DECR1	OXPHOS;fatty-acid oxidation	Tier 1;Tier 2	ENSG00000104325	162	-0.0480697756675575	-0.0657869932318515	0.266760535053846	0.138970249337876	0.0577637433650116	-0.904669816619955	0.671330391517502	1.57600020813746	0.00617283950617284	0.0617283950617284	85	-0.0290286079055267	-0.0421502959726367	0	0.0588235294117647	59	-0.088334502634099	-0.102413394230817	0.0169491525423729	0.0847457627118644	11	-0.106553985078268	-0.092727184976462	0	0	4	0.0325181273667841	0.011318534976738	0	0	3	-0.0278799485897336	-0.0192008638111707	0	0	-0.472817800889054	-0.177170305029714	1.00999283737247	0.145950329789774	0.104938271604938	FALSE	C_weak_or_non_dependent	FALSE	0.144439289138061	0.289557425044409
H4C12	arginine	Tier 2	ENSG00000273542	162	-0.190587041028319	-0.222905403793471	0.286916144531572	0.138965166076312	0.0584808836662726	-0.997778922901648	0.362616136909335	1.36039505981098	0.111111111111111	0.135802469135802	85	-0.237607709448745	-0.20938025925102	0.0941176470588235	0.117647058823529	59	-0.170462494887583	-0.221970636699231	0.135593220338983	0.152542372881356	11	-0.173871187420816	-0.206491001372555	0	0.0909090909090909	4	-0.348626012172511	-0.369315054797621	0.5	0.25	3	-0.362970776965135	-0.48947485955416	0	0.333333333333333	-0.472817800889054	-0.465627294693528	0.516685490708348	0.185110817360115	0.104938271604938	FALSE	C_weak_or_non_dependent	FALSE	0.144439289138061	0.289557425044409
HAAO	NAD;tryptophan	Tier 1	ENSG00000162882	162	-0.162137889867322	-0.158899129809462	0.276643900587335	0.138895122456981	0.0454223004659992	-0.836014003261279	0.469313613869448	1.30532761713073	0.0185185185185185	0.0864197530864198	85	-0.183306490335635	-0.186974874391167	0.0117647058823529	0.117647058823529	59	-0.140266449409807	-0.125109313667507	0.0169491525423729	0.0508474576271187	11	-0.127942788733541	-0.114510138110536	0.0909090909090909	0	4	-0.134946279870581	-0.131244460130259	0	0	3	-0.0934498477582478	-0.2275852799213	0	0.333333333333333	-0.472817800889054	-0.0845509456947135	0.382295242077402	0.156413451272588	0.104938271604938	FALSE	C_weak_or_non_dependent	FALSE	0.144439289138061	0.289557425044409
CERT1	sphingolipid	Tier 1	ENSG00000113163	162	-0.0848524108776714	-0.0681335836494082	0.279392179239498	0.138777434455872	0.0944493003423381	-0.785455626405233	1.80271902717977	2.588174653585	0.0308641975308642	0.0555555555555556	85	-0.0881083564273855	-0.0530613439220077	0.0117647058823529	0.0588235294117647	59	-0.0746589225059842	-0.102589338825301	0.0677966101694915	0.0677966101694915	11	-0.0829706795520046	-0.0775896691671645	0	0	4	-0.121470685070246	-0.111496238094962	0	0	3	-0.08475460590956	0.274938662025986	0	0	-0.472817800889054	1.76214867613977	8.49286897844244	0.282150065117361	0.104938271604938	FALSE	C_weak_or_non_dependent	FALSE	0.144439289138061	0.289557425044409
AKR1C4	cholesterol/isoprenoid	Tier 1	ENSG00000198610	162	0.295304908439813	0.294086693576968	0.276250065809087	0.138753930661994	0.0674830066166796	-0.763763684237966	1.21129618309289	1.97505986733086	0	0.0123456790123457	85	0.304311964717735	0.269259732826149	0	0.0235294117647059	59	0.253686654299302	0.304753319878796	0	0	11	0.382505907074056	0.355752783440192	0	0	4	0.390214764886096	0.370636210695615	0	0	3	0.415158522144207	0.459565245257553	0	0	-0.472817800889054	-0.48232173110299	2.63940706137445	0.141745170337934	0.104938271604938	FALSE	C_weak_or_non_dependent	FALSE	0.144439289138061	0.289557425044409
TAS2R10	glutamine/glutamate	Tier 1	ENSG00000121318	162	0.0575879667818486	0.0248921155630016	0.295389915292061	0.138749579774046	0.0557480950414355	-0.845951570475006	0.636919285987339	1.48287085646234	0.00617283950617284	0.0185185185185185	85	0.0303635460018063	0.0182809922939554	0	0.0117647058823529	59	0.0659781163959507	0.0272966272600415	0	0	11	0.0624954965628148	0.0188377528819798	0.0909090909090909	0.0909090909090909	4	0.135349308907468	0.13820084775541	0	0	3	0.415082284908528	0.0360395650513953	0	0.333333333333333	-0.472817800889054	-0.536516247891028	1.12213118809559	0.179394912343884	0.104938271604938	FALSE	C_weak_or_non_dependent	FALSE	0.144439289138061	0.289557425044409
GPS2	cholesterol/isoprenoid	Tier 2	ENSG00000132522	162	0.0499343019864251	0.0626717198788596	0.285131369843821	0.138711056839716	0.0596877874138858	-0.579002373101769	0.829496302105128	1.4084986752069	0.0123456790123457	0.0308641975308642	85	0.085225945752908	0.0801484063043476	0.0117647058823529	0.0470588235294118	59	0.023259954014851	0.0503147140507367	0	0.0169491525423729	11	-0.0118295184823913	0.0110561891004693	0.0909090909090909	0	4	-0.027177545758487	-0.0439291329606161	0	0	3	0.174716932361483	0.141911469083179	0	0	-0.472817800889054	-0.0387734128248933	0.568152667226411	0.151173187944787	0.104938271604938	FALSE	C_weak_or_non_dependent	FALSE	0.144439289138061	0.289557425044409
SLC30A5	zinc	Tier 1	ENSG00000145740	162	-0.0743816224749269	-0.0633246844398904	0.279822260637931	0.138663058621792	0.052435231151656	-0.753815202801158	0.548402415438182	1.30221761823934	0.0308641975308642	0.0493827160493827	85	-0.081131387387658	-0.0948133512860299	0.0470588235294118	0.0705882352941176	59	-0.0660644377822787	-0.045433883377443	0	0.0169491525423729	11	0.0118273955646222	-0.0120115103731007	0.0909090909090909	0.0909090909090909	4	0.053847956549072	0.0270688281839855	0	0	3	0.144742456942833	0.1683288002292	0	0	-0.472817800889054	-0.244115727180258	0.619911543887098	0.158701616496055	0.104938271604938	FALSE	C_weak_or_non_dependent	FALSE	0.144439289138061	0.289557425044409
GRIA1	glutamine/glutamate	Tier 1	ENSG00000155511	162	0.0128504969353979	-0.0322283751004196	0.275991720023343	0.138646415592492	0.0671961236686551	-0.867873469870072	0.840495337130448	1.70836880700052	0.0123456790123457	0.0493827160493827	85	-0.0143521435891595	-0.0426462879312698	0.0117647058823529	0.0352941176470588	59	0.0331199443522974	0.00575095270650497	0.0169491525423729	0.0169491525423729	11	0.0585324080419228	-0.0840450247961863	0	0.272727272727273	4	-0.0247077588949231	-0.0384238808988245	0	0	3	-0.146951208854825	-0.285725901813496	0	0.333333333333333	-0.472817800889054	-0.40448393666231	1.44627648547567	0.155085637307359	0.104938271604938	FALSE	C_weak_or_non_dependent	FALSE	0.144439289138061	0.289557425044409
COX11	OXPHOS	Tier 1;Tier 2	ENSG00000166260	162	-0.149606447348776	-0.152498826855077	0.278898434393381	0.138557158120078	0.0520479333989835	-0.992980057913188	0.589266210241162	1.58224626815435	0.0246913580246914	0.0864197530864198	85	-0.150370480029587	-0.182459340608476	0.0411764705882353	0.141176470588235	59	-0.155862480627601	-0.135631078133779	0.00847457627118644	0.0169491525423729	11	-0.00185335748121207	-0.0675963339433507	0	0.0909090909090909	4	-0.0786222062571474	-0.0657028580108751	0	0	3	-0.0530688603005447	-0.0623870944962151	0	0	-0.472817800889054	-0.381084808376749	1.72553525005853	0.147158547809783	0.104938271604938	FALSE	C_weak_or_non_dependent	FALSE	0.144439289138061	0.289557425044409
ATP6V0A4	OXPHOS;iron	Tier 1	ENSG00000105929	162	-0.0166291563664446	-0.0214084913188762	0.279951626272958	0.138528681290287	0.0534092739407888	-1.1024011713334	0.584628720383553	1.68702989171695	0.00617283950617284	0.0308641975308642	85	-0.0418527378713499	-0.0328218783430413	0.0117647058823529	0.0470588235294118	59	-0.0142725120639531	-0.00451741010996147	0	0.0169491525423729	11	0.0304740719802627	-0.0529589911873373	0	0	4	-0.0419464708301226	-0.0522385181372237	0	0	3	0.121985788695047	0.126571412532632	0	0	-0.472817800889054	-0.610310067942945	2.50426097369806	0.160317855046206	0.104938271604938	FALSE	C_weak_or_non_dependent	FALSE	0.144439289138061	0.289557425044409
UQCRB	OXPHOS	Tier 1;Tier 2	ENSG00000156467	162	-0.332995468168329	-0.334628819683839	0.270268796220031	0.13850926578421	0.0567781300751697	-1.00716838783367	0.448538607578813	1.45570699541248	0.222222222222222	0.246913580246914	85	-0.36923356498252	-0.348604759615108	0.217647058823529	0.317647058823529	59	-0.289848314859511	-0.328322028292933	0.245762711864407	0.152542372881356	11	-0.313053919345154	-0.313250928935273	0.0909090909090909	0.181818181818182	4	-0.334303663995742	-0.336052749783162	0.5	0.25	3	-0.288636489054588	-0.139164444931346	0	0.333333333333333	-0.472817800889054	0.14346377822794	0.978115588785529	0.145075403174443	0.104938271604938	FALSE	C_weak_or_non_dependent	FALSE	0.144439289138061	0.289557425044409
RPIA	PPP	Tier 1	ENSG00000153574	162	-0.132693583631891	-0.148098086999149	0.260640541774487	0.138506075757533	0.0726987065012926	-1.91508524381897	0.443057397715922	2.35814264153489	0.0555555555555556	0.0679012345679012	85	-0.134205705456104	-0.163153891305493	0.0588235294117647	0.0823529411764706	59	-0.0855198201615825	-0.0684631180165597	0.0169491525423729	0	11	-0.198316829024237	-0.210851168958918	0.181818181818182	0.181818181818182	4	-0.124233683772717	-0.127732712891282	0	0	3	-1.03335431658031	-1.08473055326832	0.333333333333333	0.666666666666667	-0.472817800889054	-2.09689884054365	10.8639153301301	0.318958721144178	0.104938271604938	FALSE	C_weak_or_non_dependent	FALSE	0.144439289138061	0.289557425044409
GLUD2	arginine;glutamine/glutamate	Tier 1	ENSG00000182890	162	-0.00277279244110051	-0.0028518809481037	0.28002604858366	0.138483130948707	0.0584370418818703	-0.990465962233642	0.812121531453494	1.80258749368714	0.0123456790123457	0.0308641975308642	85	0.0401638327498516	0.0282426197432927	0.0117647058823529	0.0352941176470588	59	-0.0318466333179455	-0.0232572586335014	0.0169491525423729	0.0169491525423729	11	-0.0420468526704027	-0.0631320458094405	0	0	4	0.0165417692629783	-0.00309377058579253	0	0	3	-0.0907071068211173	-0.261207182049693	0	0.333333333333333	-0.472817800889054	-0.310711400015365	1.94983515190474	0.136955447221617	0.104938271604938	FALSE	C_weak_or_non_dependent	FALSE	0.144439289138061	0.289557425044409
ACTG1	cholesterol/isoprenoid	Tier 2	ENSG00000184009	162	-0.294182129234072	-0.292833988948679	0.266096525123032	0.138454163991173	0.0685434067038985	-1.2230078415133	0.559929448291886	1.78293728980519	0.17283950617284	0.209876543209877	85	-0.304724646348303	-0.307133985533716	0.188235294117647	0.282352941176471	59	-0.281290599063258	-0.275587786025411	0.152542372881356	0.11864406779661	11	-0.297491159026068	-0.378110682833481	0.272727272727273	0.272727272727273	4	-0.246993044521312	-0.240561066753736	0	0	3	0.034534503491836	0.0161412381207955	0	0	-0.472817800889054	0.346369143642225	1.8656147627708	0.141368848596273	0.104938271604938	TRUE	C_weak_or_non_dependent	FALSE	0.144439289138061	0.289557425044409
PRPS2	PPP	Tier 1	ENSG00000101911	162	0.00929079979516918	-0.00985823346079893	0.261432683980718	0.138441367745541	0.0543253320516798	-1.3280735700876	0.523680810352708	1.85175438044031	0.0185185185185185	0.0246913580246914	85	0.0435088815281807	0.0183404148935427	0.0117647058823529	0.0235294117647059	59	-0.0493728685351389	-0.0540571771507176	0.0338983050847458	0.0338983050847458	11	-0.0204927737479186	-0.0267446262665141	0	0	4	-0.0142021860888832	-0.0136214827006319	0	0	3	0.0398879119740019	0.127360395008655	0	0	-0.472817800889054	-1.40092601279208	6.12142809223152	0.243271247629616	0.104938271604938	FALSE	C_weak_or_non_dependent	FALSE	0.144439289138061	0.289557425044409
NDUFA13	OXPHOS	Tier 1	ENSG00000186010	162	-0.488060236115208	-0.50627826695133	0.26350503552757	0.138316604259117	0.0695817022872298	-1.39307545985294	0.437889475883333	1.83096493573627	0.478395061728395	0.54320987654321	85	-0.502439549071563	-0.536110377817661	0.435294117647059	0.576470588235294	59	-0.488050685314892	-0.497546853451278	0.5	0.525423728813559	11	-0.442689146339959	-0.463213460864032	0.636363636363636	0.363636363636364	4	-0.567350701588168	-0.546073273488392	0.75	0.75	3	0.238298321530084	0.0624027951563215	0.333333333333333	0.333333333333333	-0.472817800889054	0.013042479271093	2.12713744521257	0.122212526969164	0.104938271604938	TRUE	C_weak_or_non_dependent	FALSE	0.144439289138061	0.289557425044409
PLPPR1	sphingolipid	Tier 1	ENSG00000148123	162	-0.0200666324754175	-0.00988040930817498	0.278328535728972	0.138188050839071	0.0507208472909667	-1.06632869297767	0.664401503458333	1.73073019643601	0.00617283950617284	0.0185185185185185	85	-0.0184874481944711	0.00124238755125244	0.0117647058823529	0.0235294117647059	59	-0.04330204976164	-0.015155921265255	0	0.0169491525423729	11	-0.0400565129030188	-0.116304931168661	0	0	4	-0.0198963525403423	-0.0155206066339059	0	0	3	0.161550440957645	0.176468924753379	0	0	-0.472817800889054	-0.32884957532282	2.50384152802567	0.129447328863408	0.104938271604938	FALSE	C_weak_or_non_dependent	FALSE	0.144439289138061	0.289557425044409
SLC43A2	amino-acid transport	Tier 1	ENSG00000167703	162	0.121467708787222	0.116915302844348	0.272695133822742	0.138174811854419	0.0749499215135629	-0.990419506544045	1.22004440162074	2.21046390816479	0.0123456790123457	0.0308641975308642	85	0.125781987230023	0.114687287972694	0.0117647058823529	0.0352941176470588	59	0.118487364779942	0.103100989484906	0.0169491525423729	0.0338983050847458	11	0.137536543774157	0.136159136043308	0	0	4	0.222328380442614	0.233277148170389	0	0	3	0.515764772887589	0.226014038112711	0	0	-0.472817800889054	-0.162640976309319	2.82763330184743	0.11553478977139	0.104938271604938	FALSE	C_weak_or_non_dependent	FALSE	0.144439289138061	0.289557425044409
NDUFB7	OXPHOS	Tier 1;Tier 2	ENSG00000099795	162	-0.555211357739445	-0.547061198811201	0.269344529826997	0.138065935594081	0.087444808752061	-1.65803713037743	0.642697201788837	2.30073433216626	0.546296296296296	0.641975308641975	85	-0.597404553547935	-0.599381687531243	0.541176470588235	0.741176470588235	59	-0.486211396739132	-0.527520502922336	0.567796610169492	0.542372881355932	11	-0.469413456669598	-0.393407698755362	0.454545454545455	0.454545454545455	4	-0.468693662811042	-0.426415678076387	0.75	0.5	3	-0.565032451820771	-0.17320456540884	0.333333333333333	0.666666666666667	-0.472817800889054	-0.0420464872584875	2.97725142535422	0.110888962519547	0.104938271604938	FALSE	C_weak_or_non_dependent	FALSE	0.144439289138061	0.289557425044409
ATP12A	OXPHOS	Tier 1	ENSG00000075673	162	-0.132341128573338	-0.127745329729422	0.282647432504912	0.138041115263824	0.0798313033356697	-1.26878702526904	0.81594415774099	2.08473118301003	0.0462962962962963	0.0864197530864198	85	-0.112321896196092	-0.0860489654255481	0.0411764705882353	0.0941176470588235	59	-0.144636041362403	-0.154548731025569	0.0677966101694915	0.0677966101694915	11	-0.113215523520466	-0.157976067428423	0	0	4	-0.11767323672029	-0.134202468935771	0	0	3	-0.799426888770782	-0.662553202343471	0	0.666666666666667	-0.472817800889054	0.0674749603265907	2.10359214720657	0.123102234707213	0.104938271604938	FALSE	C_weak_or_non_dependent	FALSE	0.144439289138061	0.289557425044409
MPC2	OXPHOS	Tier 1	ENSG00000143158	162	-0.0680240175214685	-0.0786953014460835	0.270791301230595	0.137988277170481	0.0648788561130192	-1.28689870460281	0.954858110509044	2.24175681511185	0.0185185185185185	0.0555555555555556	85	-0.0767027617513873	-0.0857587368532326	0.0235294117647059	0.0941176470588235	59	-0.0582652119282687	-0.0768905136388317	0.0169491525423729	0.0169491525423729	11	-0.0811567958195877	-0.0765931887821052	0	0	4	0.076198709903293	0.0666666506245668	0	0	3	-0.005743000148141	-0.115582474314932	0	0	-0.472817800889054	-0.429007575524873	3.66939234748881	0.121739010493419	0.104938271604938	FALSE	C_weak_or_non_dependent	FALSE	0.144439289138061	0.289557425044409
AKR1C3	cholesterol/isoprenoid	Tier 1	ENSG00000196139	162	0.101449066333876	0.0684914883926457	0.276788414169588	0.137977838317835	0.0631193308703141	-1.06778776921774	0.614756628148725	1.68254439736646	0	0.037037037037037	85	0.142241634702033	0.0830370234591322	0	0.0470588235294118	59	0.0802476292246242	0.0634561243257128	0	0.0338983050847458	11	-0.0461893497160705	-0.0105962128791459	0	0	4	0.160250049679031	0.190060155890166	0	0	3	-0.0701774911546209	-0.116706497174916	0	0	-0.472817800889054	-0.936596609847945	2.35694048946392	0.223114877651065	0.104938271604938	FALSE	C_weak_or_non_dependent	FALSE	0.144439289138061	0.289557425044409
GPI	OXPHOS;PPP;glycolysis	Tier 1;Tier 2	ENSG00000105220	162	-0.225176111717706	-0.218971417283295	0.263765201387182	0.137936424332718	0.0523209084867091	-0.945438000641366	0.373325713456955	1.31876371409832	0.058641975308642	0.123456790123457	85	-0.274918918160664	-0.26505827260847	0.0764705882352941	0.164705882352941	59	-0.112733512979068	-0.142360229957367	0.0169491525423729	0.0338983050847458	11	-0.302580942106812	-0.342574699636318	0.181818181818182	0.272727272727273	4	-0.0840551445546406	-0.109472882703476	0	0	3	-0.0951482837175696	-0.112649877958608	0	0.333333333333333	-0.472817800889054	-0.357128473271683	0.839520479894123	0.16350074682951	0.104938271604938	FALSE	C_weak_or_non_dependent	FALSE	0.144439289138061	0.289557425044409
TFRC	iron	Tier 1	ENSG00000072274	162	-0.134317329900988	-0.152834601353669	0.258382369522982	0.137884152973219	0.0709137682121217	-0.902081171445955	0.874329225050391	1.77641039649635	0.095679012345679	0.104938271604938	85	-0.126050833626122	-0.121183976786658	0.0647058823529412	0.0823529411764706	59	-0.199885008248131	-0.192317335818132	0.135593220338983	0.152542372881356	11	-0.200085622165179	-0.191733579584415	0.0909090909090909	0.0909090909090909	4	-0.137241506422568	-0.184325548124179	0.25	0	3	-0.134375526585771	-0.0884910037444161	0	0	-0.472817800889054	-0.00373466976983593	1.41749462261498	0.133795157224037	0.104938271604938	FALSE	C_weak_or_non_dependent	FALSE	0.144439289138061	0.289557425044409
COX6A1	OXPHOS	Tier 1;Tier 2	ENSG00000111775	162	-0.0570405084087304	-0.0452386176933223	0.268748829103569	0.137875740567276	0.0516606104009479	-0.576448263436272	0.625782531235543	1.20223079467182	0.00925925925925926	0.0246913580246914	85	-0.0907815569992681	-0.0902857402857355	0.0176470588235294	0.0352941176470588	59	0.0447657274586736	0.0238838771330705	0	0	11	0.00178904015430289	-0.0189479780180454	0	0	4	-0.0738601613433791	-0.0827810285819962	0	0	3	-0.230317045883729	-0.174655006785122	0	0.333333333333333	-0.472817800889054	0.215519032976411	0.117618205162362	0.169483454096839	0.104938271604938	TRUE	C_weak_or_non_dependent	FALSE	0.144439289138061	0.289557425044409
ACO2	OXPHOS;TCA	Tier 1;Tier 2	ENSG00000100412	162	-0.0923370734077418	-0.101035429420259	0.280628671708272	0.137849950675068	0.0900579878294901	-1.30306013978184	1.24712218705308	2.55018232683492	0.0462962962962963	0.0740740740740741	85	-0.0572922717366393	-0.0605507171331659	0.0352941176470588	0.0705882352941176	59	-0.110348837397019	-0.129765908027572	0.0423728813559322	0.0677966101694915	11	-0.0472278408320104	-0.215412135548771	0.181818181818182	0.0909090909090909	4	-6.22156750835559e-05	-0.00514122008858621	0	0	3	-0.282761237895662	-0.391547221581783	0	0.333333333333333	-0.472817800889054	0.352401110406359	5.98837058902065	0.0933315009812296	0.104938271604938	TRUE	C_weak_or_non_dependent	FALSE	0.144439289138061	0.289557425044409
M6PR	sphingolipid	Tier 1	ENSG00000003056	162	0.0273436801437315	0.0279698178333179	0.266559864158111	0.137803491258004	0.0578314666031896	-0.586013498959402	0.943199024949083	1.52921252390849	0.0154320987654321	0.0185185185185185	85	0.0349827881763243	0.0537000160192096	0.0235294117647059	0.0117647058823529	59	0.0140316797496518	-0.00519565038586669	0.00847457627118644	0.0169491525423729	11	-0.0966279161347431	-0.0673212405777862	0	0.0909090909090909	4	0.0644496273317631	0.0467473749919456	0	0	3	0.368832181300263	0.275565548839561	0	0	-0.472817800889054	0.372231569106443	1.06405443082666	0.159892169115131	0.104938271604938	FALSE	C_weak_or_non_dependent	FALSE	0.144439289138061	0.289557425044409
ME2	OXPHOS;glycolysis	Tier 1;Tier 2	ENSG00000082212	162	0.156951717981576	0.135158947037189	0.27099338320672	0.137796571860639	0.0653431127004706	-0.686010417625435	1.04109598714887	1.7271064047743	0.00308641975308642	0.0246913580246914	85	0.188802790052804	0.136921255829224	0	0.0352941176470588	59	0.128353713572138	0.125923858078288	0.00847457627118644	0.0169491525423729	11	0.091338469175085	0.0805002313009234	0	0	4	0.211068379529801	0.158779604705771	0	0	3	0.151775332271882	0.435771361596112	0	0	-0.472817800889054	-0.219804972733214	1.07536642368478	0.146985596382953	0.104938271604938	FALSE	C_weak_or_non_dependent	FALSE	0.144439289138061	0.289557425044409
ACAD10	fatty-acid oxidation	Tier 1	ENSG00000111271	162	0.00667718500848753	0.00198379852699529	0.275959815475181	0.137733650160348	0.066178894958758	-0.937916464885144	1.45231947425189	2.39023593913703	0.00617283950617284	0.037037037037037	85	0.0249803723112743	0.0100308063714634	0.0117647058823529	0.0470588235294118	59	0.000429901850205441	-0.00537365500246349	0	0.0169491525423729	11	-0.0638497408114564	-0.00297219726993139	0	0	4	-0.00346064288138818	0.0100520365203775	0	0	3	0.200560825240823	-0.0739038370560225	0	0.333333333333333	-0.472817800889054	0.373183682700073	7.04867246638696	0.0869310794267927	0.104938271604938	FALSE	C_weak_or_non_dependent	FALSE	0.144439289138061	0.289557425044409
MCCC2	BCAA	Tier 1;Tier 2	ENSG00000131844	162	0.0147267975746782	0.0106407036530679	0.268883019010231	0.137688488091956	0.057251522586294	-0.918197195411584	0.852865772095345	1.77106296750693	0.00308641975308642	0.0246913580246914	85	0.0192675215173399	0.0123533572932016	0.00588235294117647	0.0117647058823529	59	0.016365345040176	0.0386554670157798	0	0.0169491525423729	11	-0.0381426369260207	-0.0300948831736897	0	0	4	0.0569920760078561	0.0702458998090945	0	0	3	-0.637200602326305	-0.518951272127312	0	0.666666666666667	-0.472817800889054	-0.130637408794555	1.92601801229213	0.127408154277012	0.104938271604938	FALSE	C_weak_or_non_dependent	FALSE	0.144439289138061	0.289557425044409
PLSCR1	cholesterol/isoprenoid	Tier 2	ENSG00000188313	162	0.0333006469845471	0.0286140058641639	0.270398273829984	0.137633850643778	0.0608414780888225	-0.845370890588074	0.786952806383188	1.63232369697126	0	0.0246913580246914	85	0.0321023716667661	0.037785744479037	0	0.0352941176470588	59	0.0362619806645024	0.0232259608251344	0	0	11	0.102303885891261	-0.0626984867710807	0	0.0909090909090909	4	-0.0300398589310567	-0.0261977238969159	0	0	3	0.394568506935327	0.28260774355434	0	0	-0.472817800889054	-0.192266598623125	0.920796195358116	0.148615375951435	0.104938271604938	FALSE	C_weak_or_non_dependent	FALSE	0.144439289138061	0.289557425044409
GNG7	glutamine/glutamate	Tier 1	ENSG00000176533	162	-0.047409370026774	-0.046286623513625	0.267762319243358	0.13742963577874	0.0516706597374478	-0.857642541148365	0.677116266812174	1.53475880796054	0.0154320987654321	0.0185185185185185	85	-0.0556125634318642	-0.0499996908938623	0.0176470588235294	0.0235294117647059	59	-0.0193998215091888	-0.0423472725441907	0.0169491525423729	0.0169491525423729	11	-0.0573224582609676	-0.0712949127555301	0	0	4	-0.0954757146007482	-0.106507468770676	0	0	3	-0.0161306938134569	0.153434570757275	0	0	-0.472817800889054	0.144726710010917	1.2072264783518	0.140549711505159	0.104938271604938	FALSE	C_weak_or_non_dependent	FALSE	0.144439289138061	0.289557425044409
SLC7A3	amino-acid transport	Tier 1	ENSG00000165349	162	-0.150260568156111	-0.139913767516284	0.268723485755968	0.137303013184926	0.0497027639660692	-0.740277014215546	0.630039631583948	1.37031664579949	0.0679012345679012	0.0679012345679012	85	-0.124923944191279	-0.118072465543951	0.0588235294117647	0.0823529411764706	59	-0.196829316949173	-0.178482128502488	0.0847457627118644	0.0508474576271187	11	-0.0257699825067379	-0.0885435419185553	0	0	4	-0.00326709899046172	-0.0375399831723799	0	0	3	-0.417957368422341	-0.325095430320579	0.333333333333333	0.333333333333333	-0.472817800889054	0.233783357442418	0.584068519430789	0.158814632546411	0.104938271604938	FALSE	C_weak_or_non_dependent	FALSE	0.144439289138061	0.289557425044409
PDHB	BCAA;OXPHOS;TCA;glycolysis	Tier 1;Tier 2	ENSG00000168291	162	-0.0745768495181494	-0.0679072411436468	0.292767839797543	0.137256431855156	0.0781859084656588	-1.33903644332577	0.720931936531214	2.05996837985698	0.0339506172839506	0.0555555555555556	85	-0.113466662720674	-0.107349623983706	0.0588235294117647	0.105882352941176	59	0.00608718648148454	-0.0224196496951023	0.00847457627118644	0	11	-0.0739809233095849	-0.0465919450664723	0	0	4	-0.0604951071969318	-0.0354248637088618	0	0	3	-0.260656964003171	0.033571718640648	0	0	-0.472817800889054	-0.996235012538268	3.9132758804478	0.199848012450039	0.104938271604938	FALSE	C_weak_or_non_dependent	FALSE	0.144439289138061	0.289557425044409
NDOR1	iron	Tier 1	ENSG00000188566	162	-0.31990383136207	-0.346045596486915	0.273013280929814	0.137103733878587	0.0580630146479919	-1.01520067073356	0.51034046270127	1.52554113343483	0.216049382716049	0.240740740740741	85	-0.363418401828044	-0.378655472714472	0.235294117647059	0.282352941176471	59	-0.271742434644832	-0.30961409050087	0.152542372881356	0.152542372881356	11	-0.312743810402522	-0.346158974390992	0.363636363636364	0.363636363636364	4	-0.366526323234005	-0.311914387043529	0.5	0.25	3	-0.140248188473619	-0.183677948041262	0	0.333333333333333	-0.472817800889054	-0.381070865990931	0.787754396915942	0.167319600361933	0.104938271604938	TRUE	C_weak_or_non_dependent	FALSE	0.144439289138061	0.289557425044409
TAS2R50	glutamine/glutamate	Tier 1	ENSG00000212126	162	0.188827836221117	0.178575640596422	0.277060443050988	0.137079796564573	0.0496557182240024	-0.339392903198765	0.870522171164239	1.209915074363	0	0	85	0.196705212961101	0.182730672038739	0	0	59	0.18470655692457	0.172840403298972	0	0	11	0.129503677396432	0.124924618455527	0	0	4	0.35832999701711	0.34764136018266	0	0	3	0.120716294801712	0.144942204982229	0	0	-0.472817800889054	0.0954906458551668	0.565918282866392	0.152374048165694	0.104938271604938	FALSE	C_weak_or_non_dependent	FALSE	0.144439289138061	0.289557425044409
CP	iron	Tier 1	ENSG00000047457	162	-0.006578642256696	-0.0336655777550364	0.27055540221082	0.136844378336278	0.0837537553129562	-0.931369096485325	0.814572509057269	1.74594160554259	0.058641975308642	0.0925925925925926	85	-0.0251692130469616	-0.0522246748543089	0.0823529411764706	0.117647058823529	59	0.0100067063837883	-0.00221076195661113	0.0423728813559322	0.0508474576271187	11	-0.0546648838438665	-0.093372739166715	0	0.181818181818182	4	0.00981010672064221	-0.00845915915529775	0	0	3	0.113759526129485	0.0588818297318228	0	0	-0.472817800889054	-0.584189563951498	1.17319571144301	0.185517672007842	0.104938271604938	FALSE	C_weak_or_non_dependent	FALSE	0.144439289138061	0.289557425044409
INMT	tryptophan	Tier 1	ENSG00000241644	162	-0.0378524824394126	-0.0177204070303039	0.279869326983051	0.136523673289653	0.0619871357774151	-0.672536382550584	0.958240397214589	1.63077677976517	0.0185185185185185	0.0308641975308642	85	-0.0701946686569797	-0.0240965360429058	0.0352941176470588	0.0470588235294118	59	-0.0284183860114149	-0.0103517058387971	0	0.0169491525423729	11	-0.0197252099357519	-0.0120699722755204	0	0	4	-0.0423376519737439	-0.0638924234101809	0	0	3	0.0984776299903653	0.0588632192994143	0	0	-0.472817800889054	0.358685217000156	1.12009634808963	0.157263996053461	0.104938271604938	FALSE	C_weak_or_non_dependent	FALSE	0.144439289138061	0.289557425044409
DERA	PPP	Tier 1	ENSG00000023697	162	-0.0566906053352804	-0.0536671333099195	0.267442413419256	0.136430162589546	0.0703696245600979	-1.1253568028736	0.823100072884839	1.94845687575844	0.00617283950617284	0.0555555555555556	85	-0.0512268184278545	-0.0278491729366233	0.0117647058823529	0.0705882352941176	59	-0.0668731416131925	-0.0908127372107661	0	0.0508474576271187	11	-0.0570070265383502	-0.0728246122261547	0	0	4	0.0431830435873001	0.0625922960920236	0	0	3	-0.172327135537626	-0.139414283679725	0	0	-0.472817800889054	-0.384735931919812	1.99555218804058	0.142571123826808	0.104938271604938	FALSE	C_weak_or_non_dependent	FALSE	0.144439289138061	0.289557425044409
P4HA1	arginine;glycolysis	Tier 1;Tier 2	ENSG00000122884	162	-0.033231467864225	-0.0459511229790398	0.272451891639644	0.136425871973429	0.0702270016152517	-1.97301606555267	0.660761223840962	2.63377728939364	0.00925925925925926	0.0246913580246914	85	-0.0249880119759944	-0.0245350237992654	0.0176470588235294	0.0352941176470588	59	-0.0464372498864255	-0.0685342884415678	0	0.0169491525423729	11	-0.0733930698121527	-0.0848733185743244	0	0	4	-0.0328163555101441	-0.0675020427729724	0	0	3	-0.0167800292142464	-0.0371557354016403	0	0	-0.472817800889054	-2.1972885746834	15.7828730222235	0.266858298199427	0.104938271604938	FALSE	C_weak_or_non_dependent	FALSE	0.144439289138061	0.289557425044409
PAM	glycolysis	Tier 2	ENSG00000145730	162	0.0312736742766919	0.0498145406785638	0.263803533074568	0.136378293164926	0.0479380820739587	-0.915355918374269	0.982814652453808	1.89817057082808	0	0.0123456790123457	85	0.0319654288733818	0.0482164205313513	0	0.0235294117647059	59	0.0598986508023121	0.0754611508760163	0	0	11	-0.0370586187761035	0.00759756767489062	0	0	4	0.0397671598510314	0.0208261916739848	0	0	3	-0.158196368880938	-0.215842022680742	0	0	-0.472817800889054	0.140352189924045	3.34038891720542	0.108511943613202	0.104938271604938	FALSE	C_weak_or_non_dependent	FALSE	0.144439289138061	0.289557425044409
HCCS	OXPHOS	Tier 1;Tier 2	ENSG00000004961	162	-0.322905218215186	-0.327773698662416	0.270239048354178	0.136355166231723	0.0569582731704196	-1.08546700680829	0.302617508790364	1.38808451559866	0.212962962962963	0.228395061728395	85	-0.341823444613923	-0.361109355984935	0.252941176470588	0.294117647058824	59	-0.317160214901647	-0.30526379472048	0.169491525423729	0.186440677966102	11	-0.191914137388042	-0.227683624803595	0.0909090909090909	0.0909090909090909	4	-0.256505909490561	-0.256700012267317	0.5	0	3	-0.382256086337416	-0.287720038058256	0	0	-0.472817800889054	-0.268123249994681	0.805930000856065	0.156191822666551	0.104938271604938	FALSE	C_weak_or_non_dependent	FALSE	0.144439289138061	0.289557425044409
MERTK	glycolysis	Tier 2	ENSG00000153208	162	-0.172164258480583	-0.166603106642451	0.272918669646861	0.136326545570699	0.0686528970717782	-0.990851080287698	0.761443182378492	1.75229426266619	0.0617283950617284	0.104938271604938	85	-0.146282553373225	-0.151319707349106	0.0588235294117647	0.129411764705882	59	-0.193745689723943	-0.185978631520699	0.0508474576271187	0.0677966101694915	11	-0.123399543187969	-0.126754335518802	0.0909090909090909	0.0909090909090909	4	-0.289721865698852	-0.271944282429972	0.25	0	3	-0.286622711650958	-0.224238023751719	0	0.333333333333333	-0.472817800889054	0.173554043448835	1.68863107733146	0.132998591008439	0.104938271604938	FALSE	C_weak_or_non_dependent	FALSE	0.144439289138061	0.289557425044409
NDUFA7	OXPHOS	Tier 1;Tier 2	ENSG00000267855	162	-0.161247726742137	-0.17391548345339	0.264286472758685	0.136314619064669	0.0578221373532105	-1.27621471924633	0.5346189837787	1.81083370302503	0.0555555555555556	0.0802469135802469	85	-0.163283268657705	-0.170777100185809	0.0647058823529412	0.0823529411764706	59	-0.133002151554729	-0.170443927980833	0.0423728813559322	0.0508474576271187	11	-0.252558312857705	-0.276363482109186	0.0909090909090909	0.181818181818182	4	-0.0750809055239347	-0.0646808118226146	0	0	3	-0.284503561877646	-0.101113834098247	0	0.333333333333333	-0.472817800889054	-0.526401934754309	3.01116808506722	0.140837507672613	0.104938271604938	FALSE	C_weak_or_non_dependent	FALSE	0.144439289138061	0.289557425044409
MTHFD1	folate;serine/glycine/one-carbon	Tier 1	ENSG00000100714	162	-0.258313922679	-0.274775592286887	0.271501141064632	0.136105353883123	0.0711569859261434	-1.1532566551688	0.566370896636407	1.7196275518052	0.169753086419753	0.185185185185185	85	-0.243843393074265	-0.287416222673147	0.194117647058824	0.235294117647059	59	-0.26191158071075	-0.263980390899038	0.101694915254237	0.135593220338983	11	-0.259325415559723	-0.302205099577523	0.363636363636364	0.181818181818182	4	-0.285399366315847	-0.251541925241884	0.25	0	3	-0.0625961609391803	-0.0593333879648603	0	0	-0.472817800889054	-0.311150731902809	1.35594559868249	0.147964927339688	0.104938271604938	FALSE	C_weak_or_non_dependent	FALSE	0.144439289138061	0.289557425044409
SLC1A1	glutamine/glutamate	Tier 1	ENSG00000106688	162	-0.170614291309951	-0.17398068100892	0.259393349048527	0.136088741131495	0.0607194201320068	-0.751549296534262	0.666744561937531	1.41829385847179	0.0617283950617284	0.0802469135802469	85	-0.168205966985115	-0.150555648559668	0.0294117647058824	0.0705882352941176	59	-0.175287812940593	-0.186333669135459	0.0932203389830508	0.0677966101694915	11	-0.153196686373006	-0.235507082506824	0.0909090909090909	0.181818181818182	4	-0.251024329556929	-0.286255296944649	0.25	0	3	-0.0024123446382269	-0.219451540509157	0	0.333333333333333	-0.472817800889054	0.308541301575348	0.927093983044202	0.15681939283316	0.104938271604938	FALSE	C_weak_or_non_dependent	FALSE	0.144439289138061	0.289557425044409
PFKP	PPP;glycolysis	Tier 1;Tier 2	ENSG00000067057	162	-0.0917204375524486	-0.0851275144396687	0.264324286113481	0.136076999428196	0.0440352615060912	-0.816263974068236	0.525795241745049	1.34205921581328	0.037037037037037	0.037037037037037	85	-0.041383680767123	-0.0594065887949493	0.0470588235294118	0.0352941176470588	59	-0.12108465804536	-0.121902586610853	0.0338983050847458	0.0508474576271187	11	-0.0246944965046213	-0.0330368710815768	0	0	4	-0.168618993659061	-0.129943805274676	0	0	3	-0.147245190158322	-0.221887959539753	0	0	-0.472817800889054	-0.0829091118844363	0.769803419075501	0.147494355261102	0.104938271604938	FALSE	C_weak_or_non_dependent	FALSE	0.144439289138061	0.289557425044409
SAMD8	sphingolipid	Tier 1	ENSG00000156671	162	-0.0365767977650643	-0.048760392237016	0.26745891914392	0.136073612820459	0.0671883707493699	-1.03221983087748	0.565310407314864	1.59753023819234	0.037037037037037	0.0555555555555556	85	-0.0529434025452052	-0.0592072688312921	0.0352941176470588	0.0823529411764706	59	-0.018234990941188	-0.00603796938580453	0	0	11	-0.117064958111246	-0.176659497322897	0.272727272727273	0.181818181818182	4	-0.0534724171922368	-0.0975757944229817	0	0	3	-0.143603491698123	-0.0589226165768356	0	0	-0.472817800889054	-0.689151431012141	2.00582578349493	0.182935939072683	0.104938271604938	FALSE	C_weak_or_non_dependent	FALSE	0.144439289138061	0.289557425044409
SEC23A	cholesterol/isoprenoid	Tier 2	ENSG00000100934	162	-0.0235735979983339	0.00930214629551388	0.273683505987567	0.135991672338589	0.0581299999978294	-0.757318609886094	0.739049247916191	1.49636785780228	0.0123456790123457	0.0308641975308642	85	0.00574216131941647	0.0292844357096338	0.0117647058823529	0.0352941176470588	59	-0.0420967950618443	-0.0360119695180932	0.0169491525423729	0.0338983050847458	11	0.00879097330997211	0.0569467177137901	0	0	4	-0.00128914082893646	0.0246073412815586	0	0	3	-0.0712023843773996	0.139211202047983	0	0	-0.472817800889054	0.0690347947529579	0.677036693686023	0.149213224535981	0.104938271604938	FALSE	C_weak_or_non_dependent	FALSE	0.144439289138061	0.289557425044409
IDH3G	OXPHOS;TCA	Tier 1;Tier 2	ENSG00000067829	162	-0.139267119401504	-0.134161022270509	0.269055007848089	0.13592695150106	0.0557333119701004	-1.00495420543206	0.530316142870514	1.53527034830257	0.0339506172839506	0.0679012345679012	85	-0.152489738822192	-0.129209765075632	0.0176470588235294	0.0588235294117647	59	-0.141551764705593	-0.139758208470037	0.0508474576271187	0.0677966101694915	11	-0.127107023293932	-0.104310403508513	0	0	4	-0.0298706462176264	-0.130507971759654	0.25	0.25	3	-0.370504116160873	-0.278691650343099	0	0.333333333333333	-0.472817800889054	-0.276811444774435	1.16343597339065	0.149113720910456	0.104938271604938	FALSE	C_weak_or_non_dependent	FALSE	0.144439289138061	0.289557425044409
NMRK1	NAD	Tier 1	ENSG00000106733	162	-0.165607267407787	-0.161555650998329	0.272388222198555	0.135909764394128	0.0569498795972807	-0.939416382527929	0.568314081222438	1.50773046375037	0.0617283950617284	0.0925925925925926	85	-0.142325984722003	-0.136173668950827	0.0352941176470588	0.0941176470588235	59	-0.19492571281862	-0.190288529470318	0.0677966101694915	0.0677966101694915	11	-0.164600413653446	-0.223044033257163	0.181818181818182	0.181818181818182	4	-0.156886180163784	-0.213657460230288	0.25	0.25	3	-0.212122754666053	-0.0207053851367808	0	0	-0.472817800889054	0.0492068267865008	0.834052358353175	0.145472961903563	0.104938271604938	FALSE	C_weak_or_non_dependent	FALSE	0.144439289138061	0.289557425044409
TDO2	NAD;tryptophan	Tier 1	ENSG00000151790	162	-0.052492158310401	-0.0394736618081874	0.272620628968271	0.135857065468158	0.0674547777440545	-0.809164134013248	0.837623933004733	1.64678806701798	0.00617283950617284	0.0308641975308642	85	-0.0723074282478478	-0.033113674317733	0.0117647058823529	0.0235294117647059	59	-0.0455604386874951	-0.0274902197239706	0	0.0169491525423729	11	-0.0492472226713723	-0.0812469487811818	0	0	4	0.0379635799281893	0.0252313082286693	0	0	3	-0.502210430641667	-0.388452242842157	0	0.666666666666667	-0.472817800889054	0.52186289573955	1.67178948471097	0.16462949355334	0.104938271604938	FALSE	C_weak_or_non_dependent	FALSE	0.144439289138061	0.289557425044409
XYLT2	glycolysis	Tier 2	ENSG00000015532	162	-0.0339865976538461	-0.0360185218015106	0.269240944794056	0.135836478301834	0.0458954687354064	-0.856972323888564	0.530195051974041	1.3871673758626	0	0.0185185185185185	85	-0.0125486049918201	-0.0111216905348145	0	0	59	-0.0118630039910305	-0.0374877758544502	0	0.0338983050847458	11	-0.154606886040174	-0.149755229999327	0	0	4	-0.0770174509170892	-0.0693065653553475	0	0	3	-0.167243477104821	-0.251114756519645	0	0.333333333333333	-0.472817800889054	-0.168951915931227	0.940545071127857	0.146992359133449	0.104938271604938	FALSE	C_weak_or_non_dependent	FALSE	0.144439289138061	0.289557425044409
SLC25A44	BCAA	Tier 1	ENSG00000160785	162	-0.0652778387431692	-0.0502794834546274	0.263339148110587	0.135832025979844	0.0484865089798289	-0.715136275244583	0.742688580798218	1.4578248560428	0.00308641975308642	0.0246913580246914	85	-0.094044786403528	-0.058110119821283	0.00588235294117647	0.0352941176470588	59	-0.0581402937226587	-0.039659334684163	0	0.0169491525423729	11	-0.0445225088224462	-0.0764023634223124	0	0	4	-0.0288301503617795	0.00666056457985827	0	0	3	-0.0366754979923632	-0.0174105497163198	0	0	-0.472817800889054	0.225597073531482	1.17216233868724	0.145374311475482	0.104938271604938	FALSE	C_weak_or_non_dependent	FALSE	0.144439289138061	0.289557425044409
PPP2R1B	glycolysis	Tier 2	ENSG00000137713	162	-0.142671352224279	-0.13162101954479	0.268799554329847	0.135801469534155	0.0838970107223746	-1.39357663576795	0.776119125828652	2.1696957615966	0.0617283950617284	0.0802469135802469	85	-0.126923287170725	-0.106976741117079	0.0764705882352941	0.105882352941176	59	-0.21985198400425	-0.196287930817532	0.0423728813559322	0.0677966101694915	11	-0.158106607269302	-0.151832330531847	0.0909090909090909	0	4	-0.0754852190035604	-0.0569708181399157	0	0	3	0.62466474444724	0.416481551780028	0	0	-0.472817800889054	0.027900126826841	3.11015705103787	0.109173301454395	0.104938271604938	FALSE	C_weak_or_non_dependent	FALSE	0.144439289138061	0.289557425044409
ALDH3A2	BCAA;arginine;glycolysis;sphingolipid;tryptophan	Tier 1	ENSG00000072210	162	-0.00671046655153455	-0.031258771658348	0.275513456049174	0.135703251876726	0.049623303180016	-0.791030544202389	0.809486775471161	1.60051731967355	0	0.0246913580246914	85	0.0259858438439352	0.0106150116050349	0	0.0235294117647059	59	-0.0972711081175123	-0.101895388980245	0	0.0169491525423729	11	0.0151750286979856	0.0561264536960766	0	0	4	0.0545949220591283	0.0895763424649692	0	0	3	-0.0815478573961947	-0.310021801920876	0	0.333333333333333	-0.472817800889054	-0.0958102113434126	1.12986748006417	0.1404253911803	0.104938271604938	FALSE	C_weak_or_non_dependent	FALSE	0.144439289138061	0.289557425044409
NANP	glycolysis	Tier 2	ENSG00000170191	162	0.0240226388156004	0.028895986083747	0.268816130749304	0.135688146446792	0.0682380198587577	-0.712663646926115	1.02789590879289	1.740559555719	0	0.0432098765432099	85	0.0186143767767156	0.0406425013643954	0	0.0588235294117647	59	0.0293344486823029	0.0371014802175466	0	0.0169491525423729	11	-0.137585898418715	-0.120356815620694	0	0.0909090909090909	4	0.122238179592923	0.074356594965027	0	0	3	0.148280415862845	0.0213494629085615	0	0	-0.472817800889054	0.310824867459225	1.47942277567399	0.145513677722789	0.104938271604938	FALSE	C_weak_or_non_dependent	FALSE	0.144439289138061	0.289557425044409
MKLN1	OXPHOS	Tier 1	ENSG00000128585	162	-0.277154274212002	-0.301815009797607	0.262023363414988	0.135670303773674	0.0681240489143377	-1.2197092148219	0.382187021415416	1.60189623623732	0.200617283950617	0.17283950617284	85	-0.273406387519516	-0.291046018363263	0.129411764705882	0.164705882352941	59	-0.35203862507784	-0.341824826549009	0.313559322033898	0.220338983050847	11	-0.293668961026754	-0.282479252468695	0.181818181818182	0.0909090909090909	4	-0.169372776538799	-0.211676021552239	0.25	0	3	0.192403900401241	-0.0111597988596137	0	0	-0.472817800889054	-0.596518140799327	1.20877518726494	0.18661268646764	0.104938271604938	FALSE	C_weak_or_non_dependent	FALSE	0.144439289138061	0.289557425044409
ATP4B	OXPHOS	Tier 1	ENSG00000186009	162	-0.155870942877807	-0.148669163780443	0.297970299221215	0.135647295188569	0.0618207967948735	-1.03131059087025	0.633478050452523	1.66478864132277	0.037037037037037	0.0864197530864198	85	-0.164437184998809	-0.170900412244768	0.0470588235294118	0.141176470588235	59	-0.133135549344596	-0.104920579540524	0	0	11	-0.140943651903332	-0.218157874513698	0.0909090909090909	0.0909090909090909	4	-0.241156327646592	-0.271703925443632	0.25	0.25	3	0.102616724781565	0.0396656742298711	0	0	-0.472817800889054	-0.195466723365578	1.36962311769502	0.139800570225783	0.104938271604938	FALSE	C_weak_or_non_dependent	FALSE	0.144439289138061	0.289557425044409
HSD17B10	BCAA;OXPHOS	Tier 1;Tier 2	ENSG00000072506	162	-0.467200359574218	-0.495101832557987	0.260884144945787	0.135618074243119	0.0705858210380001	-1.58514758664136	0.225571525528109	1.81071911216947	0.438271604938272	0.493827160493827	85	-0.524541333527369	-0.560613340898433	0.423529411764706	0.6	59	-0.405063875107702	-0.421334579498818	0.423728813559322	0.372881355932203	11	-0.319058997804137	-0.366705911784561	0.454545454545455	0.272727272727273	4	-0.454883414478348	-0.475328540569435	1	0.5	3	-0.636100547168958	-0.586847838562975	0.333333333333333	0.666666666666667	-0.472817800889054	-1.24346423924576	3.59511194505707	0.263805138838541	0.104938271604938	FALSE	C_weak_or_non_dependent	FALSE	0.144439289138061	0.289557425044409
COX10	OXPHOS	Tier 1;Tier 2	ENSG00000006695	162	-0.286350688939451	-0.287271528133183	0.276633440916138	0.135616958551498	0.0646231824866763	-1.36718118087502	0.422693736461312	1.78987491733633	0.200617283950617	0.185185185185185	85	-0.316800326697542	-0.295784338595434	0.211764705882353	0.188235294117647	59	-0.295694373889045	-0.317173082942752	0.245762711864407	0.220338983050847	11	-0.103273733895891	-0.123033026486207	0	0	4	-0.185824028296495	-0.198151103084691	0	0	3	-0.116806441935855	-0.179046393218103	0	0.333333333333333	-0.472817800889054	-0.377378009716754	1.67484440318376	0.147759735511559	0.104938271604938	FALSE	C_weak_or_non_dependent	FALSE	0.144439289138061	0.289557425044409
HOGA1	serine/glycine/one-carbon	Tier 1	ENSG00000241935	162	-0.0331033106429231	-0.0523158212056628	0.270124214458113	0.13561120753673	0.0623512360243324	-1.24809304562528	0.608552142974856	1.85664518860013	0.0185185185185185	0.0493827160493827	85	-0.062702828918809	-0.0865864379642235	0.0235294117647059	0.0705882352941176	59	-0.00750283671363811	-0.0140011143939553	0.0169491525423729	0.0338983050847458	11	0.0528349813228009	0.0755670955741334	0	0	4	-0.0937203048896147	-0.101249652921262	0	0	3	-0.412241132195326	-0.23849649958181	0	0	-0.472817800889054	-0.661210909061867	2.66665360254364	0.164752726637154	0.104938271604938	FALSE	C_weak_or_non_dependent	FALSE	0.144439289138061	0.289557425044409
ANXA13	cholesterol/isoprenoid	Tier 2	ENSG00000104537	162	-0.0614702008384755	-0.0728979341989499	0.273138599568838	0.135543229531238	0.0711708726200289	-1.06156325355687	0.586043351747561	1.64760660530444	0.037037037037037	0.0740740740740741	85	-0.0705633064838832	-0.114657972164226	0.0470588235294118	0.117647058823529	59	-0.0801336662985685	-0.0477998633484198	0.0169491525423729	0.0338983050847458	11	0.0140616777551551	0.0492204664480062	0	0	4	-0.0132162158216496	-0.100186179149849	0.25	0	3	0.213035505522846	0.205324605652479	0	0	-0.472817800889054	-0.826108361486464	1.99515871475035	0.208951814812101	0.104938271604938	FALSE	C_weak_or_non_dependent	FALSE	0.144439289138061	0.289557425044409
SDHAF3	OXPHOS;TCA	Tier 1;Tier 2	ENSG00000196636	162	-0.0856407296473201	-0.0914801351645501	0.265634846232368	0.135509562242813	0.0709735806761525	-0.815963450730937	1.08082715107697	1.89679060180791	0.0308641975308642	0.0679012345679012	85	-0.0942469272938192	-0.108628589448426	0.0235294117647059	0.0705882352941176	59	-0.050292189199523	-0.0565801979235242	0.0338983050847458	0.0677966101694915	11	-0.167201314740929	-0.216086572711494	0.0909090909090909	0.0909090909090909	4	-0.119413825612994	-0.0878724507318001	0	0	3	0.287740315836231	0.160107328900228	0	0	-0.472817800889054	0.44201135845847	2.2062441433086	0.144666462859371	0.104938271604938	FALSE	C_weak_or_non_dependent	FALSE	0.144439289138061	0.289557425044409
CD320	vitamin B12	Tier 1	ENSG00000167775	162	0.0550253075612703	0.0282042209421543	0.257794226938379	0.135360221195943	0.0515026264481616	-0.654547704355068	0.7032109119601	1.35775861631517	0.00617283950617284	0.0308641975308642	85	0.033885965038331	0.0168490476241724	0	0.0352941176470588	59	0.0869100333067283	0.0569009518482638	0	0.0169491525423729	11	0.0316416445532352	-0.0249363652995253	0.0909090909090909	0.0909090909090909	4	-0.00469625728466271	0.010548044452983	0	0	3	0.061876621374989	0.00395547533654283	0	0	-0.472817800889054	-0.42144850625295	0.675397080200596	0.174925440593281	0.104938271604938	FALSE	C_weak_or_non_dependent	FALSE	0.144439289138061	0.289557425044409
CERS2	sphingolipid	Tier 1	ENSG00000143418	162	-0.236748549856177	-0.235553837395756	0.27076478844713	0.135297453796422	0.0489959320129364	-0.912732453406846	0.466969953155281	1.37970240656213	0.138888888888889	0.148148148148148	85	-0.206257565316997	-0.195657906756815	0.0588235294117647	0.129411764705882	59	-0.262564226094543	-0.289897079886346	0.228813559322034	0.186440677966102	11	-0.22031377844843	-0.266136009468072	0.272727272727273	0.181818181818182	4	-0.297348472899223	-0.28171671221857	0.25	0	3	-0.0765348467216152	-0.123502972488589	0	0	-0.472817800889054	0.0145091388111792	0.419131277167445	0.15445231986072	0.104938271604938	FALSE	C_weak_or_non_dependent	FALSE	0.144439289138061	0.289557425044409
ALDH9A1	BCAA;arginine;glycolysis;tryptophan	Tier 1;Tier 2	ENSG00000143149	162	-0.10960435635297	-0.118918306737253	0.281667784466958	0.135290864800705	0.0762548571112842	-1.6969297326251	1.05743979563149	2.75436952825659	0.037037037037037	0.0432098765432099	85	-0.107853133058566	-0.0957562827723591	0.0176470588235294	0.0352941176470588	59	-0.10024940728416	-0.160187205224921	0.076271186440678	0.0677966101694915	11	-0.136397004929818	-0.137075469656393	0	0	4	-0.179363296788567	-0.202223241352148	0	0	3	-0.187389990340337	0.214095528038262	0	0	-0.472817800889054	-0.573430586949546	7.91770115374449	0.0950896256780046	0.104938271604938	FALSE	C_weak_or_non_dependent	FALSE	0.144439289138061	0.289557425044409
ACSL5	fatty-acid oxidation	Tier 1	ENSG00000197142	162	-0.110860397501251	-0.0998255212307744	0.247147083859525	0.135253612896752	0.0544085113490093	-0.725543697204185	0.693549306356677	1.41909300356086	0.0246913580246914	0.0740740740740741	85	-0.0625535833277866	-0.067604165068266	0.0235294117647059	0.0470588235294118	59	-0.13545453310419	-0.129843214066636	0.0169491525423729	0.0847457627118644	11	-0.223119566126675	-0.288326502277725	0.0909090909090909	0.272727272727273	4	-0.0629388080919542	-0.0543749958492769	0	0	3	0.27433892592502	0.208153576600249	0	0	-0.472817800889054	0.0565898476408304	0.770092787742319	0.146950296208363	0.104938271604938	FALSE	C_weak_or_non_dependent	FALSE	0.144439289138061	0.289557425044409
B3GALT1	sphingolipid	Tier 1	ENSG00000172318	162	-0.0862233352787286	-0.104214810427916	0.2654710441179	0.135213336413039	0.0512992969542871	-0.662991495260321	0.638082601439687	1.30107409670001	0.0216049382716049	0.0617283950617284	85	-0.080064370955553	-0.102799515865544	0.0176470588235294	0.0823529411764706	59	-0.107618529701165	-0.110408703023581	0.0169491525423729	0.0338983050847458	11	-0.146865429808836	-0.172318582118205	0.0909090909090909	0.0909090909090909	4	-0.0278593198008228	-0.0590696169265313	0	0	3	-0.0250416453218997	0.167018636215523	0	0	-0.472817800889054	0.167669604883916	0.725593050423535	0.151587346580124	0.104938271604938	FALSE	C_weak_or_non_dependent	FALSE	0.144439289138061	0.289557425044409
KYAT3	tryptophan	Tier 1	ENSG00000137944	162	0.0327373394338546	0.0255562321722358	0.275175538639437	0.13521068488288	0.0616593264498564	-0.80230135113106	0.725566967993195	1.52786831912426	0.00617283950617284	0.037037037037037	85	0.0298389496033037	0.0147895790840579	0	0.0470588235294118	59	0.0329693841255324	0.0441718706588713	0.0169491525423729	0.0169491525423729	11	-0.00982496057306683	0.0471827174576392	0	0	4	0.0342960651466884	-0.00852003495622775	0	0	3	0.091311017186113	-0.0693582437750852	0	0.333333333333333	-0.472817800889054	-0.0913851334796315	1.01925576392052	0.142503455958052	0.104938271604938	FALSE	C_weak_or_non_dependent	FALSE	0.144439289138061	0.289557425044409
EXT1	glycolysis	Tier 2	ENSG00000182197	162	-0.0554343189809208	-0.0543755832674729	0.267109687286334	0.135184109289669	0.0555613040107707	-0.869474827357827	1.0003912657572	1.86986609311503	0.00617283950617284	0.0493827160493827	85	-0.04201849500782	-0.036042342553459	0	0.0705882352941176	59	-0.0703528719352964	-0.0750248906901695	0.0169491525423729	0.0169491525423729	11	-0.045423774554414	-0.0816483629353215	0	0.0909090909090909	4	-0.0286770801881132	-0.0374238887845603	0	0	3	0.0606453069020373	-0.0903164247132711	0	0	-0.472817800889054	0.229684733904733	2.577976487729	0.121921467818647	0.104938271604938	FALSE	C_weak_or_non_dependent	FALSE	0.144439289138061	0.289557425044409
NEU4	sphingolipid	Tier 1	ENSG00000204099	162	0.0416101617557297	0.0319301325363977	0.285532330597356	0.135177026370948	0.050645736962505	-0.624107242382388	0.893367978158472	1.51747522054086	0	0.00617283950617284	85	-0.028625554248857	-0.0141025262545958	0	0.0117647058823529	59	0.0837957694513059	0.0870282545433209	0	0	11	0.133687314502486	0.110485447983251	0	0	4	-0.0382481547637507	-0.0268131029431051	0	0	3	0.105208589333268	0.0428805561459298	0	0	-0.472817800889054	0.116572371694997	0.732295024053144	0.149298368132339	0.104938271604938	FALSE	C_weak_or_non_dependent	FALSE	0.144439289138061	0.289557425044409
H3C10	arginine	Tier 2	ENSG00000278828	162	-0.00304529991250185	-0.0118771185935583	0.27515593408495	0.135151505283613	0.065327584586841	-0.881872021429741	0.722604657876878	1.60447667930662	0.0216049382716049	0.0493827160493827	85	-0.00729449539506655	-0.00999649235768665	0.0176470588235294	0.0588235294117647	59	0.00969362594051169	0.00487129582074867	0.0169491525423729	0.0338983050847458	11	-0.0220677339616288	-0.00168345922401657	0	0	4	0.0185424498106415	-0.0531834289942278	0.25	0	3	-0.275456771271058	-0.37684868257872	0	0.333333333333333	-0.472817800889054	-0.22033001645056	1.08133247024263	0.146895118952372	0.104938271604938	FALSE	C_weak_or_non_dependent	FALSE	0.144439289138061	0.289557425044409
SLC45A3	glucose transport	Tier 1	ENSG00000158715	162	0.0546010146409801	0.048720813748153	0.24788075604369	0.135131708640728	0.0554908640010526	-0.622996994665842	0.813126370424516	1.43612336509036	0	0.0246913580246914	85	0.0459565984993642	0.0518556557118731	0	0.0352941176470588	59	0.0675361644211981	0.0400462749523446	0	0	11	0.0540744940032444	0.0263903041634545	0	0.0909090909090909	4	0.124839127220036	0.113744652486541	0	0	3	0.192115306937864	0.12567963791969	0	0	-0.472817800889054	0.080186270675614	1.30794983353104	0.13665644607237	0.104938271604938	FALSE	C_weak_or_non_dependent	FALSE	0.144439289138061	0.289557425044409
PAXIP1	glycolysis	Tier 2	ENSG00000157212	162	-0.22720897640943	-0.221988007768534	0.282084028072437	0.135124779834635	0.0764448799414418	-1.61344710732885	0.517374202517635	2.13082130984648	0.111111111111111	0.123456790123457	85	-0.194885926809119	-0.21787990230213	0.0882352941176471	0.152941176470588	59	-0.251269252099272	-0.228310919741902	0.14406779661017	0.0677966101694915	11	-0.191422525472228	-0.232466931836538	0.181818181818182	0.0909090909090909	4	-0.0879217302392565	-0.0518405482677833	0	0	3	-0.506567142286878	-0.402474284925375	0	0.666666666666667	-0.472817800889054	-0.928304494639702	4.74787081308616	0.172310916199616	0.104938271604938	FALSE	C_weak_or_non_dependent	FALSE	0.144439289138061	0.289557425044409
CYB5R3	OXPHOS	Tier 2	ENSG00000100243	162	-0.0163817516197267	-0.0277586422480877	0.269012132682367	0.1350590223852	0.0590922214144229	-0.846051403089545	0.920873718871703	1.76692512196125	0.0123456790123457	0.0308641975308642	85	0.0157959482029866	0.0225454261046691	0.0117647058823529	0.0117647058823529	59	-0.0388088624853038	-0.0614651749394041	0.0169491525423729	0.0508474576271187	11	-0.086314754524321	-0.0917747801934193	0	0	4	-0.071060021644478	-0.0606923629677841	0	0	3	-0.439770357389604	-0.51150796922116	0	0.333333333333333	-0.472817800889054	-0.252292225399012	2.06797378664336	0.130915844045157	0.104938271604938	FALSE	C_weak_or_non_dependent	FALSE	0.144439289138061	0.289557425044409
QSOX1	glycolysis	Tier 2	ENSG00000116260	162	0.0440919230641737	0.0348115849333138	0.240971199308323	0.135058483921566	0.0529363119014853	-0.632571099679908	0.703416337798511	1.33598743747842	0	0.0246913580246914	85	0.0422014838174777	0.0394301696771782	0	0.0352941176470588	59	0.0582440480140384	0.0267697128097871	0	0	11	-0.00743605321587855	-0.0697812889507844	0	0.0909090909090909	4	-0.0425576996525668	-0.0274993689237931	0	0	3	0.51487809496461	0.528696978337685	0	0	-0.472817800889054	0.0911765914554588	0.628005235440085	0.150838348499819	0.104938271604938	FALSE	C_weak_or_non_dependent	FALSE	0.144439289138061	0.289557425044409
CYP51A1	cholesterol/isoprenoid	Tier 1;Tier 2	ENSG00000001630	162	-0.00322577962490545	-0.0234961843641066	0.27078751597949	0.134993017642933	0.0758412138004484	-1.18129581663654	0.659117590408632	1.84041340704517	0.0185185185185185	0.0555555555555556	85	0.00162566968210671	-0.0184548969538731	0	0.0588235294117647	59	-0.0327427874239485	-0.0357200548600816	0.0338983050847458	0.0677966101694915	11	-0.0866942296413086	-0.131336858382663	0.0909090909090909	0	4	0.0909362880218131	0.0879528098090755	0	0	3	0.29402515017818	0.320887271270587	0	0	-0.472817800889054	-0.973888355952126	3.10808652268615	0.212602215225535	0.104938271604938	FALSE	C_weak_or_non_dependent	FALSE	0.144439289138061	0.289557425044409
ISCA2	OXPHOS;TCA;iron	Tier 1;Tier 2	ENSG00000165898	162	-0.296716555304955	-0.318673867566589	0.279211211915613	0.134976102117274	0.0708274071336023	-1.0808701801939	0.729403823465157	1.81027400365906	0.216049382716049	0.240740740740741	85	-0.404205932269992	-0.391006665836934	0.276470588235294	0.341176470588235	59	-0.224466810785978	-0.244544282127949	0.161016949152542	0.152542372881356	11	-0.322628214569572	-0.282451038313897	0.0909090909090909	0	4	-0.249692199755857	-0.246817721489161	0.25	0.25	3	0.153919389302349	0.0442483344368453	0	0	-0.472817800889054	0.119468335628228	1.29595787903478	0.137945992692259	0.104938271604938	TRUE	C_weak_or_non_dependent	FALSE	0.144439289138061	0.289557425044409
ACSS2	cholesterol/isoprenoid;glycolysis	Tier 1;Tier 2	ENSG00000131069	162	0.0626648230006806	0.0634286886594241	0.264742266802364	0.134949863747277	0.0664236105942551	-1.30020674465615	0.855627810849678	2.15583455550582	0.00925925925925926	0.0185185185185185	85	0.0925668495678783	0.0781516368570375	0.0176470588235294	0.0235294117647059	59	0.0793415100882721	0.0655722134837971	0	0	11	-0.0357333732080179	0.0396420450665134	0	0	4	0.00660781924476132	0.0124799063010663	0	0	3	-0.175405593645665	-0.240728095500479	0	0.333333333333333	-0.472817800889054	-0.804893774756683	4.46971152658586	0.156544382457636	0.104938271604938	FALSE	C_weak_or_non_dependent	FALSE	0.144439289138061	0.289557425044409
TAS2R39	glutamine/glutamate	Tier 1	ENSG00000236398	162	0.00483456540714186	0.00461502785617541	0.258109125504014	0.134931054773012	0.0749176652342015	-1.29117521095722	0.920746799858544	2.21192201081577	0.0123456790123457	0.037037037037037	85	0.0209190316381046	0.0370178950774498	0	0.0235294117647059	59	-0.0453452866302649	-0.0361804027654496	0.0169491525423729	0.0508474576271187	11	0.0374784696661219	0.0306767781050328	0	0	4	0.0401386060949906	0.109378299808176	0	0	3	-0.0148760269707893	-0.34640018803645	0.333333333333333	0.333333333333333	-0.472817800889054	-0.525920895060884	4.02141793461517	0.126669488058684	0.104938271604938	FALSE	C_weak_or_non_dependent	FALSE	0.144439289138061	0.289557425044409
ADSS1	glutamine/glutamate	Tier 1	ENSG00000185100	162	0.0668888452155792	0.0556518885351605	0.276094579699081	0.13491968125332	0.048989698546668	-0.858242471401149	0.653378051015102	1.51162052241625	0	0.0185185185185185	85	0.104601079198841	0.0852180875998201	0	0.0235294117647059	59	-0.0117910431426356	0.0211584652633609	0	0	11	0.111216472556458	0.0900447518544691	0	0	4	0.0354049678413923	0.0387492725029181	0	0	3	-0.0340284529808102	-0.207256771412615	0	0.333333333333333	-0.472817800889054	-0.402320489374738	1.51776170967005	0.15339155340638	0.104938271604938	FALSE	C_weak_or_non_dependent	FALSE	0.144439289138061	0.289557425044409
CROT	fatty-acid oxidation	Tier 1	ENSG00000005469	162	-0.0768263694206087	-0.0662626787592007	0.26785150723726	0.134847688673119	0.057184086690539	-0.802838048415888	0.660605067072619	1.46344311548851	0.0185185185185185	0.0493827160493827	85	-0.0056569126094364	-0.00364332160784228	0.0117647058823529	0.0352941176470588	59	-0.119961284678711	-0.136849451436409	0.0338983050847458	0.0677966101694915	11	-0.138769490765676	-0.174201012792155	0	0.0909090909090909	4	-0.138099207069869	-0.131037344334157	0	0	3	-0.0358413363121174	0.0298688434915183	0	0	-0.472817800889054	0.174786575866043	0.949582651599092	0.147089006652315	0.104938271604938	FALSE	C_weak_or_non_dependent	FALSE	0.144439289138061	0.289557425044409
PRKACG	glycolysis	Tier 2	ENSG00000165059	162	0.185725170002244	0.164550145531116	0.279631874627805	0.134830436293392	0.0669901029622117	-1.17002773759436	0.990806165678597	2.16083390327296	0.00617283950617284	0.0185185185185185	85	0.161950002122213	0.117635602698685	0.0117647058823529	0.0352941176470588	59	0.208753411929969	0.205587575151319	0	0	11	0.245182629399176	0.198517897903664	0	0	4	0.23390075525095	0.236757095180452	0	0	3	0.460694340695105	0.465901718354175	0	0	-0.472817800889054	-0.922450815937573	4.18908737811843	0.180650985593483	0.104938271604938	FALSE	C_weak_or_non_dependent	FALSE	0.144439289138061	0.289557425044409
GRIN2D	glutamine/glutamate	Tier 1	ENSG00000105464	162	-0.047140189987575	-0.03846141921908	0.271978030552158	0.134809129335698	0.0436490612119031	-0.734576737181318	0.820581607470814	1.55515834465213	0	0.0123456790123457	85	-0.0218677231513658	-0.0192206097418855	0	0.0235294117647059	59	-0.0535724600013524	-0.0542855132342405	0	0	11	-0.115498126235259	-0.101246077645889	0	0	4	-0.0967493912197765	-0.08055959732666	0	0	3	0.0676032838850377	0.0139308129336364	0	0	-0.472817800889054	0.516915066203544	2.23208281940761	0.152881055764992	0.104938271604938	FALSE	C_weak_or_non_dependent	FALSE	0.144439289138061	0.289557425044409
NDUFAF8	OXPHOS	Tier 1	ENSG00000224877	162	-0.0367155590000645	-0.0514519894096369	0.261175112395426	0.134790473590574	0.056372821776678	-1.36849447179634	0.448963599332398	1.81745807112874	0.0216049382716049	0.0432098765432099	85	-0.113765687545644	-0.119370817346305	0.0352941176470588	0.0823529411764706	59	0.0564462908872018	0.0287270761641993	0.00847457627118644	0	11	0.0890289920710919	0.0701660306805217	0	0	4	-0.0128838023051836	-0.00324843514191677	0	0	3	-0.143861226136053	-0.214144300177028	0	0	-0.472817800889054	-1.46720756772809	5.47350576938214	0.273428954952215	0.104938271604938	FALSE	C_weak_or_non_dependent	FALSE	0.144439289138061	0.289557425044409
SLC52A3	riboflavin	Tier 1	ENSG00000101276	162	0.0861057018926466	0.0945708782844048	0.253951846858719	0.134671907843987	0.0487427647004445	-0.564309323148394	0.838145226773537	1.40245454992193	0	0.0123456790123457	85	0.109839443160201	0.0966382815132849	0	0.0235294117647059	59	0.0969003315141971	0.0988369938868244	0	0	11	0.0485667566412783	0.0437184619248888	0	0	4	0.0518439742491353	0.106572004314739	0	0	3	0.0147986940655885	0.122551538562999	0	0	-0.472817800889054	0.0722004951855073	0.660963738059152	0.149636793960657	0.104938271604938	FALSE	C_weak_or_non_dependent	FALSE	0.144439289138061	0.289557425044409
SLC25A2	arginine	Tier 1	ENSG00000120329	162	-0.0417770465981463	0.0234642196476336	0.276003223679678	0.134638770954754	0.143141902196675	-0.867959272870608	1.66865211070796	2.53661138357857	0.0123456790123457	0.0308641975308642	85	-0.0188699535095733	0.0669498315909773	0	0.0470588235294118	59	-0.0840198418521421	-0.0343062366240378	0.0338983050847458	0.0169491525423729	11	0.00244600102670672	-0.11697877150182	0	0	4	0.0983626397050114	0.138104519748887	0	0	3	-0.148797529630371	0.289628088675426	0	0	-0.472817800889054	1.74758845699985	4.39107019063247	0.388030835434821	0.104938271604938	FALSE	C_weak_or_non_dependent	FALSE	0.144439289138061	0.289557425044409
MAPT	iron	Tier 1	ENSG00000186868	162	0.155217630516421	0.122320823552548	0.279454571940662	0.13462583643425	0.0817927198937645	-1.19703098018273	0.839027070650072	2.0360580508328	0.00925925925925926	0.0308641975308642	85	0.124227233015458	0.124942511319806	0.0176470588235294	0.0235294117647059	59	0.173833572630532	0.15863092754669	0	0.0169491525423729	11	0.041195038783326	0.0214446194614408	0	0	4	0.222873597978916	0.214132867472953	0	0	3	-0.53274269199696	-0.418595685297697	0	0.666666666666667	-0.472817800889054	-1.02535071073719	3.18763458397241	0.221902317199143	0.104938271604938	FALSE	C_weak_or_non_dependent	FALSE	0.144439289138061	0.289557425044409
COX7A2L	OXPHOS	Tier 1;Tier 2	ENSG00000115944	162	0.0185795270588661	0.0320958146716298	0.263497789162847	0.134551411273124	0.04720789898925	-0.575198226694701	0.927547138664871	1.50274536535957	0	0.0123456790123457	85	0.0100145858596591	0.0210463679157929	0	0.0117647058823529	59	0.00122150909036713	0.00990967322978572	0	0.0169491525423729	11	0.193617215720955	0.111962259660744	0	0	4	0.135553537595491	0.125235094629099	0	0	3	0.25405935154641	0.364461582873231	0	0	-0.472817800889054	0.454970736826303	1.44452216915289	0.160906430016942	0.104938271604938	FALSE	C_weak_or_non_dependent	FALSE	0.144439289138061	0.289557425044409
SAT1	arginine	Tier 1	ENSG00000130066	162	0.0427302071418276	0.0270450559778461	0.270287262690029	0.134534696810864	0.0640014413641296	-1.11893839974343	0.864085867216006	1.98302426695943	0.00617283950617284	0.0246913580246914	85	0.0447114767187272	0.0365991909296301	0	0.0235294117647059	59	0.05370832864112	0.0305062443502808	0.0169491525423729	0.0169491525423729	11	0.0403862148288491	0.0207753558718109	0	0	4	0.0863323346358365	0.0901584440623723	0	0	3	-0.0251458463470883	-0.372887756037821	0	0.333333333333333	-0.472817800889054	-0.789933413080497	4.40216808274622	0.155274109501855	0.104938271604938	FALSE	C_weak_or_non_dependent	FALSE	0.144439289138061	0.289557425044409
IREB2	iron	Tier 1	ENSG00000136381	162	-0.0698261270921675	-0.0760942114135544	0.266441631089155	0.134498067864364	0.0578917020875745	-0.813814850428404	0.693143796560987	1.50695864698939	0.0339506172839506	0.0432098765432099	85	-0.0555691039685158	-0.0398123859176399	0.0294117647058824	0.0352941176470588	59	-0.0894758119555619	-0.128785900745285	0.0338983050847458	0.0677966101694915	11	-0.0455845748824335	-0.054640619889859	0	0	4	-0.189072448184594	-0.247002375113337	0.25	0	3	-0.170902186657517	0.0814050057390623	0	0	-0.472817800889054	0.195646594766152	1.00201566300109	0.147091120823298	0.104938271604938	FALSE	C_weak_or_non_dependent	FALSE	0.144439289138061	0.289557425044409
SLC7A1	amino-acid transport	Tier 1	ENSG00000139514	162	-0.124185999538081	-0.113000368464837	0.279375247222672	0.134492184289148	0.0709829244901356	-0.978783255597261	1.02609888340022	2.00488213899748	0.0617283950617284	0.0864197530864198	85	-0.127152579131622	-0.10288949669821	0.0529411764705882	0.0941176470588235	59	-0.144771098078473	-0.136119017869082	0.0932203389830508	0.0847457627118644	11	-0.052819021268634	-0.0688968865376034	0	0	4	-0.146270300842249	-0.13285278115843	0	0	3	0.117145646988969	-0.0800511803774954	0	0.333333333333333	-0.472817800889054	0.198968696503453	2.05310952806837	0.128188677815156	0.104938271604938	FALSE	C_weak_or_non_dependent	FALSE	0.144439289138061	0.289557425044409
AMACR	cholesterol/isoprenoid;fatty-acid oxidation	Tier 1	ENSG00000242110	162	0.0496956612861866	0.056942898112169	0.269251765178821	0.134478880634797	0.0445669963676742	-0.754683817985498	0.517632237426703	1.2723160554122	0	0.00617283950617284	85	0.0433825905832025	0.0497373321695819	0	0.0117647058823529	59	0.0556821247872571	0.069223656687722	0	0	11	0.0854292066716203	0.0531427549549941	0	0	4	-0.127428587646713	-0.0975427493698778	0	0	3	0.417324050561416	0.239493736051962	0	0	-0.472817800889054	-0.353422841840175	0.52668361215999	0.170870188317132	0.104938271604938	FALSE	C_weak_or_non_dependent	FALSE	0.144439289138061	0.289557425044409
SPTLC3	sphingolipid	Tier 1	ENSG00000172296	162	0.0669172361307096	0.0596802464379275	0.267464061433755	0.134366791379024	0.0742453644205518	-1.15324624618772	0.840100618615405	1.99334686480312	0	0.0493827160493827	85	0.0756232907553252	0.083401464857854	0	0.0470588235294118	59	0.053541060357621	0.0286898858961535	0	0.0508474576271187	11	0.0619107518933079	0.0353138770753181	0	0.0909090909090909	4	0.100262965661662	0.145982117219967	0	0	3	0.0518245774914543	-0.0286696581849193	0	0	-0.472817800889054	-0.84593649025422	3.23435056882035	0.184651297100485	0.104938271604938	FALSE	C_weak_or_non_dependent	FALSE	0.144439289138061	0.289557425044409
SLC30A3	zinc	Tier 1	ENSG00000115194	162	0.182886955539669	0.172473769712439	0.262007290310371	0.134351144249115	0.0567253012924618	-0.881351138478576	0.880559523325649	1.76191066180423	0	0.0185185185185185	85	0.16880052683636	0.168784155665031	0	0.0352941176470588	59	0.224631596283752	0.198222489486039	0	0	11	0.175333715562554	0.151876601155085	0	0	4	0.0951921506585392	0.0903849004603596	0	0	3	-0.0317166732742518	-0.0444038774453969	0	0	-0.472817800889054	-0.851095982593754	3.40894947214651	0.182170322692492	0.104938271604938	FALSE	C_weak_or_non_dependent	FALSE	0.144439289138061	0.289557425044409
ST6GALNAC5	sphingolipid	Tier 1	ENSG00000117069	162	-0.0889786440737484	-0.0832909847242743	0.267433943703918	0.134258622912455	0.050657532809482	-0.885477494096687	0.69621490366858	1.58169239776527	0.0123456790123457	0.037037037037037	85	-0.0975644759134832	-0.090652694572852	0	0.0588235294117647	59	-0.0876396389201431	-0.0722547075539038	0.0169491525423729	0	11	0.00349492265227912	-0.00374565234658951	0.0909090909090909	0	4	-0.254284384903345	-0.25346036671206	0	0	3	0.110896034770843	-0.156529699432987	0	0.333333333333333	-0.472817800889054	0.000729999070987095	1.5897045613869	0.130780118575814	0.104938271604938	FALSE	C_weak_or_non_dependent	FALSE	0.144439289138061	0.289557425044409
PLEKHA8	sphingolipid	Tier 1	ENSG00000106086	162	-0.0364246003385937	-0.029444670655893	0.269392637469899	0.134234059302639	0.042288828349037	-0.629137532286478	0.501122316312362	1.13025984859884	0.0123456790123457	0.0185185185185185	85	-0.0360581479230106	-0.0304919258057476	0.0235294117647059	0.0117647058823529	59	-0.0477517872040462	-0.0363833488906755	0	0.0169491525423729	11	0.0448895901034345	0.0416903442607689	0	0	4	0.0635020761410173	0.0267481332251015	0	0	3	-0.120048955668179	-0.199063895995045	0	0.333333333333333	-0.472817800889054	-0.23250721423804	0.0251977001264954	0.173310354125675	0.104938271604938	FALSE	C_weak_or_non_dependent	FALSE	0.144439289138061	0.289557425044409
PHGDH	serine/glycine/one-carbon	Tier 1	ENSG00000092621	162	-0.00275248235878859	-0.014237543777927	0.263281009054355	0.134201686103461	0.0474198716273983	-0.746790766091849	0.498711579581	1.24550234567285	0.00617283950617284	0.0185185185185185	85	0.0284746536714626	0.00492598391578848	0	0.0235294117647059	59	-0.0672622009533297	-0.0533732131332889	0.0169491525423729	0.0169491525423729	11	0.0275446422277426	0.00526346416792635	0	0	4	0.105554964250076	0.0770508604260259	0	0	3	-0.0319031613868639	0.0192424341488517	0	0	-0.472817800889054	-0.438578621858293	0.440462742372093	0.183518140584302	0.104938271604938	FALSE	C_weak_or_non_dependent	FALSE	0.144439289138061	0.289557425044409
UQCC3	OXPHOS	Tier 1	ENSG00000204922	162	-0.166849312347604	-0.18420024506818	0.253889698953085	0.134193931863038	0.0510150808486323	-0.945674960273609	0.625447964002179	1.57112292427579	0.058641975308642	0.111111111111111	85	-0.179429519566358	-0.186660867162614	0.0411764705882353	0.141176470588235	59	-0.161532964447913	-0.192609967313323	0.0847457627118644	0.0847457627118644	11	-0.0665189712965595	-0.0709991915047596	0	0	4	-0.18268931923586	-0.204795533134418	0.25	0	3	-0.368641090424074	-0.336701560548937	0	0.333333333333333	-0.472817800889054	-0.157754119988717	1.05069277748723	0.144199605340567	0.104938271604938	FALSE	C_weak_or_non_dependent	FALSE	0.144439289138061	0.289557425044409
DBT	BCAA	Tier 1;Tier 2	ENSG00000137992	162	0.0136215011687192	0.0180247603910322	0.262538289706856	0.1341848432452	0.0557856766495843	-0.856050949537567	0.916079308085507	1.77213025762307	0.00617283950617284	0.0246913580246914	85	0.0274094422777556	0.0137089560018942	0	0.0235294117647059	59	0.0149505213820731	0.0343819944235699	0	0.0169491525423729	11	-0.0666006850379249	-0.0940316310024654	0.0909090909090909	0.0909090909090909	4	0.000895298691461559	0.0542540467139956	0	0	3	0.190421289250837	0.181181335455575	0	0	-0.472817800889054	0.245827404090467	2.23886449339134	0.127830763025263	0.104938271604938	FALSE	C_weak_or_non_dependent	FALSE	0.144439289138061	0.289557425044409
ABCG5	cholesterol/isoprenoid	Tier 2	ENSG00000138075	162	-0.0214837858854703	-0.0056700150836705	0.273748902862775	0.134050189619391	0.0477035704116496	-0.7496757084224	0.80564419662873	1.55531990505113	0.00617283950617284	0.0185185185185185	85	0.0024484084215638	0.0218459879797757	0	0.0235294117647059	59	-0.061489817195264	-0.0606877446668096	0.0169491525423729	0.0169491525423729	11	-0.0363442073010014	0.0170903108779803	0	0	4	0.0299558913305139	0.0666145650533772	0	0	3	-0.0137952267637948	0.116891277878308	0	0	-0.472817800889054	0.131295777443148	1.70056980783077	0.131133215813141	0.104938271604938	FALSE	C_weak_or_non_dependent	FALSE	0.144439289138061	0.289557425044409
ECSIT	OXPHOS	Tier 1	ENSG00000130159	162	-0.553592119001512	-0.577083472943762	0.270649378553253	0.13401472163642	0.0696911808989726	-1.54319657697557	0.139574550458889	1.68277112743446	0.601851851851852	0.685185185185185	85	-0.586873732301621	-0.59718679496418	0.547058823529412	0.717647058823529	59	-0.56785001485733	-0.564305374379277	0.711864406779661	0.661016949152542	11	-0.489834439940811	-0.490637041221798	0.545454545454545	0.636363636363636	4	-0.412185447405185	-0.424742497990164	0.5	0.25	3	-0.778766878771106	-0.778883503718801	0.333333333333333	1	-0.472817800889054	-0.412382833469338	1.40734863106933	0.156758919696345	0.104938271604938	FALSE	C_weak_or_non_dependent	FALSE	0.144439289138061	0.289557425044409
MXI1	glycolysis	Tier 2	ENSG00000119950	162	-0.0912118755434506	-0.114490044753217	0.267080099007461	0.133900489806165	0.0732522616860514	-1.50783207672637	0.673369503624418	2.18120158035079	0.037037037037037	0.0679012345679012	85	-0.0943160705139574	-0.110777652802281	0.0352941176470588	0.0941176470588235	59	-0.0866546266137574	-0.113571086879962	0.0338983050847458	0.0338983050847458	11	-0.0934210582686415	-0.089710683263041	0	0	4	0.058786146167321	-0.0168507689550527	0	0	3	-0.144549804238204	-0.458790681398626	0.333333333333333	0.333333333333333	-0.472817800889054	-0.997204461679454	4.32028060963824	0.192195846087807	0.104938271604938	FALSE	C_weak_or_non_dependent	FALSE	0.144439289138061	0.289557425044409
COX6A2	OXPHOS	Tier 1	ENSG00000156885	162	-0.0956585116668551	-0.0797346061860614	0.285721866956436	0.133849976845795	0.0665801340910463	-1.06292222708312	0.757618418458958	1.82054064554208	0.00925925925925926	0.0555555555555556	85	-0.0906468482718691	-0.0724710248291027	0	0.0588235294117647	59	-0.119798785964286	-0.0873368744158151	0.0254237288135593	0.0508474576271187	11	-0.0455840827515001	-0.0590586236877755	0	0	4	-0.125696922295154	-0.107467577062708	0	0	3	-0.150078604324388	-0.174859444106257	0	0.333333333333333	-0.472817800889054	-0.136025239853244	1.79559957556388	0.129707233107158	0.104938271604938	FALSE	C_weak_or_non_dependent	FALSE	0.144439289138061	0.289557425044409
COX7A1	OXPHOS	Tier 1	ENSG00000161281	162	0.0393865912541118	0.0330200728738664	0.240832416486235	0.133844291483591	0.0542271199027118	-0.807613239583473	1.00965285706026	1.81726609664373	0	0.0123456790123457	85	0.0403685402792993	0.0398299178809806	0	0.0235294117647059	59	0.0142036178779943	0.0298808700948708	0	0	11	-0.0701896008708923	-0.0227279663648319	0	0	4	0.031668607315913	0.0186676156607581	0	0	3	0.289725459283538	0.125358205818581	0	0	-0.472817800889054	0.599344606674716	3.27123567366745	0.145713997542701	0.104938271604938	FALSE	C_weak_or_non_dependent	FALSE	0.144439289138061	0.289557425044409
OGDHL	TCA;tryptophan	Tier 1	ENSG00000197444	162	-0.156819258876988	-0.135647108646594	0.263543317858884	0.133827390390452	0.04350517350058	-0.689794897458358	0.317431393724904	1.00722629118326	0.037037037037037	0.0493827160493827	85	-0.130197027707389	-0.110228199676904	0.0294117647058824	0.0235294117647059	59	-0.177763915166997	-0.161168681279494	0.0423728813559322	0.0677966101694915	11	-0.208107790077317	-0.182301734844982	0	0.0909090909090909	4	-0.265992238718395	-0.215985238674237	0.25	0	3	-0.0264158363112224	-0.0757407982431742	0	0.333333333333333	-0.472817800889054	-0.0175852759641361	-0.183666846381903	0.170321794565882	0.104938271604938	FALSE	C_weak_or_non_dependent	FALSE	0.144439289138061	0.289557425044409
SERINC1	serine/glycine/one-carbon	Tier 1	ENSG00000111897	162	-0.0109452025549875	-0.00377453738692418	0.264627640059202	0.133791099430693	0.0657661510544337	-0.755473960968214	1.03675729293791	1.79223125390612	0.0123456790123457	0.0308641975308642	85	0.00365895289277413	0.0041202707934051	0.0117647058823529	0.0470588235294118	59	-0.0255455779430411	0.00844677736931768	0	0.0169491525423729	11	-0.17689301257832	-0.0712169739500913	0.0909090909090909	0	4	-0.0449383487586434	0.0142984248523037	0	0	3	-0.259586823221464	-0.244621641623035	0	0	-0.472817800889054	0.284438171471535	2.13053828982295	0.13202281043753	0.104938271604938	FALSE	C_weak_or_non_dependent	FALSE	0.144439289138061	0.289557425044409
ABCD4	vitamin B12	Tier 1	ENSG00000119688	162	-0.00310945503104371	-0.00671402074725086	0.277653004127702	0.1337886738368	0.0484843904164262	-0.698488672960011	0.769603045632006	1.46809171859202	0	0.0308641975308642	85	-0.00243649209148373	0.000765717833410125	0	0.0352941176470588	59	-0.0270266686686256	-0.0172344816716288	0	0.0338983050847458	11	-0.0291045648524079	-0.0756238237029459	0	0	4	0.0595136810303522	0.0702007120890875	0	0	3	0.0970321616746625	0.138378751369219	0	0	-0.472817800889054	-0.0620076573301548	1.28145893790065	0.136797525076034	0.104938271604938	FALSE	C_weak_or_non_dependent	FALSE	0.144439289138061	0.289557425044409
HIGD1A	OXPHOS	Tier 1	ENSG00000181061	162	-0.0162266260150092	-0.0101784094323743	0.264202963805716	0.133783510526834	0.0759243421465302	-0.761852175931099	1.33065267758656	2.09250485351766	0	0.037037037037037	85	0.018828018595802	0.0250922746271044	0	0.0470588235294118	59	-0.0214444306864687	-0.0455628741418718	0	0.0338983050847458	11	-0.0546382561319723	-0.0656069375834659	0	0	4	0.0221376042559512	0.032396620581048	0	0	3	-0.138649011172875	-0.167148755294716	0	0	-0.472817800889054	0.898134445216996	4.8302318192197	0.165945916716638	0.104938271604938	FALSE	C_weak_or_non_dependent	FALSE	0.144439289138061	0.289557425044409
MFSD2B	sphingolipid	Tier 1	ENSG00000205639	162	-0.0694134069141862	-0.0423979601270598	0.268902628541202	0.13376637006287	0.0651319480390573	-0.729334328284332	1.47544816486799	2.20478249315232	0.00617283950617284	0.0432098765432099	85	-0.052071761176386	-0.0190626722425441	0	0.0352941176470588	59	-0.0808929290684195	-0.0766501917338504	0.0169491525423729	0.0508474576271187	11	-0.0152313263864697	-0.0307241072850981	0	0.0909090909090909	4	-0.0625765519200335	-0.0694482070670185	0	0	3	-0.0863798967029175	-0.0366743597553718	0	0	-0.472817800889054	1.27531655018016	6.64920057970601	0.206709300256652	0.104938271604938	FALSE	C_weak_or_non_dependent	FALSE	0.144439289138061	0.289557425044409
PCCA	BCAA;fatty-acid oxidation	Tier 1	ENSG00000175198	162	0.0161714887854066	-0.000285663552191357	0.263245626725031	0.133724129479277	0.0601239692507258	-0.696812555342577	0.927983609534871	1.62479616487745	0.00617283950617284	0.037037037037037	85	0.000524034682646597	-0.0233174934582752	0.0117647058823529	0.0588235294117647	59	0.0225231831227153	0.0274473624139882	0	0.0169491525423729	11	0.0515889652711439	0.023117993882523	0	0	4	0.0285148946065259	0.00149576067898719	0	0	3	0.117280525996713	0.0186780302164626	0	0	-0.472817800889054	0.0547430323502162	1.33559995199852	0.135680892561776	0.104938271604938	FALSE	C_weak_or_non_dependent	FALSE	0.144439289138061	0.289557425044409
SMARCA2	arginine	Tier 2	ENSG00000080503	162	-0.0744147974698061	-0.0787906092045043	0.265444789525226	0.133686408459157	0.0516918601576778	-1.00985595825794	0.741754114166753	1.7516100724247	0.00617283950617284	0.0308641975308642	85	-0.0698407621811376	-0.0748584586485442	0.0117647058823529	0.0352941176470588	59	-0.121150785756353	-0.094842095525372	0	0.0169491525423729	11	-0.0443420962968834	-0.0872299233166811	0	0.0909090909090909	4	0.0364594998149807	-0.02055677710302	0	0	3	0.103705672837309	0.0787767316296907	0	0	-0.472817800889054	-0.147616657513189	2.01368833989245	0.12660951212683	0.104938271604938	FALSE	C_weak_or_non_dependent	FALSE	0.144439289138061	0.289557425044409
ATF5	cholesterol/isoprenoid	Tier 2	ENSG00000169136	162	0.0358897714153831	0.00707984304966006	0.26452808599286	0.133647027041736	0.0450206257974474	-0.587709311041253	0.654770511117491	1.24247982215874	0.00925925925925926	0.037037037037037	85	0.0374705563935226	0.0061773234770241	0.0176470588235294	0.0352941176470588	59	0.0172592263244977	-0.00160928712014706	0	0.0338983050847458	11	0.105946511977141	0.0803979827127834	0	0.0909090909090909	4	-0.0055673001163803	-0.0311105058246206	0	0	3	-0.0978063850675077	-0.0143752559851928	0	0	-0.472817800889054	-0.217455757917462	0.778703662523151	0.153214606465099	0.104938271604938	FALSE	C_weak_or_non_dependent	FALSE	0.144439289138061	0.289557425044409
B3GNT3	glycolysis;sphingolipid	Tier 1;Tier 2	ENSG00000179913	162	0.01458360685934	0.0191190811097675	0.249745909073385	0.133641462457466	0.058684428889619	-0.891440343251895	0.903954680176467	1.79539502342836	0	0.037037037037037	85	-0.0115878812365873	-0.0182350612795124	0	0.0588235294117647	59	0.026770382141957	0.0457865496415989	0	0	11	0.177292587178233	0.147749822176109	0	0	4	0.00583595938754905	-0.0343374499693771	0	0	3	0.15579931980952	0.152655558542288	0	0.333333333333333	-0.472817800889054	0.00774978503515765	2.28751707583876	0.11985036457609	0.104938271604938	FALSE	C_weak_or_non_dependent	FALSE	0.144439289138061	0.289557425044409
ALDH3A1	glycolysis	Tier 1	ENSG00000108602	162	0.133449432787478	0.163325748728677	0.273058155284829	0.13361735224351	0.0547805216427965	-0.390880347023145	1.30653599667648	1.69741634369963	0	0	85	0.191966215242018	0.222754821787346	0	0	59	0.0844037883114299	0.0810050120435978	0	0	11	0.127650917705344	0.177297407372633	0	0	4	0.0722558193582478	0.0746822942822809	0	0	3	0.0191767634737799	0.165438357773616	0	0	-0.472817800889054	1.04639395448934	3.09246771145985	0.228975509655517	0.104938271604938	FALSE	C_weak_or_non_dependent	FALSE	0.144439289138061	0.289557425044409
H4C4	arginine	Tier 2	ENSG00000277157	162	-0.206506260369656	-0.219824930681998	0.26623457556988	0.133595774181759	0.0539839125638665	-1.16493701756242	0.412305080249779	1.57724209781219	0.095679012345679	0.111111111111111	85	-0.157663130714346	-0.190571581314313	0.0588235294117647	0.105882352941176	59	-0.261809292673068	-0.256931272082235	0.127118644067797	0.11864406779661	11	-0.204396234489941	-0.180261568962513	0.0909090909090909	0	4	-0.376546202546679	-0.367798046377686	0.5	0.25	3	-0.351851341498175	-0.266679953938932	0	0.333333333333333	-0.472817800889054	-0.311367795533095	1.48678018527686	0.145416534794072	0.104938271604938	FALSE	C_weak_or_non_dependent	FALSE	0.144439289138061	0.289557425044409
ADORA2B	glycolysis	Tier 2	ENSG00000170425	162	0.0846408918515327	0.0802621275523797	0.255490201559378	0.133586091073992	0.0598437536134551	-1.06914926884026	0.814197862099832	1.8833471309401	0	0.0246913580246914	85	0.0725643728882653	0.0667360639522251	0	0.0470588235294118	59	0.0851705993681355	0.103544724576611	0	0	11	0.12190263099602	0.0418304269309989	0	0	4	0.193635018795694	0.134691663614012	0	0	3	-0.0247756652823396	0.0739530422764331	0	0	-0.472817800889054	-1.07934860239503	4.46841889553532	0.205697338313807	0.104938271604938	FALSE	C_weak_or_non_dependent	FALSE	0.144439289138061	0.289557425044409
TAS2R4	glutamine/glutamate	Tier 1	ENSG00000127364	162	0.101264945350635	0.0805160635944655	0.270273341436365	0.13353359676004	0.0782336767918535	-1.01368808492927	1.03402893464567	2.04771701957494	0.0123456790123457	0.0432098765432099	85	0.0884479825426879	0.0685258264598773	0.0235294117647059	0.0705882352941176	59	0.130313091847707	0.118089575011615	0	0	11	0.0441152001860604	0.0705328651214694	0	0	4	0.13013644499128	0.123732124454005	0	0	3	-0.238418332561663	-0.339722628874545	0	0.333333333333333	-0.472817800889054	-0.658809969175051	2.93060045817437	0.159561496800376	0.104938271604938	FALSE	C_weak_or_non_dependent	FALSE	0.144439289138061	0.289557425044409
LGALS3	cholesterol/isoprenoid	Tier 2	ENSG00000131981	162	0.00129537587897799	-0.000457134657706006	0.264480846077874	0.133514451814686	0.0636141615225141	-0.736230238238256	1.05559964649768	1.79182988473594	0.00617283950617284	0.037037037037037	85	0.0633454689769711	0.0174358352637725	0	0.0352941176470588	59	-0.00787328134356923	-0.00932695153193184	0.0169491525423729	0.0169491525423729	11	-0.000537642474234891	-0.100366644515706	0	0.181818181818182	4	-0.0704151512003777	-0.0183409271345287	0	0	3	-0.13376749283662	0.0571950422086074	0	0	-0.472817800889054	0.0507102678297225	1.77842776478619	0.127958188418828	0.104938271604938	FALSE	C_weak_or_non_dependent	FALSE	0.144439289138061	0.289557425044409
NDUFS6	OXPHOS	Tier 1;Tier 2	ENSG00000145494	162	0.105598108371248	0.118788793478995	0.258174214996802	0.133442297245393	0.0468329226090515	-0.829295585632554	0.833190499505774	1.66248608513833	0	0.00617283950617284	85	0.106576661016199	0.135355378431436	0	0.0117647058823529	59	0.104106445471043	0.0967962232536895	0	0	11	0.115935458195265	0.123359500676249	0	0	4	0.0566578712879037	0.108475965468846	0	0	3	0.125578142316084	0.0789139452144436	0	0	-0.472817800889054	-0.115091475395338	2.34152447192227	0.120649719857449	0.104938271604938	FALSE	C_weak_or_non_dependent	FALSE	0.144439289138061	0.289557425044409
PRSS1	vitamin B12	Tier 1	ENSG00000204983	162	0.0440578025451354	0.0307483586517585	0.265845345947064	0.13340431709606	0.0754197897923161	-1.2613607467031	0.962601917552144	2.22396266425524	0.0123456790123457	0.0246913580246914	85	0.0527356586874102	0.0357592850069068	0.0117647058823529	0.0352941176470588	59	0.00201559322816471	0.0101908911074758	0.0169491525423729	0.0169491525423729	11	-0.0699148026214126	-0.032502773024616	0	0	4	0.142103749818995	0.120291037341604	0	0	3	0.232704691900409	0.405599551520363	0	0	-0.472817800889054	-0.66025940939113	4.39239103875085	0.137422432301221	0.104938271604938	FALSE	C_weak_or_non_dependent	FALSE	0.144439289138061	0.289557425044409
CASP6	glycolysis	Tier 2	ENSG00000138794	162	-0.159921279525943	-0.136583736947815	0.280456409337479	0.133369916621732	0.0702725801032189	-1.17559665778029	0.825614714072182	2.00121137185247	0.037037037037037	0.0802469135802469	85	-0.165267498086852	-0.158484947830871	0.0352941176470588	0.117647058823529	59	-0.155010228740168	-0.130942432770631	0.0338983050847458	0.0508474576271187	11	-0.123959556338856	-0.103584785301186	0.0909090909090909	0	4	-0.109861997498323	-0.143212415097549	0	0	3	0.442753191886613	0.260847004082828	0	0	-0.472817800889054	0.164830931269599	1.9211435307161	0.128752392581334	0.104938271604938	FALSE	C_weak_or_non_dependent	FALSE	0.144439289138061	0.289557425044409
ACBD7	fatty-acid oxidation	Tier 1	ENSG00000176244	162	0.0536343159702511	0.0310844945205337	0.271485566719704	0.13332305970409	0.0528151926734256	-1.29137524750436	0.47492291634612	1.76629816385048	0.0123456790123457	0.0185185185185185	85	0.0660919687310872	0.0520126928415835	0	0.0235294117647059	59	0.026280980083616	-0.00962099126718759	0.0338983050847458	0.0169491525423729	11	0.0453770524309607	0.0179872419686952	0	0	4	0.0691280363490013	0.0946584541482553	0	0	3	0.135025412550244	0.201918075769088	0	0	-0.472817800889054	-1.21989001793883	5.62528015907201	0.212988466042439	0.104938271604938	FALSE	C_weak_or_non_dependent	FALSE	0.144439289138061	0.289557425044409
HIGD2A	OXPHOS	Tier 1	ENSG00000146066	162	-0.342183824464491	-0.337752869757827	0.263654317801943	0.133319450323142	0.0607003838377179	-1.42664806846485	0.279127852861363	1.70577592132621	0.280864197530864	0.253086419753086	85	-0.354783330070075	-0.350128541132872	0.276470588235294	0.282352941176471	59	-0.341015258619914	-0.331357868647295	0.271186440677966	0.220338983050847	11	-0.278866197097259	-0.307192352649553	0.181818181818182	0.272727272727273	4	-0.356146983319765	-0.315968661432236	0.75	0	3	-0.228324803399875	-0.253978043136456	0.333333333333333	0.333333333333333	-0.472817800889054	-0.780555430593226	3.74102835643589	0.164248605166387	0.104938271604938	FALSE	C_weak_or_non_dependent	FALSE	0.144439289138061	0.289557425044409
LMBRD1	vitamin B12	Tier 1	ENSG00000168216	162	-0.0303623282743552	-0.0461075433792967	0.264419751812767	0.133280807273726	0.0740837936866771	-0.924971707230696	0.677686109429794	1.60265781666049	0.0216049382716049	0.0864197530864198	85	-0.0419767285786595	-0.0693277452584427	0.0176470588235294	0.105882352941176	59	-0.0300335032982624	-0.0301706514499709	0.0338983050847458	0.0677966101694915	11	-0.00151750662412106	0.0814569453600453	0	0	4	-0.0479302597289691	-0.0512655180434454	0	0	3	-0.243096690501744	-0.16248652390562	0	0.333333333333333	-0.472817800889054	-0.461913873290715	1.05132155278284	0.170703016781091	0.104938271604938	FALSE	C_weak_or_non_dependent	FALSE	0.144439289138061	0.289557425044409
CAMK2D	glutamine/glutamate	Tier 1	ENSG00000145349	162	0.0173972893289402	-0.0192186521601963	0.267487998886604	0.133270229524633	0.0620016065569734	-1.09467929241116	0.450978593541342	1.5456578859525	0.00617283950617284	0.0493827160493827	85	-0.0500696895058387	-0.0800919315475369	0.0117647058823529	0.0823529411764706	59	0.087183418393525	0.0810257838250934	0	0	11	0.075490607487748	0.0184948441522342	0	0	4	0.0333008870257279	0.0137688954361613	0	0	3	-0.427576538715476	-0.448215860503632	0	0.333333333333333	-0.472817800889054	-1.20044646845237	2.52256805997292	0.284530747002572	0.104938271604938	FALSE	C_weak_or_non_dependent	FALSE	0.144439289138061	0.289557425044409
ORMDL1	sphingolipid	Tier 1	ENSG00000128699	162	-0.0744879328979265	-0.0698954838015548	0.275078348335997	0.133143584914746	0.0545875666733628	-0.845875350579544	0.588773353574149	1.43464870415369	0.0216049382716049	0.0432098765432099	85	-0.0975685395962168	-0.0826735245074628	0.0176470588235294	0.0470588235294118	59	-0.0611450548490155	-0.0664665822371869	0.0338983050847458	0.0338983050847458	11	-0.0520916461934533	-0.0551718499912037	0	0.0909090909090909	4	-0.112840252324445	-0.157101246646089	0	0	3	0.501541495293252	0.287001631921364	0	0	-0.472817800889054	-0.254178117139545	1.13052211687427	0.148124446955952	0.104938271604938	FALSE	C_weak_or_non_dependent	FALSE	0.144439289138061	0.289557425044409
SLC2A3	glucose transport	Tier 1	ENSG00000059804	162	-0.0754225966171749	-0.0641963545187062	0.279468251363914	0.133142339163154	0.0448873980216261	-0.831109936595242	0.619395305639738	1.45050524223498	0.00308641975308642	0.0308641975308642	85	-0.0582378552422865	-0.0426614531507583	0.00588235294117647	0.0470588235294118	59	-0.0822190868467092	-0.0841021651473918	0	0	11	-0.0483740263260165	-0.061814630311041	0	0	4	-0.0285313750574531	0.0339848631368882	0	0	3	-0.362836282379884	-0.422512229881977	0	0.333333333333333	-0.472817800889054	-0.105875331077586	1.10067500558888	0.1412817575429	0.104938271604938	FALSE	C_weak_or_non_dependent	FALSE	0.144439289138061	0.289557425044409
SDHAF2	OXPHOS;TCA	Tier 1;Tier 2	ENSG00000167985	162	-0.183785387707123	-0.165515087072749	0.280472940453374	0.133031481893768	0.0619669348207731	-0.988851178817214	0.503643494207972	1.49249467302519	0.0771604938271605	0.0802469135802469	85	-0.163077072715902	-0.140349554986824	0.0529411764705882	0.0705882352941176	59	-0.206459779870396	-0.198275094222389	0.101694915254237	0.0847457627118644	11	-0.234773887919504	-0.0994029608940156	0.181818181818182	0	4	-0.137730022771426	-0.164809898638477	0	0	3	-0.51441890608407	-0.477609736132102	0	0.666666666666667	-0.472817800889054	-0.200341663018038	1.01571055182356	0.147069175805839	0.104938271604938	FALSE	C_weak_or_non_dependent	FALSE	0.144439289138061	0.289557425044409
SLC39A4	zinc	Tier 1	ENSG00000147804	162	-0.0879481584110033	-0.0741288315511038	0.264478611099973	0.133014355577166	0.0763808921869413	-0.787750673140554	1.20963430919874	1.99738498233929	0.0154320987654321	0.0617283950617284	85	-0.122785282133308	-0.0733669653730217	0.00588235294117647	0.0588235294117647	59	-0.0796970405662252	-0.0766028897198501	0.0338983050847458	0.0508474576271187	11	-0.109815288367899	-0.152565988999994	0	0.181818181818182	4	0.0155562676698788	-0.0827949760782096	0	0	3	0.324049126369383	0.252099207403986	0	0	-0.472817800889054	1.10790359631011	4.07200463288244	0.219914163531153	0.104938271604938	FALSE	C_weak_or_non_dependent	FALSE	0.144439289138061	0.289557425044409
LPAR5	sphingolipid	Tier 1	ENSG00000184574	162	-0.097298852692352	-0.0787797586511254	0.258377890285446	0.133014278711422	0.0524012969584222	-1.15560535823154	0.638453188202751	1.79405854643429	0.0123456790123457	0.0308641975308642	85	-0.101879070906047	-0.0988981547202355	0.0117647058823529	0.0470588235294118	59	-0.0951274507722878	-0.0535500460850363	0.0169491525423729	0	11	-0.0896563409504987	-0.100919979505504	0	0.0909090909090909	4	-0.106005959723455	-0.116987004708	0	0	3	-0.0208129941949961	0.1271809207158	0	0	-0.472817800889054	-0.298741364663306	2.93941976875268	0.121079287933916	0.104938271604938	FALSE	C_weak_or_non_dependent	FALSE	0.144439289138061	0.289557425044409
STMN1	glycolysis	Tier 2	ENSG00000117632	162	0.080722558470737	0.0737536832397934	0.261177213369142	0.132921975844014	0.042346809882985	-0.461109674969967	0.665465254979289	1.12657492994926	0	0	85	0.0715108466484522	0.0831735299431637	0	0	59	0.0629999272534389	0.0425272676624798	0	0	11	0.129956649903861	0.188049622363737	0	0	4	-0.0209515409473358	0.00768776624610086	0	0	3	0.153647278475058	0.089980312201935	0	0	-0.472817800889054	0.0418217432943572	-0.0991246588460037	0.168146494569797	0.104938271604938	FALSE	C_weak_or_non_dependent	FALSE	0.144439289138061	0.289557425044409
CAT	tryptophan	Tier 1	ENSG00000121691	162	0.10757084364139	0.120165882944995	0.251712941755106	0.132920619596242	0.0481065951101969	-0.834860906476547	1.12403906320385	1.9588999696804	0	0.0123456790123457	85	0.116818753967956	0.135943170296396	0	0.0117647058823529	59	0.0967184496025683	0.0888301767284928	0	0.0169491525423729	11	0.110040116729256	0.137628432603881	0	0	4	0.109126858242797	0.0975177722904984	0	0	3	0.273367835779283	0.255579762369926	0	0	-0.472817800889054	-0.0443993499338788	4.2778078222534	0.0969537413677064	0.104938271604938	FALSE	C_weak_or_non_dependent	FALSE	0.144439289138061	0.289557425044409
SLC1A3	glutamine/glutamate	Tier 1	ENSG00000079215	162	0.0237819901404278	0.0168827079052104	0.264767281345028	0.132900716768327	0.0506283583499845	-0.607042739481919	0.656643169152368	1.26368590863429	0.00617283950617284	0.0246913580246914	85	0.0394830826743997	0.0458070936416624	0.0117647058823529	0.0352941176470588	59	-0.0169824902239345	-0.0260508605253835	0	0	11	0.101422128363337	0.0440480970303505	0	0	4	0.0871085676507232	0.0862692714018435	0	0	3	-0.0676398742893817	-0.150403220280272	0	0.333333333333333	-0.472817800889054	-0.0539050443824924	0.474774785108191	0.153549153151383	0.104938271604938	FALSE	C_weak_or_non_dependent	FALSE	0.144439289138061	0.289557425044409
CIAO2B	iron	Tier 1	ENSG00000166595	162	-0.389252099331134	-0.39398516427357	0.257381103494937	0.1328959358553	0.0525293055727942	-1.39133467851128	0.489345782767484	1.88068046127876	0.259259259259259	0.308641975308642	85	-0.389014064395501	-0.384401601374021	0.211764705882353	0.329411764705882	59	-0.363968538784283	-0.354251396192454	0.254237288135593	0.220338983050847	11	-0.610719259996602	-0.668869850342231	0.636363636363636	0.727272727272727	4	-0.393269850843567	-0.386947779432381	0.5	0	3	-0.46702012045739	-0.448422882892577	0	0.333333333333333	-0.472817800889054	-0.351721357483099	2.34803308851252	0.13369907175613	0.104938271604938	TRUE	C_weak_or_non_dependent	FALSE	0.144439289138061	0.289557425044409
B4GALT3	sphingolipid	Tier 1	ENSG00000158850	162	-0.112458746832236	-0.129315492492984	0.272924271114625	0.132890697896395	0.083750279772581	-1.41599667841055	0.7298074166553	2.14580409506585	0.037037037037037	0.0925925925925926	85	-0.117953142743504	-0.122116995917995	0.0235294117647059	0.0705882352941176	59	-0.0960678155279326	-0.136427956421803	0.0338983050847458	0.101694915254237	11	-0.1457129873934	-0.178223358953252	0.181818181818182	0.181818181818182	4	-0.104239668305416	-0.0943056380489166	0	0	3	-0.26218507716568	-0.0607454004219976	0	0.333333333333333	-0.472817800889054	-0.54559733173144	2.89291773831659	0.144997623380248	0.104938271604938	FALSE	C_weak_or_non_dependent	FALSE	0.144439289138061	0.289557425044409
IGFBP3	glycolysis	Tier 2	ENSG00000146674	162	-0.18120466422528	-0.167907301216847	0.268808735730219	0.132852825890963	0.0451503066248859	-0.665881419024807	0.519945206751012	1.18582662577582	0.0802469135802469	0.0555555555555556	85	-0.17438235474594	-0.160808911684732	0.0705882352941176	0.0705882352941176	59	-0.173305595395077	-0.160547673440377	0.0677966101694915	0.0338983050847458	11	-0.21866647288282	-0.229123809231175	0.0909090909090909	0.0909090909090909	4	-0.249387958718512	-0.252963030454974	0.5	0	3	-0.399341536411949	-0.175899515860651	0	0	-0.472817800889054	0.337911859443689	0.329427065264755	0.174468911708117	0.104938271604938	FALSE	C_weak_or_non_dependent	FALSE	0.144439289138061	0.289557425044409
SLC1A4	amino-acid transport	Tier 1	ENSG00000115902	162	0.0283044947504707	0.0450263892776223	0.268769450735559	0.132852152306969	0.0525090977955632	-0.733928210288293	0.734693453513541	1.46862166380183	0.0123456790123457	0.00617283950617284	85	0.0175379515269283	0.0464957232304122	0.0235294117647059	0	59	0.0562836521888544	0.0526454229346504	0	0	11	-0.00685002175433585	0.0588876222304637	0	0	4	-0.0868367827386805	-0.0394701147690904	0	0	3	0.00876151809868385	-0.0846082500711109	0	0.333333333333333	-0.472817800889054	0.300650037392158	0.736878994642466	0.160502580928349	0.104938271604938	FALSE	C_weak_or_non_dependent	FALSE	0.144439289138061	0.289557425044409
ARSJ	sphingolipid	Tier 1	ENSG00000180801	162	0.0504516715229658	0.0248413262796556	0.255739658166477	0.132844976681429	0.0579987557399869	-0.863804541903701	0.721479015326929	1.58528355723063	0.00617283950617284	0.037037037037037	85	0.00737991704961019	-0.00391769307057775	0.0117647058823529	0.0588235294117647	59	0.0979365971617279	0.0708010434145272	0	0	11	0.0196788218915687	0.0206350044457861	0	0	4	0.0703499553441637	0.0742463497650603	0	0	3	0.0979107757510684	-0.114644413705893	0	0.333333333333333	-0.472817800889054	-0.807564228576106	1.85386632765963	0.208854256838171	0.104938271604938	FALSE	C_weak_or_non_dependent	FALSE	0.144439289138061	0.289557425044409
TNRC6A	cholesterol/isoprenoid	Tier 2	ENSG00000090905	162	0.0785474474852427	0.0636959713125421	0.266302038556926	0.132735934026669	0.0671987366067145	-0.865266222040697	0.771754779135253	1.63702100117595	0	0.0308641975308642	85	0.0804559865801606	0.0754850017383452	0	0.0352941176470588	59	0.0762217953478239	0.0410306801114921	0	0.0169491525423729	11	0.0409920044208015	0.0942145371315797	0	0	4	0.203624975314921	0.227051311154203	0	0	3	-0.0310477523556062	-0.154284358256578	0	0.333333333333333	-0.472817800889054	-0.310317796728661	1.38392476522779	0.147338963135506	0.104938271604938	FALSE	C_weak_or_non_dependent	FALSE	0.144439289138061	0.289557425044409
LPAR2	sphingolipid	Tier 1	ENSG00000064547	162	0.158747327420279	0.136726857518508	0.258845337966602	0.13271908060654	0.0599796763362913	-0.588351819749718	0.925077071996785	1.5134288917465	0	0.0308641975308642	85	0.192731094939049	0.15873511486694	0	0.0470588235294118	59	0.143358462268634	0.117463274209873	0	0.0169491525423729	11	0.163785897925178	0.129517649347432	0	0	4	0.078773253800789	0.109381243333724	0	0	3	0.0709621770433606	-0.0450953800768894	0	0	-0.472817800889054	-0.180243247731275	1.42841502370588	0.137938379314172	0.104938271604938	FALSE	C_weak_or_non_dependent	FALSE	0.144439289138061	0.289557425044409
P4HA2	arginine;glycolysis	Tier 1;Tier 2	ENSG00000072682	162	-0.190938735167631	-0.177307754914982	0.251840038690016	0.132678184554214	0.0649796536634384	-1.09784441941324	0.712830895421637	1.81067531483487	0.0617283950617284	0.0925925925925926	85	-0.159424018397732	-0.175239930710605	0.0352941176470588	0.117647058823529	59	-0.19589871634941	-0.165995293807149	0.0847457627118644	0.0508474576271187	11	-0.0686355514854054	-0.0699312328346249	0.181818181818182	0	4	-0.261456994955787	-0.255027878660927	0	0	3	-0.858687140152214	-0.748461591793095	0	0.666666666666667	-0.472817800889054	-0.0596404200468362	1.98320820029376	0.124821608196137	0.104938271604938	FALSE	C_weak_or_non_dependent	FALSE	0.144439289138061	0.289557425044409
FUT8	glycolysis	Tier 2	ENSG00000033170	162	-0.00612944345208229	-0.0147870890978908	0.273718542000686	0.132636588197966	0.061340639768126	-0.716007427499051	0.740956581345109	1.45696400884416	0.0123456790123457	0.0432098765432099	85	-0.0100265816497053	-0.00413095895073586	0.0117647058823529	0.0470588235294118	59	-0.0153481153917501	-0.0505276255312604	0.0169491525423729	0.0508474576271187	11	0.0754624141684264	0.0806943430956316	0	0	4	-0.113774707661685	-0.099466860937484	0	0	3	-0.0082157268801855	0.14899421766553	0	0	-0.472817800889054	0.193018467435189	0.9493131462724	0.148051808449433	0.104938271604938	FALSE	C_weak_or_non_dependent	FALSE	0.144439289138061	0.289557425044409
LDHC	OXPHOS;glycolysis;methionine	Tier 1;Tier 2	ENSG00000166796	162	0.0220262562877495	0.00433001106340068	0.261525018744013	0.132610981672153	0.0748983732874332	-1.04829334909455	0.658793027157945	1.7070863762525	0.0246913580246914	0.0617283950617284	85	0.0289869106186345	0.0176482422829826	0.0117647058823529	0.0470588235294118	59	-0.0226673955978298	-0.00857550907624069	0.0338983050847458	0.0508474576271187	11	0.124314292068874	0.0435790617666461	0.0909090909090909	0.0909090909090909	4	0.0496895909670344	0.0363457528091904	0	0	3	-0.522908348037045	-0.305812152318093	0	0.666666666666667	-0.472817800889054	-1.22072461460927	2.79410776582269	0.281348611998405	0.104938271604938	FALSE	C_weak_or_non_dependent	FALSE	0.144439289138061	0.289557425044409
CYB5B	sphingolipid	Tier 1	ENSG00000103018	162	-0.00405822255310568	-0.0163186712214077	0.270358899665451	0.132585565521653	0.0747334998773782	-1.56042193619975	0.62291193960428	2.18333387580403	0.0308641975308642	0.037037037037037	85	-0.0273722817319534	-0.016156009141638	0.0235294117647059	0.0470588235294118	59	0.0553850240824514	0.0387311068330088	0	0	11	-0.124540451037428	-0.167127314920163	0.0909090909090909	0.0909090909090909	4	-0.287180582060048	-0.280251884302064	0.5	0.25	3	-0.264128064333098	-0.198697087548763	0	0	-0.472817800889054	-1.09724152285551	6.07071909809803	0.181731578534428	0.104938271604938	FALSE	C_weak_or_non_dependent	FALSE	0.144439289138061	0.289557425044409
SCO2	OXPHOS	Tier 1	ENSG00000284194	162	-0.407905949422206	-0.423849095942133	0.263911600866995	0.132560410442233	0.0510812030337083	-1.15950375347098	0.342636540088115	1.50214029355909	0.382716049382716	0.376543209876543	85	-0.465975143660779	-0.4721815173323	0.370588235294118	0.482352941176471	59	-0.398877521642462	-0.38865992789897	0.432203389830509	0.271186440677966	11	-0.29985075171218	-0.322798166044724	0.181818181818182	0.181818181818182	4	-0.317980845930575	-0.264372940563695	0.5	0	3	-0.584095536072663	-0.32963907819802	0.333333333333333	0.666666666666667	-0.472817800889054	-0.397977183557735	1.44293950778493	0.15445842243134	0.104938271604938	FALSE	C_weak_or_non_dependent	FALSE	0.144439289138061	0.289557425044409
COX15	OXPHOS	Tier 1;Tier 2	ENSG00000014919	162	-0.349868274694149	-0.382482309325965	0.257970087115423	0.132533062457371	0.0601417583580783	-1.24195635532045	0.129801681013928	1.37175803633437	0.237654320987654	0.283950617283951	85	-0.432173435069913	-0.449979020853471	0.270588235294118	0.388235294117647	59	-0.327743049083433	-0.348896310718617	0.245762711864407	0.220338983050847	11	-0.142916812940384	-0.16319244516247	0	0	4	-0.190654819923728	-0.219261627084373	0.25	0	3	-0.183584365233044	-0.152290533579396	0	0	-0.472817800889054	-0.633398928463262	0.778632930787254	0.204992173581461	0.104938271604938	FALSE	C_weak_or_non_dependent	FALSE	0.144439289138061	0.289557425044409
SLC37A2	glycolysis	Tier 1	ENSG00000134955	162	-0.00968216851873424	-0.0132600701567125	0.251637985770207	0.132527464338367	0.079753997020075	-0.904882467817781	1.29567920555602	2.2005616733738	0.0123456790123457	0.0617283950617284	85	0.00941599764445872	0.024508702920914	0	0.0470588235294118	59	-0.0131676428427016	-0.0328073503193569	0.0169491525423729	0.0677966101694915	11	-0.14170269288789	-0.191030447348816	0.0909090909090909	0.0909090909090909	4	0.00251374090723276	0.0123596927950557	0	0	3	0.0461220735305382	-0.0812804317221056	0	0.333333333333333	-0.472817800889054	0.418462735751393	3.67220422610155	0.120785281989634	0.104938271604938	FALSE	C_weak_or_non_dependent	FALSE	0.144439289138061	0.289557425044409
CASP7	OXPHOS	Tier 2	ENSG00000165806	162	-0.0182666160362897	-0.0146583752232144	0.266102100235095	0.132526424726316	0.0624165382002849	-0.951665170027213	0.969679483030255	1.92134465305747	0.00925925925925926	0.0185185185185185	85	-0.0484354201851424	-0.0404779520215207	0	0.0117647058823529	59	0.00886970834308075	0.00756326798664262	0.0254237288135593	0.0169491525423729	11	0.0201533529283539	0.0721107925211489	0	0	4	0.0146549196638274	0.0344329783814292	0	0	3	-0.00656076519800167	-0.103738102267245	0	0.333333333333333	-0.472817800889054	0.166196314699445	2.03842226598613	0.126942920296046	0.104938271604938	FALSE	C_weak_or_non_dependent	FALSE	0.144439289138061	0.289557425044409
TUBB6	iron	Tier 1	ENSG00000176014	162	0.0509652880453169	0.031539842947286	0.258620955750748	0.132515226317388	0.0590808687675748	-1.01411916224517	0.716935445703428	1.7310546079486	0.00617283950617284	0.0308641975308642	85	0.0417583479002332	0.0256845766762418	0.0117647058823529	0.0470588235294118	59	0.0625511391919688	0.0341660438813885	0	0.0169491525423729	11	0.0929050987246877	0.0610289552518034	0	0	4	0.0117074828625704	0.0262132174778945	0	0	3	0.110205980704155	0.0447658577654801	0	0	-0.472817800889054	-1.10772265986614	2.96680928444843	0.246804659449254	0.104938271604938	FALSE	C_weak_or_non_dependent	FALSE	0.144439289138061	0.289557425044409
NASP	glycolysis	Tier 2	ENSG00000132780	162	-0.361939301546872	-0.371409002479636	0.263007531469985	0.132478782273061	0.065598234296737	-1.41784850099541	0.298176692440319	1.71602519343573	0.268518518518519	0.283950617283951	85	-0.375293246926984	-0.393191005315353	0.217647058823529	0.341176470588235	59	-0.381301379237928	-0.368863907318649	0.372881355932203	0.254237288135593	11	-0.236414564372315	-0.261373798832284	0.0909090909090909	0.0909090909090909	4	-0.300592248406496	-0.356943584071829	0.5	0.25	3	-0.24132736876515	-0.227055431551138	0	0	-0.472817800889054	-0.54119470054222	1.83125067631391	0.16390672311259	0.104938271604938	TRUE	C_weak_or_non_dependent	FALSE	0.144439289138061	0.289557425044409
ANGPTL3	fatty-acid synthesis	Tier 2	ENSG00000132855	162	0.0447557007980526	0.0500360149506815	0.262726902392127	0.132406183646763	0.055728297510385	-0.761448057592215	0.90737732307312	1.66882538066534	0	0.0123456790123457	85	0.0533206733277708	0.0678216257950045	0	0.0117647058823529	59	0.0132028933428066	0.0195173184034156	0	0.0169491525423729	11	0.0587876122704139	0.0853974926971572	0	0	4	0.0192108457764789	0.0731745884138365	0	0	3	-0.071704930524742	-0.0141987765635267	0	0	-0.472817800889054	0.407396381892736	2.13560804579212	0.142324814604382	0.104938271604938	FALSE	C_weak_or_non_dependent	FALSE	0.144439289138061	0.289557425044409
H2AC21	arginine	Tier 2	ENSG00000184270	162	-0.000301536254861553	-0.01050423251054	0.259051238704237	0.132297379924588	0.0489560225648028	-1.05706117003662	0.50088294843272	1.55794411846934	0.0123456790123457	0.0246913580246914	85	-0.00537072694591476	-0.0330829185624387	0.0235294117647059	0.0352941176470588	59	0.0284561100155754	0.0190044049591811	0	0	11	0.0352663659221385	0.0208347013449139	0	0	4	0.0716398747613198	0.0640787221701959	0	0	3	-0.192214374310456	-0.165464694988899	0	0.333333333333333	-0.472817800889054	-0.997048677905277	2.54075438623952	0.231940868057999	0.104938271604938	FALSE	C_weak_or_non_dependent	FALSE	0.144439289138061	0.289557425044409
KDM4A	cholesterol/isoprenoid	Tier 2	ENSG00000066135	162	-0.0642687858319658	-0.0828389478898282	0.253174826992683	0.132296337067038	0.0518698899446787	-0.797669369690553	0.684096043125949	1.4817654128165	0.0154320987654321	0.0555555555555556	85	-0.0913656469832053	-0.103645435569736	0.0176470588235294	0.0823529411764706	59	-0.0718722020540064	-0.0623693522466086	0	0.0169491525423729	11	-0.0248930605866472	-0.0487820673132188	0	0	4	-0.0313867898198769	-0.121954258767821	0.25	0.25	3	0.0776631030045913	0.0313880077806637	0	0	-0.472817800889054	-0.284630485397553	0.878768691626298	0.15586706238061	0.104938271604938	FALSE	C_weak_or_non_dependent	FALSE	0.144439289138061	0.289557425044409
L2HGDH	OXPHOS	Tier 1	ENSG00000087299	162	0.0155783936582473	0.00861219050009936	0.261886869440409	0.132214437754904	0.0714739749853603	-1.13342780799164	1.04382836863469	2.17725617662633	0.00617283950617284	0.0432098765432099	85	0.0177490355836445	-0.00286555810076501	0.0117647058823529	0.0588235294117647	59	0.045328452639173	0.011653246983217	0	0.0338983050847458	11	-0.0466075408431271	-0.0112498416759479	0	0	4	-0.0490725309409077	-0.0467155960866083	0	0	3	0.346932854039635	0.420605456784393	0	0	-0.472817800889054	-0.373003118695346	3.4338539366008	0.12002763271701	0.104938271604938	FALSE	C_weak_or_non_dependent	FALSE	0.144439289138061	0.289557425044409
SLC25A37	iron	Tier 1	ENSG00000147454	162	0.0205280072934085	0.00786919005955348	0.251328854544777	0.13218723426306	0.0505885846018569	-0.778908586718603	0.832234490750917	1.61114307746952	0.00617283950617284	0.0308641975308642	85	0.0452769256604857	0.0235140035848992	0	0.0352941176470588	59	-0.0104759791189113	-0.0412753221210615	0.0169491525423729	0.0338983050847458	11	0.0647780551027858	0.095168472612419	0	0	4	0.0375831983428502	0.057746529004412	0	0	3	0.332876198585171	0.144507725106535	0	0	-0.472817800889054	-0.0281256648487855	1.63049595788071	0.13018898355803	0.104938271604938	FALSE	C_weak_or_non_dependent	FALSE	0.144439289138061	0.289557425044409
PFKM	PPP;glycolysis	Tier 1	ENSG00000152556	162	-0.160863358258987	-0.169225581288863	0.273462623263157	0.132175545233695	0.0626766795698591	-1.3841420670656	0.384988584964482	1.76913065203008	0.058641975308642	0.0925925925925926	85	-0.211206362837985	-0.189060315786145	0.0294117647058824	0.105882352941176	59	-0.14812484010672	-0.155830745754696	0.11864406779661	0.0847457627118644	11	-0.14929705885564	-0.185033452683088	0	0.0909090909090909	4	-0.0843429114310322	-0.0845866155329483	0	0	3	0.121400939299005	0.0744370380664434	0	0	-0.472817800889054	-1.06519516641858	3.56963899032915	0.22174950759163	0.104938271604938	FALSE	C_weak_or_non_dependent	FALSE	0.144439289138061	0.289557425044409
PGLS	PPP;glycolysis	Tier 1;Tier 2	ENSG00000130313	162	-0.194850932712353	-0.208987220763472	0.246072988841399	0.132149220546454	0.0479059851999534	-0.863152183779084	0.452460888599872	1.31561307237896	0.0648148148148148	0.0987654320987654	85	-0.234574713366847	-0.214143162097013	0.0176470588235294	0.105882352941176	59	-0.194945173828767	-0.23095653076443	0.135593220338983	0.11864406779661	11	-0.183154218851021	-0.18079118177968	0.0909090909090909	0	4	-0.0614500099391101	-0.0590576378892082	0	0	3	0.233690613468142	0.0658692935994193	0	0	-0.472817800889054	-0.101964274390577	0.549026990046914	0.15295718334895	0.104938271604938	FALSE	C_weak_or_non_dependent	FALSE	0.144439289138061	0.289557425044409
HEXB	sphingolipid	Tier 1	ENSG00000049860	162	-0.0803932431837589	-0.0891302369476342	0.26435304722305	0.13213978985682	0.0801299642695317	-1.05440174392509	0.88169955336417	1.93610129728926	0.037037037037037	0.0555555555555556	85	-0.0856086615999591	-0.0911911820904602	0.0588235294117647	0.0470588235294118	59	-0.0523825616667713	-0.0557837132184409	0.0169491525423729	0.0338983050847458	11	-0.0965224935660223	-0.0865848331601626	0	0.0909090909090909	4	-0.15541193605451	-0.117093474882147	0	0	3	-0.833162457148038	-0.658600587883077	0	0.666666666666667	-0.472817800889054	-0.484130266458276	2.19444489758487	0.149600920134679	0.104938271604938	FALSE	C_weak_or_non_dependent	FALSE	0.144439289138061	0.289557425044409
BPGM	glycolysis	Tier 1	ENSG00000172331	162	-0.135843940595131	-0.12670209599442	0.260673717525481	0.132110457877197	0.0692981968436528	-1.46514618883935	0.840932440558541	2.30607862939789	0.0185185185185185	0.0617283950617284	85	-0.133360553734159	-0.118279078592872	0	0.0588235294117647	59	-0.136283466917292	-0.12882051798897	0.0338983050847458	0.0677966101694915	11	-0.146610626643181	-0.127728744188115	0	0	4	-0.161097017377864	-0.142402994108102	0	0	3	-0.272765398570146	-0.298993048950319	0.333333333333333	0.333333333333333	-0.472817800889054	-0.332855750052805	4.65637896208558	0.103685476835854	0.104938271604938	FALSE	C_weak_or_non_dependent	FALSE	0.144439289138061	0.289557425044409
GAPDHS	glycolysis	Tier 1;Tier 2	ENSG00000105679	162	-0.123130373719349	-0.127424896383423	0.274783134539025	0.132018447182946	0.047513375348667	-0.701336371008032	0.622578031860556	1.32391440286859	0.0185185185185185	0.037037037037037	85	-0.114380200613628	-0.113187213621138	0.0117647058823529	0.0588235294117647	59	-0.143423806241555	-0.145516628337135	0.0338983050847458	0	11	-0.211728149790507	-0.213345072836837	0	0.0909090909090909	4	-0.00984129704692722	-0.0468072131381611	0	0	3	0.010211342560511	0.032528556443684	0	0	-0.472817800889054	0.448687615716127	1.46698683160373	0.159671333857775	0.104938271604938	FALSE	C_weak_or_non_dependent	FALSE	0.144439289138061	0.289557425044409
H2AC1	arginine	Tier 2	ENSG00000164508	162	-0.0698480055971714	-0.0713333362032896	0.263088983974934	0.132007862118121	0.0674773761374988	-1.15092390775015	1.30148915022765	2.4524130579778	0.00925925925925926	0.037037037037037	85	-0.091221400934641	-0.0768880186327253	0.0176470588235294	0.0705882352941176	59	-0.0652062925187721	-0.0632584141168005	0	0	11	-0.148771014492656	-0.12526323477732	0	0	4	-0.0149188545430447	-0.00451569085328225	0	0	3	-0.0475456699159269	0.0358952992345395	0	0	-0.472817800889054	0.480629610721749	6.20050412774784	0.100430949073753	0.104938271604938	FALSE	C_weak_or_non_dependent	FALSE	0.144439289138061	0.289557425044409
DAO	arginine;serine/glycine/one-carbon	Tier 1	ENSG00000110887	162	0.075947411155633	0.0699572462451481	0.266050458914888	0.131986235053835	0.0602517335098123	-1.16727940038382	0.814022889394116	1.98130228977794	0	0.0123456790123457	85	0.0728317314030158	0.055544536098675	0	0.0235294117647059	59	0.0855156634112472	0.0812456979140701	0	0	11	0.157935023888631	0.0963695720512726	0	0	4	0.00747653259504882	-0.0364820564378484	0	0	3	0.409726247736368	0.301385026527959	0	0	-0.472817800889054	-0.521210414464192	3.61142429434091	0.131530936452392	0.104938271604938	FALSE	C_weak_or_non_dependent	FALSE	0.144439289138061	0.289557425044409
MMACHC	vitamin B12	Tier 1	ENSG00000132763	162	-0.0162902687368895	-0.0152286400604499	0.272995372047402	0.131984044902566	0.0532135950509854	-1.18241947490494	0.688771632793918	1.87119110769886	0.00925925925925926	0.0246913580246914	85	-0.0126993016125335	-0.020679617734867	0.00588235294117647	0.0470588235294118	59	-0.00240474774583982	-0.00390990921671273	0.0169491525423729	0	11	-0.117161477265913	-0.0956903523880954	0	0	4	-0.120793054056394	-0.0678535000925163	0	0	3	0.168166675328434	0.281806779365323	0	0	-0.472817800889054	-0.624888145978931	4.14867772210956	0.136249953356028	0.104938271604938	FALSE	C_weak_or_non_dependent	FALSE	0.144439289138061	0.289557425044409
GLRX5	iron	Tier 1	ENSG00000182512	162	-0.2129730904396	-0.219643967429351	0.275774293009736	0.131964956392528	0.0673978425755203	-1.02399924266154	0.707871753717641	1.73187099637919	0.0833333333333333	0.12962962962963	85	-0.265179887083671	-0.272347005247046	0.123529411764706	0.188235294117647	59	-0.185974636813008	-0.158874809430327	0.0338983050847458	0.0508474576271187	11	-0.241537071583376	-0.271331350445891	0.0909090909090909	0.181818181818182	4	-0.0870291729024892	-0.0975781219903842	0	0	3	-0.186056345633355	0.105247940566564	0	0	-0.472817800889054	0.286711936486257	1.63513642858736	0.140694708183329	0.104938271604938	FALSE	C_weak_or_non_dependent	FALSE	0.144439289138061	0.289557425044409
HDLBP	glycolysis	Tier 2	ENSG00000115677	162	0.003347457771335	0.0134306473417572	0.262629073781754	0.131853203929765	0.0468211106940306	-0.530611227802795	0.761577856806413	1.29218908460921	0	0.0123456790123457	85	0.00137212709608755	0.00671347403971447	0	0.0235294117647059	59	0.00463014701032286	0.0190509310635539	0	0	11	0.015312102610526	0.017676633186345	0	0	4	0.0950979226626957	0.0510109146009304	0	0	3	-0.00857303157705883	0.0275426732619162	0	0	-0.472817800889054	0.330214913910857	0.651173001797837	0.165333825139483	0.104938271604938	FALSE	C_weak_or_non_dependent	FALSE	0.144439289138061	0.289557425044409
NRIP1	fatty-acid synthesis;glycolysis	Tier 2	ENSG00000180530	162	0.0622189936984706	0.0698836345922385	0.279160186769483	0.131810501608604	0.0470877132938222	-0.601444799980897	0.783214131821916	1.38465893180281	0.00617283950617284	0.0185185185185185	85	0.112291568934537	0.103071181207202	0.0117647058823529	0.0117647058823529	59	0.0250559234774544	0.0337998304213903	0	0.0169491525423729	11	-0.00162879378709273	0.00218194488759992	0	0	4	0.115981820356719	0.0849810109735092	0	0	3	-0.0360646447028789	0.0673276562702689	0	0.333333333333333	-0.472817800889054	-0.0923284185671809	0.796878060618972	0.147152528945122	0.104938271604938	FALSE	C_weak_or_non_dependent	FALSE	0.144439289138061	0.289557425044409
LHX9	glycolysis	Tier 2	ENSG00000143355	162	-0.0232154559981317	-0.0443835241899894	0.248508425808259	0.131794592060448	0.0455803913354163	-1.14233163862448	0.519412791183329	1.66174442980781	0.0123456790123457	0.037037037037037	85	-0.0184295385373503	-0.0450482779150624	0	0.0352941176470588	59	-0.0325252229472931	-0.0412031491498607	0.0338983050847458	0.0169491525423729	11	0.00770424093107267	0.0368452744805719	0	0	4	-0.132097828953765	-0.128186326319295	0	0	3	-0.531659698752406	-0.274198070055104	0	0.666666666666667	-0.472817800889054	-0.854213915567427	4.12113368321815	0.169945567975124	0.104938271604938	FALSE	C_weak_or_non_dependent	FALSE	0.144439289138061	0.289557425044409
ACOT4	fatty-acid oxidation	Tier 1	ENSG00000177465	162	0.16285632138917	0.152087152116867	0.26054649508237	0.131745868511701	0.0569505745494889	-0.656436522141391	0.711209654899409	1.3676461770408	0	0.0308641975308642	85	0.171655088163653	0.151128582117408	0	0.0352941176470588	59	0.187662038153558	0.181634492920399	0	0.0169491525423729	11	0.0245442245756996	0.0924457891684053	0	0	4	0.12632847746737	0.164677055973659	0	0	3	-0.0491084447962408	-0.199952608032613	0	0.333333333333333	-0.472817800889054	-0.511687504712657	1.10375560326336	0.176220669289251	0.104938271604938	FALSE	C_weak_or_non_dependent	FALSE	0.144439289138061	0.289557425044409
IDH3B	OXPHOS;TCA	Tier 1;Tier 2	ENSG00000101365	162	-0.0581972584013526	-0.0599369105699881	0.266101834870013	0.131587789872827	0.0687349684005334	-1.49965914475851	0.945589637132661	2.44524878189117	0.00925925925925926	0.037037037037037	85	-0.0983341755571148	-0.0856362038321928	0.00588235294117647	0.0588235294117647	59	-0.0247664361158869	-0.0403761992588061	0.0169491525423729	0	11	-0.0160071810750485	0.00111518517546697	0	0	4	-0.0435102656025477	0.00702866331754779	0	0	3	-0.217493576159165	-0.0296293735108149	0	0.333333333333333	-0.472817800889054	-0.462127348342766	6.6866098331932	0.0952311162198811	0.104938271604938	FALSE	C_weak_or_non_dependent	FALSE	0.144439289138061	0.289557425044409
PDP2	OXPHOS	Tier 1	ENSG00000172840	162	-0.00194862956181549	-0.00841881682801454	0.270788081809239	0.131567343031823	0.0618556362727588	-0.961578878015352	0.630472680449418	1.59205155846477	0.00617283950617284	0.0308641975308642	85	-0.0173009708190784	-0.0352362456262301	0.0117647058823529	0.0470588235294118	59	0.0378344004008873	0.0440882523089079	0	0.0169491525423729	11	-0.109431429056956	-0.111362511125519	0	0	4	0.14264645561957	0.115003822487395	0	0	3	-0.0609909237786309	-0.0683340005677426	0	0	-0.472817800889054	-0.639082015719815	2.47222515343247	0.165134787135091	0.104938271604938	FALSE	C_weak_or_non_dependent	FALSE	0.144439289138061	0.289557425044409
TUBA4A	iron	Tier 1	ENSG00000127824	162	0.0168532893991514	0.0270854835008818	0.262253982184831	0.131564777692645	0.0453854642035609	-0.775199855881224	0.563243713609976	1.3384435694912	0.00617283950617284	0.0123456790123457	85	0.0295279701409629	0.06012639956814	0.0117647058823529	0.0235294117647059	59	-0.049350217005017	-0.0344622138254702	0	0	11	0.0988232412566322	0.0891198208222586	0	0	4	0.0817487545299725	0.0967756247204285	0	0	3	0.071980099393784	-0.0190151827909555	0	0	-0.472817800889054	-0.0757312106296258	0.673971856250874	0.149425197884893	0.104938271604938	FALSE	C_weak_or_non_dependent	FALSE	0.144439289138061	0.289557425044409
ATP5MC3	OXPHOS	Tier 1;Tier 2	ENSG00000154518	162	-0.0848754415955402	-0.108863827142012	0.264777585624547	0.131517383613679	0.0643371631226774	-0.966273857873101	0.636765418963053	1.60303927683615	0.0277777777777778	0.0740740740740741	85	-0.0736804367860489	-0.0956480170693397	0.0176470588235294	0.0705882352941176	59	-0.100557273062918	-0.123229699249241	0.0338983050847458	0.0677966101694915	11	-0.0216611223022673	-0.10677904480358	0.0909090909090909	0.0909090909090909	4	-0.0691184622324459	-0.0510181964669378	0	0	3	-0.375045105134353	-0.285554670566577	0	0.333333333333333	-0.472817800889054	-0.338576001057582	1.53256110564732	0.146869439091114	0.104938271604938	FALSE	C_weak_or_non_dependent	FALSE	0.144439289138061	0.289557425044409
HTRA2	OXPHOS	Tier 2	ENSG00000115317	162	-0.0816000093689818	-0.117844522529521	0.248874480172682	0.131509633787529	0.060705511375637	-1.13551659051347	0.510863173049571	1.64637976356304	0.0401234567901235	0.0617283950617284	85	-0.0993631965982924	-0.142048727101461	0.0352941176470588	0.0823529411764706	59	-0.0292127215206632	-0.0615749647260553	0.0423728813559322	0.0338983050847458	11	-0.215379365441783	-0.214785349138835	0.0909090909090909	0.0909090909090909	4	-0.0508701505129299	-0.0440712734144763	0	0	3	-0.242506116104663	-0.28160799771194	0	0	-0.472817800889054	-1.15286897262527	3.01399190474034	0.256772175819698	0.104938271604938	FALSE	C_weak_or_non_dependent	FALSE	0.144439289138061	0.289557425044409
MPST	methionine	Tier 1	ENSG00000128309	162	0.0201491323720192	0.0145036363623561	0.259703007617052	0.131311629385986	0.0476775471970406	-0.672299395889106	0.731046975998503	1.40334637188761	0.0123456790123457	0.0185185185185185	85	0.0200564697875792	0.0116007117646871	0.0117647058823529	0.0117647058823529	59	0.0147844413531851	0.0125382353217242	0.0169491525423729	0.0338983050847458	11	0.069297995832237	0.0820831803083529	0	0	4	-0.0463698512669013	-0.0867866241211869	0	0	3	0.00625467143864373	0.0226680732714747	0	0	-0.472817800889054	-0.0955402386103898	0.950018035078741	0.144022466313875	0.104938271604938	FALSE	C_weak_or_non_dependent	FALSE	0.144439289138061	0.289557425044409
SLC5A10	glucose transport	Tier 1	ENSG00000154025	162	0.0823834877428387	0.0781045491893879	0.258324983724224	0.131225849419684	0.0487972328816861	-0.541892295112375	0.710917025568647	1.25280932068102	0	0.0123456790123457	85	0.111708201913917	0.0933083706670534	0	0.0117647058823529	59	0.0644232613635354	0.0706353508758384	0	0.0169491525423729	11	0.125478932546954	0.066759007147676	0	0	4	0.0384628610896579	0.0513952859412188	0	0	3	-0.0364244703069201	-0.128563487360829	0	0	-0.472817800889054	-0.100658025838891	0.480329754601115	0.154524107003373	0.104938271604938	FALSE	C_weak_or_non_dependent	FALSE	0.144439289138061	0.289557425044409
PHKA2	glycolysis	Tier 2	ENSG00000044446	162	0.012999916950654	0.0127807112569323	0.255609904388364	0.131156755990943	0.0619633781132912	-1.12390271418405	0.890253270683582	2.01415598486764	0.00308641975308642	0.0185185185185185	85	0.0148967379115288	0.0413739893488702	0.00588235294117647	0.0117647058823529	59	-0.00812660364146094	-0.00384422777891914	0	0.0169491525423729	11	0.0386290007518572	0.00587201067310808	0	0	4	-0.00178167881474734	0.0203299374398387	0	0	3	-0.447169340107962	-0.455138766412752	0	0.333333333333333	-0.472817800889054	-0.523272770174285	4.19540460088218	0.124248800186035	0.104938271604938	FALSE	C_weak_or_non_dependent	FALSE	0.144439289138061	0.289557425044409
CARM1	arginine;cholesterol/isoprenoid	Tier 2	ENSG00000142453	162	0.0909439603927339	0.0473267765188662	0.268974980215679	0.131155459400382	0.0655634306762025	-0.910191864395507	0.812081737116784	1.72227360151229	0.00617283950617284	0.0493827160493827	85	0.0529754956840664	-0.00862741699085087	0.0117647058823529	0.0941176470588235	59	0.132840776124102	0.135035736559581	0	0	11	-0.00717050524389193	0.0469333983967358	0	0	4	-0.0142719821256958	-0.0122937284587162	0	0	3	0.108060556098881	-0.0113108950886133	0	0	-0.472817800889054	-0.724378010419633	1.65994287006078	0.197588412520606	0.104938271604938	FALSE	C_weak_or_non_dependent	FALSE	0.144439289138061	0.289557425044409
CPEB2	cholesterol/isoprenoid	Tier 2	ENSG00000137449	162	0.0876180388926027	0.0920448361361231	0.253398182505682	0.131155044767793	0.0335912618576695	-0.317245516897131	0.723926761493317	1.04117227839045	0	0	85	0.061638814375446	0.0456627806050273	0	0	59	0.150435991973453	0.150334628620861	0	0	11	0.20772673222439	0.224158174814146	0	0	4	-0.0742693129570755	-0.0807325339898261	0	0	3	-0.0124576868755902	0.00579140899916853	0	0	-0.472817800889054	0.263880798895236	0.203890577760369	0.170851192965202	0.104938271604938	FALSE	C_weak_or_non_dependent	FALSE	0.144439289138061	0.289557425044409
PBRM1	arginine	Tier 2	ENSG00000163939	162	-0.0315752393684641	-0.0207502383119778	0.257578308009183	0.131084734597256	0.0487020741868521	-0.728244288749462	0.785262860942241	1.5135071496917	0.0246913580246914	0.0246913580246914	85	-0.00969648045195236	0.00338106051984314	0.0294117647058824	0.0352941176470588	59	-0.0509109272630228	-0.0533940413530698	0.0254237288135593	0.0169491525423729	11	-0.0439940238441707	-0.0487207473957946	0	0	4	-0.0569886263932236	-0.0431514750114474	0	0	3	0.0693386777854181	0.0699512701678597	0	0	-0.472817800889054	0.166531801658543	1.70350543051734	0.132435922805909	0.104938271604938	FALSE	C_weak_or_non_dependent	FALSE	0.144439289138061	0.289557425044409
DMGDH	serine/glycine/one-carbon	Tier 1	ENSG00000132837	162	-0.0470489013626834	-0.0654624400091662	0.265121541333234	0.130976324549372	0.0616605201231043	-1.12529387007455	0.43650334950899	1.56179721958354	0.0277777777777778	0.0802469135802469	85	-0.0221613016035048	-0.0665831049444014	0.0352941176470588	0.0941176470588235	59	-0.0471649607614765	-0.0582192271244043	0.0254237288135593	0.0847457627118644	11	-0.0976589087657214	-0.0629267993729183	0	0	4	-0.0755132358858034	-0.0440221408460766	0	0	3	-0.220606041936145	-0.214044534794848	0	0	-0.472817800889054	-0.977933610295681	2.10221954520534	0.239780394024534	0.104938271604938	FALSE	C_weak_or_non_dependent	FALSE	0.144439289138061	0.289557425044409
SGPL1	sphingolipid	Tier 1	ENSG00000166224	162	-0.00933247674696981	-0.0169020048028555	0.26902468350864	0.13096780254616	0.0726970041418118	-1.08623484321162	0.666151993581822	1.75238683679344	0.0246913580246914	0.0493827160493827	85	-0.0153629191054537	-0.00548036368071294	0.0352941176470588	0.0470588235294118	59	-0.0108534137002833	-0.0295371362189459	0.0169491525423729	0.0338983050847458	11	0.095939306756234	0.00283592058178787	0	0.0909090909090909	4	-0.0205347416391446	-0.0311419753952519	0	0	3	-0.0161472034730399	-0.145410017700945	0	0.333333333333333	-0.472817800889054	-0.753559993970984	2.59003591504602	0.181322610700627	0.104938271604938	FALSE	C_weak_or_non_dependent	FALSE	0.144439289138061	0.289557425044409
FPGS	folate	Tier 1	ENSG00000136877	162	-0.250261708134465	-0.271224683654664	0.260529796061269	0.130943513667689	0.0674399365921514	-1.31234550528929	0.430871822021848	1.74321732731114	0.135802469135802	0.160493827160494	85	-0.235770073843286	-0.249803040336126	0.0705882352941176	0.129411764705882	59	-0.256507128533426	-0.271456601837268	0.135593220338983	0.186440677966102	11	-0.409513527302506	-0.458920169217844	0.545454545454545	0.363636363636364	4	-0.295553197090832	-0.283705366364731	0.5	0	3	-0.0873278771785057	-0.168752496076961	0	0	-0.472817800889054	-0.75800591754401	2.28857804604057	0.188677820965603	0.104938271604938	FALSE	C_weak_or_non_dependent	FALSE	0.144439289138061	0.289557425044409
NMNAT1	NAD	Tier 1	ENSG00000173614	162	0.0296680830440071	0.0183194432617681	0.283208192378424	0.130903369063486	0.056635824151447	-0.767205708375876	0.781530030797659	1.54873573917354	0.00617283950617284	0.037037037037037	85	0.0798025081599804	0.0330613840325074	0.0117647058823529	0.0588235294117647	59	0.0126392421499629	0.004471817506605	0	0.0169491525423729	11	-0.0478969220983208	-0.0472125125803214	0	0	4	0.056241264763116	0.0735954276475897	0	0	3	0.00117865881019256	0.0395502868489265	0	0	-0.472817800889054	-0.188458271213797	1.02341012328189	0.146256672348913	0.104938271604938	FALSE	C_weak_or_non_dependent	FALSE	0.144439289138061	0.289557425044409
NUBP2	iron	Tier 1	ENSG00000095906	162	-0.335536326938657	-0.367966207364313	0.252980330509357	0.1309012249369	0.0499650166319657	-1.15929835123324	0.172057157804507	1.33135550903775	0.256172839506173	0.283950617283951	85	-0.324932760902434	-0.342847978081008	0.135294117647059	0.247058823529412	59	-0.363247274256445	-0.390044839853533	0.355932203389831	0.271186440677966	11	-0.513668942637083	-0.501301540334912	0.545454545454545	0.636363636363636	4	-0.458113182384647	-0.404893630322815	0.75	0.5	3	-0.0822076681955151	-0.107303479933127	0	0	-0.472817800889054	-0.568480644250846	1.00376183375423	0.187405046257206	0.104938271604938	TRUE	C_weak_or_non_dependent	FALSE	0.144439289138061	0.289557425044409
FBXO6	cholesterol/isoprenoid	Tier 2	ENSG00000116663	162	0.0195583590930731	0.00856122714435106	0.261635435598899	0.13087133565394	0.0475717339132329	-0.705066324831868	0.655097561370716	1.36016388620258	0	0.0246913580246914	85	0.0406077617923663	0.0177081418002003	0	0.0235294117647059	59	0.00268292403353505	0.00183200681224079	0	0.0169491525423729	11	-0.0335838823688176	-0.0104161702530886	0	0	4	0.064903434254685	0.0415763359398221	0	0	3	-0.192938165625218	-0.0926963761765565	0	0.333333333333333	-0.472817800889054	-0.238266092011276	0.944714132250785	0.15093628738541	0.104938271604938	FALSE	C_weak_or_non_dependent	FALSE	0.144439289138061	0.289557425044409
SLC6A15	amino-acid transport	Tier 1	ENSG00000072041	162	-0.0853736716240346	-0.0936885048788557	0.256842134949308	0.130761206470009	0.0645564544597108	-1.32550199992793	0.985295762165657	2.31079776209359	0.0246913580246914	0.037037037037037	85	-0.105012824154345	-0.115033244328374	0.0235294117647059	0.0352941176470588	59	-0.0226707481643644	-0.0358703847584173	0.0169491525423729	0.0169491525423729	11	-0.130615819140512	-0.187495380988086	0.0909090909090909	0.0909090909090909	4	-0.123731408595079	-0.151755246191929	0	0	3	-0.218824305600625	-0.204629715359851	0	0.333333333333333	-0.472817800889054	-0.898628641865752	6.01695279007877	0.149708644021275	0.104938271604938	FALSE	C_weak_or_non_dependent	FALSE	0.144439289138061	0.289557425044409
FUT4	sphingolipid	Tier 1	ENSG00000196371	162	0.300758596668683	0.274261740036056	0.268237927732753	0.130625705772237	0.0515794289689737	-0.622204532111485	0.947466723288147	1.56967125539963	0	0.00617283950617284	85	0.216701022822493	0.222253329210061	0	0.0117647058823529	59	0.362452485021801	0.363615655663537	0	0	11	0.217379440298907	0.202126082037853	0	0	4	0.205333494740718	0.222300244238134	0	0	3	0.295145371504337	0.32431911315612	0	0	-0.472817800889054	-0.508050073898907	1.41536182283008	0.168375376702141	0.104938271604938	FALSE	C_weak_or_non_dependent	FALSE	0.144439289138061	0.289557425044409
NCOA1	cholesterol/isoprenoid	Tier 1;Tier 2	ENSG00000084676	162	-0.170539320896668	-0.186233332025108	0.26121381415972	0.130541703901888	0.0709285261138513	-1.30570406656343	0.540312399944302	1.84601646650773	0.0617283950617284	0.111111111111111	85	-0.181219540606966	-0.190755737419355	0.0588235294117647	0.117647058823529	59	-0.157833323999651	-0.181730787066797	0.0508474576271187	0.101694915254237	11	-0.129615538766571	-0.112052606227631	0.0909090909090909	0.0909090909090909	4	-0.284182247153968	-0.275251174439286	0.25	0	3	-0.257378476688258	-0.299954101406743	0	0.333333333333333	-0.472817800889054	-0.48736965106782	1.75041551788395	0.158512543400188	0.104938271604938	FALSE	C_weak_or_non_dependent	FALSE	0.144439289138061	0.289557425044409
TPI1	glycolysis	Tier 1;Tier 2	ENSG00000111669	162	-0.343130820574837	-0.352847102814579	0.246181286465596	0.130492513190571	0.0661803483318165	-1.44563530945159	0.695285873206984	2.14092118265857	0.283950617283951	0.271604938271605	85	-0.384830065331836	-0.412381543648332	0.282352941176471	0.341176470588235	59	-0.316260214047023	-0.294679496340527	0.271186440677966	0.169491525423729	11	-0.317337631868815	-0.385914579680819	0.363636363636364	0.363636363636364	4	-0.214810021778126	-0.235970994405103	0.25	0	3	0.262923766870121	0.155411730782312	0.333333333333333	0.333333333333333	-0.472817800889054	-0.362092650941278	3.86002745388608	0.114060673566361	0.104938271604938	TRUE	C_weak_or_non_dependent	FALSE	0.144439289138061	0.289557425044409
TAS2R9	glutamine/glutamate	Tier 1	ENSG00000121381	162	0.0552436274645844	0.0647753972313276	0.242860623719047	0.130388893589902	0.0455670797946697	-0.535949166838423	0.669888467513872	1.20583763435229	0	0.0123456790123457	85	0.0513487409459426	0.0706276802258885	0	0.0235294117647059	59	0.0759390309284601	0.0591201537941739	0	0	11	-0.0138816205871371	0.0180697894958102	0	0	4	0.178353979293367	0.176058285058207	0	0	3	-0.00498124425913363	0.0330572112438495	0	0	-0.472817800889054	-0.0993025520049091	0.517392058831837	0.153611731431913	0.104938271604938	FALSE	C_weak_or_non_dependent	FALSE	0.144439289138061	0.289557425044409
NFE2L2	PPP	Tier 2	ENSG00000116044	162	-0.18646615475752	-0.164477551464854	0.260353661140308	0.13037392714962	0.0742680903233902	-1.25025212475393	0.881311996121429	2.13156412087536	0.0679012345679012	0.0679012345679012	85	-0.16202692575667	-0.112926167740518	0.0588235294117647	0.0588235294117647	59	-0.203088461195477	-0.210623920997627	0.0847457627118644	0.0847457627118644	11	-0.181148400858113	-0.188251415965524	0	0	4	-0.302837890358759	-0.267672685675268	0.25	0	3	-0.368527555172601	-0.492790474060198	0	0.333333333333333	-0.472817800889054	0.168758425093872	2.82200962540612	0.115836302346009	0.104938271604938	FALSE	C_weak_or_non_dependent	FALSE	0.144439289138061	0.289557425044409
BIK	glycolysis	Tier 2	ENSG00000100290	162	0.203239066121578	0.196824604242553	0.258699035185027	0.130326434182172	0.0731553210669191	-1.26739644488756	1.44382761886029	2.71122406374785	0.00925925925925926	0.00617283950617284	85	0.236494233202895	0.223559229528457	0.0176470588235294	0.0117647058823529	59	0.173251218356438	0.167436977246034	0	0	11	0.0645709609076089	0.0771179960903346	0	0	4	0.30943048692039	0.335190715978266	0	0	3	0.340075717927021	0.271736299650653	0	0	-0.472817800889054	-0.503704974168807	6.72030794059384	0.0981228608255202	0.104938271604938	FALSE	C_weak_or_non_dependent	FALSE	0.144439289138061	0.289557425044409
ECHS1	BCAA;OXPHOS;fatty-acid oxidation;tryptophan	Tier 1;Tier 2	ENSG00000127884	162	-0.0357009092281909	-0.0631534731928116	0.278663131039723	0.130190231285571	0.0802689504168227	-1.41612935615055	0.812689634899053	2.22881899104961	0.0185185185185185	0.0555555555555556	85	-0.0904463595620753	-0.0947068266130258	0.0117647058823529	0.0705882352941176	59	-0.00994711855943677	-0.0533088206555382	0.0338983050847458	0.0508474576271187	11	0.0446201684509928	0.0249102338398508	0	0	4	0.0382263583840247	0.0131770631083994	0	0	3	0.109995740265695	0.212572399625503	0	0	-0.472817800889054	-1.03483898162918	5.37468847309846	0.181158027477184	0.104938271604938	FALSE	C_weak_or_non_dependent	FALSE	0.144439289138061	0.289557425044409
TMEM126B	OXPHOS	Tier 1	ENSG00000171204	162	-0.102905866368052	-0.117869194753822	0.24990712647421	0.130092017969052	0.0507342059500091	-0.88947996144553	0.769730213543555	1.65921017498908	0.0277777777777778	0.0679012345679012	85	-0.158381095757184	-0.157395995456056	0.0294117647058824	0.0823529411764706	59	-0.0712008907463075	-0.0817576831430115	0.0338983050847458	0.0677966101694915	11	0.0284196444111945	0.00701195754560905	0	0	4	-0.147871552416928	-0.149000517972678	0	0	3	-0.0930766663593402	-0.124525364009248	0	0	-0.472817800889054	-0.121468010411393	2.09982182280636	0.124409864907936	0.104938271604938	FALSE	C_weak_or_non_dependent	FALSE	0.144439289138061	0.289557425044409
ANG	glycolysis	Tier 2	ENSG00000214274	162	-0.123675116766734	-0.158094798084487	0.263794515386756	0.130006518791788	0.0751336997583513	-1.22102105461553	0.58359085877889	1.80461191339442	0.058641975308642	0.111111111111111	85	-0.143282996539358	-0.188799957075533	0.0647058823529412	0.152941176470588	59	-0.0877930734584254	-0.105088719518745	0.0338983050847458	0.0338983050847458	11	-0.147393583608859	-0.210763761011829	0.0909090909090909	0.181818181818182	4	-0.000372643453778909	-0.0822642808642067	0.25	0	3	-0.32998804903268	-0.238555997357874	0	0.333333333333333	-0.472817800889054	-0.678648113008323	2.1204421553184	0.178614894781254	0.104938271604938	FALSE	C_weak_or_non_dependent	FALSE	0.144439289138061	0.289557425044409
AOC1	arginine;tryptophan	Tier 1	ENSG00000002726	162	-0.166839997631599	-0.146466534253672	0.258212036060886	0.129992701041119	0.0668931032747786	-1.23256329846632	1.18260754565818	2.4151708441245	0.0339506172839506	0.0740740740740741	85	-0.149985451004704	-0.144477592333172	0.0117647058823529	0.0941176470588235	59	-0.185442955729396	-0.127963157870946	0.076271186440678	0.0508474576271187	11	-0.198837926421185	-0.20690884742053	0	0	4	-0.286785168677766	-0.247696573068477	0	0	3	-0.221853367653721	-0.210124424163209	0	0.333333333333333	-0.472817800889054	0.652274297215124	5.00461267590706	0.128868878799602	0.104938271604938	FALSE	C_weak_or_non_dependent	FALSE	0.144439289138061	0.289557425044409
PRPS1	PPP;glycolysis	Tier 1;Tier 2	ENSG00000147224	162	0.0186458066391676	0.0144972464750638	0.267353192231649	0.129992325490181	0.0511325046073183	-1.16246001045412	0.546479911032035	1.70893992148616	0	0.0185185185185185	85	0.00902500918458445	-0.0205008624868355	0	0.0235294117647059	59	0.0714394879456582	0.0608496435406281	0	0.0169491525423729	11	-0.100843219231715	-0.0425323966235184	0	0	4	-0.0228707796422899	0.011255404772154	0	0	3	0.316120557231348	0.307944338404796	0	0	-0.472817800889054	-0.812814219974936	3.67696263728637	0.170610315577415	0.104938271604938	FALSE	C_weak_or_non_dependent	FALSE	0.144439289138061	0.289557425044409
VARS2	BCAA	Tier 1	ENSG00000137411	162	-0.556766891202432	-0.56635216496364	0.271390613622301	0.129984096655769	0.0619574981261689	-1.506920350494	0.16893435601254	1.67585470650654	0.580246913580247	0.666666666666667	85	-0.586513112071004	-0.604344934052741	0.576470588235294	0.682352941176471	59	-0.531861071336196	-0.546265039779896	0.610169491525424	0.694915254237288	11	-0.468015394344107	-0.444022231088974	0.454545454545455	0.454545454545455	4	-0.466845201326154	-0.46523182376467	0.75	0.5	3	-0.541011775776746	-0.468307381858448	0.333333333333333	0.666666666666667	-0.472817800889054	-0.209887167256518	1.4528884373588	0.139028871558502	0.104938271604938	FALSE	C_weak_or_non_dependent	FALSE	0.144439289138061	0.289557425044409
SLC6A6	amino-acid transport	Tier 1	ENSG00000131389	162	0.019152696667361	0.0191190442594382	0.25622835234888	0.129979595232947	0.0468368619869523	-0.612669421134776	0.58774749331224	1.20041691444702	0	0.0185185185185185	85	0.00725134655974433	-6.52142200345646e-05	0	0.0352941176470588	59	0.0229927352768548	0.0283800565705891	0	0	11	0.0449044278688112	0.0500424866101587	0	0	4	0.00326357877009181	-0.0132445287116692	0	0	3	0.434834964029394	0.310305267734035	0	0	-0.472817800889054	-0.0203058283219021	0.410076215805268	0.154699797331018	0.104938271604938	FALSE	C_weak_or_non_dependent	FALSE	0.144439289138061	0.289557425044409
B3GNT4	sphingolipid	Tier 1	ENSG00000176383	162	0.171090931051606	0.174873688843084	0.258623706577154	0.129968375283798	0.0491500793788949	-0.617029371187466	0.692221810157388	1.30925118134485	0	0.0185185185185185	85	0.142290665817728	0.140043553056658	0	0.0352941176470588	59	0.196306125737177	0.212526596608203	0	0	11	0.208822077187258	0.25160457987387	0	0	4	0.198711060090527	0.146050135210486	0	0	3	0.122376179018685	0.178305154475043	0	0	-0.472817800889054	-0.421694331564084	1.34411314700678	0.15914773588684	0.104938271604938	FALSE	C_weak_or_non_dependent	FALSE	0.144439289138061	0.289557425044409
JAK2	arginine	Tier 2	ENSG00000096968	162	-0.0228934099295601	-0.0438059194455671	0.253904662965053	0.12988398280844	0.069132353207857	-1.48355136126069	0.764576475401811	2.2481278366625	0.0246913580246914	0.0493827160493827	85	-0.026383755426756	-0.0473801907536196	0.0235294117647059	0.0470588235294118	59	0.00645949188084171	-0.0340282743023391	0.0169491525423729	0.0508474576271187	11	-0.076441372475166	-0.0431521158475368	0	0	4	0.0785578875539478	0.0530737053074006	0	0	3	-0.101306646640277	-0.266398699730963	0.333333333333333	0.333333333333333	-0.472817800889054	-1.36553060637434	6.6921553449527	0.224700091409476	0.104938271604938	FALSE	C_weak_or_non_dependent	FALSE	0.144439289138061	0.289557425044409
AGO3	cholesterol/isoprenoid	Tier 2	ENSG00000126070	162	0.00586204488429164	0.00456851763090215	0.258934886911749	0.129818561096349	0.0614489694717684	-1.15989573107289	0.628147990878155	1.78804372195104	0.0185185185185185	0.0308641975308642	85	0.00550501043660616	0.00192499754483071	0.0235294117647059	0.0235294117647059	59	0.00560322926847424	0.00753021609886362	0.0169491525423729	0.0338983050847458	11	-0.0294977384852001	-0.0067888421972883	0	0	4	0.115831201686048	0.13023393474324	0	0	3	-0.175197986848768	-0.104688719913402	0	0.333333333333333	-0.472817800889054	-0.689190937551569	2.39980076616735	0.174419704391892	0.104938271604938	FALSE	C_weak_or_non_dependent	FALSE	0.144439289138061	0.289557425044409
ATP6V1B1	OXPHOS;iron	Tier 1	ENSG00000116039	162	-0.058740467946438	-0.0677094836784842	0.257218044625748	0.12969894240698	0.0559387592048968	-1.19350494848884	0.698453414779355	1.89195836326819	0.0216049382716049	0.0432098765432099	85	-0.0816722380475745	-0.0746455212546899	0.0176470588235294	0.0588235294117647	59	-0.0574212643782134	-0.087387301226444	0.0338983050847458	0.0338983050847458	11	0.100328363653149	0.0432302679601031	0	0	4	-0.121361092288219	-0.0873094070278103	0	0	3	-0.0427416212478522	0.135162801214832	0	0	-0.472817800889054	-0.979390416746637	4.57595458390399	0.184262695153121	0.104938271604938	FALSE	C_weak_or_non_dependent	FALSE	0.144439289138061	0.289557425044409
NADSYN1	NAD	Tier 1	ENSG00000172890	162	-0.0610544007669789	-0.0429305253581752	0.256571586462368	0.129649845684247	0.0514778314110826	-0.625384394571083	0.70136490847031	1.32674930304139	0.0154320987654321	0.0246913580246914	85	-0.0370003722327727	-0.0335611043944153	0.0176470588235294	0.0117647058823529	59	-0.077697332915773	-0.050215322190863	0.0169491525423729	0.0508474576271187	11	-0.0162654306380964	-0.0760059133767485	0	0	4	-0.0820204994379568	-0.00947752315339547	0	0	3	-0.087432977556597	-0.0884573618267838	0	0	-0.472817800889054	0.214921619048083	0.631740734146829	0.156417310096297	0.104938271604938	FALSE	C_weak_or_non_dependent	FALSE	0.144439289138061	0.289557425044409
NOS2	arginine	Tier 1	ENSG00000007171	162	-0.00778052924686348	-0.00256937689701739	0.254107596625362	0.129620055843399	0.0670186467814109	-1.14652482772346	0.811429022007936	1.95795384973139	0.0123456790123457	0.0308641975308642	85	0.018116062400327	0.0214586671064584	0.0235294117647059	0.0352941176470588	59	-0.0413682917180461	-0.0580010768843488	0	0.0169491525423729	11	0.0401151871894136	0.0254166983235814	0	0.0909090909090909	4	0.067617496045396	0.0559431591241864	0	0	3	0.187831961667057	0.226160485584885	0	0	-0.472817800889054	-0.369203615288557	3.04617873908786	0.124829587819982	0.104938271604938	FALSE	C_weak_or_non_dependent	FALSE	0.144439289138061	0.289557425044409
MTMR7	riboflavin	Tier 1	ENSG00000003987	162	-0.0686073303952217	-0.0584652356032341	0.258683462899527	0.129599971294956	0.050860786686571	-0.689022495265954	0.679021254453553	1.36804374971951	0.0123456790123457	0.0493827160493827	85	-0.011878921833347	-0.0239648550115293	0	0.0235294117647059	59	-0.107359029713567	-0.0785180205023065	0.0338983050847458	0.0677966101694915	11	-0.189884754082771	-0.192293648440296	0	0.181818181818182	4	-0.129000384789527	-0.163009960692136	0	0	3	0.0189431930623073	-0.0115074354986837	0	0	-0.472817800889054	0.11138982998041	0.513692022154355	0.15408583649765	0.104938271604938	FALSE	C_weak_or_non_dependent	FALSE	0.144439289138061	0.289557425044409
STS	sphingolipid	Tier 1	ENSG00000101846	162	-0.00827123509094052	-0.00859946203772004	0.2548966914218	0.129534269234429	0.0582130406056271	-0.728513700042846	0.652331512337718	1.38084521238056	0.0185185185185185	0.0493827160493827	85	-0.00397018722568802	-0.00371838875972877	0.0117647058823529	0.0705882352941176	59	-0.0133460807809774	-0.0267719268486173	0.0169491525423729	0.0169491525423729	11	0.0221139174909819	-0.00333235763384866	0.0909090909090909	0.0909090909090909	4	0.0433274379259793	0.0442626257103468	0	0	3	-0.00897694801529832	0.120699769888555	0	0	-0.472817800889054	-0.0790046485574316	0.681340778660994	0.149336955239307	0.104938271604938	FALSE	C_weak_or_non_dependent	FALSE	0.144439289138061	0.289557425044409
UGP2	glycolysis	Tier 2	ENSG00000169764	162	-0.0982973544543614	-0.136971857308363	0.266108527697662	0.129512755778246	0.0619124498675328	-1.05188955559519	0.550666879570891	1.60255643516608	0.0462962962962963	0.0987654320987654	85	-0.0830937124534439	-0.126301274171396	0.0470588235294118	0.105882352941176	59	-0.0742363480773682	-0.110926437579114	0.0593220338983051	0.0677966101694915	11	-0.209847631022337	-0.212033567701943	0	0.0909090909090909	4	-0.229341377562887	-0.203583784000027	0	0	3	-0.499832701821813	-0.587489460498996	0	0.666666666666667	-0.472817800889054	-0.766653573408464	1.76763204148741	0.202925091894045	0.104938271604938	FALSE	C_weak_or_non_dependent	FALSE	0.144439289138061	0.289557425044409
TCN1	vitamin B12	Tier 1	ENSG00000134827	162	-0.132631185405299	-0.135429278473145	0.256964828532421	0.129508196103184	0.0534903451607791	-0.951909906296863	0.896659259505606	1.84856916580247	0.0246913580246914	0.0617283950617284	85	-0.116576527896186	-0.112982957279014	0.0235294117647059	0.0588235294117647	59	-0.148078066433603	-0.142200696176073	0	0.0338983050847458	11	-0.162655686851423	-0.205867107570266	0.181818181818182	0.181818181818182	4	-0.0587488381690117	-0.0915012593301659	0	0	3	-0.260537252050544	-0.438535816317162	0	0.333333333333333	-0.472817800889054	-0.107520543810401	3.04696232530069	0.111115529135198	0.104938271604938	FALSE	C_weak_or_non_dependent	FALSE	0.144439289138061	0.289557425044409
TNFRSF12A	cholesterol/isoprenoid	Tier 2	ENSG00000006327	162	0.0516284548446883	0.0389259338503428	0.251992398187387	0.129507001530108	0.0507855825927278	-0.922449778123787	0.500805588680905	1.42325536680469	0	0.0246913580246914	85	0.0419574869144837	0.0391500815131017	0	0.0235294117647059	59	0.0846467916413445	0.0534059800065288	0	0.0338983050847458	11	0.0269641373476086	0.0405402230503294	0	0	4	-0.0773483215962859	-0.121323767158974	0	0	3	-0.0216650600231647	-0.0444519500536795	0	0	-0.472817800889054	-0.996935950206211	2.47890385768383	0.23359521522818	0.104938271604938	FALSE	C_weak_or_non_dependent	FALSE	0.144439289138061	0.289557425044409
ACADSB	BCAA;OXPHOS;fatty-acid oxidation	Tier 1;Tier 2	ENSG00000196177	162	-0.262204908292641	-0.267328180895275	0.254205145959446	0.12940076377089	0.096992769627883	-2.12278961521032	0.558031303641312	2.68082091885163	0.175925925925926	0.154320987654321	85	-0.234168718678914	-0.2428966067395	0.135294117647059	0.141176470588235	59	-0.274893060770251	-0.299889158084123	0.23728813559322	0.203389830508475	11	-0.318438711459966	-0.298253392844062	0.272727272727273	0	4	-0.182459992066733	-0.203765130467846	0	0	3	-0.246496706777822	-0.290548520685947	0	0.333333333333333	-0.472817800889054	-1.38672680269522	7.75289119168849	0.211664964734234	0.104938271604938	FALSE	C_weak_or_non_dependent	FALSE	0.144439289138061	0.289557425044409
TAS2R60	glutamine/glutamate	Tier 1	ENSG00000185899	162	0.0246104520966776	0.00571499656858968	0.245848347412002	0.129374598686827	0.0538884106502798	-0.764604624211984	0.877205601239147	1.64181022545113	0	0.0432098765432099	85	0.0114816766471189	-0.00645066906027599	0	0.0588235294117647	59	0.0471254552149487	0.0268670403031303	0	0.0338983050847458	11	-0.123507322548093	-0.0933571720631429	0	0	4	0.0986223995617862	0.103847807131146	0	0	3	0.134000067960914	0.166839533506763	0	0	-0.472817800889054	-0.195144902722553	1.7492954075769	0.132984788401488	0.104938271604938	FALSE	C_weak_or_non_dependent	FALSE	0.144439289138061	0.289557425044409
SLC52A1	riboflavin	Tier 1	ENSG00000132517	162	0.0509744748897757	0.0779094768125166	0.278692148817882	0.129362478406695	0.0523164138467275	-0.626293742381679	0.933437855422931	1.55973159780461	0	0.00617283950617284	85	0.054469632519746	0.0734549006308093	0	0.0117647058823529	59	0.0413763551520135	0.0543939206809698	0	0	11	0.115638388461583	0.162973918531366	0	0	4	0.0314511384433756	0.0312197575180415	0	0	3	0.588515422173657	0.416945078638165	0	0	-0.472817800889054	0.648967232084286	1.44277420749114	0.189500532596746	0.104938271604938	FALSE	C_weak_or_non_dependent	FALSE	0.144439289138061	0.289557425044409
TF	iron	Tier 1	ENSG00000091513	162	-0.0578156196516544	-0.0795655607817324	0.26173258023303	0.129355391596213	0.0572958245373891	-0.915876165581947	0.762309021329837	1.67818518691178	0.0185185185185185	0.0493827160493827	85	-0.0537974052297717	-0.0946279180615577	0.0235294117647059	0.0705882352941176	59	-0.0914278344363171	-0.0830645200515294	0.0169491525423729	0.0338983050847458	11	-0.0043297321588034	-0.0265601404385357	0	0	4	-0.0227195531028712	-0.025288246091937	0	0	3	-0.128044066822393	0.149291133607874	0	0	-0.472817800889054	-0.0965495823217234	2.29150052185281	0.120902605998263	0.104938271604938	FALSE	C_weak_or_non_dependent	FALSE	0.144439289138061	0.289557425044409
ACTN2	glutamine/glutamate	Tier 1	ENSG00000077522	162	-0.0262503504177312	-0.0195438111408773	0.25681174998295	0.129331222269417	0.0433731849383663	-0.600286507778013	0.712344838875434	1.31263134665345	0	0.0123456790123457	85	-0.0313334693727202	-0.0222765112876839	0	0.0117647058823529	59	-0.0455988260840291	-0.0403864432556666	0	0.0169491525423729	11	0.0386017915196581	0.0318683255112364	0	0	4	0.0702760134404319	0.0251009046621567	0	0	3	0.168395096802572	0.219750335814374	0	0	-0.472817800889054	0.40201774057502	1.02533942619517	0.16402262608973	0.104938271604938	FALSE	C_weak_or_non_dependent	FALSE	0.144439289138061	0.289557425044409
PLCB3	glutamine/glutamate	Tier 1	ENSG00000149782	162	0.0510598974245256	0.0444270500408337	0.255740360293302	0.129272480411631	0.0704569024487003	-1.25245614208994	0.914516634834487	2.16697277692443	0.0154320987654321	0.0246913580246914	85	0.0553122494791666	0.0519897426383413	0.0176470588235294	0.0235294117647059	59	0.00795412569951546	0.0274362197567254	0.0169491525423729	0.0338983050847458	11	0.0143686342839827	0.0117355859341761	0	0	4	0.0379313976477814	0.105917844293863	0	0	3	0.240398047201836	0.202184731419288	0	0	-0.472817800889054	-0.895753318062305	4.86286836609279	0.165058761017755	0.104938271604938	FALSE	C_weak_or_non_dependent	FALSE	0.144439289138061	0.289557425044409
CHST2	glycolysis	Tier 2	ENSG00000175040	162	0.046507927104674	0.0289794221842168	0.260447019820541	0.129265576988122	0.0664122686885951	-0.991749892823825	0.889995617306877	1.8817455101307	0.00617283950617284	0.037037037037037	85	0.0252588883840842	-0.00933679012320143	0.0117647058823529	0.0705882352941176	59	0.0593270073817924	0.0755020839466017	0	0	11	0.0490317422196298	0.0279518924017121	0	0	4	0.0411753577410387	0.046086303961563	0	0	3	0.0278571117554119	0.180618189733552	0	0	-0.472817800889054	-0.62920230650317	2.17763776543242	0.169520841139943	0.104938271604938	FALSE	C_weak_or_non_dependent	FALSE	0.144439289138061	0.289557425044409
SLC22A13	NAD	Tier 1	ENSG00000172940	162	-0.0372591568923892	-0.0378074650443617	0.256115514881999	0.129245091086826	0.0606018386080345	-0.76662751331664	0.717381499881575	1.48400901319822	0.0185185185185185	0.0493827160493827	85	-0.0525131129955231	-0.0637965795321893	0.0235294117647059	0.0705882352941176	59	-0.0319651061503773	-0.0193564594615509	0.0169491525423729	0.0169491525423729	11	0.0793383803121282	0.0373386979649422	0	0.0909090909090909	4	0.00706989077580136	-0.0481516039570291	0	0	3	0.0688903689658731	0.0739372564982524	0	0	-0.472817800889054	-0.216384309699377	1.0301868513572	0.147712103546518	0.104938271604938	FALSE	C_weak_or_non_dependent	FALSE	0.144439289138061	0.289557425044409
CS	OXPHOS;TCA	Tier 1;Tier 2	ENSG00000062485	162	-0.0243975428559962	-0.0312219816578201	0.263607790057906	0.129204183538409	0.0792432486314127	-1.20893540362343	0.950227572763834	2.15916297638727	0.0246913580246914	0.0432098765432099	85	-0.0717311633104057	-0.0832841728081086	0.0294117647058824	0.0705882352941176	59	0.0121652135215401	-0.00402877193797537	0.0254237288135593	0.0169491525423729	11	0.114953775987074	0.119135514259146	0	0	4	-0.0470753455860543	-0.0381440462575122	0	0	3	0.52549071536323	0.366992244214125	0	0	-0.472817800889054	-0.326708498991097	2.98205251930099	0.1224434217176	0.104938271604938	FALSE	C_weak_or_non_dependent	FALSE	0.144439289138061	0.289557425044409
VAMP2	glutamine/glutamate	Tier 1	ENSG00000220205	162	0.0932153836654722	0.069827243001838	0.245629838753249	0.12917180806515	0.0518460720927138	-0.656453103871433	0.690355961305158	1.34680906517659	0	0.037037037037037	85	0.105325952595278	0.0714681075669583	0	0.0470588235294118	59	0.066290224740869	0.0563011875017318	0	0.0169491525423729	11	0.125976040914175	0.137206021929959	0	0	4	0.159237595017811	0.142937305669378	0	0	3	0.185413119861932	-0.0551871011343092	0	0.333333333333333	-0.472817800889054	-0.630898395148952	1.08079998130741	0.195870898582687	0.104938271604938	FALSE	C_weak_or_non_dependent	FALSE	0.144439289138061	0.289557425044409
PPM1L	sphingolipid	Tier 1	ENSG00000163590	162	0.0480872066513688	0.0329575135696853	0.241982539831639	0.129156018377567	0.0529073227334939	-0.76386626283225	0.929798063363723	1.69366432619597	0.0185185185185185	0.0308641975308642	85	0.00949426476564668	0.013228866994846	0.0117647058823529	0.0235294117647059	59	0.0699970027217601	0.0680948678307102	0.0169491525423729	0.0338983050847458	11	0.0496009737394775	0.0309650918917986	0.0909090909090909	0.0909090909090909	4	0.0509177979830038	0.0530264940609571	0	0	3	-0.099386890904147	-0.118551895112803	0	0	-0.472817800889054	-0.401342850641997	2.6403581610926	0.133501830793522	0.104938271604938	FALSE	C_weak_or_non_dependent	FALSE	0.144439289138061	0.289557425044409
PRKD1	sphingolipid	Tier 1	ENSG00000184304	162	0.0401123429338414	0.0401456550891659	0.257401136598874	0.129099441518802	0.0618252238593353	-0.936924933918344	0.696277543668392	1.63320247758674	0	0.0308641975308642	85	0.0436089655597556	0.0358000651949653	0	0.0235294117647059	59	0.0347422036955855	0.0356929118836493	0	0.0169491525423729	11	0.0657883778870823	0.0857349005387235	0	0.0909090909090909	4	0.00643681821078694	0.00691838696020088	0	0	3	0.241219493081952	0.127983775990255	0	0.333333333333333	-0.472817800889054	-0.4839513214848	1.57038129576772	0.16181882984366	0.104938271604938	FALSE	C_weak_or_non_dependent	FALSE	0.144439289138061	0.289557425044409
SRR	serine/glycine/one-carbon	Tier 1	ENSG00000167720	162	0.103662868671248	0.0633095918901847	0.27304257544548	0.129073404435271	0.0631289245477396	-0.633978544292674	0.980202978869634	1.61418152316231	0	0.037037037037037	85	0.0694425245914182	0.0511051852545577	0	0.0470588235294118	59	0.113932826408046	0.0775277769440985	0	0.0169491525423729	11	0.194133846717989	0.104300020397166	0	0	4	0.156679861342685	0.0946721116234687	0	0	3	0.15885736575553	-0.0626381236639968	0	0.333333333333333	-0.472817800889054	-0.09155635786516	1.76047085620793	0.128995487786485	0.104938271604938	FALSE	C_weak_or_non_dependent	FALSE	0.144439289138061	0.289557425044409
PPFIA2	glutamine/glutamate	Tier 1	ENSG00000139220	162	-0.00145319960461258	-0.0258287895016197	0.25876527580446	0.129027176412738	0.0655486035445397	-1.26519878256687	0.839729930312283	2.10492871287915	0.00617283950617284	0.0432098765432099	85	-0.000587164540606977	-0.026629057136004	0.0117647058823529	0.0352941176470588	59	-0.00638648419273591	-0.00607886013333077	0	0.0338983050847458	11	-0.0170070993387407	-0.0300636231912805	0	0	4	0.0656739364931133	0.0537781569245712	0	0	3	-0.566705329108183	-0.482184689143243	0	0.666666666666667	-0.472817800889054	-0.505793865282409	3.77310430281813	0.127756832525656	0.104938271604938	FALSE	C_weak_or_non_dependent	FALSE	0.144439289138061	0.289557425044409
AANAT	tryptophan	Tier 1	ENSG00000129673	162	0.0493509968708273	0.0418890843851601	0.258486955804572	0.129013661514967	0.0562923167959713	-0.627396695093147	1.11227600250457	1.73967269759771	0.00617283950617284	0.0185185185185185	85	0.0255751072811011	0.0292556017275246	0.0117647058823529	0.0352941176470588	59	0.0787403119725853	0.061636753819998	0	0	11	0.0389873030280437	0.0421208619725789	0	0	4	-0.122212529797384	-0.117470786120405	0	0	3	0.259590404689876	0.223096903653238	0	0	-0.472817800889054	0.213388183763649	2.17236861553742	0.127053474578544	0.104938271604938	FALSE	C_weak_or_non_dependent	FALSE	0.144439289138061	0.289557425044409
MMADHC	vitamin B12	Tier 1	ENSG00000168288	162	-0.0234631860019855	-0.0273940715273949	0.257302856954138	0.129008367403466	0.0672229145472341	-1.09267152518246	0.50374916414514	1.5964206893276	0.0185185185185185	0.0432098765432099	85	-0.035675019599755	-0.0579926808060415	0.0235294117647059	0.0705882352941176	59	0.0477731709912448	0.0185273528714564	0.0169491525423729	0	11	0.0652136304296692	0.0353898224831581	0	0	4	-0.0943456789344686	-0.0813308205346909	0	0	3	-0.152185981030149	-0.221846767838783	0	0.333333333333333	-0.472817800889054	-0.908796524685022	2.46387381089215	0.214293839127768	0.104938271604938	FALSE	C_weak_or_non_dependent	FALSE	0.144439289138061	0.289557425044409
CERS4	sphingolipid	Tier 1	ENSG00000090661	162	0.0823802357058515	0.0823954509776443	0.247536373871157	0.128992102229795	0.0477345772615852	-0.528301390027869	0.708121804750058	1.23642319477793	0	0.0123456790123457	85	0.0208290847690131	0.0336418062909231	0	0.0235294117647059	59	0.118799581956265	0.125120460712194	0	0	11	0.190380482598684	0.182256715797955	0	0	4	0.0413079830178954	0.071368687987289	0	0	3	0.360580813256432	0.272034571967947	0	0	-0.472817800889054	-0.174476966762234	0.326076469567352	0.161440513213815	0.104938271604938	FALSE	C_weak_or_non_dependent	FALSE	0.144439289138061	0.289557425044409
CERS1	sphingolipid	Tier 1	ENSG00000223802	162	-0.00476370153942209	0.0923514092496286	0.259705163459187	0.128969292301713	0.159688047408367	-1.08872956541616	2.30345277227914	3.3921823376953	0	0.0123456790123457	85	-0.0154872114766355	0.0192831284441675	0	0.0235294117647059	59	0.0263611345976738	0.218063536543763	0	0	11	-0.0597111226230387	0.0527073047842439	0	0	4	-0.134625721600688	-0.135720723188009	0	0	3	0.137684445660128	0.139738754909645	0	0	-0.472817800889054	2.10159405488415	7.46250378115694	0.400666264486094	0.104938271604938	FALSE	C_weak_or_non_dependent	FALSE	0.144439289138061	0.289557425044409
PMM2	glycolysis	Tier 2	ENSG00000140650	162	-0.0833754825569729	-0.103766915092997	0.266703194854796	0.128946536740815	0.0594054206590607	-0.891062812741369	0.75836431826573	1.6494271310071	0.0246913580246914	0.0679012345679012	85	-0.14113295853697	-0.177711982661781	0.0470588235294118	0.117647058823529	59	-0.0535330219571158	-0.0459096138226513	0	0.0169491525423729	11	0.00273191539153406	0.0156328768716464	0	0	4	0.061431867008055	0.0261537320878814	0	0	3	0.107713796567335	0.242456307594238	0	0	-0.472817800889054	-0.186551232120737	1.34259232547682	0.139850986038257	0.104938271604938	FALSE	C_weak_or_non_dependent	FALSE	0.144439289138061	0.289557425044409
PLCB1	glutamine/glutamate	Tier 1	ENSG00000182621	162	0.00473133818955435	-0.00891943505147491	0.265680601353044	0.128945875798715	0.0482508809841463	-0.731403699608035	0.565505230514625	1.29690893012266	0	0.0246913580246914	85	0.0249159520244061	-0.00250463044550693	0	0.0235294117647059	59	0.00448096196392395	-0.00341328608231848	0	0.0338983050847458	11	-0.0412649573337211	-0.0507424344765738	0	0	4	-0.151392058774417	-0.0946407414038241	0	0	3	0.0165928271594721	-0.0313137555854824	0	0	-0.472817800889054	-0.218522456762297	0.395632816602908	0.162382904057702	0.104938271604938	FALSE	C_weak_or_non_dependent	FALSE	0.144439289138061	0.289557425044409
GPAM	cholesterol/isoprenoid	Tier 2	ENSG00000119927	162	0.0715137996393688	0.0750076752255242	0.258581579971078	0.128943958846068	0.0503495379729004	-1.21927835584575	0.660696030070717	1.87997438591647	0	0.00617283950617284	85	0.0622230393324291	0.0815995849520305	0	0.0117647058823529	59	0.0856774447145917	0.0728344172576527	0	0	11	-0.0342011260252559	-0.00470010821676448	0	0	4	0.1498906263458	0.114685347535379	0	0	3	0.193812862322426	0.170335949217902	0	0	-0.472817800889054	-1.02641773377779	5.84845652749625	0.172490770427623	0.104938271604938	FALSE	C_weak_or_non_dependent	FALSE	0.144439289138061	0.289557425044409
ALDH1L1	folate;serine/glycine/one-carbon	Tier 1	ENSG00000144908	162	-0.0363033234656129	-0.0376663494444412	0.252300751840245	0.12888323135383	0.0495771161159556	-0.62602622601212	0.610929251386932	1.23695547739905	0.00617283950617284	0.0493827160493827	85	-0.01990536997903	-0.0410981297520545	0	0.0470588235294118	59	-0.055851012406112	-0.069102153822554	0.0169491525423729	0.0677966101694915	11	-0.00100291539739072	0.0814678448211131	0	0	4	-0.050976330180538	-0.0524926283118314	0	0	3	0.369739064781144	0.260747904890305	0	0	-0.472817800889054	-0.045123493420502	0.459377697472723	0.153778521294083	0.104938271604938	FALSE	C_weak_or_non_dependent	FALSE	0.144439289138061	0.289557425044409
LDHAL6B	OXPHOS;glycolysis;methionine	Tier 1	ENSG00000171989	162	0.0575470918927741	0.0655372325740235	0.252444974863883	0.128715805476461	0.0470688117131066	-0.658121275654747	0.7305047763588	1.38862605201355	0	0.0246913580246914	85	0.0665396367823398	0.0711115939805517	0	0.0352941176470588	59	0.043285731463325	0.0423649950641195	0	0.0169491525423729	11	0.0202644646074581	0.0995025616497301	0	0	4	0.0862722240246639	0.0684120084889577	0	0	3	0.260665736757488	0.234945089253001	0	0	-0.472817800889054	0.0308940216636227	1.19409738087274	0.138047085394184	0.104938271604938	FALSE	C_weak_or_non_dependent	FALSE	0.144439289138061	0.289557425044409
ATP5ME	OXPHOS	Tier 1;Tier 2	ENSG00000169020	162	-0.216004513853821	-0.218414680854725	0.256036157615937	0.12870763110793	0.0554629350506387	-1.14213583541273	0.380311834279435	1.52244766969217	0.0617283950617284	0.111111111111111	85	-0.240610595819547	-0.270749768425833	0.0705882352941176	0.141176470588235	59	-0.172255688523796	-0.171897131653771	0.0677966101694915	0.0847457627118644	11	-0.128629408116141	-0.145464816956063	0	0.0909090909090909	4	-0.110770491913045	-0.111300215643992	0	0	3	-0.0584567314949214	-0.0607344552014939	0	0	-0.472817800889054	-0.485543567288856	1.37137215882754	0.166362000741403	0.104938271604938	FALSE	C_weak_or_non_dependent	FALSE	0.144439289138061	0.289557425044409
ALDH18A1	arginine;glutamine/glutamate	Tier 1	ENSG00000059573	162	0.203932955892186	0.198007360391198	0.256804353547959	0.128691545695557	0.0442023657603057	-0.549093786312868	0.778759166935596	1.32785295324846	0	0.0123456790123457	85	0.199224179847839	0.161921504303381	0	0.0235294117647059	59	0.215616065226101	0.232807010366092	0	0	11	0.369643002248207	0.285711320684832	0	0	4	0.163335013685215	0.151677105728691	0	0	3	0.126198731005945	0.276239318513111	0	0	-0.472817800889054	-0.360307374254098	1.05588525684221	0.158847720828258	0.104938271604938	FALSE	C_weak_or_non_dependent	FALSE	0.144439289138061	0.289557425044409
B4GALT5	sphingolipid	Tier 1	ENSG00000158470	162	-0.0192592989007117	-0.0420523377575767	0.256759307709014	0.128673809163305	0.0768924076829454	-1.35869410836193	0.884599944548142	2.24329405291008	0.0185185185185185	0.0617283950617284	85	-0.0340111630430315	-0.0546494550713779	0.0235294117647059	0.0823529411764706	59	-0.00789179702746406	-0.0302849421610561	0.0169491525423729	0.0508474576271187	11	-0.0870361328776731	-0.0733522344403469	0	0	4	0.00878205659233604	0.0113073328052332	0	0	3	-0.180449983001036	0.127060599821632	0	0	-0.472817800889054	-0.713536179544484	4.30889079563965	0.145590420289053	0.104938271604938	FALSE	C_weak_or_non_dependent	FALSE	0.144439289138061	0.289557425044409
TAS2R5	glutamine/glutamate	Tier 1	ENSG00000127366	162	-0.0443964782606917	-0.041560272365258	0.256691361198686	0.128670006936897	0.0517260731449808	-0.987388176185622	0.537041024435273	1.52442920062089	0.0185185185185185	0.0308641975308642	85	-0.0759039727089756	-0.0781261898413189	0.0235294117647059	0.0352941176470588	59	0.0164741617133582	0.0117782146170653	0.0169491525423729	0.0338983050847458	11	-0.0103095539295831	-0.027958260388961	0	0	4	-0.0580025507978848	-0.0678057179792299	0	0	3	-0.128965335435825	-0.0693963042903493	0	0	-0.472817800889054	-0.404559443949998	1.75415516223818	0.148980500460326	0.104938271604938	FALSE	C_weak_or_non_dependent	FALSE	0.144439289138061	0.289557425044409
ALDH5A1	glutamine/glutamate	Tier 1	ENSG00000112294	162	-0.0271667607947254	-0.0433267967605385	0.2575837397405	0.128653509481077	0.0695022325972096	-1.34685431220174	0.677839332425495	2.02469364462723	0.0123456790123457	0.0617283950617284	85	-0.0204699100965063	-0.0137585653477136	0.0117647058823529	0.0588235294117647	59	-0.0247038372468355	-0.0517939140439019	0	0.0508474576271187	11	-0.0651891613808957	-0.0503225548471097	0	0	4	-0.0165255226117004	-0.0682105835298314	0	0	3	-0.592869572005114	-0.655743884874613	0.333333333333333	0.666666666666667	-0.472817800889054	-0.844744942593822	3.719406847658	0.17528349898581	0.104938271604938	FALSE	C_weak_or_non_dependent	FALSE	0.144439289138061	0.289557425044409
SLC7A6	amino-acid transport	Tier 1	ENSG00000103064	162	0.00415423132086852	0.00242668232437329	0.239619797874309	0.128599612463957	0.0649176164713473	-1.37400392173798	0.814364083442698	2.18836800518067	0.0216049382716049	0.0432098765432099	85	0.0111404838985265	0.0231095039334768	0.0176470588235294	0.0470588235294118	59	0.0270887388132109	0.00674862205795549	0.0169491525423729	0.0169491525423729	11	-0.0480589590072312	0.00217078574403915	0	0	4	-0.0507982698557353	-0.0311536464859534	0	0	3	-0.636533862346163	-0.622872685485683	0.333333333333333	0.666666666666667	-0.472817800889054	-1.25883410855861	5.90041120908617	0.216160791464845	0.104938271604938	FALSE	C_weak_or_non_dependent	FALSE	0.144439289138061	0.289557425044409
FTMT	iron	Tier 1	ENSG00000181867	162	0.117430607097951	0.113296734411779	0.254300949722009	0.128585111899896	0.0400526148566338	-0.577016870026795	0.691926229626081	1.26894309965288	0	0.00617283950617284	85	0.135945230941157	0.114729339424145	0	0.0117647058823529	59	0.0769970016037182	0.0843871836232845	0	0	11	0.255902473643743	0.2363787874398	0	0	4	0.0801577126746777	0.0881636262293793	0	0	3	0.11705428298381	0.223470707708931	0	0	-0.472817800889054	-0.320901922043845	0.772844168450874	0.161500462126202	0.104938271604938	FALSE	C_weak_or_non_dependent	FALSE	0.144439289138061	0.289557425044409
ARL4C	cholesterol/isoprenoid	Tier 2	ENSG00000188042	162	0.0866763446152985	0.0785444001431773	0.251841859777481	0.128443605443165	0.0453713663050313	-0.668118293653564	0.747222124047868	1.41534041770143	0	0.0123456790123457	85	0.087094373647055	0.0716163831013075	0	0.0235294117647059	59	0.0680305603643486	0.075698045550236	0	0	11	0.108702193933516	0.0975806444331166	0	0	4	0.126050995127353	0.115508168467269	0	0	3	0.223842352515692	0.211731936495434	0	0	-0.472817800889054	0.0560050011768601	1.42399720299751	0.134096277833388	0.104938271604938	FALSE	C_weak_or_non_dependent	FALSE	0.144439289138061	0.289557425044409
ACY1	arginine	Tier 1	ENSG00000243989	162	0.0286119596350773	0.034387870689965	0.252229554052032	0.128435242094046	0.0512492355348773	-0.528258907133776	0.775151018235635	1.30340992536941	0.00308641975308642	0.0246913580246914	85	0.0322327949590282	0.0442128203827867	0.00588235294117647	0.0470588235294118	59	-0.0145406608047542	0.00617089469776795	0	0	11	0.0747433259326356	0.0397640455429794	0	0	4	0.0910513369557031	0.0336532476460974	0	0	3	0.209572127723275	0.292215013503994	0	0	-0.472817800889054	0.281866596485115	0.880973160948841	0.15559185005148	0.104938271604938	FALSE	C_weak_or_non_dependent	FALSE	0.144439289138061	0.289557425044409
SLC38A4	amino-acid transport	Tier 1	ENSG00000139209	162	0.108799367583645	0.108825146733321	0.25225549296489	0.128421139618702	0.0469383978168141	-0.895857662621926	0.865186147546639	1.76104381016857	0	0.0123456790123457	85	0.127087681761777	0.117517019593629	0	0.0235294117647059	59	0.069690705513668	0.0599228990451902	0	0	11	0.144395683955948	0.149681725790003	0	0	4	0.18998334303897	0.17355762684483	0	0	3	0.688551390642082	0.588182190201324	0	0	-0.472817800889054	-0.565383873024025	3.77729956240841	0.134193214445588	0.104938271604938	FALSE	C_weak_or_non_dependent	FALSE	0.144439289138061	0.289557425044409
TALDO1	PPP;glycolysis	Tier 1;Tier 2	ENSG00000177156	162	-0.0835669781790304	-0.0876337234298737	0.251037027051815	0.128366052814426	0.0754827696011078	-1.85450436254079	0.597380038790238	2.45188440133103	0.0185185185185185	0.0617283950617284	85	-0.0988858662711064	-0.109848641020303	0.0235294117647059	0.0941176470588235	59	-0.0623398857660767	-0.0732066818067222	0.0169491525423729	0.0338983050847458	11	-0.0189832410645007	-0.0721373548434703	0	0	4	-0.102347370566278	-0.0369029458827242	0	0	3	0.0459919660933566	0.133596068163972	0	0	-0.472817800889054	-1.98180746500152	10.3009510803951	0.301238501042145	0.104938271604938	FALSE	C_weak_or_non_dependent	FALSE	0.144439289138061	0.289557425044409
B3GNT2	sphingolipid	Tier 1	ENSG00000170340	162	-0.0620606042921717	-0.0601954285731471	0.263021542374248	0.128329365687228	0.0590318431648674	-1.37479533796468	0.593582293695452	1.96837763166014	0.00617283950617284	0.0493827160493827	85	-0.0356732902699197	-0.0483374206248471	0.0117647058823529	0.0588235294117647	59	-0.0893249464203509	-0.0754764430536665	0	0.0338983050847458	11	0.0515197888610048	-0.0262946102986811	0	0.0909090909090909	4	-0.142562615159777	-0.107288015937736	0	0	3	-0.21766072318189	-0.157158586178357	0	0	-0.472817800889054	-0.915121804226064	4.73971804882305	0.170190170059661	0.104938271604938	FALSE	C_weak_or_non_dependent	FALSE	0.144439289138061	0.289557425044409
GALC	sphingolipid	Tier 1	ENSG00000054983	162	0.108400107928125	0.114278097111782	0.262055441432619	0.12832823776439	0.0565491619600707	-0.721335355733788	0.755390840898694	1.47672619663248	0	0.0246913580246914	85	0.136305001445037	0.12713560730359	0	0.0352941176470588	59	0.0957654831235086	0.0923562869594583	0	0	11	0.160438679241039	0.153602984114778	0	0	4	0.270114295319831	0.218770362924355	0	0	3	-0.0514910548761332	-0.102403365421514	0	0.333333333333333	-0.472817800889054	-0.665642514203763	1.61741205330699	0.188044671028629	0.104938271604938	FALSE	C_weak_or_non_dependent	FALSE	0.144439289138061	0.289557425044409
PXMP2	serine/glycine/one-carbon	Tier 1	ENSG00000176894	162	0.0342750654855981	0.0391501624486519	0.27385898555099	0.128325048436602	0.0648888813348617	-0.856001459583247	0.941583453950875	1.79758491353412	0.00925925925925926	0.0308641975308642	85	0.0863895160428528	0.0463778912136289	0.0176470588235294	0.0470588235294118	59	-0.013088158243681	0.0272440036539501	0	0	11	0.0493507115281274	-0.00166748473369441	0	0.0909090909090909	4	0.0420174058810723	0.0616199165366284	0	0	3	0.232475130777971	0.188224004621407	0	0	-0.472817800889054	-0.063229635150631	1.87310079457818	0.126610398616946	0.104938271604938	FALSE	C_weak_or_non_dependent	FALSE	0.144439289138061	0.289557425044409
CLN6	glycolysis	Tier 2	ENSG00000128973	162	0.0210700839382049	0.0337711846110818	0.261433082615211	0.128209127634009	0.0581841329498247	-0.70633544671701	0.787210424651184	1.49354587136819	0	0.0185185185185185	85	-0.0222464996608495	0.0253860473107419	0	0.0235294117647059	59	0.0323170790299792	0.0532072841842951	0	0	11	-0.0394149855059888	0.0393006355511195	0	0	4	0.011064615707712	0.00828893593013567	0	0	3	-0.00773824035735604	-0.0971915386913568	0	0.333333333333333	-0.472817800889054	0.175850114200724	0.830593072971134	0.149684354052269	0.104938271604938	FALSE	C_weak_or_non_dependent	FALSE	0.144439289138061	0.289557425044409
NEU3	sphingolipid	Tier 1	ENSG00000162139	162	0.0608741264494925	0.0503760047488507	0.256280067547711	0.128181193384203	0.0495450256407247	-0.872024134229458	0.989661372657663	1.86168550688712	0	0.0123456790123457	85	0.049254831707101	0.0395377477985707	0	0.0117647058823529	59	0.0661465816742577	0.0679623613488744	0	0.0169491525423729	11	0.0794867570313142	0.0690804923380887	0	0	4	0.0282649762106976	0.00693122339323445	0	0	3	-0.0470629247280148	0.000938192519936253	0	0	-0.472817800889054	-0.072413156215113	2.97123076835339	0.111347912932297	0.104938271604938	FALSE	C_weak_or_non_dependent	FALSE	0.144439289138061	0.289557425044409
FLAD1	riboflavin	Tier 1	ENSG00000160688	162	-0.024126834733033	-0.0167811924499838	0.260734033225966	0.128180526273923	0.0601457856088971	-0.713442056254307	0.795528986087961	1.50897104234227	0	0.037037037037037	85	-0.0227460853043564	-0.028164195780392	0	0.0588235294117647	59	-0.0380919157319944	-0.0104877436157199	0	0	11	0.0389100932501354	0.0655830165858894	0	0	4	0.139532950152021	0.173371113033431	0	0	3	-0.23486716052371	-0.373572432271699	0	0.333333333333333	-0.472817800889054	0.407853892203408	1.22349681793008	0.160207388667691	0.104938271604938	FALSE	C_weak_or_non_dependent	FALSE	0.144439289138061	0.289557425044409
NAXD	NAD	Tier 1	ENSG00000213995	162	-0.245180487053172	-0.227521555226911	0.242032132779203	0.128170471924528	0.0722357743901945	-1.10956098356389	0.796772303311979	1.90633328687587	0.123456790123457	0.166666666666667	85	-0.242899519709578	-0.233337717774621	0.117647058823529	0.211764705882353	59	-0.229603442240609	-0.18754249283193	0.0847457627118644	0.0677966101694915	11	-0.263550610650607	-0.298245331464356	0.181818181818182	0.272727272727273	4	-0.324360964231669	-0.347847126264648	0.5	0.25	3	-0.448384147921363	-0.429230569222146	0.333333333333333	0.333333333333333	-0.472817800889054	0.330805375725983	2.13636864114952	0.135410712035313	0.104938271604938	FALSE	C_weak_or_non_dependent	FALSE	0.144439289138061	0.289557425044409
LPAR3	sphingolipid	Tier 1	ENSG00000171517	162	-0.0861484948194176	-0.0835311858419358	0.253574161043371	0.128161219457716	0.057133608377505	-0.764892647927071	0.988295995926301	1.75318864385337	0.0185185185185185	0.037037037037037	85	-0.0864267388390716	-0.0887970301193513	0.0117647058823529	0.0470588235294118	59	-0.0922210987139652	-0.0924875192368422	0.0338983050847458	0.0338983050847458	11	0.00730018446198584	-0.0429837991988384	0	0	4	-0.115170598620597	-0.0918293237237002	0	0	3	0.0704451039511712	0.104199391602324	0	0	-0.472817800889054	0.409120279731423	2.6425208798034	0.134193223471082	0.104938271604938	FALSE	C_weak_or_non_dependent	FALSE	0.144439289138061	0.289557425044409
MPC1	OXPHOS	Tier 1;Tier 2	ENSG00000060762	162	0.196036103772478	0.207729182422216	0.258493777673006	0.128148690877999	0.0509522958898296	-0.43989538165308	1.08721275422543	1.52710813587851	0	0	85	0.190242390913551	0.197894106642919	0	0	59	0.220408076569894	0.194082781397769	0	0	11	0.229357632935058	0.253068819119659	0	0	4	0.308558690974337	0.300315203916172	0	0	3	0.341464045628901	0.465075519767201	0	0	-0.472817800889054	0.246103593641349	1.55189741829414	0.139390205052604	0.104938271604938	FALSE	C_weak_or_non_dependent	FALSE	0.144439289138061	0.289557425044409
NMRAL1	arginine	Tier 1	ENSG00000153406	162	-0.121769109944006	-0.126737994050386	0.238841127485878	0.128145491127662	0.0548210852748268	-1.18970223279066	0.454150028101976	1.64385226089264	0.0154320987654321	0.0679012345679012	85	-0.129485843442081	-0.137629710193444	0.00588235294117647	0.0823529411764706	59	-0.092924964882021	-0.111495748707248	0.0338983050847458	0.0677966101694915	11	-0.106417704317837	-0.138162185353716	0	0	4	-0.203315973322338	-0.193925899954942	0	0	3	-0.141658669046605	0.0135690475728212	0	0	-0.472817800889054	-0.816508123438157	2.56640797828768	0.193280813136993	0.104938271604938	FALSE	C_weak_or_non_dependent	FALSE	0.144439289138061	0.289557425044409
SLC25A4	OXPHOS	Tier 1;Tier 2	ENSG00000151729	162	0.0190805866859743	-0.00221151828417889	0.255245085578519	0.128119918961337	0.0564276691749457	-1.24143789471094	0.546405213984555	1.78784310869549	0.00617283950617284	0.037037037037037	85	-0.0187998173256505	-0.0366765542515036	0.0117647058823529	0.0352941176470588	59	0.0413607616275723	0.0344619624388168	0	0.0508474576271187	11	0.0309538797958592	0.0213934088682754	0	0	4	0.149378178236744	0.138271333244681	0	0	3	-0.170117246370255	-0.0208091550263718	0	0	-0.472817800889054	-1.19230086129352	4.40604940150185	0.231447416825392	0.104938271604938	FALSE	C_weak_or_non_dependent	FALSE	0.144439289138061	0.289557425044409
ATP6V0A1	OXPHOS;iron	Tier 1	ENSG00000033627	162	-0.107535244030509	-0.10837961952676	0.24716521181548	0.128077483125013	0.059142842591432	-0.999343962405125	0.778963894140196	1.77830785654532	0.0246913580246914	0.0617283950617284	85	-0.0971199167163569	-0.0781072227292271	0.0117647058823529	0.0470588235294118	59	-0.0921803372365736	-0.108549179632489	0	0.0677966101694915	11	-0.252301721485825	-0.321862535185047	0.272727272727273	0.181818181818182	4	-0.136811646709679	-0.144355031532422	0	0	3	-0.19653180595496	-0.132024939956259	0	0	-0.472817800889054	0.105780867329644	1.80194367947233	0.128671923705662	0.104938271604938	FALSE	C_weak_or_non_dependent	FALSE	0.144439289138061	0.289557425044409
ATP6V1G2	OXPHOS;iron	Tier 1	ENSG00000213760	162	-0.0329040975179703	-0.0327204284096	0.24786346593746	0.127959966581471	0.0478328913155947	-0.622233313266205	0.65572062272898	1.27795393599518	0.00925925925925926	0.0308641975308642	85	-0.0232933606489141	-0.0225656540667715	0.0176470588235294	0.0470588235294118	59	-0.0705128909903952	-0.0617399384049292	0	0.0169491525423729	11	-0.117956148606315	-0.0929865263498194	0	0	4	-0.0236248936797408	-0.00699093703080095	0	0	3	0.477079087848044	0.436947699060806	0	0	-0.472817800889054	0.0323041482215967	0.396678565668224	0.155118777245308	0.104938271604938	FALSE	C_weak_or_non_dependent	FALSE	0.144439289138061	0.289557425044409
ACP6	riboflavin	Tier 1	ENSG00000162836	162	0.223503734636604	0.187890838268909	0.269082484556493	0.127959829436136	0.0605362559658766	-1.00178440506673	1.01325061137397	2.01503501644071	0	0.0123456790123457	85	0.161470936816201	0.156802694354492	0	0.0117647058823529	59	0.243024355647508	0.217486412276743	0	0	11	0.261313105057645	0.308471315302092	0	0	4	0.191385089913595	0.178209234979177	0	0	3	0.160900840556582	0.057455682287941	0	0.333333333333333	-0.472817800889054	-0.850334913024474	3.27327054638962	0.184680696312857	0.104938271604938	FALSE	C_weak_or_non_dependent	FALSE	0.144439289138061	0.289557425044409
TPH2	tryptophan	Tier 1	ENSG00000139287	162	-0.14239267859204	-0.1465603402656	0.255989674241079	0.127946035198794	0.0500475171669451	-1.08668917257305	0.490487143477803	1.57717631605085	0.0154320987654321	0.0679012345679012	85	-0.137944581067668	-0.141183978629609	0.0294117647058824	0.0823529411764706	59	-0.140114525900325	-0.131900746159259	0	0.0338983050847458	11	-0.198765034832096	-0.186849699168704	0	0.0909090909090909	4	-0.0961342285629293	-0.117336435866316	0	0	3	-0.203940477936256	-0.47843349393102	0	0.333333333333333	-0.472817800889054	-0.402509597189248	1.7522189336367	0.148805584601948	0.104938271604938	FALSE	C_weak_or_non_dependent	FALSE	0.144439289138061	0.289557425044409
SPTSSB	sphingolipid	Tier 1	ENSG00000196542	162	-0.0149821491095268	0.0145849439934699	0.23845439596997	0.127926613149407	0.0488788327299722	-0.637007194559864	0.747819478806539	1.3848266733664	0	0.0123456790123457	85	0.0521528884906841	0.0629249810557554	0	0.0235294117647059	59	-0.0684070797762815	-0.0484579647346199	0	0	11	-0.0633322234633186	-0.0307010155941567	0	0	4	0.188771055862369	0.172901346847208	0	0	3	-0.141160107750452	-0.160245586435873	0	0	-0.472817800889054	0.404068987476414	0.843002231226699	0.168596853809411	0.104938271604938	FALSE	C_weak_or_non_dependent	FALSE	0.144439289138061	0.289557425044409
PYURF	OXPHOS	Tier 1	ENSG00000145337	162	-0.275069587671969	-0.257050987103824	0.270752685902869	0.127877855474099	0.0611346387858938	-0.85009976992313	0.769807211515198	1.61990698143833	0.148148148148148	0.160493827160494	85	-0.30137362596972	-0.261383390746484	0.105882352941176	0.152941176470588	59	-0.262277211793074	-0.247777687686308	0.169491525423729	0.135593220338983	11	-0.273886095075625	-0.333359207742484	0.272727272727273	0.272727272727273	4	-0.182156175137291	-0.198805743060601	0.5	0.25	3	-0.324387791792991	-0.114537955488794	0	0.333333333333333	-0.472817800889054	0.827718213606089	2.31200075511523	0.201358982873805	0.104938271604938	FALSE	C_weak_or_non_dependent	FALSE	0.144439289138061	0.289557425044409
NDUFB6	OXPHOS	Tier 1;Tier 2	ENSG00000165264	162	-0.349449576555278	-0.349180306420413	0.269632444542486	0.127815431635531	0.0602459286089958	-1.06422250636992	0.625434489556267	1.68965699592619	0.280864197530864	0.271604938271605	85	-0.335188919969083	-0.347543544459177	0.229411764705882	0.294117647058824	59	-0.392864613146755	-0.3764877761167	0.372881355932203	0.271186440677966	11	-0.313657740881179	-0.268921335361273	0.272727272727273	0.272727272727273	4	-0.273010598403813	-0.263297247991892	0.25	0	3	-0.283507673258028	-0.267301963083341	0	0	-0.472817800889054	0.483138078800642	2.15845407519206	0.150139502455335	0.104938271604938	FALSE	C_weak_or_non_dependent	FALSE	0.144439289138061	0.289557425044409
TPST1	glycolysis	Tier 2	ENSG00000169902	162	-0.0368602140234775	-0.0668631830888454	0.249147026386079	0.127794094450439	0.0671655353423067	-1.26160175849795	0.545540360546537	1.80714211904449	0.0216049382716049	0.0555555555555556	85	-0.0722387847267603	-0.0868476781815554	0.0294117647058824	0.0470588235294118	59	-0.018069327573651	-0.0434827095872496	0.0169491525423729	0.0677966101694915	11	-0.0451608703046276	-0.0515047964945004	0	0	4	0.0410476434884158	0.0315154755630304	0	0	3	-0.0833780641082773	-0.14793743004188	0	0.333333333333333	-0.472817800889054	-1.0051698695342	3.12366796553107	0.218984873221749	0.104938271604938	FALSE	C_weak_or_non_dependent	FALSE	0.144439289138061	0.289557425044409
ACAD9	OXPHOS	Tier 1	ENSG00000177646	162	-0.32845211429717	-0.325708448600453	0.253358236470631	0.127725722635901	0.0626288229383079	-1.05625551379897	0.61205782484079	1.66831333863976	0.197530864197531	0.228395061728395	85	-0.350358308922531	-0.352685747453092	0.205882352941176	0.235294117647059	59	-0.294923436114536	-0.278920107754348	0.177966101694915	0.203389830508475	11	-0.360162143109823	-0.366927748215781	0.0909090909090909	0.272727272727273	4	-0.448357564964677	-0.481558097333525	0.75	0.5	3	-0.132544820684698	-0.122585387515473	0	0	-0.472817800889054	0.215411472459356	1.05937667986222	0.147047166422791	0.104938271604938	FALSE	C_weak_or_non_dependent	FALSE	0.144439289138061	0.289557425044409
ETFA	OXPHOS	Tier 1;Tier 2	ENSG00000140374	162	0.0740982858104157	0.0540278176881386	0.248916980699073	0.127711147322205	0.0464492653273991	-0.706903742728677	0.677581185767065	1.38448492849574	0.00617283950617284	0.0308641975308642	85	0.0751770997017057	0.0563385835115312	0	0.0470588235294118	59	0.067639277167612	0.0340555381604757	0.0169491525423729	0.0169491525423729	11	0.0801100847224809	0.123047180019067	0	0	4	0.162565451483876	0.161044749091435	0	0	3	-0.0236546738993917	-0.0144159536817435	0	0	-0.472817800889054	-0.761856823113686	1.46664117543334	0.210069066917127	0.104938271604938	FALSE	C_weak_or_non_dependent	FALSE	0.144439289138061	0.289557425044409
ACSM6	fatty-acid oxidation	Tier 1	ENSG00000173124	162	-0.0503943195888922	-0.0632808779679531	0.24737223318977	0.12769559257333	0.0529233780704693	-1.32877661520918	0.690560109049128	2.01933672425831	0	0.0246913580246914	85	-0.0406469937294193	-0.0485738611366981	0	0.0235294117647059	59	-0.0726760060948604	-0.094469109107783	0	0.0169491525423729	11	0.00141055159961112	-0.00193431941800284	0	0	4	-0.0186322413950826	-0.0370591272524893	0	0	3	-0.182157233195259	-0.126510858073959	0	0.333333333333333	-0.472817800889054	-0.908366082674385	6.10493886408908	0.150072346684761	0.104938271604938	FALSE	C_weak_or_non_dependent	FALSE	0.144439289138061	0.289557425044409
PCTP	fatty-acid oxidation	Tier 1	ENSG00000141179	162	0.0867747005904078	0.086219728134608	0.252016782115874	0.127654918251854	0.0416389617695783	-0.615343042827074	0.585179398533214	1.20052244136029	0.00617283950617284	0.00617283950617284	85	0.0666517979091957	0.0607862307552979	0.0117647058823529	0.0117647058823529	59	0.122062267485377	0.122956157245944	0	0	11	0.0442100468069954	0.0631585426887906	0	0	4	0.109662394981693	0.11298941240133	0	0	3	0.0150762230752601	0.13321714897115	0	0	-0.472817800889054	-0.277369687101904	0.483952366356437	0.164651828344902	0.104938271604938	FALSE	C_weak_or_non_dependent	FALSE	0.144439289138061	0.289557425044409
SDC2	glycolysis	Tier 2	ENSG00000169439	162	-0.0384665172571881	-0.0367116892923947	0.267493497396189	0.127640323691466	0.0584934251554194	-0.554906779138832	1.27190690450131	1.82681368364014	0.0123456790123457	0.0123456790123457	85	-0.0168677457374354	-0.00245030536008213	0	0.0235294117647059	59	-0.0972056378605877	-0.0817947544854627	0.0338983050847458	0	11	-0.126908185587496	-0.0925750170728247	0	0	4	-0.0417705199622877	-0.0266640563791958	0	0	3	0.168935139707799	0.0706180727330671	0	0	-0.472817800889054	1.3503175961864	5.11540761028004	0.252714369180235	0.104938271604938	FALSE	C_weak_or_non_dependent	FALSE	0.144439289138061	0.289557425044409
B3GALT5	sphingolipid	Tier 1	ENSG00000183778	162	0.0387748216579787	0.0411997667955932	0.269707734685101	0.127553720844956	0.0589663240520646	-0.835300127073724	1.01275722429392	1.84805735136764	0.00308641975308642	0.0185185185185185	85	0.05682646701691	0.0568677064621501	0.00588235294117647	0.0117647058823529	59	0.0246613369010846	0.0213548881621339	0	0.0169491525423729	11	-0.0864704784247147	-0.0166696722251289	0	0.0909090909090909	4	-0.0506210756668033	-0.0673657662457723	0	0	3	0.188163557583867	0.344499409832319	0	0	-0.472817800889054	0.512419604992791	3.07466651418855	0.138267459692496	0.104938271604938	FALSE	C_weak_or_non_dependent	FALSE	0.144439289138061	0.289557425044409
NR1H4	cholesterol/isoprenoid	Tier 1	ENSG00000012504	162	0.120507922684317	0.111448687380244	0.251100175005137	0.127537716009588	0.0614066016712889	-1.06511623906209	0.973372659769808	2.03848889883189	0.00617283950617284	0.0185185185185185	85	0.107485634732929	0.0764813008198547	0.0117647058823529	0.0352941176470588	59	0.13432964300229	0.13812825014451	0	0	11	0.227017187484029	0.212177731392448	0	0	4	0.0227398341071743	0.0253260418607603	0	0	3	0.185102092941511	0.322983604875267	0	0	-0.472817800889054	-0.847770990384034	4.46029469240458	0.163422361277894	0.104938271604938	FALSE	C_weak_or_non_dependent	FALSE	0.144439289138061	0.289557425044409
KIF2A	glycolysis	Tier 2	ENSG00000068796	162	-0.0944845927652321	-0.118828966309248	0.247929273249547	0.127509307556785	0.0591268416534382	-1.64337811963372	0.657314958735313	2.30069307836903	0.0123456790123457	0.0555555555555556	85	-0.108526761681956	-0.137772999790487	0.0117647058823529	0.0823529411764706	59	-0.083948395043294	-0.105689629634977	0.0169491525423729	0.0338983050847458	11	-0.169586520673192	-0.0815199396400976	0	0	4	0.00879088687648896	-0.0601329790789663	0	0	3	-0.136570132136096	-0.0555493863620791	0	0	-0.472817800889054	-1.96115283003814	10.3465770720469	0.295435722452508	0.104938271604938	FALSE	C_weak_or_non_dependent	FALSE	0.144439289138061	0.289557425044409
FOLR2	folate	Tier 1	ENSG00000165457	162	0.0457242286950743	0.0442625974468137	0.251276677193855	0.127501177691051	0.0440268077989091	-1.1095581735587	0.559142850673156	1.66870102423185	0	0.00617283950617284	85	-0.00372818797542006	0.00331024905232154	0	0.0117647058823529	59	0.0912032816390702	0.0816653252566455	0	0	11	0.0910263354133759	0.0778939229564727	0	0	4	0.0986753084625616	0.122607937359388	0	0	3	0.126987836331597	0.241216841611883	0	0	-0.472817800889054	-0.962250488037177	4.733162471325	0.178493667910066	0.104938271604938	FALSE	C_weak_or_non_dependent	FALSE	0.144439289138061	0.289557425044409
POMC	cholesterol/isoprenoid	Tier 1	ENSG00000115138	162	0.0147534933393885	0.00123124317123264	0.256522669370909	0.127374852783098	0.0648655412545937	-1.01306314631334	0.93924218848583	1.95230533479917	0.0123456790123457	0.0432098765432099	85	0.0267124675014362	0.0205386912972376	0	0.0352941176470588	59	-0.00787205762249094	-0.0348468803438589	0.0338983050847458	0.0508474576271187	11	0.0271364804383585	0.00945813753864098	0	0.0909090909090909	4	-0.111158374307342	-0.0846682096550163	0	0	3	0.300569677456118	0.248090633152392	0	0	-0.472817800889054	-0.485413111846837	2.52212845910995	0.144031643694402	0.104938271604938	FALSE	C_weak_or_non_dependent	FALSE	0.144439289138061	0.289557425044409
VAPB	sphingolipid	Tier 1	ENSG00000124164	162	0.0479284517873089	0.0209832738087973	0.259047059551221	0.127252863869805	0.0586959135116675	-0.799501723310861	0.59932387367876	1.39882559698962	0.0123456790123457	0.0308641975308642	85	0.0484068708871004	0.0253782440187028	0.0235294117647059	0.0352941176470588	59	0.0636354618085746	0.0125531414679409	0	0.0338983050847458	11	0.0733287233181944	0.0797693385846913	0	0	4	0.00504839973359487	0.0237935177491197	0	0	3	-0.0937966767263811	-0.157044175533723	0	0	-0.472817800889054	-0.80633161316133	1.38444420063828	0.221762381438133	0.104938271604938	FALSE	C_weak_or_non_dependent	FALSE	0.144439289138061	0.289557425044409
SEC24A	cholesterol/isoprenoid	Tier 2	ENSG00000113615	162	0.0278120813262282	0.040906403910163	0.254460142655188	0.127244333247601	0.0472902071940266	-0.569730174778334	1.02068983476208	1.59042000954042	0	0.0185185185185185	85	0.0246427832773846	0.0551078421031953	0	0.0117647058823529	59	0.0595149131740084	0.0484932382631029	0	0	11	-0.011286001578255	0.00349899553677674	0	0	4	-0.0100614286837258	0.00608162161526063	0	0	3	-0.504186376045817	-0.327081880071283	0	0.666666666666667	-0.472817800889054	0.709411075350048	2.98449588391981	0.166267879319335	0.104938271604938	FALSE	C_weak_or_non_dependent	FALSE	0.144439289138061	0.289557425044409
DBI	fatty-acid oxidation	Tier 1	ENSG00000155368	162	0.0172998013729048	0.0278615041304884	0.24910125615691	0.127222590086193	0.0477363685881655	-0.58057239881412	0.729183928000091	1.30975632681421	0	0.0123456790123457	85	0.000124009879730675	-0.00494552455402697	0	0.0117647058823529	59	0.038230470956156	0.0488575872595708	0	0.0169491525423729	11	-0.0355335189219016	0.0649724116457482	0	0	4	0.1240719203889	0.139003701430025	0	0	3	0.300387527650402	0.260208091364467	0	0	-0.472817800889054	0.242417799875096	0.695872200155673	0.156794026954251	0.104938271604938	FALSE	C_weak_or_non_dependent	FALSE	0.144439289138061	0.289557425044409
ACOT7	fatty-acid oxidation	Tier 1	ENSG00000097021	162	0.00541017972393031	0.0231343204122505	0.250105430674125	0.12720144063096	0.0615215970853696	-1.45229941023528	0.733550365641577	2.18584977587686	0.00617283950617284	0.0246913580246914	85	0.0114492824630362	0.0591082442768055	0	0.0352941176470588	59	-0.0119744215811165	-0.00791154856648899	0	0	11	0.0772875237444143	0.0571856947578339	0	0	4	0.108410585155994	0.0955652593973923	0	0	3	-0.202310485309205	-0.606987723748929	0.333333333333333	0.333333333333333	-0.472817800889054	-0.93458485379768	7.16789068217975	0.141663800425622	0.104938271604938	FALSE	C_weak_or_non_dependent	FALSE	0.144439289138061	0.289557425044409
GLS2	arginine;glutamine/glutamate	Tier 1	ENSG00000135423	162	-0.00082566862155851	-0.00582318077781671	0.251328592615082	0.127190261915491	0.0414114961232732	-0.61191263274864	0.45406496036816	1.0659775931168	0.00617283950617284	0.037037037037037	85	0.00219288599402303	0.00634078978384082	0.0117647058823529	0.0235294117647059	59	-0.0138483661834803	-0.0265381206782858	0	0.0508474576271187	11	0.0435213103700271	0.0249624174604867	0	0	4	0.0403048489323332	0.0253440077233175	0	0	3	-0.0683198071199661	-0.0975119735241795	0	0.333333333333333	-0.472817800889054	-0.446120651499799	0.347482554522403	0.187224452624407	0.104938271604938	FALSE	C_weak_or_non_dependent	FALSE	0.144439289138061	0.289557425044409
SDSL	serine/glycine/one-carbon	Tier 1	ENSG00000139410	162	0.0422080629862439	0.0466509466660923	0.267404723214175	0.127186158498833	0.0509821949309426	-0.683818590472613	0.893458556708201	1.57727714718081	0.0123456790123457	0.0246913580246914	85	0.0748971432603817	0.0545550191167993	0.0235294117647059	0.0470588235294118	59	0.033407278696854	0.0453948518677459	0	0	11	0.0373197887332919	0.0325806626070202	0	0	4	-0.0290944805851972	-0.0823770554632264	0	0	3	-0.0940671901210221	0.0710338026525603	0	0	-0.472817800889054	-0.242782810852569	1.5684599999657	0.13887452590307	0.104938271604938	FALSE	C_weak_or_non_dependent	FALSE	0.144439289138061	0.289557425044409
MAOA	arginine;serine/glycine/one-carbon;tryptophan	Tier 1	ENSG00000189221	162	-0.0201123771711154	-0.00106699534917165	0.266745337507398	0.127164033827425	0.0518973949896194	-0.616028615483324	0.807660243154891	1.42368885863822	0.00617283950617284	0.0246913580246914	85	0.000657197337047666	0.0112971989077621	0	0.0235294117647059	59	-0.0537962795642959	-0.0264370622408814	0.0169491525423729	0.0338983050847458	11	0.027942372111157	-0.0287753357024641	0	0	4	-0.0505011543577561	-0.0150595489319776	0	0	3	0.114995878347544	0.267812802313809	0	0	-0.472817800889054	0.190149352165559	0.838408047778609	0.150273717002401	0.104938271604938	FALSE	C_weak_or_non_dependent	FALSE	0.144439289138061	0.289557425044409
KDELR3	glycolysis	Tier 2	ENSG00000100196	162	0.0171277001701007	0.0155001405758755	0.252587485058396	0.127123941044335	0.0628822939657098	-1.00577679624722	0.899795390376923	1.90557218662414	0.00617283950617284	0.0308641975308642	85	0.0201975321268839	0.0358717711921944	0.0117647058823529	0.0235294117647059	59	0.000682501658921262	0.00484247908180471	0	0.0338983050847458	11	0.0284561285868502	-0.0481800412192881	0	0	4	0.0207469943186241	0.0189564340693426	0	0	3	-0.0377398223892716	-0.123209775578789	0	0.333333333333333	-0.472817800889054	-0.338776784367341	2.18556142296036	0.135250111316375	0.104938271604938	FALSE	C_weak_or_non_dependent	FALSE	0.144439289138061	0.289557425044409
PRMT6	arginine	Tier 2	ENSG00000198890	162	0.0601660353629042	0.0288535946281333	0.252532706892731	0.127110614768676	0.0522523366996852	-0.946551732724931	0.696614940241193	1.64316667296612	0	0.037037037037037	85	0.0494000327579149	0.013089502335336	0	0.0352941176470588	59	0.0646778184857576	0.031307603357199	0	0.0508474576271187	11	0.112016804691074	0.0907136484210715	0	0	4	0.100900739568787	0.059756454890302	0	0	3	0.099361860441715	0.1592166936621	0	0	-0.472817800889054	-0.977579872154643	2.41000706789907	0.230982054638675	0.104938271604938	FALSE	C_weak_or_non_dependent	FALSE	0.144439289138061	0.289557425044409
SLC7A10	amino-acid transport	Tier 1	ENSG00000130876	162	0.0603721430508937	0.0360384074672273	0.252738329921267	0.127089270599577	0.0490250702059514	-0.596785256176083	0.617394537018757	1.21417979319484	0	0.0246913580246914	85	0.0315219011752428	0.0151138739064527	0	0.0352941176470588	59	0.11494892376722	0.0663443680426225	0	0	11	0.0633916685521188	0.0400096256795189	0	0	4	0.083805669101301	0.0416142234056839	0	0	3	0.144491997042382	0.0108874123433944	0	0.333333333333333	-0.472817800889054	-0.399198818233126	0.422849569713699	0.178925371534272	0.104938271604938	FALSE	C_weak_or_non_dependent	FALSE	0.144439289138061	0.289557425044409
EEPD1	cholesterol/isoprenoid	Tier 2	ENSG00000122547	162	0.0609115825603624	0.0615230471778278	0.239772757782643	0.127082865799222	0.052854833083161	-0.805330383650049	0.645158148927916	1.45048853257797	0	0.0185185185185185	85	0.0436195379758186	0.0445189496276495	0	0.0235294117647059	59	0.0905066904927444	0.0896282388229492	0	0	11	0.0367608216153148	0.0636820799689318	0	0	4	0.134578141236899	0.136518295042867	0	0	3	0.000279620890473162	-0.117339741975276	0	0.333333333333333	-0.472817800889054	-0.496348251708289	1.57479014579669	0.163317781910867	0.104938271604938	FALSE	C_weak_or_non_dependent	FALSE	0.144439289138061	0.289557425044409
AHR	cholesterol/isoprenoid	Tier 1	ENSG00000106546	162	0.0254201308648566	0.00699365301849087	0.260568417925954	0.12707603234407	0.062084565832021	-0.966566633614901	0.731869566849331	1.69843620046423	0.0185185185185185	0.0246913580246914	85	0.0332949114171048	0.0154222332352243	0	0.0117647058823529	59	-0.00181363849988233	-0.0322014664079589	0.0508474576271187	0.0508474576271187	11	0.180444103860309	0.104568848159354	0	0	4	0.0100217573490404	-0.0107882469265501	0	0	3	0.226750810260107	0.204954713341444	0	0	-0.472817800889054	-0.42067245286934	1.80084906904013	0.149787427626249	0.104938271604938	FALSE	C_weak_or_non_dependent	FALSE	0.144439289138061	0.289557425044409
ASL	arginine;glutamine/glutamate	Tier 1	ENSG00000126522	162	0.0367970421522702	0.0316607503151756	0.261383967498331	0.127009850045956	0.0463052835061813	-0.473146968497884	0.944355232109032	1.41750220060692	0	0.00617283950617284	85	0.0522495509905027	0.0584676125107676	0	0.0117647058823529	59	0.0222169954777896	0.00979739114539242	0	0	11	-0.150688432420308	-0.0978986372655291	0	0	4	0.121346891898918	0.123074564784082	0	0	3	-0.115882145271823	0.0552783869498465	0	0	-0.472817800889054	0.438757451875385	1.51943445683253	0.157402788061292	0.104938271604938	FALSE	C_weak_or_non_dependent	FALSE	0.144439289138061	0.289557425044409
KYNU	NAD;tryptophan	Tier 1	ENSG00000115919	162	-0.00631856716423339	-0.00859929372371036	0.255168771236593	0.127007120585492	0.0465970704399541	-0.716772398815248	0.634645650322332	1.35141804913758	0.0154320987654321	0.0185185185185185	85	-0.00535241851286907	-0.00507059348745374	0.0176470588235294	0.0235294117647059	59	-0.012687972494771	-0.0206873620532772	0.0169491525423729	0.0169491525423729	11	-0.00438444280536957	-0.00717390945870168	0	0	4	0.0639609808626972	0.0471643698868956	0	0	3	0.0515792954994499	0.0495749162779943	0	0	-0.472817800889054	0.0234531401037002	0.625303937189284	0.14973753535075	0.104938271604938	FALSE	C_weak_or_non_dependent	FALSE	0.144439289138061	0.289557425044409
ARSL	sphingolipid	Tier 1	ENSG00000157399	162	-0.03633497654405	-0.0558717166275952	0.250644197480138	0.126977993573893	0.0801800511132229	-1.18264696368513	0.978559593462948	2.16120655714808	0.0246913580246914	0.0679012345679012	85	-0.034605119948391	-0.0327631561736846	0.0117647058823529	0.0588235294117647	59	-0.0580929944487878	-0.0973638782992555	0.0338983050847458	0.0847457627118644	11	-0.0206227547403249	-0.0667053481597107	0	0	4	-0.0287271068436795	-0.0639041245345484	0.25	0	3	0.0626877109110269	0.155831442881285	0	0.333333333333333	-0.472817800889054	-0.12175636669133	3.4417475513761	0.10684085889781	0.104938271604938	FALSE	C_weak_or_non_dependent	FALSE	0.144439289138061	0.289557425044409
PLPP1	sphingolipid	Tier 1	ENSG00000067113	162	-0.250188712914477	-0.23684975589124	0.25370354746134	0.126971480112161	0.0740166477269736	-1.10022546905365	0.662543102979142	1.76276857203279	0.175925925925926	0.154320987654321	85	-0.225971424723015	-0.201996495759561	0.141176470588235	0.141176470588235	59	-0.277398284577217	-0.280422733446128	0.194915254237288	0.152542372881356	11	-0.357098717967402	-0.380803051297498	0.454545454545455	0.363636363636364	4	-0.176416426810018	-0.176171814691305	0	0	3	-0.15808503936783	0.079501260513731	0	0	-0.472817800889054	0.428097578661212	1.63250071958018	0.153886501466367	0.104938271604938	FALSE	C_weak_or_non_dependent	FALSE	0.144439289138061	0.289557425044409
EBP	cholesterol/isoprenoid	Tier 1;Tier 2	ENSG00000147155	162	-0.0879642432441453	-0.112844475014748	0.266698995798398	0.126933653928524	0.0731862911557865	-1.52732667981642	0.787495912288638	2.31482259210506	0.0679012345679012	0.0679012345679012	85	-0.0570851073509767	-0.0841337994295044	0.0117647058823529	0.0235294117647059	59	-0.118106085719403	-0.139240925248162	0.11864406779661	0.0847457627118644	11	-0.0405611880339496	-0.110541424440597	0.0909090909090909	0.0909090909090909	4	-0.351251591078016	-0.342130665806834	0.5	0.5	3	-0.190334320444473	-0.10991302638862	0	0.333333333333333	-0.472817800889054	-0.961029028923156	4.76942287079583	0.177678838684382	0.104938271604938	FALSE	C_weak_or_non_dependent	FALSE	0.144439289138061	0.289557425044409
PLPPR4	sphingolipid	Tier 1	ENSG00000117600	162	0.0149802545648384	0.0167052766295529	0.25583559909828	0.126911965429318	0.0566164324221682	-1.21827874699016	0.622807879880851	1.84108662687101	0.00617283950617284	0.037037037037037	85	-0.023475702958402	-0.013354849450241	0.0117647058823529	0.0588235294117647	59	0.0628697095203985	0.0645949097428153	0	0	11	0.0761306407670449	0.0733829836803573	0	0	4	-0.00910597407952277	-0.0306582049464034	0	0	3	-0.147244572933735	-0.218087552755456	0	0.333333333333333	-0.472817800889054	-1.07485356803916	4.63972406449915	0.201497791000824	0.104938271604938	FALSE	C_weak_or_non_dependent	FALSE	0.144439289138061	0.289557425044409
LYRM7	OXPHOS	Tier 1	ENSG00000186687	162	-0.0923274203454859	-0.0911147089428254	0.239676459080304	0.126851949005748	0.0577253109814633	-0.751518502042853	0.814051136121859	1.56556963816471	0.0493827160493827	0.0432098765432099	85	-0.0874516743413862	-0.101977826350002	0.0470588235294118	0.0588235294117647	59	-0.111964183326436	-0.0877463203309942	0.0677966101694915	0.0338983050847458	11	-0.103488628778278	-0.0395243010435002	0	0	4	-0.0438519161900498	-0.0487072872324854	0	0	3	-0.0217474563733186	-0.0952794163501576	0	0	-0.472817800889054	0.465041851192353	1.16450485506787	0.16842899393935	0.104938271604938	FALSE	C_weak_or_non_dependent	FALSE	0.144439289138061	0.289557425044409
NDUFAF7	OXPHOS	Tier 1	ENSG00000003509	162	-0.102305435117023	-0.130907340798551	0.267458237997636	0.126824517608962	0.0516080135667476	-1.12698597526605	0.548909748585424	1.67589572385147	0.037037037037037	0.0740740740740741	85	-0.160281206171133	-0.195305092298876	0.0588235294117647	0.117647058823529	59	-0.0358056817265272	-0.0632540907292585	0.0169491525423729	0.0338983050847458	11	0.0263145996568728	-0.00273054124040513	0	0	4	-0.122533068729314	-0.137954598910189	0	0	3	-0.104544476371387	-0.0974035538831356	0	0	-0.472817800889054	-0.782169518325518	1.92573175512183	0.201916511613903	0.104938271604938	FALSE	C_weak_or_non_dependent	FALSE	0.144439289138061	0.289557425044409
TKT	PPP	Tier 1;Tier 2	ENSG00000163931	162	-0.209239591181181	-0.216675356576672	0.249547633524472	0.126771687077209	0.0488651665038169	-1.05430594792956	0.451123350394783	1.50542929832434	0.0771604938271605	0.0925925925925926	85	-0.178524852539035	-0.189961132041999	0.0647058823529412	0.105882352941176	59	-0.230064395167168	-0.222536475363475	0.0847457627118644	0.0338983050847458	11	-0.361772637805901	-0.363946518686867	0.0909090909090909	0.363636363636364	4	-0.214690469332149	-0.248897807587371	0.25	0	3	-0.327614204308927	-0.27535218650027	0	0	-0.472817800889054	-0.361561553127296	1.61719736807828	0.147346713842917	0.104938271604938	FALSE	C_weak_or_non_dependent	FALSE	0.144439289138061	0.289557425044409
SLC25A14	OXPHOS	Tier 1	ENSG00000102078	162	0.104257184268861	0.0974785213959215	0.241717101038819	0.126736867908579	0.0574287646367078	-0.749673420300171	0.829783165835805	1.57945658613598	0.00617283950617284	0.0185185185185185	85	0.0562322518224275	0.072456039425262	0.0117647058823529	0.0235294117647059	59	0.143377206290045	0.13403661783604	0	0	11	0.117035253485112	0.147872345781255	0	0	4	0.0846174297278575	0.0933675919798456	0	0	3	-0.0585882559312253	-0.0918231696158375	0	0.333333333333333	-0.472817800889054	-0.0140319017004167	1.58897854244927	0.130818219756906	0.104938271604938	FALSE	C_weak_or_non_dependent	FALSE	0.144439289138061	0.289557425044409
ATP6V1E2	OXPHOS;iron	Tier 1	ENSG00000250565	162	-0.152444603195598	-0.136863975744694	0.247856861765275	0.126725316200892	0.0511837912860269	-0.733430046850725	0.693031536486527	1.42646158333725	0.037037037037037	0.0679012345679012	85	-0.152645783822885	-0.135936339282781	0.0588235294117647	0.0941176470588235	59	-0.151337357997012	-0.138064507028628	0	0.0338983050847458	11	-0.202071584319066	-0.203879157595282	0.0909090909090909	0.0909090909090909	4	-0.0545655426084591	-0.105528862609336	0	0	3	-0.0489757582087103	0.0644056223568063	0	0	-0.472817800889054	0.355565448383608	1.34727704189237	0.152137625577633	0.104938271604938	FALSE	C_weak_or_non_dependent	FALSE	0.144439289138061	0.289557425044409
TMEM223	OXPHOS	Tier 1	ENSG00000168569	162	0.0286880915206367	0.0178936755627681	0.251091903979865	0.126468161916947	0.0455320051175345	-0.768693797988969	0.561219492862339	1.32991329085131	0	0.0308641975308642	85	0.0104576939605254	0.0101307486625093	0	0.0470588235294118	59	0.0673201811988762	0.0320963578349807	0	0.0169491525423729	11	-0.0261393846083937	-0.0250371172480236	0	0	4	0.000671370846226246	0.00174372101193947	0	0	3	-0.00822554963348838	0.137470032757263	0	0	-0.472817800889054	-0.360955314445364	1.02774961323143	0.159544543178032	0.104938271604938	FALSE	C_weak_or_non_dependent	FALSE	0.144439289138061	0.289557425044409
SLC39A14	zinc	Tier 1	ENSG00000104635	162	0.0592757010346284	0.0511497260032556	0.246664364337714	0.126392552495727	0.0423568206067239	-0.588309668900203	0.733387910776747	1.32169757967695	0	0.00617283950617284	85	0.0594721125058021	0.0585004865145976	0	0.0117647058823529	59	0.0493509287110875	0.044875389428111	0	0	11	0.0964392205126316	0.0832571647225049	0	0	4	0.112490046566372	0.0946175079442443	0	0	3	-0.129416000231595	-0.209410853732154	0	0	-0.472817800889054	0.0384671666040424	0.717047555394867	0.147846743139041	0.104938271604938	FALSE	C_weak_or_non_dependent	FALSE	0.144439289138061	0.289557425044409
ST3GAL2	sphingolipid	Tier 1	ENSG00000157350	162	-0.013180606655408	-0.028357763644101	0.232982734146436	0.126377534131739	0.0492180788760925	-0.89038163061089	0.737651276736272	1.62803290734716	0	0.0308641975308642	85	-0.0137136496692464	-0.0166180281459737	0	0.0117647058823529	59	-0.00258440430552534	-0.0127562157667767	0	0.0169491525423729	11	-0.0487407519648107	-0.0813718255689868	0	0.0909090909090909	4	-0.0163301171419	0.0242899028155231	0	0	3	-0.678681389347223	-0.54362603923334	0	0.666666666666667	-0.472817800889054	-0.598088698107684	2.70260681062693	0.155001617926467	0.104938271604938	FALSE	C_weak_or_non_dependent	FALSE	0.144439289138061	0.289557425044409
COL5A1	glycolysis	Tier 2	ENSG00000130635	162	-0.0826457465245591	-0.0908693156381892	0.253569782590595	0.126352510770127	0.0455898871668497	-0.744155900801416	0.600549448339805	1.34470534914122	0.0185185185185185	0.0493827160493827	85	-0.111393386488155	-0.130825615355038	0.0352941176470588	0.0823529411764706	59	-0.0688872367800728	-0.0494803670664697	0	0	11	-0.0529793309272887	-0.0672121040037368	0	0.0909090909090909	4	-0.0779371674132153	-0.0623854403709549	0	0	3	0.0909019464257046	0.10252157807942	0	0	-0.472817800889054	-0.181589793795117	0.630619660439475	0.154467193736034	0.104938271604938	FALSE	C_weak_or_non_dependent	FALSE	0.144439289138061	0.289557425044409
SGMS1	sphingolipid	Tier 1	ENSG00000198964	162	0.0291606282489783	0.00426397696784035	0.265531897487486	0.126325627577475	0.0542390010113631	-0.951460861511245	0.618634568518777	1.57009543003002	0.00617283950617284	0.0432098765432099	85	0.00581570514033261	-0.0127266001323656	0	0.0588235294117647	59	0.057220838887962	0.0185577108627588	0.0169491525423729	0.0338983050847458	11	0.0570052130449483	0.0495675557149964	0	0	4	0.0873189655143607	0.0721447490503795	0	0	3	0.0801100886974648	-0.0520672566426781	0	0	-0.472817800889054	-0.770643665599639	1.67288341107656	0.206206091619592	0.104938271604938	FALSE	C_weak_or_non_dependent	FALSE	0.144439289138061	0.289557425044409
DLAT	OXPHOS;TCA;glycolysis	Tier 1;Tier 2	ENSG00000150768	162	0.0111344838921322	-0.000718602088473013	0.251080444666725	0.12631435665223	0.0621379817304975	-1.4042931753556	0.700703806275079	2.10499698163068	0.00617283950617284	0.037037037037037	85	0.00677189316547762	-0.0120729439057135	0.0117647058823529	0.0588235294117647	59	0.00949274091173863	1.79179777862644e-05	0	0.0169491525423729	11	0.044816168552652	0.060207138033267	0	0	4	0.164877544996164	0.10101457117102	0	0	3	-0.25292347962822	-0.0525357566954636	0	0	-0.472817800889054	-1.16963445341932	5.72755636939755	0.200949497377714	0.104938271604938	FALSE	C_weak_or_non_dependent	FALSE	0.144439289138061	0.289557425044409
ERO1A	glycolysis	Tier 2	ENSG00000197930	162	-0.00764542931175125	-0.0021929693959777	0.246845255259357	0.126295347539247	0.0623889651342142	-0.803758084997909	1.41882101675116	2.22257910174907	0.0154320987654321	0.0246913580246914	85	0.0197002991105119	0.0230651853995275	0.0117647058823529	0.0235294117647059	59	-0.0395128964231711	-0.0384275995571844	0.0254237288135593	0.0169491525423729	11	-0.0630444066665564	-0.0509095137170813	0	0	4	-0.123479419386242	-0.121221246046404	0	0	3	0.0701121607439763	0.332105402613056	0	0.333333333333333	-0.472817800889054	1.00481099552483	6.32332342389367	0.162329387083996	0.104938271604938	FALSE	C_weak_or_non_dependent	FALSE	0.144439289138061	0.289557425044409
ASS1	arginine;glutamine/glutamate	Tier 1	ENSG00000130707	162	0.0179840421200509	0.012483103218589	0.252067784441685	0.126285138207664	0.0473498994673228	-0.911986570766225	0.692174099516871	1.6041606702831	0	0.0185185185185185	85	0.00998742932960727	-0.00961494352147828	0	0.0352941176470588	59	0.038865465646558	0.0500962391197753	0	0	11	-0.0136356652404091	-0.0171079265001014	0	0	4	-0.106363489598125	-0.111826747587514	0	0	3	0.0901280868091528	0.173116331507168	0	0	-0.472817800889054	-0.510516991688262	2.95027207124453	0.139960971560917	0.104938271604938	FALSE	C_weak_or_non_dependent	FALSE	0.144439289138061	0.289557425044409
GOT1	OXPHOS;arginine;glutamine/glutamate;glycolysis;methionine	Tier 1;Tier 2	ENSG00000120053	162	0.0197302111708295	0.00897177287079016	0.254735785039366	0.126248936571708	0.0491546916917008	-0.899669066302977	0.635567697429181	1.53523676373216	0	0.0246913580246914	85	0.0357258573640597	0.0162015285509435	0	0.0235294117647059	59	0.0103663983799147	0.0122186120438554	0	0.0169491525423729	11	-0.0185636017890211	-0.0270134398347367	0	0	4	0.0311093779792048	0.0263108367989531	0	0	3	-0.150355798426338	-0.150898780454456	0	0.333333333333333	-0.472817800889054	-0.520255346483356	2.038072881691	0.156973177394114	0.104938271604938	FALSE	C_weak_or_non_dependent	FALSE	0.144439289138061	0.289557425044409
FBP1	PPP;glycolysis	Tier 1	ENSG00000165140	162	-0.0679340490189099	-0.0834236001072598	0.241236121131145	0.126238804734435	0.0529986501626691	-1.20912181976635	0.490698105877116	1.69981992564347	0	0.0432098765432099	85	-0.0870989626575652	-0.0912877434990409	0	0.0352941176470588	59	-0.031171378756613	-0.0737562115936028	0	0.0508474576271187	11	-0.0116461744430903	-0.00146887303588987	0	0	4	-0.13643130910692	-0.160660588112131	0	0	3	-0.197320801852036	-0.248249526697243	0	0.333333333333333	-0.472817800889054	-0.796300385780543	2.79197411864856	0.184670638276302	0.104938271604938	FALSE	C_weak_or_non_dependent	FALSE	0.144439289138061	0.289557425044409
PFKFB1	glycolysis	Tier 2	ENSG00000158571	162	-0.145180267484482	-0.135989789447291	0.251222725062345	0.126218210308721	0.0527683720312168	-0.979782674590266	0.570604391644263	1.55038706623453	0.0185185185185185	0.0493827160493827	85	-0.139147754586284	-0.112130188321932	0.0117647058823529	0.0352941176470588	59	-0.155061401715041	-0.145081045508736	0.0338983050847458	0.0338983050847458	11	-0.203636998304052	-0.222414024983523	0	0.0909090909090909	4	-0.054406614359134	-0.0832178411265456	0	0	3	-0.505332564912159	-0.386690852918829	0	0.666666666666667	-0.472817800889054	0.192946703227515	1.66946521068554	0.134248425844468	0.104938271604938	FALSE	C_weak_or_non_dependent	FALSE	0.144439289138061	0.289557425044409
MMUT	BCAA;fatty-acid oxidation;vitamin B12	Tier 1	ENSG00000146085	162	0.036523917100602	0.0396104423109437	0.272093281054305	0.126163162782259	0.0557621715198743	-0.964719614848062	0.70817090059969	1.67289051544775	0	0.0185185185185185	85	0.0192035203029093	0.0389492332901945	0	0.0117647058823529	59	0.0398473758518031	0.0461993849557174	0	0.0169491525423729	11	0.115024178420629	0.138944695279368	0	0	4	0.0962909166550761	0.0630201428198154	0	0	3	-0.399442039739131	-0.466676369011094	0	0.333333333333333	-0.472817800889054	-0.59655671006263	2.44786504047745	0.159429252707632	0.104938271604938	FALSE	C_weak_or_non_dependent	FALSE	0.144439289138061	0.289557425044409
TAS2R30	glutamine/glutamate	Tier 1	ENSG00000256188	162	-0.0194509309219464	-0.0498197292381538	0.255915011316452	0.126124560053763	0.0755096561904525	-1.65432760420414	0.78278149120849	2.43710909541263	0.0123456790123457	0.0740740740740741	85	-0.0298717545295066	-0.0745501280108475	0.0117647058823529	0.105882352941176	59	-0.00125391755905809	-0.0166585797969397	0.0169491525423729	0.0338983050847458	11	-0.13225650329407	-0.11161948753458	0	0.0909090909090909	4	-0.0966975372565028	-0.112167902535066	0	0	3	0.179223793447017	0.308435641793739	0	0	-0.472817800889054	-1.36243790964095	6.78707370587883	0.222382634399411	0.104938271604938	FALSE	C_weak_or_non_dependent	FALSE	0.144439289138061	0.289557425044409
B4GALT1	glycolysis;sphingolipid	Tier 1;Tier 2	ENSG00000086062	162	0.00718216991649339	0.0165579955148213	0.25275534911784	0.125976293576406	0.0688403671451252	-1.2141653413514	1.63956109306524	2.85372643441664	0.0123456790123457	0.0123456790123457	85	0.0473147656437801	0.0402488925519207	0	0.0117647058823529	59	-0.0190635331492217	-0.0266304491741332	0.0338983050847458	0	11	0.0117211079237507	0.00157324576084679	0	0	4	-0.0464345357572289	-0.0325218164955226	0	0	3	0.000456452224451896	0.315072490124805	0	0.333333333333333	-0.472817800889054	0.887595978788502	10.6466618268876	0.107033800600075	0.104938271604938	FALSE	C_weak_or_non_dependent	FALSE	0.144439289138061	0.289557425044409
HOMER1	glycolysis	Tier 2	ENSG00000152413	162	0.013069669137694	0.021195843198441	0.246032885328324	0.12591080027347	0.0525280736812159	-0.631610008465823	0.750084228910881	1.3816942373767	0.00308641975308642	0.0246913580246914	85	-0.00883800325102658	0.00969884418062368	0.00588235294117647	0.0235294117647059	59	0.0248030539337026	0.0269663928140925	0	0.0338983050847458	11	0.0208158262237419	0.0253832342431726	0	0	4	0.0194986819723843	0.0395359420474757	0	0	3	0.198164815613489	0.193649440632725	0	0	-0.472817800889054	0.30583499274441	0.967635502595433	0.155677596047743	0.104938271604938	FALSE	C_weak_or_non_dependent	FALSE	0.144439289138061	0.289557425044409
ATP6V0A2	OXPHOS;iron	Tier 1	ENSG00000185344	162	-0.123520835295247	-0.124595198400319	0.25601476660505	0.12584405227612	0.0651139797404211	-0.99797266703676	0.817258346952981	1.81523101398974	0.0308641975308642	0.0802469135802469	85	-0.1175060911177	-0.10418275556345	0.0352941176470588	0.0823529411764706	59	-0.110168788108378	-0.136271751024208	0.0169491525423729	0.0677966101694915	11	-0.197868534972539	-0.188273712826545	0.0909090909090909	0.0909090909090909	4	-0.0209669083890424	-0.0391888952373895	0	0	3	-0.279907041404766	-0.353696061829493	0	0.333333333333333	-0.472817800889054	-0.0247945893078089	1.43297935549352	0.133598759749842	0.104938271604938	FALSE	C_weak_or_non_dependent	FALSE	0.144439289138061	0.289557425044409
PLCB2	glutamine/glutamate	Tier 1	ENSG00000137841	162	0.0213595622101986	0.0198561682530225	0.257129937906437	0.125834212308347	0.0579511708461032	-0.944788984394777	0.593329890938974	1.53811887533375	0.00925925925925926	0.0308641975308642	85	0.0232900191658063	0.040454473729081	0.00588235294117647	0.0235294117647059	59	0.0197243301170525	0.0129895094623261	0.0169491525423729	0.0338983050847458	11	0.0393448045915018	-0.0131178963757148	0	0	4	0.0833365635185947	0.0712453039287797	0	0	3	-0.131245749651037	-0.376332141280579	0	0.333333333333333	-0.472817800889054	-0.890269912485398	2.84876462464533	0.201289458218099	0.104938271604938	FALSE	C_weak_or_non_dependent	FALSE	0.144439289138061	0.289557425044409
COX14	OXPHOS	Tier 1	ENSG00000178449	162	-0.125615174408751	-0.119695210433817	0.24593186689957	0.125810801998116	0.0457259971548878	-0.841116707342784	0.643799198899471	1.48491590624226	0.0277777777777778	0.0308641975308642	85	-0.1091090868743	-0.12837663188571	0.0411764705882353	0.0470588235294118	59	-0.130567028554659	-0.129869562717474	0.0169491525423729	0.0169491525423729	11	-0.0625393464244523	-0.0903870880469833	0	0	4	-0.121953207447366	-0.120254645669921	0	0	3	0.0667367317024732	0.219656790511522	0	0	-0.472817800889054	0.348773792441596	1.97000256655396	0.139738593392507	0.104938271604938	FALSE	C_weak_or_non_dependent	FALSE	0.144439289138061	0.289557425044409
PFKFB3	glycolysis	Tier 2	ENSG00000170525	162	-0.101663198226996	-0.0881724333824407	0.248773423214527	0.125778911561487	0.0426747653197742	-0.632070281870705	0.781133510210547	1.41320379208125	0.0123456790123457	0.0308641975308642	85	-0.111595705962546	-0.109609069872169	0	0.0470588235294118	59	-0.115237077908114	-0.0869487678062325	0.0338983050847458	0.0169491525423729	11	-0.0403687235466407	-0.0464310470413443	0	0	4	-0.0693176643217757	-0.0753364938644721	0	0	3	0.315502034277113	0.324967174886445	0	0	-0.472817800889054	0.396472776794217	1.73809838013898	0.1484563660382	0.104938271604938	FALSE	C_weak_or_non_dependent	FALSE	0.144439289138061	0.289557425044409
H4C3	arginine	Tier 2	ENSG00000197061	162	-0.0770020509576069	-0.0765804208264125	0.244250038126761	0.125732730694063	0.0441125251608703	-1.07154222014269	0.527350840014401	1.59889306015709	0	0.0246913580246914	85	-0.0995676773235175	-0.088559611021515	0	0.0235294117647059	59	-0.0238570512416191	-0.0471845442000626	0	0.0169491525423729	11	-0.00334839062560488	-0.0221698425671821	0	0	4	-0.173008186896293	-0.171123814840099	0	0	3	-0.363557526254593	-0.388736533882318	0	0.333333333333333	-0.472817800889054	-0.417794299476722	3.12048166035305	0.12798583956317	0.104938271604938	FALSE	C_weak_or_non_dependent	FALSE	0.144439289138061	0.289557425044409
MRPS12	OXPHOS	Tier 2	ENSG00000128626	162	-0.48275049542365	-0.501023633871609	0.231458996320067	0.125730650079422	0.05520093207243	-1.49635025378973	0.0904558846226309	1.58680613841236	0.472222222222222	0.530864197530864	85	-0.477488458809908	-0.500875562369263	0.4	0.529411764705882	59	-0.512771031043388	-0.531385244366123	0.584745762711864	0.559322033898305	11	-0.40462319590129	-0.390900287880166	0.363636363636364	0.454545454545455	4	-0.488275911905584	-0.445331252015728	0.75	0.5	3	-0.441367988284403	-0.386149431155764	0.333333333333333	0.333333333333333	-0.472817800889054	-0.508601805465583	1.85883645969653	0.159012892259657	0.104938271604938	FALSE	C_weak_or_non_dependent	FALSE	0.144439289138061	0.289557425044409
CYP7A1	cholesterol/isoprenoid	Tier 1	ENSG00000167910	162	-0.0189082001238799	-0.0546383373919548	0.29862792418215	0.125636661477689	0.0589281180609568	-0.968552421834229	0.831816649103451	1.80036907093768	0.0185185185185185	0.037037037037037	85	-0.0208826816147545	-0.0604023177444267	0.0352941176470588	0.0705882352941176	59	-0.0264720454400246	-0.0557109797273917	0	0	11	-0.0108220332752234	-0.0123200012542894	0	0	4	-0.0994052716063637	-0.0846483988699536	0	0	3	-0.00662653903648629	0.0146159213242313	0	0	-0.472817800889054	-0.106677593278595	1.17239947169235	0.139903604484045	0.104938271604938	FALSE	C_weak_or_non_dependent	FALSE	0.144439289138061	0.289557425044409
FH	OXPHOS;TCA	Tier 1;Tier 2	ENSG00000091483	162	-0.204255395803462	-0.218152965899266	0.269043659686638	0.125580527873254	0.0514040759260677	-0.883643023651941	0.398417502280387	1.28206052593233	0.12962962962963	0.141975308641975	85	-0.185556405027913	-0.207896468908668	0.111764705882353	0.152941176470588	59	-0.224016416927044	-0.240726748215303	0.161016949152542	0.152542372881356	11	-0.302557540881868	-0.23489007102951	0.181818181818182	0.0909090909090909	4	-0.193297986130465	-0.16752160693197	0	0	3	-0.144276342037605	-0.070941754896332	0	0	-0.472817800889054	-0.0786778510500189	0.138449708298238	0.162415232483242	0.104938271604938	FALSE	C_weak_or_non_dependent	FALSE	0.144439289138061	0.289557425044409
NDUFAF6	OXPHOS	Tier 1	ENSG00000156170	162	-0.0991256664757563	-0.110669328757279	0.262429079522498	0.125542598957813	0.0568563235578703	-1.20208518034486	0.520657971061907	1.72274315140677	0.00617283950617284	0.0617283950617284	85	-0.129711327660522	-0.123647102502613	0	0.0705882352941176	59	-0.0994787740501173	-0.107200182184865	0.0169491525423729	0.0677966101694915	11	0.00347845096194832	-0.0625290384798179	0	0	4	-0.0641508241896305	-0.0535369862932765	0	0	3	-0.0469966707303482	-0.0638831428663096	0	0	-0.472817800889054	-0.704546951210328	2.74943852385423	0.169924958068211	0.104938271604938	FALSE	C_weak_or_non_dependent	FALSE	0.144439289138061	0.289557425044409
AGXT2	glutamine/glutamate;serine/glycine/one-carbon	Tier 1	ENSG00000113492	162	0.0639376209230038	0.0644286454566116	0.249153382832089	0.125493049716719	0.0416324554683857	-0.652557091420666	0.898043320737196	1.55060041215786	0.00617283950617284	0.00617283950617284	85	0.0776304315496943	0.0823377378781581	0	0.0117647058823529	59	0.0161850329064577	0.0280302113757611	0.0169491525423729	0	11	0.0775472190376533	0.124891952907898	0	0	4	0.0225286658117876	0.0434610065366118	0	0	3	0.0545200714723838	0.0790982883414698	0	0	-0.472817800889054	0.0477157589657474	1.6517392510227	0.13002294495194	0.104938271604938	FALSE	C_weak_or_non_dependent	FALSE	0.144439289138061	0.289557425044409
SGPP2	sphingolipid	Tier 1	ENSG00000163082	162	0.020946746070487	0.0302862695747951	0.246501516967417	0.125475141044552	0.0597137476586153	-0.883527651468515	1.00316793787508	1.8866955893436	0.00617283950617284	0.0246913580246914	85	0.0247141268153091	0.0411952470294364	0	0.0352941176470588	59	0.0166195066183396	0.0342091060148788	0	0	11	0.00589169233233542	-0.0623395942206114	0.0909090909090909	0.0909090909090909	4	0.0101136697861146	-0.0341642144649093	0	0	3	0.135405723449019	0.0696116043410755	0	0	-0.472817800889054	0.205968515724959	3.4458287648903	0.109699288999141	0.104938271604938	FALSE	C_weak_or_non_dependent	FALSE	0.144439289138061	0.289557425044409
FXN	OXPHOS;TCA;iron	Tier 1;Tier 2	ENSG00000165060	162	-0.326245760779656	-0.373979894230175	0.252964287161191	0.125401776243754	0.0863570323685603	-2.21572257312729	0.0663426066410838	2.28206517976838	0.203703703703704	0.246913580246914	85	-0.36875386424211	-0.408158016788658	0.235294117647059	0.317647058823529	59	-0.266967630600566	-0.269359330112755	0.152542372881356	0.101694915254237	11	-0.447301946578424	-0.622314797123684	0.272727272727273	0.454545454545455	4	-0.262328645321841	-0.31387605337542	0.25	0.25	3	-0.390453705823091	-0.632714659912575	0	0.333333333333333	-0.472817800889054	-2.35015641940565	9.78474197304519	0.411782353643878	0.104938271604938	FALSE	C_weak_or_non_dependent	FALSE	0.144439289138061	0.289557425044409
SLC25A6	OXPHOS	Tier 2	ENSG00000169100	162	-0.246027499160468	-0.243932418954294	0.248412052469445	0.125398681321229	0.050845538198811	-0.964302706405475	0.552432197136306	1.51673490354178	0.145061728395062	0.148148148148148	85	-0.225214012304989	-0.210082093247192	0.1	0.152941176470588	59	-0.283618053286211	-0.26102948245593	0.169491525423729	0.0847457627118644	11	-0.326501825042731	-0.357293060677003	0.363636363636364	0.363636363636364	4	-0.251886731851665	-0.287118112213252	0.25	0.25	3	-0.244284128700797	-0.393546121128127	0	0.333333333333333	-0.472817800889054	0.163737168841574	1.28750345096555	0.139811871180046	0.104938271604938	FALSE	C_weak_or_non_dependent	FALSE	0.144439289138061	0.289557425044409
MMS19	iron	Tier 1	ENSG00000155229	162	-0.220749697194181	-0.228260182286511	0.253673316152727	0.125395414655362	0.0610641947244774	-1.20724196975564	0.92226383211746	2.1295058018731	0.0895061728395062	0.166666666666667	85	-0.24260906422523	-0.257073388552457	0.0647058823529412	0.2	59	-0.195098106857693	-0.210506793479986	0.101694915254237	0.11864406779661	11	-0.285534793470835	-0.294721428386804	0.272727272727273	0.272727272727273	4	-0.174548255382832	-0.192103213447007	0	0	3	0.306537311288311	0.434445959302061	0	0	-0.472817800889054	0.1440131676837	3.52726155435346	0.10650475544222	0.104938271604938	TRUE	C_weak_or_non_dependent	FALSE	0.144439289138061	0.289557425044409
MRPS30	OXPHOS	Tier 2	ENSG00000112996	162	-0.387884580122732	-0.401999131528012	0.252512571080657	0.125353606863017	0.0625321411764997	-1.51113668745855	0.649348337193712	2.16048502465226	0.345679012345679	0.333333333333333	85	-0.412530949800975	-0.43207233776272	0.329411764705882	0.364705882352941	59	-0.386592502030324	-0.390458468034545	0.372881355932203	0.338983050847458	11	-0.407645726476758	-0.3516161259108	0.454545454545455	0.272727272727273	4	-0.281886537649181	-0.282657640290022	0.25	0	3	-0.139167629196546	-0.12075101249656	0	0	-0.472817800889054	-0.353366055696755	4.06501527826483	0.111133847080188	0.104938271604938	FALSE	C_weak_or_non_dependent	FALSE	0.144439289138061	0.289557425044409
TIMM8B	OXPHOS	Tier 2	ENSG00000150779	162	0.0714667181359059	0.0730033599581145	0.248573170808829	0.125324224300226	0.0438725362179174	-0.873919487325525	0.708675571968228	1.58259505929375	0	0.0185185185185185	85	0.07056312680229	0.0946601910080068	0	0	59	0.0704928604465814	0.0637364267635884	0	0.0169491525423729	11	0.0673397725809394	0.0504889318213608	0	0	4	0.165097774774509	0.153585658992158	0	0	3	-0.518911023340346	-0.383247329173779	0	0.666666666666667	-0.472817800889054	-0.805415110759794	2.7742603838364	0.186694241403809	0.104938271604938	FALSE	C_weak_or_non_dependent	FALSE	0.144439289138061	0.289557425044409
MFSD4B	glucose transport	Tier 1		162	-0.0330634412502105	-0.0403346713249811	0.249866659342215	0.125293160576999	0.0598173575336779	-1.12511145819209	0.72685878330406	1.85197024149615	0.00925925925925926	0.0493827160493827	85	-0.0468780971758032	-0.0811524094075182	0.00588235294117647	0.0705882352941176	59	-0.0133848470845197	0.0173721332296825	0.0169491525423729	0.0169491525423729	11	-0.0987227001894852	-0.0569665880264935	0	0	4	0.0666147402404517	0.053585817082935	0	0	3	0.0243389707350802	-0.0829762051998244	0	0.333333333333333	-0.472817800889054	-0.723427692864303	2.78606709252342	0.172270045442677	0.104938271604938	FALSE	C_weak_or_non_dependent	FALSE	0.144439289138061	0.289557425044409
PYGB	glycolysis	Tier 2	ENSG00000100994	162	-0.0755673970564429	-0.0774224274481952	0.241738765327272	0.125258514699061	0.0445196828084712	-0.584342796105525	0.72285444296294	1.30719723906847	0.0401234567901235	0.037037037037037	85	-0.0655441608408325	-0.056326279401932	0.0411764705882353	0.0235294117647059	59	-0.0937013558230048	-0.0956333936227457	0.0338983050847458	0.0508474576271187	11	-0.0805933825090742	-0.0876924613850708	0	0	4	-0.00741039814547428	-0.0549588178195184	0.25	0	3	-0.328753596104449	-0.309292309062518	0	0.333333333333333	-0.472817800889054	0.391848050551395	0.930145945582728	0.165101867324156	0.104938271604938	FALSE	C_weak_or_non_dependent	FALSE	0.144439289138061	0.289557425044409
ATP4A	OXPHOS	Tier 1	ENSG00000105675	162	0.144707994811523	0.132883165241141	0.240411229455487	0.125177481637132	0.0501731037815428	-0.589691376352635	0.922269514849818	1.51196089120245	0	0.0123456790123457	85	0.142762691300372	0.14169426060866	0	0.0117647058823529	59	0.157215951901729	0.155707789704023	0	0	11	0.0124479066894455	0.0918382225708233	0	0	4	0.120504378293082	0.105472212486575	0	0	3	-0.335586457308717	-0.378602757811334	0	0.333333333333333	-0.472817800889054	-0.234355196668882	1.49568073159927	0.139680368998275	0.104938271604938	FALSE	C_weak_or_non_dependent	FALSE	0.144439289138061	0.289557425044409
SHMT1	folate;serine/glycine/one-carbon	Tier 1	ENSG00000176974	162	-0.0692855002333555	-0.0546831044437997	0.253765664424913	0.125122629097277	0.0551341211924287	-0.922416479845458	0.69958459885498	1.62200107870044	0.00925925925925926	0.037037037037037	85	-0.0686264894542016	-0.0421302944867243	0.00588235294117647	0.0235294117647059	59	-0.0746144689790394	-0.04502799381906	0	0.0169491525423729	11	-0.0250858432030069	-0.0201362449387701	0.0909090909090909	0.0909090909090909	4	-0.0982268268541477	-0.0993084282332354	0	0	3	-0.872523353681871	-0.667401281980009	0	0.666666666666667	-0.472817800889054	-0.0564832120017744	2.17657849392459	0.121845472634193	0.104938271604938	FALSE	C_weak_or_non_dependent	FALSE	0.144439289138061	0.289557425044409
TUBA3C	iron	Tier 1	ENSG00000198033	162	-0.0691380009437699	-0.0586455180291201	0.252634347640445	0.125111983106178	0.049989636578425	-0.691795467862021	0.562933810325408	1.25472927818743	0	0.037037037037037	85	-0.0941746406571393	-0.0872971522188257	0	0.0352941176470588	59	-0.0337318462272722	-0.00506285272945586	0	0.0169491525423729	11	-0.0568053021187279	-0.0715285406793704	0	0.0909090909090909	4	-0.100079505898742	-0.0691477630724748	0	0	3	-0.151019880575537	-0.239400890438802	0	0.333333333333333	-0.472817800889054	0.0714229629999615	0.436517477568148	0.154791963217376	0.104938271604938	FALSE	C_weak_or_non_dependent	FALSE	0.144439289138061	0.289557425044409
GNG13	glutamine/glutamate	Tier 1	ENSG00000127588	162	0.0533366731112088	0.0606094350172091	0.241767736573739	0.125052357376319	0.0549572782916957	-0.622987186951891	0.940149127911964	1.56313631486386	0	0.00617283950617284	85	0.0927382485866177	0.109015631030657	0	0	59	-0.00551888102708566	0.00215162006760414	0	0.0169491525423729	11	-0.020785389368244	0.0291529998288768	0	0	4	0.0153500171338661	0.0278583228682739	0	0	3	0.132663138573454	-0.00222067946579545	0	0	-0.472817800889054	0.589743401732492	1.73980709226088	0.172871455506078	0.104938271604938	FALSE	C_weak_or_non_dependent	FALSE	0.144439289138061	0.289557425044409
VLDLR	glycolysis	Tier 2	ENSG00000147852	162	-0.070037665421393	-0.0578565019814639	0.259381698199235	0.125015737493349	0.0444894370477651	-0.647962036865522	0.577513422284159	1.22547545914968	0.0185185185185185	0.0185185185185185	85	-0.071444262793664	-0.0553678745295816	0.0352941176470588	0.0235294117647059	59	-0.0984203995767442	-0.0610147060727976	0	0	11	0.0116529256722331	-0.0521172802566651	0	0.0909090909090909	4	-0.0699611685930556	-0.0648390398516719	0	0	3	-0.166505124277761	-0.0779900284858839	0	0	-0.472817800889054	0.332770170837055	0.468337747315999	0.170226186579341	0.104938271604938	FALSE	C_weak_or_non_dependent	FALSE	0.144439289138061	0.289557425044409
NDUFV3	OXPHOS;glycolysis	Tier 1;Tier 2	ENSG00000160194	162	0.0113392325937804	0.0124142309748233	0.250854209615278	0.124980216547767	0.0572640124109128	-0.670892862102454	0.883036267100283	1.55392912920274	0	0.0185185185185185	85	0.0224459143828641	0.00515422271211101	0	0.0235294117647059	59	-0.00260933043355255	0.0153313712259451	0	0	11	-0.0496006679572895	-0.108694333548166	0	0.0909090909090909	4	0.0639803408965754	0.0592414671471583	0	0	3	0.666370371741016	0.542372461834126	0	0	-0.472817800889054	0.544057429740141	1.75654322281569	0.165871565852572	0.104938271604938	FALSE	C_weak_or_non_dependent	FALSE	0.144439289138061	0.289557425044409
UGCG	sphingolipid	Tier 1	ENSG00000148154	162	-0.0665843530866296	-0.054868886747331	0.246658475143415	0.124965652784572	0.0578253650774297	-0.731887929458207	0.795153409042649	1.52704133850086	0.0123456790123457	0.0308641975308642	85	-0.0362443616566583	-0.0433995170545059	0.0117647058823529	0.0352941176470588	59	-0.099356616980225	-0.0728642427962334	0.0169491525423729	0.0169491525423729	11	-0.0576870958316991	-0.0422364954565798	0	0	4	-0.0423002679265786	-0.0488406347449823	0	0	3	-0.262891866935434	-0.0802821298181826	0	0.333333333333333	-0.472817800889054	0.488200981593599	1.14418450470295	0.171970049817432	0.104938271604938	FALSE	C_weak_or_non_dependent	FALSE	0.144439289138061	0.289557425044409
SLC7A11	amino-acid transport	Tier 1	ENSG00000151012	162	0.168905169886318	0.155724919735264	0.248799374798376	0.124938688425621	0.0457063322570606	-0.485511498303263	0.769747892168932	1.25525939047219	0.0123456790123457	0.00617283950617284	85	0.176046622169042	0.159614742538572	0	0	59	0.167192440555782	0.154694882848461	0.0169491525423729	0.0169491525423729	11	0.182025130954867	0.123687561841155	0.0909090909090909	0	4	0.185228774827901	0.180026925138803	0	0	3	0.116531893511645	0.150838304155691	0	0	-0.472817800889054	-0.423126239210581	0.634220044880136	0.176213731877603	0.104938271604938	FALSE	C_weak_or_non_dependent	FALSE	0.144439289138061	0.289557425044409
FKBP4	glycolysis	Tier 2	ENSG00000004478	162	0.00781455010096442	-0.00655240606033072	0.257756318938035	0.12481425454839	0.0586366393807823	-1.01838245024909	0.677607551116831	1.69599000136592	0.0185185185185185	0.0432098765432099	85	0.0113220138934984	-0.008100961079486	0.0352941176470588	0.0588235294117647	59	-0.0223799932400924	-0.0170929937363256	0	0.0169491525423729	11	0.0348434272561803	0.0450185533405653	0	0	4	0.000680061004257854	0.0375204277870329	0	0	3	0.00390739671645697	-0.00323575248946881	0	0.333333333333333	-0.472817800889054	-0.852144346023867	2.87017150884125	0.193365143554725	0.104938271604938	FALSE	C_weak_or_non_dependent	FALSE	0.144439289138061	0.289557425044409
GLTP	sphingolipid	Tier 1	ENSG00000139433	162	-0.010158971012076	-0.0130469020915037	0.248873896951876	0.124793811338964	0.0578323722981004	-1.05326289316855	0.651838004511961	1.70510089768051	0.00308641975308642	0.037037037037037	85	-0.0386653888076821	-0.0344934240187318	0.00588235294117647	0.0352941176470588	59	0.0158146371019293	0.0140344493620663	0	0.0338983050847458	11	0.0136004662772319	-0.00663482615008527	0	0	4	-0.065847405689019	-0.00932345141814236	0	0	3	0.187520443098366	0.0335290945767312	0	0.333333333333333	-0.472817800889054	-0.396122984539862	2.249077610848	0.139289835432523	0.104938271604938	FALSE	C_weak_or_non_dependent	FALSE	0.144439289138061	0.289557425044409
PRKACB	glycolysis	Tier 2	ENSG00000142875	162	-0.00345796688470146	0.00612953756559445	0.23449104640879	0.124751790597233	0.0444488860972678	-0.739896603046459	0.564927057644793	1.30482366069125	0.00308641975308642	0.0123456790123457	85	0.0556838204907288	0.022286051844017	0	0.0117647058823529	59	-0.015449110015442	-0.0137831040435832	0.00847457627118644	0	11	-0.0562903675775563	-0.0131081048005381	0	0	4	0.068351468398137	0.0955593620780074	0	0	3	-0.0470185923134211	-0.108724826016616	0	0.333333333333333	-0.472817800889054	-0.24167132783625	0.969167476359729	0.15064357043143	0.104938271604938	FALSE	C_weak_or_non_dependent	FALSE	0.144439289138061	0.289557425044409
GBA2	sphingolipid	Tier 1	ENSG00000070610	162	-0.00680928495758613	-0.00334695400163958	0.251997046031656	0.1247226122703	0.0544049194625807	-0.971404798126454	0.851823317348815	1.82322811547527	0.00308641975308642	0.0185185185185185	85	-0.0371357087098242	-0.0283458528576293	0.00588235294117647	0.0352941176470588	59	0.000921935559616594	0.00820624240197416	0	0	11	0.0488046083629837	0.0306407412013013	0	0	4	0.00527030892333201	0.0349990750561531	0	0	3	0.548474072339283	0.301992729825825	0	0	-0.472817800889054	0.0854644436013247	2.70272518578717	0.114996321625225	0.104938271604938	FALSE	C_weak_or_non_dependent	FALSE	0.144439289138061	0.289557425044409
ALAS1	OXPHOS;serine/glycine/one-carbon	Tier 1;Tier 2	ENSG00000023330	162	-0.238546333252605	-0.255810362373534	0.241910433413786	0.12469751439734	0.0641793078878093	-1.31744947740283	0.761685338483444	2.07913481588628	0.101851851851852	0.135802469135802	85	-0.220912841569134	-0.224912727641668	0.0588235294117647	0.105882352941176	59	-0.266767638520688	-0.303243746314418	0.161016949152542	0.186440677966102	11	-0.325041179471688	-0.256150151613703	0.181818181818182	0.0909090909090909	4	-0.199384863581476	-0.159069709459429	0	0	3	-0.261935404179786	-0.326128438943846	0	0.333333333333333	-0.472817800889054	-0.347631711193521	3.12703608143549	0.122046751834347	0.104938271604938	FALSE	C_weak_or_non_dependent	FALSE	0.144439289138061	0.289557425044409
CUBN	vitamin B12	Tier 1	ENSG00000107611	162	0.0402303991281553	0.048316682049119	0.250942803867678	0.124691472795139	0.0458303278791786	-0.657246894273516	0.889872527536115	1.54711942180963	0	0.00617283950617284	85	0.00176951594753483	0.031000514833236	0	0	59	0.0576041522432763	0.0599145856780363	0	0	11	0.0894681665118792	0.131543471989151	0	0	4	-0.0204114024683084	0.00404439353366714	0	0	3	0.172963173842272	0.0647141367042472	0	0.333333333333333	-0.472817800889054	0.28669758710461	1.54980010962072	0.142272057295791	0.104938271604938	FALSE	C_weak_or_non_dependent	FALSE	0.144439289138061	0.289557425044409
ABCA2	cholesterol/isoprenoid	Tier 2	ENSG00000107331	162	-0.129950358668902	-0.107637415864736	0.247372733704109	0.124668527327601	0.0491545936122024	-0.72463892294009	1.19418549560277	1.91882441854286	0.00925925925925926	0.0308641975308642	85	-0.126476567893225	-0.104562957635434	0.0117647058823529	0.0588235294117647	59	-0.146052828529675	-0.112878701911835	0.00847457627118644	0	11	-0.0913739964356596	-0.0409669923495904	0	0	4	-0.212032065666863	-0.244685240437373	0	0	3	-0.232658107893261	-0.153396226894019	0	0	-0.472817800889054	1.31468633652024	6.60177923795933	0.215538962884458	0.104938271604938	FALSE	C_weak_or_non_dependent	FALSE	0.144439289138061	0.289557425044409
SHMT2	folate;serine/glycine/one-carbon	Tier 1	ENSG00000182199	162	0.0205209529080486	-0.00554168683554599	0.24472419394097	0.124657473911058	0.0516303734317711	-1.11025439681404	0.582458897656086	1.69271329447012	0.0185185185185185	0.0432098765432099	85	0.0231734696051644	-0.00812485815539317	0.0235294117647059	0.0470588235294118	59	-0.0116265856914127	-0.0273259653436074	0.0169491525423729	0.0338983050847458	11	0.158551068309404	0.117314841762944	0	0	4	0.0101583570358379	-0.0228160514345922	0	0	3	0.161761821410996	0.0686308591562651	0	0.333333333333333	-0.472817800889054	-1.13178286948316	3.76193564058825	0.232305944180876	0.104938271604938	FALSE	C_weak_or_non_dependent	FALSE	0.144439289138061	0.289557425044409
TNRC6C	cholesterol/isoprenoid	Tier 2	ENSG00000078687	162	-0.0496610340472741	-0.0335851488022473	0.247575861133898	0.124649740249931	0.0655311764320034	-0.968890861847185	1.05026675683465	2.01915761868184	0.0123456790123457	0.037037037037037	85	-0.0128983133461992	-0.000790998394567275	0.0117647058823529	0.0470588235294118	59	-0.0531094683764724	-0.052669224919009	0	0.0338983050847458	11	-0.153888160844218	-0.161107139956021	0.0909090909090909	0	4	0.0316398794807914	0.0421185552566946	0	0	3	-0.289673832403675	-0.220790217904953	0	0	-0.472817800889054	-0.0996688407880718	3.74394316895341	0.103047486218791	0.104938271604938	FALSE	C_weak_or_non_dependent	FALSE	0.144439289138061	0.289557425044409
NOS3	arginine	Tier 1	ENSG00000164867	162	-0.0509541516998946	-0.0435175680922529	0.247669573352089	0.124638416165668	0.039100607318056	-0.624300428350141	0.763064936970531	1.38736536532067	0.00617283950617284	0.0123456790123457	85	-0.0524389839679233	-0.0493095964558085	0.0117647058823529	0.0117647058823529	59	-0.114237087760951	-0.0644027445501257	0	0.0169491525423729	11	0.0196365891689895	0.0418201416722871	0	0	4	-0.088931014417251	-0.0915491043063316	0	0	3	0.105499446514094	0.282468818362114	0	0	-0.472817800889054	0.646043604420872	1.63297027703393	0.184321081181667	0.104938271604938	FALSE	C_weak_or_non_dependent	FALSE	0.144439289138061	0.289557425044409
ARNT2	cholesterol/isoprenoid	Tier 1	ENSG00000172379	162	-0.00458009893084596	-0.0107033663906144	0.248898748244111	0.124637346686064	0.0505558391356939	-0.685391236586178	0.587325286162634	1.27271652274881	0	0.0493827160493827	85	-0.00484471027821737	-0.0159965608009534	0	0.0588235294117647	59	-0.0144760429242838	-0.0297303395890053	0	0.0508474576271187	11	0.098118368478408	0.0540102558715848	0	0	4	-0.0283744820044429	-0.0207783913426037	0	0	3	0.402460315198837	0.2896176997786	0	0	-0.472817800889054	-0.321774868638201	0.589703619321427	0.166034975702258	0.104938271604938	FALSE	C_weak_or_non_dependent	FALSE	0.144439289138061	0.289557425044409
ALDH1A3	glycolysis	Tier 1	ENSG00000184254	162	0.0736195915972061	0.0767596145535159	0.235469808939922	0.124587534153346	0.0475635653556473	-0.675887380564555	0.849026605417372	1.52491398598193	0	0.0123456790123457	85	0.0542330788111654	0.0617670928287041	0	0.0235294117647059	59	0.0759190847431743	0.0776341486030944	0	0	11	0.196286783166574	0.087491336955692	0	0	4	0.128212898318755	0.166963012956521	0	0	3	0.218858780290637	0.324727713769487	0	0	-0.472817800889054	0.084879126649861	1.42139820164228	0.134686857076707	0.104938271604938	FALSE	C_weak_or_non_dependent	FALSE	0.144439289138061	0.289557425044409
SLC30A1	zinc	Tier 1	ENSG00000170385	162	0.0993882086189426	0.0847984205260561	0.241167698705726	0.124517544792803	0.058473795129201	-1.5687919252672	0.553856675505628	2.12264860077282	0.00617283950617284	0.0246913580246914	85	0.0895241313022121	0.0542555837886785	0.0117647058823529	0.0470588235294118	59	0.111994338672492	0.106226452230793	0	0	11	0.146341275987489	0.131952764594683	0	0	4	0.0466270789600705	0.0399778834478345	0	0	3	0.429549444498724	0.415622292411256	0	0	-0.472817800889054	-2.256505189134	12.7820851639693	0.323365259444847	0.104938271604938	FALSE	C_weak_or_non_dependent	FALSE	0.144439289138061	0.289557425044409
PLPPR3	sphingolipid	Tier 1	ENSG00000129951	162	-0.106011643219676	-0.120317540330829	0.235211146157468	0.124512480007139	0.0488842818829658	-1.0504306272341	0.693780316198126	1.74421094343222	0.00925925925925926	0.037037037037037	85	-0.0996077877916423	-0.122151953249255	0.0176470588235294	0.0588235294117647	59	-0.12316998095626	-0.110823137697168	0	0	11	-0.0910123494366606	-0.0835659350858412	0	0	4	-0.0533547265745193	-0.0614909045388889	0	0	3	-0.380471165550152	-0.468257159724949	0	0.333333333333333	-0.472817800889054	-0.405282309387007	2.82702455609972	0.131054367941897	0.104938271604938	FALSE	C_weak_or_non_dependent	FALSE	0.144439289138061	0.289557425044409
SLC16A10	amino-acid transport	Tier 1	ENSG00000112394	162	0.180071539990118	0.186747832474109	0.248677603926333	0.124500075493071	0.0504084543010833	-0.480747044730314	1.21278893647495	1.69353598120526	0	0.0123456790123457	85	0.16193973471427	0.182313754476046	0	0.0235294117647059	59	0.212873573626988	0.198490635333323	0	0	11	0.152824840857906	0.172782020261612	0	0	4	0.181218770970651	0.151035267528792	0	0	3	0.247155156004964	0.180262984227632	0	0	-0.472817800889054	0.578631185123476	2.85180532505264	0.149835550245998	0.104938271604938	FALSE	C_weak_or_non_dependent	FALSE	0.144439289138061	0.289557425044409
ACSL6	fatty-acid oxidation	Tier 1	ENSG00000164398	162	-0.00645313244546907	-0.00548774368229891	0.244038525634464	0.124434668365367	0.0464993768193232	-0.662171938946924	0.648884300062346	1.31105623900927	0.00617283950617284	0.0123456790123457	85	0.0128168643558339	-0.00213337701044522	0	0.0235294117647059	59	-0.0447381741551538	-0.0199255410788215	0.0169491525423729	0	11	0.00590031165120213	0.00429807384093094	0	0	4	-0.0190940836486609	0.000509474523082641	0	0	3	0.122084627758382	0.139537594221107	0	0	-0.472817800889054	0.285149107726331	0.731117177483899	0.159301072617462	0.104938271604938	FALSE	C_weak_or_non_dependent	FALSE	0.144439289138061	0.289557425044409
PARP8	NAD	Tier 1	ENSG00000151883	162	0.144019598876717	0.125010025977486	0.241687190688534	0.124349412038353	0.0526703951602327	-0.899777241548458	0.797480443552118	1.69725768510058	0	0.00617283950617284	85	0.148939670035618	0.121401314386692	0	0.0117647058823529	59	0.158832821667006	0.143192111489887	0	0	11	0.0567669382538291	0.0396220533308171	0	0	4	0.115310508086398	0.160778709449782	0	0	3	0.0924176232227371	0.135073494380834	0	0	-0.472817800889054	-0.5256671401591	2.41784421087172	0.150606645337416	0.104938271604938	FALSE	C_weak_or_non_dependent	FALSE	0.144439289138061	0.289557425044409
CD38	NAD	Tier 1	ENSG00000004468	162	-0.0642540871230547	-0.0532766247333451	0.249335469871354	0.124345082737548	0.0399954251285517	-0.589711605110224	0.60859521450085	1.19830681961107	0.00617283950617284	0.0185185185185185	85	-0.0384049786136121	-0.0432700104555269	0	0.0352941176470588	59	-0.0877660136671808	-0.0568787667789936	0.0169491525423729	0	11	-0.107407111926609	-0.124609565777483	0	0	4	-0.00590799634737999	-0.0121402953880141	0	0	3	-0.00174761605851059	-0.0592495576723803	0	0	-0.472817800889054	0.229139873018268	0.615233702819188	0.157750617046952	0.104938271604938	FALSE	C_weak_or_non_dependent	FALSE	0.144439289138061	0.289557425044409
ALDH2	BCAA;arginine;glycolysis;tryptophan	Tier 1	ENSG00000111275	162	0.104721014625944	0.0742332467462103	0.242575123172502	0.124330842841504	0.0782213292685622	-1.31796942772399	1.13583955921457	2.45380898693856	0.00617283950617284	0.0432098765432099	85	0.112416489780277	0.071537658683266	0.0117647058823529	0.0588235294117647	59	0.123919580937866	0.107071177157536	0	0	11	-0.0286387000970988	-0.0322735062381759	0	0.0909090909090909	4	0.0539169334383571	0.0586568342856178	0	0	3	0.0899861547746419	-0.0839110786695661	0	0.333333333333333	-0.472817800889054	-1.10135935830481	5.0649812069899	0.198979639629661	0.104938271604938	FALSE	C_weak_or_non_dependent	FALSE	0.144439289138061	0.289557425044409
NUBPL	OXPHOS	Tier 1	ENSG00000151413	162	0.0772214335425802	0.0294526163820937	0.25117532836991	0.124316456939484	0.0464146963726029	-0.608421755995951	0.631297121200721	1.23971887719667	0	0.0246913580246914	85	0.0682087355242822	0.0106429618703072	0	0.0470588235294118	59	0.0652878436945197	0.0432396810921595	0	0	11	0.0865067111730451	0.0426378708353518	0	0	4	0.0596297055331322	0.0595560342571704	0	0	3	0.23606546426024	0.20276339808937	0	0	-0.472817800889054	-0.54522256565465	0.321236365435245	0.203398585122915	0.104938271604938	FALSE	C_weak_or_non_dependent	FALSE	0.144439289138061	0.289557425044409
NDST3	glycolysis	Tier 2	ENSG00000164100	162	0.199117241360449	0.18263826301396	0.257698726160496	0.124287270612921	0.047689048526467	-0.68344178594251	0.695788475216075	1.37923026115859	0	0.0123456790123457	85	0.193660663447124	0.180855430607373	0	0.0117647058823529	59	0.202306192720562	0.190414371529148	0	0	11	0.219901472506763	0.191931568496804	0	0	4	0.202307559128978	0.215797988660833	0	0	3	0.208691788031589	0.00193329276899537	0	0.333333333333333	-0.472817800889054	-0.735960559322696	1.77935828728206	0.196735861266328	0.104938271604938	FALSE	C_weak_or_non_dependent	FALSE	0.144439289138061	0.289557425044409
ALDH1L2	folate	Tier 1	ENSG00000136010	162	-0.00562258342837564	0.0122483185321706	0.247249555171439	0.124256155680947	0.0380098716177595	-0.63029868176164	0.568239777535379	1.19853845929702	0.00617283950617284	0.0123456790123457	85	-0.00665378758203756	0.00929681215187928	0.0117647058823529	0.0235294117647059	59	-0.00578400991611499	0.00895720115799764	0	0	11	0.04827843804377	0.0398657530306851	0	0	4	0.0543274038798675	0.0467011720650584	0	0	3	0.148256236809293	0.013398576460758	0	0	-0.472817800889054	-0.18997094671415	0.640966323165679	0.154693523691125	0.104938271604938	FALSE	C_weak_or_non_dependent	FALSE	0.144439289138061	0.289557425044409
ATF3	cholesterol/isoprenoid	Tier 2	ENSG00000162772	162	-0.16832913051739	-0.153367603031077	0.256064056215513	0.124237071348151	0.0511073085624935	-0.714544752624295	0.930894630188159	1.64543938281245	0.0401234567901235	0.0679012345679012	85	-0.145429334851267	-0.133110349574049	0.0294117647058824	0.0823529411764706	59	-0.169202383272696	-0.158980510141646	0.0338983050847458	0.0169491525423729	11	-0.200383000078785	-0.232252734199267	0.0909090909090909	0.272727272727273	4	-0.230209507008387	-0.247706861553646	0	0	3	-0.354278752281732	-0.201904785492211	0.333333333333333	0	-0.472817800889054	0.738226214127731	3.21607554535369	0.166614011140368	0.104938271604938	FALSE	C_weak_or_non_dependent	FALSE	0.144439289138061	0.289557425044409
HK1	glycolysis	Tier 1	ENSG00000156515	162	-0.0120181184426599	-0.00171652976448129	0.245385524207798	0.124223741174018	0.0421722829318898	-0.930285766826706	0.509376903519016	1.43966267034572	0	0.0185185185185185	85	-0.0272827487181097	-0.0111507456678986	0	0.0352941176470588	59	0.00215925934580223	0.00447374646142956	0	0	11	0.0723182804752736	0.0505713093483239	0	0	4	0.0285715482104891	0.0332170253669683	0	0	3	-0.109828578097532	-0.0944559951994553	0	0	-0.472817800889054	-0.745729930723995	2.65964207948838	0.178527786274404	0.104938271604938	FALSE	C_weak_or_non_dependent	FALSE	0.144439289138061	0.289557425044409
CYBRD1	iron	Tier 1	ENSG00000071967	162	-0.135833470039201	-0.120608661751197	0.261904833894119	0.124212112346844	0.058061056907704	-0.766242191450101	1.22026480414695	1.98650699559705	0.037037037037037	0.0617283950617284	85	-0.113806036062392	-0.0720112107278202	0.0117647058823529	0.0588235294117647	59	-0.163449544362544	-0.176032524623869	0.0847457627118644	0.0847457627118644	11	-0.160515694016336	-0.225741020286652	0	0	4	-0.101410755001386	-0.117666198329581	0	0	3	-0.0153732898815668	-0.0259717741831698	0	0	-0.472817800889054	0.826984082855578	5.0613702079483	0.151456085048049	0.104938271604938	FALSE	C_weak_or_non_dependent	FALSE	0.144439289138061	0.289557425044409
IL13RA1	glycolysis	Tier 2	ENSG00000131724	162	-0.075221043760586	-0.0577446337323111	0.234573379128562	0.124197457143191	0.036510399516406	-0.666536585513165	0.767864717908182	1.43440130342135	0	0.00617283950617284	85	-0.0459863938044969	-0.0553404281083861	0	0.0117647058823529	59	-0.0740016912737085	-0.0564378973388331	0	0	11	-0.112032411194574	-0.116631213337519	0	0	4	-0.107589174266407	-0.100966225337226	0	0	3	0.0939841200080282	0.121983305210394	0	0	-0.472817800889054	0.453998052101297	1.7800081379375	0.153905296793999	0.104938271604938	FALSE	C_weak_or_non_dependent	FALSE	0.144439289138061	0.289557425044409
PNKD	OXPHOS	Tier 1	ENSG00000127838	162	0.00692521432702587	0.0174386971322493	0.249012732212039	0.124192333589579	0.0498278703116273	-0.668137296260587	0.646386249862927	1.31452354612351	0	0.0246913580246914	85	-1.06431677191696e-05	0.0259091350714855	0	0.0235294117647059	59	0.000936040553025895	0.000546951215917616	0	0.0338983050847458	11	0.0868959406933786	0.0130957848945972	0	0	4	0.0436310662484466	0.00803246509315637	0	0	3	0.0960463801419358	0.138112946131928	0	0	-0.472817800889054	0.0085238443762282	0.663596250009527	0.148813294793933	0.104938271604938	FALSE	C_weak_or_non_dependent	FALSE	0.144439289138061	0.289557425044409
MDH1	OXPHOS;TCA;glycolysis	Tier 1;Tier 2	ENSG00000014641	162	0.0129120670273432	0.00471785993144656	0.259658875321345	0.124163267069944	0.0603042498394449	-0.963117580412016	0.734767899339148	1.69788547975116	0.00617283950617284	0.037037037037037	85	-0.0533441972124085	-0.0448057849862273	0	0.0588235294117647	59	0.0757128382123702	0.0386041881494394	0.0169491525423729	0.0169491525423729	11	0.0986766925523957	0.0782870271651872	0	0	4	0.00415367259340573	0.0135271557112203	0	0	3	0.481689879749569	0.459957336748265	0	0	-0.472817800889054	-0.934448455768395	3.54930880872766	0.195001870455643	0.104938271604938	FALSE	C_weak_or_non_dependent	FALSE	0.144439289138061	0.289557425044409
SURF1	OXPHOS	Tier 1;Tier 2	ENSG00000148290	162	-0.122525784797751	-0.127964410909478	0.243938539648084	0.124070521581975	0.0574324234778857	-1.22977770621679	0.547206210884988	1.77698391710178	0.0493827160493827	0.0617283950617284	85	-0.148210752604414	-0.157543687524521	0.0470588235294118	0.0941176470588235	59	-0.116223769985679	-0.111420901958023	0.0677966101694915	0.0338983050847458	11	-0.0880839061558535	-0.0973686012578141	0	0	4	0.120416659852225	0.114992281766587	0	0	3	-0.15007007073858	-0.0513674751527212	0	0	-0.472817800889054	-0.715881225033903	2.47313554042694	0.177316675538511	0.104938271604938	FALSE	C_weak_or_non_dependent	FALSE	0.144439289138061	0.289557425044409
LBR	cholesterol/isoprenoid	Tier 1	ENSG00000143815	162	-0.00848398500401888	-0.0434978010821304	0.251753713175275	0.124045588004651	0.0659939551200387	-0.989910438364198	0.521460551133925	1.51137098949812	0.0308641975308642	0.0740740740740741	85	-0.00729414324144574	-0.0581424815931746	0.0352941176470588	0.0941176470588235	59	-0.0139364076851423	-0.026452685396365	0.0169491525423729	0.0508474576271187	11	-0.0188542715022304	-0.0519824834424496	0	0.0909090909090909	4	-0.0581071540594256	-0.0911914742167557	0.25	0	3	0.11168818894433	0.130916271078073	0	0	-0.472817800889054	-1.03562854773128	1.89899761216532	0.260507743931886	0.104938271604938	FALSE	C_weak_or_non_dependent	FALSE	0.144439289138061	0.289557425044409
H4C8	arginine	Tier 2	ENSG00000158406	162	0.128322412241062	0.143574371654595	0.247093046918949	0.123981544496954	0.0458478039495574	-0.407939354355635	0.971139565854864	1.3790789202105	0	0	85	0.125143798097859	0.160205375124767	0	0	59	0.145240606498179	0.13350048988877	0	0	11	0.0395740038931163	0.0730919753961077	0	0	4	-0.00270941398507361	0.0345611278418947	0	0	3	0.211345096438252	0.274268726092344	0	0	-0.472817800889054	0.537406322643944	1.19154758538363	0.177808729947726	0.104938271604938	FALSE	C_weak_or_non_dependent	FALSE	0.144439289138061	0.289557425044409
LDLRAP1	vitamin B12	Tier 1	ENSG00000157978	162	0.0361348926526021	0.0352072281398522	0.240911639173296	0.123964864624075	0.0434721616845802	-0.702960516744931	0.727405431737697	1.43036594848263	0	0.0185185185185185	85	0.0356522167667718	0.0506386526703622	0	0.0235294117647059	59	0.0381038484484801	0.0157698549306489	0	0.0169491525423729	11	0.0202119885824684	0.0406893338779943	0	0	4	0.0811532384432998	0.0708941067938974	0	0	3	-0.325396707698498	-0.087431686355514	0	0	-0.472817800889054	-0.170832290837411	1.43139093564859	0.13744233319254	0.104938271604938	FALSE	C_weak_or_non_dependent	FALSE	0.144439289138061	0.289557425044409
HK3	glycolysis	Tier 1	ENSG00000160883	162	0.103503132609475	0.126770810518557	0.236090250113744	0.123954000934049	0.0514440258457746	-0.567414400156893	1.02746606138287	1.59488046153976	0	0.00617283950617284	85	0.0954593786206557	0.106818738129999	0	0.0117647058823529	59	0.100893002063084	0.131106986565464	0	0	11	0.190195073965045	0.145952662070146	0	0	4	-0.00407201933309792	-0.00920858081815709	0	0	3	0.819478505700015	0.717773798698323	0	0	-0.472817800889054	0.813521032783782	2.85626645355272	0.186448858957698	0.104938271604938	FALSE	C_weak_or_non_dependent	FALSE	0.144439289138061	0.289557425044409
CYP11B1	cholesterol/isoprenoid	Tier 1	ENSG00000160882	162	-0.0127159172620528	-0.00558678700376884	0.23935710979506	0.123927261521786	0.0540478995134274	-0.94572474608887	0.606267552282483	1.55199229837135	0	0.0308641975308642	85	-0.0231525854810276	-0.011483811072171	0	0.0588235294117647	59	0.000920612624408905	-0.00693854622796428	0	0	11	0.0390042694813632	0.0178791720726165	0	0	4	-0.0287637361341603	-0.027935630225019	0	0	3	0.0633777643634494	0.13183676735839	0	0	-0.472817800889054	-0.792538665524602	3.31662124978149	0.173696571799627	0.104938271604938	FALSE	C_weak_or_non_dependent	FALSE	0.144439289138061	0.289557425044409
COX7A2	OXPHOS	Tier 1;Tier 2	ENSG00000112695	162	-0.100408192627495	-0.109772213198642	0.245230955319847	0.123857802127033	0.0469069650078693	-0.992808155604728	0.384739719020708	1.37754787462544	0.0185185185185185	0.0555555555555556	85	-0.128753731063102	-0.104619351857384	0	0.0470588235294118	59	-0.0571768401104659	-0.104179381122552	0.0508474576271187	0.0508474576271187	11	-0.11445793293093	-0.138421096503151	0	0.181818181818182	4	-0.0959425615743395	-0.137784105003214	0	0	3	-0.32242316491224	-0.223367220841419	0	0	-0.472817800889054	-0.651384726734448	1.67337927839454	0.184254004773217	0.104938271604938	FALSE	C_weak_or_non_dependent	FALSE	0.144439289138061	0.289557425044409
SPAG4	glycolysis	Tier 2	ENSG00000061656	162	-0.0103767502250723	-0.0184832667127444	0.243359759639077	0.123843187644153	0.0664124886566693	-1.5273794322343	0.844751319619922	2.37213075185422	0.00617283950617284	0.0246913580246914	85	-0.038499129911076	-0.0264670503006618	0.0117647058823529	0.0352941176470588	59	0.0204214879619008	0.00740448479082316	0	0.0169491525423729	11	-0.082047859007261	-0.0735064600615236	0	0	4	-0.0027300753392892	-0.00277592726482573	0	0	3	-0.0374337268863067	-0.120593254943615	0	0	-0.472817800889054	-1.51818988547573	8.74350790394431	0.223300625545793	0.104938271604938	FALSE	C_weak_or_non_dependent	FALSE	0.144439289138061	0.289557425044409
SUCLG1	OXPHOS;TCA	Tier 1;Tier 2	ENSG00000163541	162	-0.0424725169917274	-0.0254550723558792	0.261879679991219	0.123828506910153	0.0638269638825734	-0.887648247834885	0.915119078548127	1.80276732638301	0.0185185185185185	0.0432098765432099	85	-0.0148697919778232	-0.029366683476765	0.0352941176470588	0.0705882352941176	59	-0.060860395754363	-0.0170414660777542	0	0.0169491525423729	11	-0.0730529181754694	-0.0850903759744166	0	0	4	-0.0528949035736859	-0.052808455435984	0	0	3	0.419501777929874	0.175040276640872	0	0	-0.472817800889054	-0.0428103329671928	1.66631343921697	0.129720078543511	0.104938271604938	FALSE	C_weak_or_non_dependent	FALSE	0.144439289138061	0.289557425044409
GCLC	glycolysis	Tier 2	ENSG00000001084	162	0.0129677078667832	-0.0133895851501739	0.242780225124518	0.12382109500845	0.0455891823058747	-0.78328589126029	0.583735022438656	1.36702091369895	0	0.037037037037037	85	0.0184288528789252	-0.0139383037748058	0	0.0470588235294118	59	0.020830996324495	-0.011755451118081	0	0.0338983050847458	11	0.00750656285464129	-0.0259867900458854	0	0	4	-0.08646064679227	-0.103105282856842	0	0	3	0.0869874148050364	0.135830154809735	0	0	-0.472817800889054	-0.446169503340843	0.841210206153425	0.173829959812991	0.104938271604938	FALSE	C_weak_or_non_dependent	FALSE	0.144439289138061	0.289557425044409
GALE	glycolysis	Tier 2	ENSG00000117308	162	-0.0553860477242032	-0.0605467218806532	0.232040974728564	0.123785782891869	0.0509160449404951	-0.683128927285753	0.808032822831462	1.49116175011722	0.0123456790123457	0.037037037037037	85	-0.0538738598951511	-0.0539418305556584	0.0235294117647059	0.0588235294117647	59	-0.0547527098620788	-0.0651066561940276	0	0.0169491525423729	11	-0.198083250521557	-0.152305085606354	0	0	4	-0.0223368192486522	-0.0635522437662285	0	0	3	0.344274934848993	0.182448094915859	0	0	-0.472817800889054	0.171661737581269	1.39693835706374	0.138115737037726	0.104938271604938	FALSE	C_weak_or_non_dependent	FALSE	0.144439289138061	0.289557425044409
UCP1	OXPHOS	Tier 1	ENSG00000109424	162	-0.129713579425425	-0.115774493232052	0.23804162830514	0.123772344146793	0.0474834281636384	-0.815395773736342	0.560385235779432	1.37578100951577	0.0185185185185185	0.037037037037037	85	-0.157756719696327	-0.102018201022453	0	0.0470588235294118	59	-0.127851780360759	-0.117680450368812	0.0338983050847458	0	11	-0.114096487212692	-0.145555889589455	0.0909090909090909	0.0909090909090909	4	-0.17909274154879	-0.1461592847969	0	0	3	-0.314061582912425	-0.318340773417482	0	0.333333333333333	-0.472817800889054	0.283289484114647	1.29457861337701	0.146947191114134	0.104938271604938	FALSE	C_weak_or_non_dependent	FALSE	0.144439289138061	0.289557425044409
LDLR	cholesterol/isoprenoid	Tier 2	ENSG00000130164	162	-0.0900424163659297	-0.0750628722614766	0.227656215858325	0.123745741566948	0.0542998725558658	-0.834021679151181	0.971540392348878	1.80556207150006	0.0123456790123457	0.037037037037037	85	-0.12642277792628	-0.101694403629038	0.0235294117647059	0.0470588235294118	59	-0.0446732272960453	-0.0547151832279451	0	0.0169491525423729	11	-0.0179421217814026	0.0179828618088516	0	0.0909090909090909	4	-0.112807276137343	-0.117577499307597	0	0	3	0.0540227592461665	-0.00515555670308036	0	0	-0.472817800889054	0.570755138840412	2.69198719685419	0.15153795199145	0.104938271604938	FALSE	C_weak_or_non_dependent	FALSE	0.144439289138061	0.289557425044409
AMT	folate;serine/glycine/one-carbon	Tier 1	ENSG00000145020	162	-0.135579664518672	-0.138625410904676	0.236114585560991	0.123693973251624	0.0525443415623109	-1.14477674798506	0.933727113919539	2.0785038619046	0.0493827160493827	0.0493827160493827	85	-0.116002066703518	-0.123285805146466	0.0352941176470588	0.0470588235294118	59	-0.150504630053073	-0.1655261001961	0.0847457627118644	0.0508474576271187	11	-0.137867389902774	-0.147380449700377	0	0.0909090909090909	4	-0.149151642274127	-0.151339441220862	0	0	3	0.0270242081136227	0.00485316468319194	0	0	-0.472817800889054	-0.112251902298703	4.78843205261209	0.0933689381307257	0.104938271604938	FALSE	C_weak_or_non_dependent	FALSE	0.144439289138061	0.289557425044409
PLTP	cholesterol/isoprenoid	Tier 2	ENSG00000100979	162	0.0205230370057705	0.0332118991512274	0.236506809356399	0.123594514199617	0.0372335592186892	-0.472988455944168	0.664570435950908	1.13755889189508	0	0.00617283950617284	85	0.0511878954849854	0.0597659308235551	0	0	59	-0.0189309199486753	-0.0148154864572671	0	0.0169491525423729	11	-0.0450417393124956	-0.0103660183529872	0	0	4	0.178028489503966	0.180823562640583	0	0	3	0.246284383275529	0.188356398265316	0	0	-0.472817800889054	0.238186079483811	0.402825865955715	0.163592356582049	0.104938271604938	FALSE	C_weak_or_non_dependent	FALSE	0.144439289138061	0.289557425044409
MAFG	PPP	Tier 2	ENSG00000197063	162	0.00239905895873747	0.00814269030996334	0.245207488572841	0.12345858409339	0.0564230323769398	-0.797586182389942	0.811929177044265	1.60951535943421	0.00617283950617284	0.0246913580246914	85	-0.0245246608782137	-0.00566746461670004	0	0.0235294117647059	59	0.046312546218568	-0.00205799829299193	0.0169491525423729	0.0338983050847458	11	0.0162076985983062	0.0974841525912985	0	0	4	-0.0361729272880415	-0.0606524070220211	0	0	3	0.26412924547474	0.364185390501296	0	0	-0.472817800889054	0.260244868174034	1.72008951214307	0.137296298256896	0.104938271604938	FALSE	C_weak_or_non_dependent	FALSE	0.144439289138061	0.289557425044409
PRMT7	arginine	Tier 2	ENSG00000132600	162	-0.197834923886183	-0.214933773301217	0.247927630100371	0.123439558530789	0.0485617602755658	-1.03032388896286	0.433390033639031	1.46371392260189	0.101851851851852	0.12962962962963	85	-0.212615066967271	-0.247089665905879	0.129411764705882	0.176470588235294	59	-0.158515495769275	-0.169749771928621	0.076271186440678	0.0677966101694915	11	-0.221156849465339	-0.164058771451325	0	0	4	-0.260994270815366	-0.236541509160822	0	0	3	-0.503237473226742	-0.350200202133629	0.333333333333333	0.666666666666667	-0.472817800889054	-0.562226465135287	1.37074552112887	0.177193457641785	0.104938271604938	FALSE	C_weak_or_non_dependent	FALSE	0.144439289138061	0.289557425044409
GRM6	glutamine/glutamate	Tier 1	ENSG00000113262	162	-0.0180566975430025	-0.021916431726664	0.260937969385142	0.123438728073265	0.038073875351585	-0.518091879302793	0.47651303417898	0.994604913481773	0.00617283950617284	0.0123456790123457	85	0.0120245742970285	-0.00564779270630908	0.0117647058823529	0.0117647058823529	59	-0.0263375971945503	-0.037987835011143	0	0	11	-0.0153628150440821	-0.0335407671664867	0	0	4	-0.0366164672615888	0.00339196838951842	0	0	3	-0.343630244607688	-0.157912242917526	0	0.333333333333333	-0.472817800889054	-0.0250593645189419	-0.0762526070500926	0.16731596744566	0.104938271604938	FALSE	C_weak_or_non_dependent	FALSE	0.144439289138061	0.289557425044409
ACMSD	tryptophan	Tier 1	ENSG00000153086	162	-0.13977487811644	-0.122633079947549	0.245114370372288	0.123395063488417	0.046812773452851	-0.928270575120083	0.483261106447476	1.41153168156756	0.0493827160493827	0.0308641975308642	85	-0.140631793609546	-0.115965045863188	0.0352941176470588	0.0352941176470588	59	-0.126536461847679	-0.129803977198915	0.0508474576271187	0.0169491525423729	11	-0.118266257522726	-0.128034599151842	0.0909090909090909	0.0909090909090909	4	-0.172422241385451	-0.20255280824693	0.25	0	3	-0.0529006228408352	-0.0441678582460127	0	0	-0.472817800889054	0.017018376838862	1.36895195274001	0.134706919827442	0.104938271604938	FALSE	C_weak_or_non_dependent	FALSE	0.144439289138061	0.289557425044409
CLDN3	glycolysis	Tier 2	ENSG00000165215	162	0.0562332745727801	0.0511394103954968	0.259602220527225	0.123365782624939	0.0606752772729981	-0.637337245574977	1.05069105498844	1.68802830056341	0.00617283950617284	0.0185185185185185	85	0.0523992801720311	0.0495729940742291	0.0117647058823529	0.0235294117647059	59	0.0946437512717441	0.0456486284947524	0	0.0169491525423729	11	0.0190546116958566	0.105010111355997	0	0	4	0.0138240150978475	0.0298020055303947	0	0	3	0.0555433260049973	0.0344305531776899	0	0	-0.472817800889054	0.623673195310845	2.32606750603151	0.165692852429414	0.104938271604938	FALSE	C_weak_or_non_dependent	FALSE	0.144439289138061	0.289557425044409
PLPPR5	sphingolipid	Tier 1	ENSG00000117598	162	0.00775232442369127	0.00147170417144189	0.240017325686182	0.12334786127834	0.0635252176369449	-0.883477772255019	1.22860341711072	2.11208118936574	0	0.037037037037037	85	0.000851605619264828	-0.012679555861851	0	0.0588235294117647	59	0.0114582130051279	0.00971976216250757	0	0	11	0.146930848574953	0.0395133693919224	0	0.0909090909090909	4	0.0533068919814247	0.0253457871316155	0	0	3	-0.0981205462858713	0.0688940482017894	0	0	-0.472817800889054	0.26398272374445	3.96157144290411	0.10677336581977	0.104938271604938	FALSE	C_weak_or_non_dependent	FALSE	0.144439289138061	0.289557425044409
AKR1C1	cholesterol/isoprenoid	Tier 1	ENSG00000187134	162	0.105940283953431	0.0943732193148823	0.259754695624555	0.12330951439851	0.0573474574492897	-0.625964580076967	0.761740076599157	1.38770465667612	0	0.0185185185185185	85	0.138902557674425	0.107464395404349	0	0.0235294117647059	59	0.0907755754373853	0.0741015356239564	0	0.0169491525423729	11	0.0514690009626134	0.0534504688608599	0	0	4	0.222785930420893	0.227162839791526	0	0	3	0.118184151685409	0.0951302670641013	0	0	-0.472817800889054	-0.177760948567024	0.874544089149131	0.148832693262352	0.104938271604938	FALSE	C_weak_or_non_dependent	FALSE	0.144439289138061	0.289557425044409
MOV10	cholesterol/isoprenoid	Tier 2	ENSG00000155363	162	-0.0699199221456769	-0.0861098295576922	0.242459529618045	0.123262828366627	0.0580002697942857	-1.13469882713013	0.523129555570555	1.65782838270069	0.0123456790123457	0.0555555555555556	85	-0.0919650397538759	-0.104947972924665	0	0.0705882352941176	59	-0.0437175765312201	-0.0473897955024327	0.0169491525423729	0.0169491525423729	11	-0.194680224608645	-0.156999724530266	0.0909090909090909	0.0909090909090909	4	0.00873729830297569	-0.0162609589457316	0	0	3	-0.0170995181691072	-0.14705864983006	0	0.333333333333333	-0.472817800889054	-0.76179417757472	2.57958336951114	0.182986862623816	0.104938271604938	FALSE	C_weak_or_non_dependent	FALSE	0.144439289138061	0.289557425044409
SLC39A8	zinc	Tier 1	ENSG00000138821	162	-0.0438080952708344	-0.0479228534918564	0.244518971869729	0.123228144930679	0.0518696303472458	-0.813894989251981	0.74856882798392	1.5624638172359	0.00617283950617284	0.0308641975308642	85	-0.0276068514009533	-0.0303938569439193	0	0.0352941176470588	59	-0.056273282153979	-0.0585411525668757	0	0.0169491525423729	11	-0.000522161033543266	-0.133345805503936	0.0909090909090909	0.0909090909090909	4	-0.0452307533287972	-0.0299228040720492	0	0	3	-0.08276683218851	-0.0465337823901477	0	0	-0.472817800889054	-0.215477218348816	1.41351532866829	0.140079950324975	0.104938271604938	FALSE	C_weak_or_non_dependent	FALSE	0.144439289138061	0.289557425044409
PMVK	cholesterol/isoprenoid	Tier 1;Tier 2	ENSG00000163344	162	-0.390763719367451	-0.420401641105566	0.26195985313144	0.123067892471513	0.0580885186124181	-1.19305957822705	0.249407371952327	1.44246695017938	0.299382716049383	0.351851851851852	85	-0.431331694970944	-0.443101113414382	0.3	0.4	59	-0.389736904859125	-0.404678169359868	0.305084745762712	0.322033898305085	11	-0.349240156688176	-0.384714467218124	0.181818181818182	0.181818181818182	4	-0.454579884613575	-0.443183759553777	0.75	0.5	3	-0.199077415745673	-0.186955016344174	0	0	-0.472817800889054	-0.520543055620922	1.40078361836484	0.170427645548821	0.104938271604938	FALSE	C_weak_or_non_dependent	FALSE	0.144439289138061	0.289557425044409
SLC25A27	OXPHOS	Tier 1	ENSG00000153291	162	-0.192582627723032	-0.196445085720335	0.246208729383239	0.123061549837544	0.0852376192528631	-1.22297244117116	0.868523106841632	2.09149554801279	0.104938271604938	0.123456790123457	85	-0.207412129071806	-0.193627867465133	0.129411764705882	0.164705882352941	59	-0.197725841518237	-0.219175092831843	0.101694915254237	0.101694915254237	11	-0.180131323613541	-0.125618660224471	0	0	4	-0.143508602746325	-0.150254479157126	0	0	3	-0.213725316151799	-0.150527165327203	0	0	-0.472817800889054	-0.401638960108313	2.56265854751813	0.134732871875039	0.104938271604938	FALSE	C_weak_or_non_dependent	FALSE	0.144439289138061	0.289557425044409
ACSL4	fatty-acid oxidation	Tier 1	ENSG00000068366	162	-0.122666402386516	-0.131410375756159	0.251880045130933	0.12305392133124	0.0731662469386251	-1.65347210024063	0.618867316326053	2.27233941656669	0.0277777777777778	0.0679012345679012	85	-0.086700334027818	-0.101494984989052	0.0411764705882353	0.0823529411764706	59	-0.168786673456807	-0.179937556067908	0.0169491525423729	0.0677966101694915	11	-0.154874277935582	-0.137042587652049	0	0	4	-0.0188654069320033	-0.0150895539086676	0	0	3	-0.192870945033163	-0.159088220204888	0	0	-0.472817800889054	-1.4687237749761	6.74628278718433	0.246594424832514	0.104938271604938	FALSE	C_weak_or_non_dependent	FALSE	0.144439289138061	0.289557425044409
MTHFD1L	folate;serine/glycine/one-carbon	Tier 1	ENSG00000120254	162	-0.00826951992847017	-0.00162282592775283	0.243959699427572	0.123044609192444	0.0551718352786324	-0.993733166992486	0.569954769329166	1.56368793632165	0.00617283950617284	0.0308641975308642	85	-0.0347024169178943	0.00413730594190596	0.0117647058823529	0.0352941176470588	59	0.0391340153660292	0.00794707060190322	0	0.0169491525423729	11	0.0460354997718057	0.0588657636966211	0	0	4	-0.0945080997423242	-0.0869015884901646	0	0	3	-0.228601451263623	-0.461121005857476	0	0.333333333333333	-0.472817800889054	-0.399016502963831	1.71739677294993	0.149111976354916	0.104938271604938	FALSE	C_weak_or_non_dependent	FALSE	0.144439289138061	0.289557425044409
ACAD11	fatty-acid oxidation	Tier 1	ENSG00000240303	162	-0.0247098464845884	-0.0211609595805547	0.241444227780504	0.123038456649057	0.0600203096293221	-1.09389360636881	0.953327384566423	2.04722099093524	0.0123456790123457	0.0246913580246914	85	-0.0251018653954464	0.00504077139836654	0	0.0117647058823529	59	-0.0220218903721809	-0.0338618201742608	0.0169491525423729	0.0169491525423729	11	-0.00943470690888352	-0.0448075543444196	0	0	4	-0.10993535472367	-0.0939815225415289	0	0	3	-0.474472894343268	-0.329961480891634	0.333333333333333	0.666666666666667	-0.472817800889054	0.0294489447852412	3.55387165518924	0.104142086087228	0.104938271604938	FALSE	C_weak_or_non_dependent	FALSE	0.144439289138061	0.289557425044409
SIRT4	OXPHOS	Tier 1	ENSG00000089163	162	-0.0107394255143748	-0.0140137537635008	0.253322352684557	0.123037499401552	0.0478900282258223	-0.836586993627394	0.547592494839378	1.38417948846677	0.00617283950617284	0.0432098765432099	85	-0.0197900482027789	-0.039553999837927	0.0117647058823529	0.0588235294117647	59	0.014237605670521	0.0327792175156487	0	0.0169491525423729	11	-0.0499419080977284	0.0535154549953175	0	0	4	-0.126570794713012	-0.09947117907575	0	0	3	-0.465833984387403	-0.344299081844031	0	0.333333333333333	-0.472817800889054	-0.445705240653957	1.16146437038846	0.166060163893117	0.104938271604938	FALSE	C_weak_or_non_dependent	FALSE	0.144439289138061	0.289557425044409
GLS	arginine;glutamine/glutamate	Tier 1	ENSG00000115419	162	-0.000392847267452967	0.00936497949521354	0.242814707688551	0.123019732230525	0.0500899502772671	-0.620831363731091	1.25114064541504	1.87197200914614	0.00617283950617284	0.0123456790123457	85	0.015632405363041	0.0340724760817533	0	0.0235294117647059	59	-0.00235282863168015	-0.00973866035359859	0.0169491525423729	0	11	-0.0673975485621734	-0.0774211716702804	0	0	4	0.0133652851655645	0.0159636343178683	0	0	3	-0.0322868422938351	-0.00555815892016974	0	0	-0.472817800889054	1.12047529165352	5.58070724376339	0.193811269694622	0.104938271604938	FALSE	C_weak_or_non_dependent	FALSE	0.144439289138061	0.289557425044409
TAS1R2	glutamine/glutamate	Tier 1	ENSG00000179002	162	-0.0306274021409677	-0.0261447080822654	0.243442652205034	0.122963243971785	0.0358581830386671	-0.531577665732289	0.589701985362025	1.12127965109431	0	0.0185185185185185	85	-0.0268334629707182	-0.0158381982292552	0	0.0352941176470588	59	-0.045734393181678	-0.0420788819173582	0	0	11	0.0121645173501701	-0.034901298547213	0	0	4	-0.0138011036513428	-0.0727034497002037	0	0	3	0.0447228071928816	0.0893954187013314	0	0	-0.472817800889054	0.167706040339592	0.490975158770323	0.15702090955624	0.104938271604938	FALSE	C_weak_or_non_dependent	FALSE	0.144439289138061	0.289557425044409
GBA1	sphingolipid	Tier 1	ENSG00000177628	162	0.00317905972699861	-0.0199607154523388	0.232422193678833	0.122957107267898	0.0637947084207981	-1.13082625232464	0.938364036217166	2.06919028854181	0.0123456790123457	0.037037037037037	85	-0.012949053278636	-0.0317026518430536	0.0235294117647059	0.0588235294117647	59	0.00120837026147457	-0.0295839194071237	0	0.0169491525423729	11	0.0709112589386824	0.102377512122806	0	0	4	-0.0463515941123742	-0.0876602107239626	0	0	3	0.127581382470787	0.143676319315318	0	0	-0.472817800889054	-0.263911877148742	3.46090474466668	0.112386159020941	0.104938271604938	FALSE	C_weak_or_non_dependent	FALSE	0.144439289138061	0.289557425044409
HIBADH	BCAA	Tier 1	ENSG00000106049	162	-0.13549105631072	-0.111926557388041	0.260831165378745	0.122930966729294	0.0641216959519519	-0.830091178994301	0.912996532346548	1.74308771134085	0.0246913580246914	0.0555555555555556	85	-0.115585003303416	-0.0958283267249204	0.0235294117647059	0.0352941176470588	59	-0.151684573284554	-0.160529190070297	0.0169491525423729	0.101694915254237	11	-0.0447640903937564	-0.00762802002645976	0.0909090909090909	0	4	-0.232970535953418	-0.210607430229819	0	0	3	-0.0408631911269902	0.136955210037843	0	0	-0.472817800889054	0.633707438356125	2.03737507904717	0.173161398487701	0.104938271604938	FALSE	C_weak_or_non_dependent	FALSE	0.144439289138061	0.289557425044409
SLC39A5	zinc	Tier 1	ENSG00000139540	162	-0.000562286651196968	-0.00365479407574141	0.233215703997245	0.122922387230818	0.069769385678904	-1.16027802251106	0.882693508615962	2.04297153112702	0.0123456790123457	0.0493827160493827	85	0.0117776207976459	0.0250012325214617	0	0.0588235294117647	59	-0.060922858731645	-0.0400533441016288	0	0.0169491525423729	11	0.049624374482566	-0.0461558470561629	0.181818181818182	0.0909090909090909	4	0.116279476751967	0.119518114947215	0	0	3	0.0177659138746368	-0.10813074825644	0	0.333333333333333	-0.472817800889054	-0.354113981650961	3.12304803842056	0.122595309501264	0.104938271604938	FALSE	C_weak_or_non_dependent	FALSE	0.144439289138061	0.289557425044409
COA1	OXPHOS	Tier 1	ENSG00000106603	162	-0.129502309958698	-0.12769551498445	0.245949252834533	0.122919775733244	0.0509557934064268	-1.15577712928984	0.636212111894901	1.79198924118474	0.0277777777777778	0.0493827160493827	85	-0.14970178182013	-0.140067039233859	0.0352941176470588	0.0823529411764706	59	-0.123316852761296	-0.133020549691817	0.0254237288135593	0.0169491525423729	11	-0.122151761961943	-0.102571716882481	0	0	4	-0.0645377160119095	-0.080243864627271	0	0	3	0.0183318741648152	0.172167227810217	0	0	-0.472817800889054	-0.205038427266406	2.86270864599661	0.116828173600125	0.104938271604938	FALSE	C_weak_or_non_dependent	FALSE	0.144439289138061	0.289557425044409
FA2H	sphingolipid	Tier 1	ENSG00000103089	162	0.0835548515477614	0.0749849405696144	0.244373882374542	0.122909903587317	0.0400441726662405	-0.499363767223535	0.684418553789985	1.18378232101352	0.00617283950617284	0.00617283950617284	85	0.0799778170401393	0.0734412694636353	0	0	59	0.0745160487652192	0.0612856667095994	0.0169491525423729	0.0169491525423729	11	0.10686308771076	0.139242967131497	0	0	4	0.0780634268732861	0.111923873386125	0	0	3	0.2096040770378	0.103276666670401	0	0	-0.472817800889054	-0.143167553274632	0.184888610306382	0.163498984698556	0.104938271604938	FALSE	C_weak_or_non_dependent	FALSE	0.144439289138061	0.289557425044409
ALPP	folate	Tier 1	ENSG00000163283	162	0.206676459233675	0.189927407428185	0.248958966028698	0.122898160462978	0.043183778481113	-0.709970985314763	0.970947761618613	1.68091874693338	0	0.00617283950617284	85	0.222145496815959	0.185941568091924	0	0.0117647058823529	59	0.198964121547314	0.188486998605216	0	0	11	0.149232904215795	0.195540457247713	0	0	4	0.318365486411399	0.333026542236383	0	0	3	0.0683356764167186	0.119807533058084	0	0	-0.472817800889054	-0.496914893022793	2.56295445493561	0.144660238826584	0.104938271604938	FALSE	C_weak_or_non_dependent	FALSE	0.144439289138061	0.289557425044409
ACSM3	fatty-acid oxidation	Tier 1	ENSG00000005187	162	0.114510543934528	0.0856419988347976	0.24126156707251	0.122889358382833	0.0613725607636833	-1.48825630862686	0.623694578800528	2.11195088742739	0.0123456790123457	0.0185185185185185	85	0.12699746031773	0.105636271303689	0.0235294117647059	0.0235294117647059	59	0.0765867843855209	0.053394171066009	0	0.0169491525423729	11	-0.0411620872615416	-0.00705045223621556	0	0	4	0.167675903050443	0.160143925563971	0	0	3	0.426833101973723	0.393881309957207	0	0	-0.472817800889054	-1.80527887524635	9.50930932993324	0.273610646781888	0.104938271604938	FALSE	C_weak_or_non_dependent	FALSE	0.144439289138061	0.289557425044409
SLC7A2	amino-acid transport	Tier 1	ENSG00000003989	162	0.13010949886958	0.124910306027522	0.243458210657652	0.122850037996617	0.0724320118121069	-0.928200472217234	1.05505220798416	1.98325268020139	0	0.0246913580246914	85	0.124530227210641	0.10974298072348	0	0.0352941176470588	59	0.131764599554231	0.139918081879923	0	0	11	0.214345873872571	0.185004551070652	0	0.0909090909090909	4	0.213769998231814	0.189826348325906	0	0	3	-0.00927706408709636	-0.0474020236778167	0	0	-0.472817800889054	-0.155681187445739	2.26325106734332	0.123105767410323	0.104938271604938	FALSE	C_weak_or_non_dependent	FALSE	0.144439289138061	0.289557425044409
PPM1K	BCAA	Tier 1;Tier 2	ENSG00000163644	162	0.00779893941621669	0.00829885947824678	0.236057230779248	0.122788909224193	0.0634678773255508	-1.30495047563276	0.64458125836458	1.94953173399734	0.0154320987654321	0.037037037037037	85	0.0158650157615759	0.0342806535919484	0.0176470588235294	0.0352941176470588	59	-0.0216064529013956	-0.0114126180913629	0	0.0169491525423729	11	0.0175038042723214	0.0112228834351024	0	0.0909090909090909	4	-0.0113090137771518	-0.0526020883188585	0	0	3	0.133439485251932	-0.269713072319972	0.333333333333333	0.333333333333333	-0.472817800889054	-0.804835797627694	4.07286073603002	0.162668172341339	0.104938271604938	FALSE	C_weak_or_non_dependent	FALSE	0.144439289138061	0.289557425044409
SMPD3	sphingolipid	Tier 1	ENSG00000103056	162	-0.00242679810520078	-0.017855679483052	0.250607797004477	0.122771718592075	0.0593898540912989	-0.95649155253114	0.658352772979176	1.61484432551032	0.00617283950617284	0.0432098765432099	85	-0.00303761908706188	-0.0209974598640866	0	0.0588235294117647	59	-0.00597987074804104	-0.0077468451973888	0.0169491525423729	0.0169491525423729	11	0.00824322466353638	0.0493501266768453	0	0	4	-0.000826471611362971	-0.0527583983254532	0	0	3	-0.0242823916501316	-0.327529973768204	0	0.333333333333333	-0.472817800889054	-0.60007816981886	1.40985485081349	0.182157619490108	0.104938271604938	FALSE	C_weak_or_non_dependent	FALSE	0.144439289138061	0.289557425044409
NIBAN1	cholesterol/isoprenoid	Tier 2	ENSG00000135842	162	-0.179441362931373	-0.197847562982529	0.248087169242165	0.122761084043556	0.0591834340517795	-1.28377015359461	0.445534084653927	1.72930423824853	0.058641975308642	0.0802469135802469	85	-0.174127928726702	-0.208895374091599	0.0705882352941176	0.0941176470588235	59	-0.21102538388816	-0.211227031182001	0.0593220338983051	0.0847457627118644	11	-0.111510894262176	-0.0918110527972395	0	0	4	-0.264207982089485	-0.240346198888702	0	0	3	0.00756838541650123	0.0461676035595771	0	0	-0.472817800889054	-0.748873039506845	3.39514748586146	0.165132504367128	0.104938271604938	FALSE	C_weak_or_non_dependent	FALSE	0.144439289138061	0.289557425044409
CSKMT	OXPHOS;TCA	Tier 1;Tier 2	ENSG00000214756	162	-0.0206894423565875	-0.0236338989749848	0.2449595295096	0.122706484409631	0.0609786945179966	-0.887074099733593	0.942365627296694	1.82943972703029	0.00308641975308642	0.0185185185185185	85	-0.00981580439657893	-0.00376675531749378	0.00588235294117647	0.0235294117647059	59	-0.0574788320380992	-0.057338093419094	0	0.0169491525423729	11	-0.148385613014575	-0.0275431741552435	0	0	4	0.0631683233679728	0.045614692363959	0	0	3	0.103759566135246	-0.00168459132739098	0	0	-0.472817800889054	0.523648721003031	2.83779999579745	0.143257617088107	0.104938271604938	FALSE	C_weak_or_non_dependent	FALSE	0.144439289138061	0.289557425044409
FUT5	sphingolipid	Tier 1	ENSG00000130383	162	0.0395106242829456	0.0144782729319983	0.249809539539738	0.122697455314186	0.0542269531540355	-1.08917150991615	0.608381394522592	1.69755290443874	0.00617283950617284	0.0246913580246914	85	0.0405559341623395	0.00810219398262518	0.0117647058823529	0.0470588235294118	59	0.0384653144035517	0.0236885877380254	0	0	11	0.0426198011990009	0.0429244335800801	0	0	4	0.107997671529888	0.074860096672042	0	0	3	-0.173193263596899	-0.170814035383986	0	0	-0.472817800889054	-0.966199914750723	3.31474865948928	0.206322188672959	0.104938271604938	FALSE	C_weak_or_non_dependent	FALSE	0.144439289138061	0.289557425044409
HS6ST2	glycolysis	Tier 2	ENSG00000171004	162	-0.0231478370516131	-0.0538068765583329	0.242329689519874	0.122666579686863	0.0520101162673107	-0.83815306004417	0.697267156215769	1.53542021625994	0.00617283950617284	0.037037037037037	85	-0.020377277413744	-0.0516209206292781	0.0117647058823529	0.0470588235294118	59	-0.0238182066288233	-0.0414688515981409	0	0.0169491525423729	11	-0.0113098346367589	-0.0295022713327116	0	0	4	-0.136263926866599	-0.135166595562169	0	0	3	-0.285128339769814	-0.339027379254156	0	0.333333333333333	-0.472817800889054	-0.315417157629744	1.48330739090956	0.145820124875636	0.104938271604938	FALSE	C_weak_or_non_dependent	FALSE	0.144439289138061	0.289557425044409
GNG4	glutamine/glutamate	Tier 1	ENSG00000168243	162	-0.0224716956532736	-0.0425160558662847	0.244155096698625	0.122645002096416	0.0547915915272434	-0.786749684592723	0.817045177679859	1.60379486227258	0.00925925925925926	0.0432098765432099	85	-0.0572816245989833	-0.087378388627627	0.00588235294117647	0.0705882352941176	59	0.0314782848674272	0.0316963428876804	0.0169491525423729	0.0169491525423729	11	-0.00419380712275279	-0.06407764911664	0	0	4	-0.0681078946494332	-0.0738496292261218	0	0	3	-0.0277469643217069	-0.110089863391814	0	0	-0.472817800889054	-0.0270184589238992	1.47043111497917	0.132949339806414	0.104938271604938	FALSE	C_weak_or_non_dependent	FALSE	0.144439289138061	0.289557425044409
HK2	glycolysis	Tier 1;Tier 2	ENSG00000159399	162	-0.124077714061525	-0.114564503888948	0.259840971772405	0.12262802585094	0.0565109736065136	-0.990212131568132	0.696501680507548	1.68671381207568	0.0493827160493827	0.0617283950617284	85	-0.127599985022136	-0.134897520850809	0.0529411764705882	0.0588235294117647	59	-0.106746831536914	-0.110010018192372	0.0593220338983051	0.0847457627118644	11	-0.105611754197552	-0.0877553534841785	0	0	4	-0.0625497793313847	-0.0930631483768041	0	0	3	0.12295845735849	0.244997399164103	0	0	-0.472817800889054	-0.0126059717703608	1.89414434876148	0.125792448851206	0.104938271604938	FALSE	C_weak_or_non_dependent	FALSE	0.144439289138061	0.289557425044409
AMN	vitamin B12	Tier 1	ENSG00000166126	162	-0.0516884005074408	-0.0408439289625187	0.239590510538827	0.122622613742573	0.0424869284387373	-0.633787076349486	0.653493908798441	1.28728098514793	0.0185185185185185	0.0185185185185185	85	-0.0124013382238954	-0.0262910657539476	0.0235294117647059	0.0235294117647059	59	-0.0654019511256763	-0.0541941823449789	0.0169491525423729	0.0169491525423729	11	-0.0888559991610413	-0.0824055392897018	0	0	4	-0.124639427378739	-0.0874687579875959	0	0	3	-0.0497942181311698	0.023938939882793	0	0	-0.472817800889054	0.0853582975308051	0.514947885667252	0.153277036545392	0.104938271604938	FALSE	C_weak_or_non_dependent	FALSE	0.144439289138061	0.289557425044409
MTFMT	folate;serine/glycine/one-carbon	Tier 1	ENSG00000103707	162	-0.370819678665791	-0.356603209782544	0.254524471601133	0.122565964341681	0.0825426879331858	-1.47691163579007	0.592661518341787	2.06957315413186	0.290123456790123	0.259259259259259	85	-0.399651965464967	-0.374070654387255	0.294117647058824	0.329411764705882	59	-0.320768922740001	-0.349796990539474	0.305084745762712	0.203389830508475	11	-0.355508722982217	-0.256840077792794	0.181818181818182	0	4	-0.353959081018524	-0.399624222914433	0.5	0.25	3	-0.158603587423003	-0.303984724216027	0	0.333333333333333	-0.472817800889054	0.0343161214362721	2.94163187422303	0.111262309059333	0.104938271604938	FALSE	C_weak_or_non_dependent	FALSE	0.144439289138061	0.289557425044409
TAS2R3	glutamine/glutamate	Tier 1	ENSG00000127362	162	0.137255816046465	0.138446882791159	0.255326520351854	0.122562937161274	0.0449469226889875	-0.660710754641855	0.750358506245516	1.41106926088737	0	0.00617283950617284	85	0.150473679677376	0.147167105333206	0	0.0117647058823529	59	0.138054840416561	0.13292458952147	0	0	11	0.043766377291275	0.129536725853458	0	0	4	0.0398123400390395	0.044814442199858	0	0	3	0.108515826749375	0.157492841296983	0	0	-0.472817800889054	-0.159429733056359	1.09477318997521	0.143385104209522	0.104938271604938	FALSE	C_weak_or_non_dependent	FALSE	0.144439289138061	0.289557425044409
PYCR2	arginine;glutamine/glutamate	Tier 1	ENSG00000143811	162	-0.00332872820897078	-0.00888007469168519	0.231752141836632	0.122539521894316	0.0474948558462344	-0.966933116847124	0.521573727128866	1.48850684397599	0	0.0246913580246914	85	-0.00719650441311326	-0.021527719164336	0	0.0352941176470588	59	-0.0160639253678714	-0.00373127250970957	0	0.0169491525423729	11	0.0463260350992412	0.0361580496629924	0	0	4	0.011107044199623	0.0124881088657231	0	0	3	-0.0242652020325696	0.0545793750775372	0	0	-0.472817800889054	-0.91556259101184	2.74956512660187	0.208743468688892	0.104938271604938	FALSE	C_weak_or_non_dependent	FALSE	0.144439289138061	0.289557425044409
ALDOB	PPP;glycolysis	Tier 1;Tier 2	ENSG00000136872	162	-0.00187719733329903	-0.0313906514223263	0.239755025543561	0.122538456428636	0.0571233987915486	-1.09048198330842	0.592044583139144	1.68252656644757	0.00617283950617284	0.0493827160493827	85	-0.0253657777625724	-0.0682063400218141	0.0117647058823529	0.0588235294117647	59	0.0189818865622731	0.030309226674854	0	0.0169491525423729	11	0.0541602912720611	-0.0143388736977831	0	0.0909090909090909	4	0.0340408803988731	0.0387419320570461	0	0	3	-0.295491184886417	-0.357743706643871	0	0.333333333333333	-0.472817800889054	-1.02050671710409	2.69310428908509	0.233311378150989	0.104938271604938	FALSE	C_weak_or_non_dependent	FALSE	0.144439289138061	0.289557425044409
AOX1	BCAA;NAD;tryptophan	Tier 1	ENSG00000138356	162	-0.0543254393608714	-0.0495507439061793	0.243314809038942	0.1225006620732	0.0447736874986821	-0.686732116938315	0.848592952529821	1.53532506946814	0.00308641975308642	0.0308641975308642	85	-0.0274692799770787	-0.0192701255095274	0.00588235294117647	0.0235294117647059	59	-0.0923732947700782	-0.0844283850055109	0	0.0338983050847458	11	-0.0203019121000729	-0.0416170171766772	0	0.0909090909090909	4	-0.165063685085495	-0.13184455147844	0	0	3	-0.0555576328342834	-0.140939911436288	0	0	-0.472817800889054	0.177826283011163	2.16852076212189	0.125421492669297	0.104938271604938	FALSE	C_weak_or_non_dependent	FALSE	0.144439289138061	0.289557425044409
H2AC4	arginine	Tier 2	ENSG00000278463	162	-0.14832308919538	-0.178825535534947	0.255996723860211	0.122491067748754	0.0729162415452177	-1.36583750215178	0.701016077114616	2.0668535792664	0.0679012345679012	0.111111111111111	85	-0.145596056823345	-0.170164608680452	0.0705882352941176	0.129411764705882	59	-0.141327620489515	-0.185681524474637	0.0508474576271187	0.0847457627118644	11	-0.140765226052899	-0.189290786928426	0.0909090909090909	0.0909090909090909	4	-0.223769460546041	-0.212117194620564	0.25	0	3	-0.25097186322521	-0.206622546708137	0	0.333333333333333	-0.472817800889054	-0.687113209650059	2.97513517286446	0.162992459236818	0.104938271604938	TRUE	C_weak_or_non_dependent	FALSE	0.144439289138061	0.289557425044409
INSIG2	cholesterol/isoprenoid	Tier 2	ENSG00000125629	162	-0.0997091759647668	-0.115954667158999	0.243565996958284	0.122431650710686	0.0600291090251615	-0.851562657147056	0.579431023135261	1.43099368028232	0.0246913580246914	0.0740740740740741	85	-0.098258761327232	-0.135429963845908	0.0352941176470588	0.117647058823529	59	-0.0914017698552682	-0.0877790406781994	0.0169491525423729	0.0338983050847458	11	0.00872372305546298	-0.095517375872993	0	0	4	-0.23404408808855	-0.224745030629266	0	0	3	-0.0157748321742568	-0.0481581652406548	0	0	-0.472817800889054	-0.356057416062387	1.10218144125317	0.157395184932304	0.104938271604938	FALSE	C_weak_or_non_dependent	FALSE	0.144439289138061	0.289557425044409
SLC25A22	OXPHOS	Tier 1	ENSG00000177542	162	-0.0599976955107275	-0.0601946093237795	0.253985360593168	0.122420097341623	0.0465038097427217	-0.852310915975687	0.561835236085934	1.41414615206162	0.0154320987654321	0.037037037037037	85	-0.0897927047437558	-0.0846659570783668	0.0294117647058824	0.0470588235294118	59	-0.0286873606050253	-0.0385724326567029	0	0.0338983050847458	11	0.060903819522564	0.0368421054320713	0	0	4	-0.0429497468046085	-0.0547007304274519	0	0	3	-0.0708592036256945	-0.155202356696204	0	0	-0.472817800889054	-0.161276207551584	1.11576287459622	0.143048061619552	0.104938271604938	FALSE	C_weak_or_non_dependent	FALSE	0.144439289138061	0.289557425044409
SMIM20	OXPHOS	Tier 1	ENSG00000250317	162	0.0240475944259815	0.01250469474636	0.243654568211784	0.122369923507967	0.054299670783428	-0.861968518318216	0.536308278814936	1.39827679713315	0.0123456790123457	0.0493827160493827	85	-0.0138233375968591	-0.0392285106005863	0.0235294117647059	0.0705882352941176	59	0.0534820365839266	0.0751860494179816	0	0.0169491525423729	11	0.115313182278326	0.122003812709144	0	0	4	0.146602208418589	0.121024504904156	0	0	3	-0.161433555240212	-0.300644308372656	0	0.333333333333333	-0.472817800889054	-1.08256838207668	2.45260249718136	0.255244041950258	0.104938271604938	FALSE	C_weak_or_non_dependent	FALSE	0.144439289138061	0.289557425044409
H3C2	arginine	Tier 2	ENSG00000286522	162	-0.0288285363686022	-0.0348020419759508	0.235361256059895	0.122314024247825	0.0410472404538757	-0.553816447276621	0.64699772877843	1.20081417605505	0.00617283950617284	0.0246913580246914	85	-0.0555701219924816	-0.0559162779842598	0	0.0470588235294118	59	-0.00507672105039049	-0.014040729805746	0.0169491525423729	0	11	0.0414032585400843	0.0347270914028455	0	0	4	-0.188853454894256	-0.180678555260288	0	0	3	0.161994521751879	0.094690700902306	0	0	-0.472817800889054	0.111286134345569	0.424786151889058	0.156195846263956	0.104938271604938	FALSE	C_weak_or_non_dependent	FALSE	0.144439289138061	0.289557425044409
ACSS1	glycolysis	Tier 1	ENSG00000154930	162	0.132644814524909	0.130943710009468	0.235358980979684	0.122243348898692	0.037643534852792	-0.767545414732877	0.579732310308983	1.34727772504186	0	0.00617283950617284	85	0.113940926712775	0.121059039230692	0	0.0117647058823529	59	0.136412939335251	0.14801466316811	0	0	11	0.0544002415930327	0.0893734962411999	0	0	4	0.174373834019188	0.163606494334163	0	0	3	0.149367596439085	0.184154374672249	0	0	-0.472817800889054	-0.566398507596855	2.30110596104055	0.158032364780979	0.104938271604938	FALSE	C_weak_or_non_dependent	FALSE	0.144439289138061	0.289557425044409
ALDH3B2	glycolysis;sphingolipid	Tier 1	ENSG00000132746	162	0.0629798953615905	0.0738361701214699	0.250448402629925	0.122225202724799	0.0441503326907587	-0.521059826510054	0.65502096264462	1.17608078915467	0	0.0123456790123457	85	0.107508204079398	0.0961748911803384	0	0.0235294117647059	59	0.0371804787768761	0.0455309922966666	0	0	11	0.0565584417794373	0.0941688458374514	0	0	4	0.110503973486437	0.0919461445442663	0	0	3	-0.101643531933664	-0.101125539514335	0	0	-0.472817800889054	0.00685344603816284	0.503905673147275	0.152431606480717	0.104938271604938	FALSE	C_weak_or_non_dependent	FALSE	0.144439289138061	0.289557425044409
SLC50A1	glucose transport	Tier 1	ENSG00000169241	162	0.00350767549947381	-0.0119547408090074	0.235319457179982	0.122214722697786	0.0494495741712174	-0.834975037009627	0.918094230508373	1.753069267518	0.00617283950617284	0.0246913580246914	85	-0.0307675338852259	-0.0421629715913429	0.0117647058823529	0.0470588235294118	59	0.00656810245385365	-0.00472012468959329	0	0	11	0.0469883290492854	0.0562452995191275	0	0	4	0.109729442220646	0.114007593609582	0	0	3	0.228840939373926	0.283647753914074	0	0	-0.472817800889054	0.0617263984996539	2.66717182879978	0.1150644657887	0.104938271604938	FALSE	C_weak_or_non_dependent	FALSE	0.144439289138061	0.289557425044409
ALDH1B1	BCAA;arginine;glycolysis;tryptophan	Tier 1	ENSG00000137124	162	0.175115967253594	0.169158778380023	0.242634747477493	0.122154588238976	0.0464148870604684	-0.620865116796422	0.739429333155374	1.3602944499518	0	0.0123456790123457	85	0.209807733608522	0.18429212954313	0	0.0117647058823529	59	0.163321463507066	0.149023450059991	0	0.0169491525423729	11	0.165040887549625	0.168259439273556	0	0	4	0.0974430647969923	0.0912305569638658	0	0	3	0.307749718669676	0.243577157664545	0	0	-0.472817800889054	-0.49100612266344	1.44379948111338	0.165466769953306	0.104938271604938	FALSE	C_weak_or_non_dependent	FALSE	0.144439289138061	0.289557425044409
CPLX1	glutamine/glutamate	Tier 1	ENSG00000168993	162	-0.114083430197953	-0.0956802160367219	0.245904507098764	0.122132788389399	0.0558269830037782	-0.852929149668801	0.698827285341261	1.55175643501006	0.0246913580246914	0.0493827160493827	85	-0.119296726824638	-0.0992135751949325	0.0352941176470588	0.0705882352941176	59	-0.109694652018957	-0.0977531915628584	0.0169491525423729	0.0338983050847458	11	-0.122072647365075	-0.0806015039945603	0	0	4	-0.104725650093918	-0.0976927473666663	0	0	3	-0.0804408879498359	-0.00740509025473753	0	0	-0.472817800889054	0.274636625047597	1.5672371079795	0.141058641995561	0.104938271604938	FALSE	C_weak_or_non_dependent	FALSE	0.144439289138061	0.289557425044409
MTHFD2L	folate;serine/glycine/one-carbon	Tier 1	ENSG00000163738	162	-0.195780085285733	-0.190945025298532	0.242192201829583	0.122071640517889	0.0680327239689629	-1.0779046300892	0.888093929536383	1.96599855962558	0.0617283950617284	0.0925925925925926	85	-0.170373427260781	-0.171607719971303	0.0352941176470588	0.0823529411764706	59	-0.210157250989783	-0.216910129704489	0.101694915254237	0.11864406779661	11	-0.213237048587915	-0.275357830887332	0	0.0909090909090909	4	-0.253120226802676	-0.254901038087873	0.25	0	3	-0.157872449067553	0.166600014625163	0	0	-0.472817800889054	0.63392808405614	3.21128180102459	0.151258554864109	0.104938271604938	FALSE	C_weak_or_non_dependent	FALSE	0.144439289138061	0.289557425044409
TPH1	tryptophan	Tier 1	ENSG00000129167	162	-0.00879000795550724	-0.0334165941402352	0.256565920850712	0.122035854281008	0.0518719043968611	-0.941226796435192	0.58790895871054	1.52913575514573	0.00617283950617284	0.0555555555555556	85	-0.0188267878354238	-0.0437545612398339	0	0.0588235294117647	59	0.00320965778001684	-0.0115722381847778	0.0169491525423729	0.0508474576271187	11	-0.0517441246515185	-0.0707727120193385	0	0.0909090909090909	4	0.10285606481421	0.102432461462388	0	0	3	-0.312288193158142	-0.214272835355721	0	0	-0.472817800889054	-0.671366908282495	1.65486895457189	0.188123772497139	0.104938271604938	FALSE	C_weak_or_non_dependent	FALSE	0.144439289138061	0.289557425044409
ACADS	BCAA;fatty-acid oxidation	Tier 1	ENSG00000122971	162	0.068596252101573	0.077998026376028	0.240230946363288	0.122025871172655	0.0449815510452118	-0.579533961505037	0.874020181034472	1.45355414253951	0	0.0185185185185185	85	0.0318952405231277	0.0440917470123152	0	0.0352941176470588	59	0.128052345374585	0.124821600154398	0	0	11	0.0475180317792414	0.0558896069619128	0	0	4	0.0475189560960016	0.0362301967487362	0	0	3	0.0713793652899749	0.254566968061431	0	0	-0.472817800889054	0.166899801109304	1.81678612506705	0.130546075103175	0.104938271604938	FALSE	C_weak_or_non_dependent	FALSE	0.144439289138061	0.289557425044409
IDH2	OXPHOS;TCA	Tier 1;Tier 2	ENSG00000182054	162	-0.0426559124473262	-0.0516712730645085	0.235352153353662	0.122006266138865	0.0547530503756767	-1.20637785582743	0.655696332852181	1.86207418867961	0.00617283950617284	0.0493827160493827	85	-0.0362741565816162	-0.0530611712378328	0.0117647058823529	0.0588235294117647	59	-0.0768985398959894	-0.0809512969530119	0	0.0508474576271187	11	-0.02904466544079	0.0132228724080116	0	0	4	-0.0470838747459291	0.00563781718808773	0	0	3	0.145133768394802	0.249192324584212	0	0	-0.472817800889054	-0.812572112050516	3.89522804785724	0.166828961124375	0.104938271604938	FALSE	C_weak_or_non_dependent	FALSE	0.144439289138061	0.289557425044409
GSTZ1	OXPHOS	Tier 1	ENSG00000100577	162	-0.0428313003719369	-0.0474918148832548	0.249832669603417	0.121993569902568	0.0598599636072549	-0.830509831377166	0.678156670617125	1.50866650199429	0.0185185185185185	0.0432098765432099	85	-0.0358417238128224	-0.0132777770013701	0.0117647058823529	0.0235294117647059	59	-0.038908633939461	-0.0856007295741292	0.0169491525423729	0.0677966101694915	11	-0.0906857064910158	-0.150318641066674	0.0909090909090909	0.0909090909090909	4	-0.0466090730447983	-0.0516266262380386	0	0	3	0.0203344161407187	0.11513054519612	0	0	-0.472817800889054	-0.139722580806971	1.48221007285295	0.135234331674646	0.104938271604938	FALSE	C_weak_or_non_dependent	FALSE	0.144439289138061	0.289557425044409
GCNT2	sphingolipid	Tier 1	ENSG00000111846	162	0.0897145309343885	0.0994958737759352	0.235335800980436	0.121973064462181	0.0470345613688277	-0.751180238293701	0.69250249947883	1.44368273777253	0	0.0123456790123457	85	0.0922032045544412	0.105833969135402	0	0.0117647058823529	59	0.105854210168488	0.119706031674427	0	0	11	0.0166558740565993	0.0375179587829753	0	0	4	0.111989093850186	0.117115650557216	0	0	3	-0.0383671807706902	-0.273790614146823	0	0.333333333333333	-0.472817800889054	-0.116285526846168	1.44644952950569	0.135079194250979	0.104938271604938	FALSE	C_weak_or_non_dependent	FALSE	0.144439289138061	0.289557425044409
GNG2	glutamine/glutamate	Tier 1	ENSG00000186469	162	-0.00733186913859412	-0.00555240793803331	0.249208142565142	0.121953913668825	0.0409565958808204	-0.606783490070512	0.60165837141712	1.20844186148763	0	0.0246913580246914	85	0.017336283099733	0.0253264534185649	0	0.0117647058823529	59	-0.0322476373300618	-0.0626902691170528	0	0.0508474576271187	11	-0.0156924536576559	-0.0181292958187829	0	0	4	0.0324660341878843	0.0183767838315186	0	0	3	0.279952656038589	0.257467456682414	0	0	-0.472817800889054	-0.0633123725213372	0.981601800265991	0.142648807879531	0.104938271604938	FALSE	C_weak_or_non_dependent	FALSE	0.144439289138061	0.289557425044409
GCH1	folate	Tier 1	ENSG00000131979	162	0.105148870267666	0.113866519146108	0.245797552694953	0.121933262693727	0.0582131975210788	-0.984414450910921	0.978082966341003	1.96249741725192	0.0123456790123457	0.0123456790123457	85	0.126977132553134	0.139472978671551	0.0117647058823529	0.0117647058823529	59	0.07696483290723	0.0893749754291308	0.0169491525423729	0.0169491525423729	11	0.121340168140438	0.156760413134913	0	0	4	0.113399317261722	0.114844078495394	0	0	3	-0.313869493407983	-0.288563831398858	0	0	-0.472817800889054	-0.298861608200784	3.30407303853946	0.116370275334751	0.104938271604938	FALSE	C_weak_or_non_dependent	FALSE	0.144439289138061	0.289557425044409
EGLN3	glycolysis	Tier 2	ENSG00000129521	162	0.0340437625281541	0.0344689042020533	0.241060083348908	0.121891870045099	0.0390180616400482	-0.909692226559265	0.550398807374032	1.4600910339333	0	0.0123456790123457	85	0.0338838143750924	0.03355162549157	0	0.0235294117647059	59	0.0171293686715787	0.0223518220877121	0	0	11	0.119307989614571	0.0914141141778073	0	0	4	0.119658906851707	0.076456049487303	0	0	3	-0.0514662903360411	0.033979118956358	0	0	-0.472817800889054	-0.548171404597175	2.46270631377887	0.152650141183506	0.104938271604938	FALSE	C_weak_or_non_dependent	FALSE	0.144439289138061	0.289557425044409
PARP14	NAD	Tier 1	ENSG00000173193	162	-0.160675419184889	-0.143358937382665	0.23363217144442	0.121842283104145	0.0552431633944631	-1.05884182443198	0.525664459276791	1.58450628370877	0.0617283950617284	0.0740740740740741	85	-0.12550229144742	-0.104608928628097	0.0352941176470588	0.0588235294117647	59	-0.189961924890482	-0.181377602645863	0.0847457627118644	0.0847457627118644	11	-0.167240953382336	-0.186469319048622	0.0909090909090909	0.0909090909090909	4	-0.202534754165165	-0.230565221331078	0.25	0	3	-0.166592873207179	-0.219228990546163	0	0.333333333333333	-0.472817800889054	0.0200191061101422	1.34870062728851	0.135090305542457	0.104938271604938	FALSE	C_weak_or_non_dependent	FALSE	0.144439289138061	0.289557425044409
GABBR1	glutamine/glutamate	Tier 1	ENSG00000204681	162	-0.0671577999552147	-0.0693263998007731	0.235192248062328	0.121836535359943	0.0491026390968771	-0.896281082804445	0.696226522450009	1.59250760525445	0.00617283950617284	0.0555555555555556	85	-0.0882300412986137	-0.110175737369453	0.0117647058823529	0.105882352941176	59	-0.0208496434071341	-0.0359809543916615	0	0	11	0.0196433826807325	0.0118882623042483	0	0	4	-0.171852093600732	-0.116072167591711	0	0	3	-0.0145374026943807	0.196818334268806	0	0	-0.472817800889054	-0.257030904386933	2.00549470974503	0.132229753194279	0.104938271604938	FALSE	C_weak_or_non_dependent	FALSE	0.144439289138061	0.289557425044409
AHCYL2	methionine	Tier 1	ENSG00000158467	162	-0.194178411027369	-0.195444687659802	0.243369151957255	0.12182910281093	0.0460390031035279	-1.17805022765779	0.569931880992682	1.74798210865048	0.0246913580246914	0.0679012345679012	85	-0.19976613871946	-0.209732905941589	0.0117647058823529	0.0705882352941176	59	-0.159497726156067	-0.164597193053117	0.0169491525423729	0.0508474576271187	11	-0.201237433471775	-0.209830547426138	0.0909090909090909	0.0909090909090909	4	-0.136913228947792	-0.211204926596619	0.25	0	3	-0.192143280925534	-0.323517425881647	0	0.333333333333333	-0.472817800889054	-0.392442731490058	2.82851315620578	0.129879661755753	0.104938271604938	FALSE	C_weak_or_non_dependent	FALSE	0.144439289138061	0.289557425044409
A4GALT	sphingolipid	Tier 1	ENSG00000128274	162	-0.214564782301438	-0.231791879583878	0.242434274223398	0.121819947645742	0.0576183624341309	-1.57247273212996	0.380841788537712	1.95331452066767	0.058641975308642	0.135802469135802	85	-0.211831394991349	-0.235221848664262	0.0352941176470588	0.152941176470588	59	-0.228494985623923	-0.228261206598654	0.0932203389830508	0.11864406779661	11	-0.248058067161619	-0.252958042907601	0.0909090909090909	0.181818181818182	4	-0.255162488027648	-0.278309271257661	0	0	3	-0.128882033075106	-0.064413536597039	0	0	-0.472817800889054	-1.01853165300223	5.17006721582796	0.181477245522756	0.104938271604938	FALSE	C_weak_or_non_dependent	FALSE	0.144439289138061	0.289557425044409
B3GAT1	glycolysis	Tier 2	ENSG00000109956	162	0.053021088157725	0.0575761274792101	0.247468528936987	0.12178073387276	0.0397185168200233	-0.394898355975848	0.801701662391286	1.19660001836713	0	0	85	0.0368144903053307	0.0712857116943945	0	0	59	0.009921815885042	0.0255520151970224	0	0	11	0.0904047176110377	0.083748573811148	0	0	4	0.100726075852294	0.136428186146091	0	0	3	0.100914343809862	0.0978437348257301	0	0	-0.472817800889054	0.589071831129552	0.828435903541699	0.19563903982482	0.104938271604938	FALSE	C_weak_or_non_dependent	FALSE	0.144439289138061	0.289557425044409
CYP1B1	cholesterol/isoprenoid;tryptophan	Tier 1	ENSG00000138061	162	-0.113245371417663	-0.10202163217195	0.243254649002201	0.12176941764911	0.0538238946261728	-0.665833276235377	0.869424466653693	1.53525774288907	0.0339506172839506	0.037037037037037	85	-0.148787097296968	-0.116712513559566	0.0235294117647059	0.0705882352941176	59	-0.0884215217683392	-0.0787961379494167	0.0254237288135593	0	11	-0.047121550712963	-0.0323802518852737	0	0	4	-0.289962776753589	-0.264113207071224	0.5	0	3	-0.161793630485437	-0.181777673751396	0	0	-0.472817800889054	0.688920004739347	2.22394767829884	0.178078692180438	0.104938271604938	FALSE	C_weak_or_non_dependent	FALSE	0.144439289138061	0.289557425044409
GCK	glycolysis	Tier 1	ENSG00000106633	162	-0.00509075362965372	-0.0115707382802295	0.244782027681879	0.121739089658533	0.0506554830836408	-0.676393716291176	0.792778383310585	1.46917209960176	0.00617283950617284	0.0246913580246914	85	-0.0052322542782303	0.0135283546182017	0	0.0117647058823529	59	-0.00407727809391199	-0.020876084863295	0.0169491525423729	0.0169491525423729	11	-0.0914120212907169	-0.135154953816581	0	0.181818181818182	4	0.0426767071763426	-0.00669864064407979	0	0	3	-0.139478913159974	-0.0930605608170695	0	0	-0.472817800889054	0.361242865136184	1.30465526069409	0.153571324215268	0.104938271604938	FALSE	C_weak_or_non_dependent	FALSE	0.144439289138061	0.289557425044409
FAHD1	OXPHOS	Tier 1	ENSG00000180185	162	0.00688854757186844	0.0113474883188629	0.242807704819705	0.121710357045966	0.0452027510776029	-0.705272153368185	0.730382107901684	1.43565426126987	0.0123456790123457	0.0185185185185185	85	0.0241142487989246	0.0277025372241681	0	0.0235294117647059	59	-0.0154353049571157	0.00773216584991865	0	0	11	-0.0321248770571073	-0.0800803924946175	0.181818181818182	0.0909090909090909	4	0.00965853122670158	0.0149911874681018	0	0	3	-0.108691954629295	-0.0505669246584376	0	0	-0.472817800889054	0.136357133441315	1.43934917255645	0.13588362295584	0.104938271604938	FALSE	C_weak_or_non_dependent	FALSE	0.144439289138061	0.289557425044409
DEGS1	sphingolipid	Tier 1	ENSG00000143753	162	0.0336642755413559	0.053088265298403	0.228469693817391	0.121667230061461	0.04990020697425	-0.527050580240149	0.797083511834655	1.3241340920748	0	0.00617283950617284	85	0.0878134101032523	0.0862442397073714	0	0	59	-0.00140157351485723	0.0138603709703335	0	0	11	-0.0382749690958179	-0.0352926114737521	0	0.0909090909090909	4	0.0539286722403254	0.0605466564063533	0	0	3	0.0879881066790701	0.199269605516969	0	0	-0.472817800889054	0.413655734955358	0.299014700376978	0.18426048433029	0.104938271604938	FALSE	C_weak_or_non_dependent	FALSE	0.144439289138061	0.289557425044409
GRIN1	glutamine/glutamate	Tier 1	ENSG00000176884	162	-0.139268316733873	-0.138666747322619	0.237233588767385	0.121510983430086	0.0383700778872444	-0.540882610327633	0.430548084279173	0.971430694606806	0.037037037037037	0.0246913580246914	85	-0.130628354881914	-0.12969553463149	0.0235294117647059	0.0352941176470588	59	-0.176027007542928	-0.157671028299059	0.0508474576271187	0	11	-0.117978722121058	-0.114748931122875	0.0909090909090909	0.0909090909090909	4	-0.119661825726977	-0.0871204852961303	0	0	3	-0.178669466001668	-0.175527256469016	0	0	-0.472817800889054	0.545697515433949	0.244723762591534	0.205950489684258	0.104938271604938	FALSE	C_weak_or_non_dependent	FALSE	0.144439289138061	0.289557425044409
SMARCD3	arginine;cholesterol/isoprenoid	Tier 2	ENSG00000082014	162	-0.0786410608245199	-0.0869644587540071	0.239286517459819	0.121499855279578	0.0399102228480245	-0.890945270345588	0.441514377606311	1.3324596479519	0.0308641975308642	0.0308641975308642	85	-0.0654400542502167	-0.0843172678094973	0.0470588235294118	0.0588235294117647	59	-0.0857593513125997	-0.0925201886398062	0.0169491525423729	0	11	-0.00111632125467832	-0.038438215556099	0	0	4	-0.133161124668669	-0.163564203125182	0	0	3	-0.0545590287850329	-0.128502080325167	0	0	-0.472817800889054	-0.432983879840086	1.03918406360076	0.167346506574031	0.104938271604938	FALSE	C_weak_or_non_dependent	FALSE	0.144439289138061	0.289557425044409
H6PD	PPP	Tier 1	ENSG00000049239	162	0.0259237533555362	0.0402923042212027	0.241254966524095	0.121479152745251	0.0569934876820271	-0.583210242947373	0.792617166124015	1.37582740907139	0.00308641975308642	0.0185185185185185	85	0.0267751563717313	0.0493657927450219	0.00588235294117647	0.0352941176470588	59	0.0250723503393411	0.0196326681131528	0	0	11	-0.0260495902036815	0.00115988021664304	0	0	4	0.0637941030544551	0.0462658794268789	0	0	3	0.193727055606561	0.325037093913788	0	0	-0.472817800889054	0.588732812845011	1.35796498623449	0.181613381960301	0.104938271604938	FALSE	C_weak_or_non_dependent	FALSE	0.144439289138061	0.289557425044409
SLC39A6	zinc	Tier 1	ENSG00000141424	162	0.0943468963923518	0.0539977219066235	0.25261324549134	0.121459578904373	0.0527092127233867	-0.963101378380738	0.599524792962433	1.56262617134317	0	0.0246913580246914	85	0.0698599605244166	0.0372149534472262	0	0.0352941176470588	59	0.106466177307164	0.0741292308083471	0	0	11	0.0891913256155682	0.00339154622191505	0	0.0909090909090909	4	0.0680782298741884	0.102573415929346	0	0	3	0.452930430617464	0.254378205335948	0	0	-0.472817800889054	-0.741706176091715	1.92274096255018	0.194264716507079	0.104938271604938	FALSE	C_weak_or_non_dependent	FALSE	0.144439289138061	0.289557425044409
CYP11B2	cholesterol/isoprenoid	Tier 1	ENSG00000179142	162	0.0553108901147043	0.0524637315689991	0.24586099258175	0.12139362179668	0.0471751646099607	-0.831410988713625	0.751113501378726	1.58252449009235	0.00617283950617284	0.0185185185185185	85	0.0507896538004354	0.0455646656734228	0.0117647058823529	0.0235294117647059	59	0.0552079503660954	0.0569066470264271	0	0	11	0.0363066206140739	0.0295487366750603	0	0.0909090909090909	4	0.128835366624069	0.121410502591191	0	0	3	0.18665554694345	0.15265254786243	0	0	-0.472817800889054	-0.262628877838661	1.45681470850879	0.142273074837657	0.104938271604938	FALSE	C_weak_or_non_dependent	FALSE	0.144439289138061	0.289557425044409
TAS2R19	glutamine/glutamate	Tier 1	ENSG00000212124	162	0.128243413045746	0.106858361444556	0.252191378721235	0.121390310126918	0.0441772617681982	-0.775023943617601	0.863183928615836	1.63820787223344	0	0.0185185185185185	85	0.154930136956236	0.136371044191428	0	0.0117647058823529	59	0.0668079394881576	0.0588267531144289	0	0.0169491525423729	11	0.0721345314111054	0.0829359070131584	0	0	4	0.190722646969031	0.223175840443011	0	0	3	0.312380233085968	0.14791300835952	0	0.333333333333333	-0.472817800889054	-0.473488997412824	2.46517892726067	0.143652441454901	0.104938271604938	FALSE	C_weak_or_non_dependent	FALSE	0.144439289138061	0.289557425044409
ALCAM	cholesterol/isoprenoid	Tier 2	ENSG00000170017	162	-0.0415481720230481	-0.0512308746105006	0.244139159923775	0.121351146637801	0.0513358250973281	-1.04856772717979	0.541317050626982	1.58988477780677	0.0154320987654321	0.0185185185185185	85	-0.00911751030523653	-0.049877981378304	0.0294117647058824	0.0235294117647059	59	-0.0662047185613869	-0.0552215480556907	0	0.0169491525423729	11	-0.0707138755807231	-0.0212871098532381	0	0	4	-0.179224073262598	-0.14551534196866	0	0	3	-0.0280048600253279	0.00483921393358712	0	0	-0.472817800889054	-0.336991175719254	2.03922361943325	0.137545772462075	0.104938271604938	FALSE	C_weak_or_non_dependent	FALSE	0.144439289138061	0.289557425044409
ESYT3	sphingolipid	Tier 1	ENSG00000158220	162	0.0454875369727575	0.00125413958671314	0.25271672538066	0.121335215806141	0.0720338142041723	-1.29698303259919	0.615381871005371	1.91236490360456	0.0123456790123457	0.0493827160493827	85	0.0457469925947818	0.00431393111619957	0.0117647058823529	0.0705882352941176	59	0.0538861521274288	0.0177177910894622	0.0169491525423729	0.0169491525423729	11	0.00100655929415571	-0.0477232866250538	0	0	4	0.041798290111533	0.076277742470068	0	0	3	-0.0249812186713729	-0.329672674370795	0	0.333333333333333	-0.472817800889054	-1.83157300060099	6.48246708573649	0.347284001508874	0.104938271604938	FALSE	C_weak_or_non_dependent	FALSE	0.144439289138061	0.289557425044409
GGH	folate	Tier 1	ENSG00000137563	162	0.148686508355253	0.145043442401887	0.242121914669391	0.121318325396019	0.0405766356327836	-0.445622882927724	0.646456971490554	1.09207985441828	0	0	85	0.136340444580014	0.142906858246393	0	0	59	0.146443244000975	0.118647917259845	0	0	11	0.300287963859209	0.244547981827238	0	0	4	0.0832163063803171	0.0872006862476931	0	0	3	0.489015137034714	0.436965684913702	0	0	-0.472817800889054	-0.173762638698631	0.425700608779223	0.158921064663152	0.104938271604938	FALSE	C_weak_or_non_dependent	FALSE	0.144439289138061	0.289557425044409
CKB	arginine	Tier 1	ENSG00000166165	162	0.00289280322459983	0.0232008520265756	0.246206290510914	0.121222499213066	0.0418196589035205	-0.808618983193955	0.619511546468328	1.42813052966228	0	0.0123456790123457	85	-0.00548547149219859	0.0218529489695395	0	0.0235294117647059	59	0.0335561626110696	0.0302915016230141	0	0	11	0.107513154301656	0.0644827415560986	0	0	4	-0.166242504790297	-0.162630649950345	0	0	3	-0.188721383963287	0.018350404273617	0	0	-0.472817800889054	0.025826165235991	1.41144594388159	0.133990965224706	0.104938271604938	FALSE	C_weak_or_non_dependent	FALSE	0.144439289138061	0.289557425044409
SMPD1	sphingolipid	Tier 1	ENSG00000166311	162	-0.0235328308576256	-0.0242655486350905	0.234229376903697	0.121164433365787	0.0446071859757931	-0.680682662232599	0.485162467624474	1.16584512985707	0	0.0246913580246914	85	-0.041934461662724	-0.0273532542421165	0	0.0352941176470588	59	0.00103911643551986	-0.0102856098778661	0	0.0169491525423729	11	-0.0461212890554614	-0.0266438748792303	0	0	4	-0.00299009258274008	-0.0163499411807463	0	0	3	-0.209974650634159	-0.213552965705382	0	0	-0.472817800889054	-0.202381252513124	0.352494125457135	0.162415839944192	0.104938271604938	FALSE	C_weak_or_non_dependent	FALSE	0.144439289138061	0.289557425044409
TBL1X	cholesterol/isoprenoid	Tier 2	ENSG00000101849	162	-0.029153257366263	-0.0275975321831502	0.24354474054893	0.121091356389648	0.0457856019673384	-0.742795476842344	0.646284944289325	1.38908042113167	0.00617283950617284	0.0246913580246914	85	-0.0526515262008669	-0.0198115318889284	0.0117647058823529	0.0117647058823529	59	-0.0265162201375572	-0.0395877718136904	0	0.0508474576271187	11	-0.0045813675780652	-0.055016895076639	0	0	4	0.0286645994200706	0.0413754428667015	0	0	3	0.00238135971516101	-0.00381913057582238	0	0	-0.472817800889054	0.190304192727066	0.978975222203769	0.147279750322562	0.104938271604938	FALSE	C_weak_or_non_dependent	FALSE	0.144439289138061	0.289557425044409
NADK	NAD	Tier 1	ENSG00000008130	162	-0.157553011482631	-0.18747911862991	0.253244057017845	0.121041767063569	0.0894501576834609	-1.37520817158782	0.836488325058084	2.2116964966459	0.0864197530864198	0.111111111111111	85	-0.163396705315853	-0.167103206986243	0.0470588235294118	0.0941176470588235	59	-0.190582666712276	-0.219580941745707	0.135593220338983	0.135593220338983	11	-0.113457627798728	-0.223457027431447	0.0909090909090909	0.0909090909090909	4	-0.133234954564555	-0.211515360679239	0.25	0.25	3	-0.109111653340334	0.0305065610816087	0	0	-0.472817800889054	-0.457874073982895	3.17012815795598	0.131100937643417	0.104938271604938	FALSE	C_weak_or_non_dependent	FALSE	0.144439289138061	0.289557425044409
NMNAT2	NAD	Tier 1	ENSG00000157064	162	0.0551927416101116	0.0327100891829394	0.2356544463926	0.121019102370906	0.0497725257970556	-1.11684789457203	0.67665090683927	1.7934988014113	0	0.0185185185185185	85	0.0484375982325184	0.0106151079367072	0	0.0352941176470588	59	0.0708767375391073	0.0448729594733422	0	0	11	0.0215102672563572	0.0436802166028752	0	0	4	0.100767286331645	0.0446987432457188	0	0	3	0.239744088056766	0.363322769491461	0	0	-0.472817800889054	-0.776722974465501	3.76418688008248	0.163253589654848	0.104938271604938	FALSE	C_weak_or_non_dependent	FALSE	0.144439289138061	0.289557425044409
GRIA3	glutamine/glutamate	Tier 1	ENSG00000125675	162	-0.0954088555707199	-0.0730355626055742	0.235801881765664	0.120909273158498	0.0494453358007462	-0.764246353004664	0.79299994511282	1.55724629811748	0.00308641975308642	0.0308641975308642	85	-0.101518134082173	-0.0681919499762521	0	0.0235294117647059	59	-0.0948402884370987	-0.0977673215514279	0.00847457627118644	0.0508474576271187	11	-0.0436315274302651	-0.0255353572073163	0	0	4	-0.152311530136875	-0.129874610808915	0	0	3	0.16919426241017	0.177737983309595	0	0	-0.472817800889054	0.66592259246054	2.52741832249876	0.168153466239296	0.104938271604938	FALSE	C_weak_or_non_dependent	FALSE	0.144439289138061	0.289557425044409
SLC17A7	glutamine/glutamate	Tier 1	ENSG00000104888	162	-0.133628201112324	-0.143333735387159	0.239244940808393	0.120900514508448	0.0560476336709564	-0.961335489368852	0.54067692355951	1.50201241292836	0.0401234567901235	0.0802469135802469	85	-0.138490828576321	-0.167765595817634	0.0529411764705882	0.117647058823529	59	-0.134598031752725	-0.135571684144458	0.0338983050847458	0.0508474576271187	11	-0.0740703340546897	-0.0579996605482567	0	0	4	-0.117239103710398	-0.137316180107152	0	0	3	0.138744333731163	0.0753336209205654	0	0	-0.472817800889054	-0.400190803043416	1.65290423709625	0.150481059469069	0.104938271604938	FALSE	C_weak_or_non_dependent	FALSE	0.144439289138061	0.289557425044409
ADH4	cholesterol/isoprenoid;glycolysis	Tier 1;Tier 2	ENSG00000198099	162	-0.0301482814413716	-0.00813075764084483	0.247675356787889	0.120871895637296	0.0581594875478136	-0.746250784276741	0.652496471185092	1.39874725546183	0.00617283950617284	0.037037037037037	85	-0.0451358443143306	-0.0346266834458873	0	0.0470588235294118	59	0.00537354161630432	0.04899242788787	0	0	11	-0.0470475178347996	-0.0842616550233156	0.0909090909090909	0.0909090909090909	4	-0.0508121938206652	-0.0332814233951149	0	0	3	-0.0859024202069148	-0.0681546638212792	0	0.333333333333333	-0.472817800889054	0.0381757965095164	0.817137160497877	0.145690712020451	0.104938271604938	FALSE	C_weak_or_non_dependent	FALSE	0.144439289138061	0.289557425044409
ACOT12	fatty-acid oxidation	Tier 1	ENSG00000172497	162	-0.01460012599641	-0.0234969317560499	0.241082792166105	0.120859065112248	0.0465005939733042	-0.772802397574272	0.874390829910364	1.64719322748464	0	0.0185185185185185	85	-0.0252303814665246	-0.0500514390594571	0	0.0235294117647059	59	-0.0140938894481432	-0.0106378608544782	0	0.0169491525423729	11	0.0538964240731111	0.0664070019848882	0	0	4	-0.0504812040395029	-0.0588359341107458	0	0	3	0.216253344770402	0.193456626865733	0	0	-0.472817800889054	0.296221450555258	2.22563064805434	0.131333116765117	0.104938271604938	FALSE	C_weak_or_non_dependent	FALSE	0.144439289138061	0.289557425044409
RRAGD	glycolysis	Tier 2	ENSG00000025039	162	0.0327261922850887	0.0295547657651636	0.240684994801063	0.120832149593467	0.0628894196912511	-1.19657462223618	0.760563624371968	1.95713824660815	0.0185185185185185	0.0308641975308642	85	0.0338412793626875	0.0208061309493363	0.0117647058823529	0.0352941176470588	59	0.048849846555272	0.0663078994040123	0.0169491525423729	0.0169491525423729	11	-0.026495643405402	-0.0685179075065624	0.0909090909090909	0	4	0.0174867959890142	-0.00477312980406096	0	0	3	0.142369436907693	-0.0400085465951274	0	0.333333333333333	-0.472817800889054	-1.10563021770251	5.07127147307761	0.199714193215943	0.104938271604938	FALSE	C_weak_or_non_dependent	FALSE	0.144439289138061	0.289557425044409
SLC2A12	glucose transport	Tier 1	ENSG00000146411	162	0.0933681161683481	0.0786875354215563	0.248419139829127	0.120803118119626	0.0476979582113702	-0.697930086222144	0.807705079491734	1.50563516571388	0	0.00617283950617284	85	0.0960751772726488	0.0824336105069687	0	0.0117647058823529	59	0.0682108299979908	0.0405513589352939	0	0	11	0.12626882431895	0.171419587950922	0	0	4	0.0675727953220772	0.0593483069137872	0	0	3	0.212198012698342	0.408328324300715	0	0	-0.472817800889054	0.115678957977577	1.46212071810987	0.134778941387606	0.104938271604938	FALSE	C_weak_or_non_dependent	FALSE	0.144439289138061	0.289557425044409
SGMS2	sphingolipid	Tier 1	ENSG00000164023	162	-0.0481773144347319	-0.0572479886827257	0.239504677843674	0.120774925450598	0.0525404750177468	-0.933234191186654	0.46319463791376	1.39642882910041	0.00617283950617284	0.0555555555555556	85	-0.0542872698425604	-0.0602383453100613	0	0.0588235294117647	59	0.0084446454514218	-0.0606021172591872	0.0169491525423729	0.0677966101694915	11	-0.00356124140142385	-0.0143011558483622	0	0	4	-0.0224288532082976	-0.044000615783818	0	0	3	-0.0806174976101415	-0.0816915731623482	0	0	-0.472817800889054	-0.872111426986108	2.12208403638706	0.215261053781138	0.104938271604938	FALSE	C_weak_or_non_dependent	FALSE	0.144439289138061	0.289557425044409
AGXT	glutamine/glutamate;serine/glycine/one-carbon	Tier 1	ENSG00000172482	162	0.0392075515287434	0.048402792856851	0.24020421691113	0.120743826874931	0.0476143925629764	-0.780068637828915	0.772406477535995	1.55247511536491	0	0.0185185185185185	85	0.0368058991962118	0.0563747934993767	0	0.0235294117647059	59	0.0408368475174918	0.0220244707959149	0	0.0169491525423729	11	0.0868324739329905	0.0637583761670131	0	0	4	-0.00953283938117885	-0.0298674719124944	0	0	3	0.253876791070782	0.389359656072233	0	0	-0.472817800889054	-0.00382722455333429	1.77166635927423	0.127742089471931	0.104938271604938	FALSE	C_weak_or_non_dependent	FALSE	0.144439289138061	0.289557425044409
B4GALT6	sphingolipid	Tier 1	ENSG00000118276	162	-0.00482886735590897	-0.00950186946701585	0.232521922403675	0.120715797528253	0.0531966785241091	-0.84390221001174	0.646230398808848	1.49013260882059	0.00925925925925926	0.0185185185185185	85	0.0300838076258747	0.0159687364508566	0.00588235294117647	0.0117647058823529	59	-0.0354574490770363	-0.0422943666618598	0.0169491525423729	0.0169491525423729	11	0.0115763063016831	-0.000173563955512118	0	0.0909090909090909	4	0.0334083207169627	0.0311041213269851	0	0	3	-0.215686008535083	-0.174595033575651	0	0	-0.472817800889054	-0.205351592202036	0.994611523931863	0.147797479370526	0.104938271604938	FALSE	C_weak_or_non_dependent	FALSE	0.144439289138061	0.289557425044409
P4HA3	arginine	Tier 1	ENSG00000149380	162	0.0192905775476354	-0.0162663187806085	0.274307860938819	0.120642431023183	0.0571070567561884	-0.94130753150484	0.691819088162923	1.63312661966776	0.0123456790123457	0.0432098765432099	85	-0.0234042093769907	-0.0365575904927849	0.0235294117647059	0.0588235294117647	59	0.0302979011229788	-0.0020889995551161	0	0.0338983050847458	11	0.00803175158476924	0.0257651543602739	0	0	4	-0.0647331306999844	-0.0459751023967179	0	0	3	0.163309475641249	0.165328744934617	0	0	-0.472817800889054	-0.64399206222712	2.11051471297215	0.173219643096328	0.104938271604938	FALSE	C_weak_or_non_dependent	FALSE	0.144439289138061	0.289557425044409
SLC16A3	glycolysis	Tier 2	ENSG00000141526	162	0.0582602902165359	0.0621632439373275	0.238680208833504	0.120635930921837	0.0371637180238055	-0.396102802352249	0.533560207672238	0.929663010024486	0	0	85	0.0538957210988231	0.0658254856227426	0	0	59	0.0799155761407354	0.0687959790204325	0	0	11	0.0572306850990548	0.0449899157403841	0	0	4	0.0741753464716062	0.0816543260551495	0	0	3	-0.00941934919203295	-0.135063299885472	0	0	-0.472817800889054	0.0752195816146588	-0.285419642205312	0.174251490515702	0.104938271604938	FALSE	C_weak_or_non_dependent	FALSE	0.144439289138061	0.289557425044409
GRM7	glutamine/glutamate	Tier 1	ENSG00000196277	162	-0.0111833462387698	-0.00337875333525238	0.235738908973395	0.120579391698957	0.039980582534286	-0.662289427422899	0.897726196333052	1.56001562375595	0.00617283950617284	0.0123456790123457	85	-0.0102194638886409	2.37562314919453e-05	0.0117647058823529	0.0117647058823529	59	-0.00756433173123317	-0.00652803948058288	0	0.0169491525423729	11	-0.0165744763514909	-0.00297125160703352	0	0	4	-0.0764620929502075	-0.0914854885052307	0	0	3	0.0664969019696677	0.0781342436883266	0	0	-0.472817800889054	0.386688186714405	2.52159881489086	0.134003824175359	0.104938271604938	FALSE	C_weak_or_non_dependent	FALSE	0.144439289138061	0.289557425044409
NT5C	NAD	Tier 1	ENSG00000125458	162	0.0808337510908571	0.075283859292532	0.242916228517439	0.120575107428549	0.0604778930682784	-0.920525040328887	0.74709869168101	1.6676237320099	0.0123456790123457	0.0185185185185185	85	0.0960002990034023	0.0707551447678562	0.0235294117647059	0.0352941176470588	59	0.0730130450510508	0.0782142929320346	0	0	11	0.112275103041356	0.179089155374548	0	0	4	0.112143128384453	0.0451644434589233	0	0	3	-0.167906353750122	-0.194494621941121	0	0	-0.472817800889054	-0.186621407919316	1.53374917431515	0.136332457799515	0.104938271604938	FALSE	C_weak_or_non_dependent	FALSE	0.144439289138061	0.289557425044409
CLU	cholesterol/isoprenoid	Tier 2	ENSG00000120885	162	-0.138530491511649	-0.118655691259227	0.238619013816028	0.120550339960632	0.0541351473875603	-0.910637804304958	0.642525186217942	1.5531629905229	0.0432098765432099	0.0493827160493827	85	-0.138219578286391	-0.11051775921194	0.0470588235294118	0.0470588235294118	59	-0.14199190360855	-0.112022042542754	0.0169491525423729	0.0338983050847458	11	-0.170099197344143	-0.25144517616822	0.181818181818182	0.181818181818182	4	-0.0837813445124707	-0.0861700833844276	0	0	3	-0.12661507862252	-0.0361115565231076	0	0	-0.472817800889054	-0.125689647356915	1.92456220728213	0.127272491430361	0.104938271604938	FALSE	C_weak_or_non_dependent	FALSE	0.144439289138061	0.289557425044409
SLC3A1	amino-acid transport	Tier 1	ENSG00000138079	162	0.184028030952945	0.180527555734835	0.239824618004844	0.1202669183638	0.0472975672454049	-0.510410645953548	0.789765319774968	1.30017596572852	0	0.00617283950617284	85	0.167995083242568	0.151980970144936	0	0.0117647058823529	59	0.216858141155862	0.21427820734043	0	0	11	0.165878275758023	0.150576868890896	0	0	4	0.074514641059998	0.126628380226725	0	0	3	0.571697115114622	0.507269418310544	0	0	-0.472817800889054	-0.0594534088138058	0.433796835190103	0.154615490683891	0.104938271604938	FALSE	C_weak_or_non_dependent	FALSE	0.144439289138061	0.289557425044409
FDXR	cholesterol/isoprenoid;iron	Tier 1	ENSG00000161513	162	-0.419923765044489	-0.444908963478463	0.245776918881274	0.12025090863191	0.0492899454239448	-1.37628997133496	0.122724977046949	1.49901494838191	0.33641975308642	0.382716049382716	85	-0.448324061443358	-0.47722150746587	0.370588235294118	0.435294117647059	59	-0.348550067440824	-0.382797801357333	0.254237288135593	0.305084745762712	11	-0.423374612884609	-0.518995061239119	0.454545454545455	0.363636363636364	4	-0.478152730598536	-0.503127177581061	0.75	0.5	3	-0.351813811055346	-0.401633094958271	0	0.333333333333333	-0.472817800889054	-0.790992255335682	1.88309175266259	0.204748985360882	0.104938271604938	FALSE	C_weak_or_non_dependent	FALSE	0.144439289138061	0.289557425044409
DDIT4	glycolysis	Tier 2	ENSG00000168209	162	-0.0786437049876571	-0.0944466495774944	0.235205176547795	0.120228689624482	0.0461205127802301	-0.869362249640797	0.543489411582984	1.41285166122378	0.0246913580246914	0.0555555555555556	85	-0.115525126697583	-0.112672196378081	0.0352941176470588	0.0705882352941176	59	-0.0373431998315016	-0.0647089812480589	0.0169491525423729	0.0338983050847458	11	-0.108982557884402	-0.114669254650152	0	0.0909090909090909	4	-0.110878234993204	-0.114593440265239	0	0	3	-0.136909609825068	-0.0618850278563684	0	0	-0.472817800889054	-0.378419647275131	0.883956359165873	0.164710338098004	0.104938271604938	FALSE	C_weak_or_non_dependent	FALSE	0.144439289138061	0.289557425044409
DNMT3L	methionine	Tier 1	ENSG00000142182	162	0.104931616755708	0.0994059115089884	0.239052571869491	0.120219752563836	0.0368287744753517	-0.429053553595942	0.705466639449675	1.13452019304562	0	0	85	0.103990179912155	0.108346489296579	0	0	59	0.0908854711505662	0.0679523870408703	0	0	11	0.15629644484625	0.161798481925537	0	0	4	0.0492097550090707	0.051752167487358	0	0	3	0.385942296239161	0.299441089235075	0	0	-0.472817800889054	-0.154256088400232	0.116435391102522	0.165846247878103	0.104938271604938	FALSE	C_weak_or_non_dependent	FALSE	0.144439289138061	0.289557425044409
GPR87	glycolysis	Tier 2	ENSG00000138271	162	0.139139547806882	0.131428622491781	0.228696115193451	0.120218789107587	0.0722945186521734	-1.17276194734861	0.867897791989414	2.04065973933802	0.0185185185185185	0.0308641975308642	85	0.133299552272281	0.118174997366132	0.0235294117647059	0.0470588235294118	59	0.151877571110999	0.16870323988139	0	0	11	0.167254942204608	0.0398129685632268	0.0909090909090909	0.0909090909090909	4	0.0320169902998152	0.0257948403536911	0	0	3	0.432554257363689	0.250649632978306	0	0	-0.472817800889054	-0.937828647865905	3.99573645321387	0.186971439668204	0.104938271604938	FALSE	C_weak_or_non_dependent	FALSE	0.144439289138061	0.289557425044409
CLDN9	glycolysis	Tier 2	ENSG00000213937	162	0.0491861921777566	0.0453496114237772	0.225799658741896	0.120194590288919	0.0433434852817741	-0.643380661839182	0.846210218716522	1.4895908805557	0	0.00617283950617284	85	0.0606802040462224	0.051151237837641	0	0.0117647058823529	59	0.0393016557822224	0.0549223601293654	0	0	11	0.0859261681575873	0.0794764423698336	0	0	4	-0.154848839786256	-0.147655889989978	0	0	3	-0.256113258992104	-0.175084906429466	0	0	-0.472817800889054	0.352755171925844	1.60700094943339	0.146721934369637	0.104938271604938	FALSE	C_weak_or_non_dependent	FALSE	0.144439289138061	0.289557425044409
PLOD2	glycolysis	Tier 2	ENSG00000152952	162	0.130476866238963	0.107722781322088	0.24961139685603	0.120175931577368	0.0770499396327341	-1.77151376680214	0.902011844062241	2.67352561086438	0.00617283950617284	0.0308641975308642	85	0.142512424848117	0.125094273995455	0.0117647058823529	0.0352941176470588	59	0.110845944838335	0.0858428164708041	0	0.0338983050847458	11	0.0587184034949221	0.0360014239424883	0	0	4	0.121877315947954	0.0837142472920608	0	0	3	0.140258743017407	0.340826153417172	0	0	-0.472817800889054	-2.01483817290786	12.2942637797191	0.275711234642879	0.104938271604938	FALSE	C_weak_or_non_dependent	FALSE	0.144439289138061	0.289557425044409
SLC25A13	OXPHOS;glycolysis	Tier 1;Tier 2	ENSG00000004864	162	-0.0781034275007867	-0.0504773781069201	0.23833078247311	0.120117420134477	0.0450696722041974	-0.889077212052174	0.673975125684429	1.5630523377366	0.0123456790123457	0.0123456790123457	85	-0.0554108065086543	-0.0404584813254447	0.0117647058823529	0.0117647058823529	59	-0.101420851752011	-0.0786740485422458	0.0169491525423729	0.0169491525423729	11	-0.00339497304963668	0.0303207207915261	0	0	4	-0.150342665297717	-0.139088487238567	0	0	3	-0.00565685381442012	0.0420768478605728	0	0	-0.472817800889054	0.408149165228983	1.94951950968469	0.145709542193269	0.104938271604938	FALSE	C_weak_or_non_dependent	FALSE	0.144439289138061	0.289557425044409
SLC6A14	amino-acid transport	Tier 1	ENSG00000268104	162	-0.072260375677679	-0.0737561987945675	0.224819740575849	0.120115349087958	0.0504280150807636	-0.989796373938063	0.60292614179793	1.59272251573599	0.00617283950617284	0.037037037037037	85	-0.0747234514148135	-0.0860875468280379	0	0.0705882352941176	59	-0.0797396220279469	-0.064436705013436	0.0169491525423729	0	11	-0.109608016605779	-0.114321376145073	0	0	4	-0.0566326821318331	-0.0786655047534691	0	0	3	0.342097556448666	0.247633342688566	0	0	-0.472817800889054	-0.412290445798269	3.07705084138187	0.128094213714809	0.104938271604938	FALSE	C_weak_or_non_dependent	FALSE	0.144439289138061	0.289557425044409
GLRX3	iron	Tier 1	ENSG00000108010	162	-0.00884162112116042	-0.00798994915880689	0.230040660376302	0.120047228715461	0.0469147821426293	-0.776418480739802	0.797486184399753	1.57390466513956	0.00617283950617284	0.0185185185185185	85	-0.0399819004846662	-0.0428732807151049	0	0.0352941176470588	59	0.0239367640406037	0.0575115383832903	0.0169491525423729	0	11	-0.121766593418921	-0.106277096857313	0	0	4	-0.0615240665770889	-0.0064623137244001	0	0	3	0.19857386048121	0.0505245509237034	0	0	-0.472817800889054	0.23768875163807	2.17221385180841	0.128387922866321	0.104938271604938	FALSE	C_weak_or_non_dependent	FALSE	0.144439289138061	0.289557425044409
ACAA1	BCAA;OXPHOS;fatty-acid oxidation	Tier 1;Tier 2	ENSG00000060971	162	0.0400474684059675	0.0420500000393591	0.239312543581164	0.120045838378952	0.0624428731789752	-0.849712793280877	0.917840851606188	1.76755364488707	0.00617283950617284	0.0246913580246914	85	0.0422263862117919	0.0533019993537973	0.0117647058823529	0.0235294117647059	59	0.037868550600143	0.0311398848370119	0	0.0169491525423729	11	0.0533574410402962	0.060426687825783	0	0	4	0.00375967086061899	0.0668047669249707	0	0	3	0.125716496937846	-0.162578592621264	0	0.333333333333333	-0.472817800889054	-0.0798076748022198	2.94220484368437	0.111832145787947	0.104938271604938	FALSE	C_weak_or_non_dependent	FALSE	0.144439289138061	0.289557425044409
COX4I2	OXPHOS	Tier 1	ENSG00000131055	162	-0.153675366246768	-0.1810979798188	0.238942643231672	0.12001291683152	0.0620656582913316	-1.13912759136787	0.40080204530274	1.53992963667061	0.0617283950617284	0.0987654320987654	85	-0.176337558467897	-0.209584174834877	0.105882352941176	0.141176470588235	59	-0.145240788687397	-0.137198424625512	0.0169491525423729	0.0338983050847458	11	-0.117646757305944	-0.117431007642522	0	0	4	-0.0880232616722062	-0.123362266804295	0	0	3	-0.600562326617195	-0.547773555163673	0	0.666666666666667	-0.472817800889054	-1.02289334469762	2.15804076695719	0.249101639070843	0.104938271604938	FALSE	C_weak_or_non_dependent	FALSE	0.144439289138061	0.289557425044409
H4C2	arginine	Tier 2	ENSG00000278705	162	0.106166673535021	0.109911060490549	0.242791918020025	0.119993943369916	0.0508238375207408	-0.835388322711358	0.821870225554236	1.65725854826559	0.00617283950617284	0.0123456790123457	85	0.0868016690865322	0.0872772917601856	0.0117647058823529	0.0117647058823529	59	0.172063316742157	0.176292984728922	0	0	11	0.0273009794472726	0.0795903356599254	0	0	4	-0.0679073161706123	-0.0363419565146779	0	0	3	-0.22951226608714	-0.248129988451216	0	0.333333333333333	-0.472817800889054	-0.481519106192923	2.97830328626999	0.136342805001433	0.104938271604938	FALSE	C_weak_or_non_dependent	FALSE	0.144439289138061	0.289557425044409
S1PR3	sphingolipid	Tier 1	ENSG00000213694	162	-0.0758928400546013	-0.0873632755388696	0.23370070347734	0.119984330273504	0.0645567536560957	-1.06682949981947	0.938907541085589	2.00573704090505	0.0154320987654321	0.0555555555555556	85	-0.0978872680804118	-0.0861483683503399	0.0176470588235294	0.0705882352941176	59	-0.0768589236944543	-0.1001017169313	0.0169491525423729	0.0338983050847458	11	0.0110629960890528	0.0277628885755629	0	0	4	-0.0702757105767815	-0.064877540668767	0	0	3	-0.0883909149700437	-0.32337321340914	0	0.333333333333333	-0.472817800889054	-0.116216977079979	3.1191064713735	0.11045394127278	0.104938271604938	FALSE	C_weak_or_non_dependent	FALSE	0.144439289138061	0.289557425044409
SPHK1	sphingolipid	Tier 1	ENSG00000176170	162	-0.00132081918665618	-0.0111829227006874	0.241887629226821	0.119936943850802	0.0637627483960928	-1.29666281991358	0.792896860930217	2.08955968084379	0.0185185185185185	0.0493827160493827	85	-0.0156729003311878	-0.00814445902633193	0	0.0470588235294118	59	0.0168944885541369	-0.00564328736143183	0.0338983050847458	0.0508474576271187	11	-0.0263472263527605	-0.0135848439454341	0	0	4	-0.0887356931264965	-0.0762934101454628	0	0	3	0.46329988106727	-0.110597860655678	0.333333333333333	0.333333333333333	-0.472817800889054	-0.94446843422453	4.37284791569542	0.181409271264801	0.104938271604938	FALSE	C_weak_or_non_dependent	FALSE	0.144439289138061	0.289557425044409
ACOXL	fatty-acid oxidation	Tier 1	ENSG00000153093	162	-0.00168645967651948	-0.0255809893463469	0.236902412070398	0.119894158006958	0.0468497778778577	-0.788435988414589	0.590399845771862	1.37883583418645	0.00617283950617284	0.0308641975308642	85	0.0215153564116617	-0.022723281996596	0	0.0352941176470588	59	-0.0147078641932075	-0.0316976240212843	0.0169491525423729	0.0169491525423729	11	0.0237730183644773	0.0602697425907925	0	0	4	-0.00715323966076611	-0.0266482755062289	0	0	3	-0.355224683885844	-0.299618517871854	0	0.333333333333333	-0.472817800889054	-0.789080670339069	1.42086828037782	0.217001508369707	0.104938271604938	FALSE	C_weak_or_non_dependent	FALSE	0.144439289138061	0.289557425044409
H4C13	arginine	Tier 2	ENSG00000275126	162	0.0573058920577317	0.0729490891697672	0.233097797526576	0.119891432865499	0.0449765804854041	-0.757308782630381	0.908382707687884	1.66569149031827	0.00617283950617284	0.00617283950617284	85	0.0777157977568919	0.0873046028267739	0	0	59	0.044428848737921	0.056687661307124	0.0169491525423729	0.0169491525423729	11	0.00848916239093532	0.0118114292541476	0	0	4	0.0257363511712622	0.00974966577177533	0	0	3	0.114270072172134	0.294454934407817	0	0	-0.472817800889054	0.788624408606415	3.61472541636274	0.167702768639676	0.104938271604938	FALSE	C_weak_or_non_dependent	FALSE	0.144439289138061	0.289557425044409
RNLS	NAD	Tier 1	ENSG00000184719	162	0.0256274767705722	0.016116179968289	0.24427077422014	0.11983097830831	0.0505625500427114	-0.797863545075445	0.777069875524043	1.57493342059949	0.0123456790123457	0.0246913580246914	85	0.0681613270932471	0.0160794326219134	0.0117647058823529	0.0470588235294118	59	0.0114375311977056	0.0132072585399148	0.0169491525423729	0	11	-0.0294093235668988	0.0496738411782759	0	0	4	-0.0796670732668911	-0.0792059726639335	0	0	3	0.0966882839228665	0.0784175886133009	0	0	-0.472817800889054	-0.196342028288361	1.11294010518709	0.144853442263389	0.104938271604938	FALSE	C_weak_or_non_dependent	FALSE	0.144439289138061	0.289557425044409
OTC	arginine	Tier 1	ENSG00000036473	162	0.0952332836329144	0.0803898057612283	0.231267736577547	0.119737925999395	0.0440924683168475	-0.618781984903035	0.678403254675648	1.29718523957868	0	0.0246913580246914	85	0.0722607989753076	0.0464241839631681	0	0.0352941176470588	59	0.105190096876938	0.132111723983771	0	0	11	0.146426042110899	0.145519204589173	0	0	4	0.116933338902897	0.0987579410754715	0	0	3	-0.17826441074305	-0.237747277791869	0	0.333333333333333	-0.472817800889054	-0.469276565004383	1.09512075611192	0.17061624361446	0.104938271604938	FALSE	C_weak_or_non_dependent	FALSE	0.144439289138061	0.289557425044409
GRIA4	glutamine/glutamate	Tier 1	ENSG00000152578	162	0.0161903106446651	0.00919556908500098	0.240524174606201	0.119736648349019	0.0458311379521781	-0.72338957786016	0.775851890363727	1.49924146822389	0	0.0246913580246914	85	0.00235189026569712	-0.0146276372215996	0	0.0352941176470588	59	0.0350970695685187	0.0239802396613444	0	0.0169491525423729	11	0.110620673888676	0.0908983788183176	0	0	4	-0.00710196050106508	-0.0143342156240714	0	0	3	0.176164572389671	0.125217303693867	0	0	-0.472817800889054	-0.211778241883691	1.50864363780171	0.138109658601039	0.104938271604938	FALSE	C_weak_or_non_dependent	FALSE	0.144439289138061	0.289557425044409
LAP3	arginine	Tier 1	ENSG00000002549	162	0.0384818388438207	0.0197621454105551	0.233907107927305	0.119657579192332	0.0654699408110577	-1.37912860783887	0.810190641560656	2.18931924939953	0.00617283950617284	0.0432098765432099	85	0.0450925960628173	0.0351982522807935	0	0.0470588235294118	59	0.0469290861308638	0.0231115253771842	0	0.0338983050847458	11	-0.0439747071926033	-0.0336179781568811	0	0	4	0.0722140328867552	0.0836830691723904	0	0	3	-0.0281682387050234	-0.372966133858421	0.333333333333333	0.333333333333333	-0.472817800889054	-1.22832109221689	5.75233981091608	0.212444714905302	0.104938271604938	FALSE	C_weak_or_non_dependent	FALSE	0.144439289138061	0.289557425044409
TP53INP1	cholesterol/isoprenoid	Tier 2	ENSG00000164938	162	-0.157326888508011	-0.137754283481803	0.234487816412262	0.119655095593892	0.0493739947353362	-0.736186726677285	1.09875017195113	1.83493689862841	0.0216049382716049	0.0432098765432099	85	-0.169701188497466	-0.136611525442104	0.0294117647058824	0.0352941176470588	59	-0.149839026562558	-0.13897392183341	0.0169491525423729	0.0508474576271187	11	-0.0970013831817378	-0.0972675613012444	0	0	4	-0.163061525706852	-0.12142878677031	0	0	3	-0.202561125381617	-0.316364850635737	0	0.333333333333333	-0.472817800889054	1.26133516032249	6.354989536729	0.208751745641035	0.104938271604938	FALSE	C_weak_or_non_dependent	FALSE	0.144439289138061	0.289557425044409
MAT1A	methionine	Tier 1	ENSG00000151224	162	0.00321296259213767	-0.00154934999076935	0.240280589090464	0.119630560163162	0.051923696929734	-1.20953135410531	0.782185847510032	1.99171720161534	0	0.0185185185185185	85	0.0096618532361686	0.0033369804392437	0	0.0235294117647059	59	-8.30519547201005e-05	0.0034414058264282	0	0	11	0.0687457086215371	-0.020146487936289	0	0	4	-0.0956677284732453	-0.0920479977417262	0	0	3	0.0222145953072945	-0.0492925404445098	0	0.333333333333333	-0.472817800889054	-0.689876237285159	5.1307516845412	0.13192694831874	0.104938271604938	FALSE	C_weak_or_non_dependent	FALSE	0.144439289138061	0.289557425044409
CHDH	serine/glycine/one-carbon	Tier 1	ENSG00000016391	162	-0.0207757300197952	-0.00798445271612599	0.239310653096296	0.11962252666092	0.044538842934847	-0.5242740365947	0.659002083286871	1.18327611988157	0	0.0185185185185185	85	-0.0585219677723944	-0.0204216209977519	0	0.0352941176470588	59	-0.0171633554266405	-0.00577447096148204	0	0	11	0.037687574963257	0.0452173453209169	0	0	4	-0.0569421960092178	-0.059393308394343	0	0	3	0.0869856432187285	0.174410888857078	0	0	-0.472817800889054	0.614235442502713	0.762627130765403	0.201967257195287	0.104938271604938	FALSE	C_weak_or_non_dependent	FALSE	0.144439289138061	0.289557425044409
PDK3	OXPHOS;cholesterol/isoprenoid;glycolysis	Tier 1;Tier 2	ENSG00000067992	162	-0.0588921376114655	-0.0592479499566723	0.237027322302981	0.11959920328385	0.0417096277722914	-0.652764455796739	0.52193325428343	1.17469771008017	0.00617283950617284	0.0432098765432099	85	-0.0795623068574763	-0.0570772314428817	0	0.0470588235294118	59	-0.0605626747567445	-0.0717594323136358	0.0169491525423729	0.0508474576271187	11	-0.0572216004661865	-0.0577685653583511	0	0	4	-0.0631343672605908	-0.0644214184799453	0	0	3	0.110012254704566	0.126781059676726	0	0	-0.472817800889054	-0.0915218928652202	0.575953663167616	0.152031601419869	0.104938271604938	FALSE	C_weak_or_non_dependent	FALSE	0.144439289138061	0.289557425044409
TNFRSF1A	sphingolipid	Tier 1	ENSG00000067182	162	0.178211684992722	0.156862473749941	0.230743200897322	0.11954110230882	0.040315261295689	-0.533484588175354	0.809635309581018	1.34311989775637	0	0.00617283950617284	85	0.175528616470562	0.151522724346237	0	0	59	0.157195352341897	0.146405055545482	0	0.0169491525423729	11	0.21612488379191	0.208483725747847	0	0	4	0.234961226612867	0.19487282045461	0	0	3	0.228089209529647	0.273859545277343	0	0	-0.472817800889054	-0.404005215280324	1.01268571256341	0.164542817580005	0.104938271604938	FALSE	C_weak_or_non_dependent	FALSE	0.144439289138061	0.289557425044409
GNG3	glutamine/glutamate	Tier 1	ENSG00000162188	162	-0.087615975774051	-0.0708763900728382	0.235790355232694	0.119525637969628	0.0529612485799392	-0.732311024633048	0.833992503907224	1.56630352854027	0.00925925925925926	0.037037037037037	85	-0.0946447681322925	-0.072072070475421	0.0176470588235294	0.0470588235294118	59	-0.0566044278759963	-0.0564507002774722	0	0.0338983050847458	11	-0.179232892445697	-0.125694911354279	0	0	4	-0.0790813416979399	-0.0882726773733967	0	0	3	-0.084749058981001	-0.0965077168758294	0	0	-0.472817800889054	0.467172901426403	1.93265952720795	0.152483713753213	0.104938271604938	FALSE	C_weak_or_non_dependent	FALSE	0.144439289138061	0.289557425044409
GRM4	glutamine/glutamate	Tier 1	ENSG00000124493	162	-0.0711480042749035	-0.0740374981939602	0.232243367189658	0.119480586123569	0.0434350047410245	-0.78251648354343	0.728900718979929	1.51141720252336	0.0123456790123457	0.0432098765432099	85	-0.0409528849563782	-0.0777458078966196	0	0.0588235294117647	59	-0.0807941710674162	-0.0702769405589644	0.0169491525423729	0.0169491525423729	11	-0.0975927197814158	-0.144328966598086	0.0909090909090909	0.0909090909090909	4	-0.0744973131702199	-0.0883971356333269	0	0	3	0.064795154003869	0.233955210627421	0	0	-0.472817800889054	-0.229522892423662	1.9652082033264	0.131225374826276	0.104938271604938	FALSE	C_weak_or_non_dependent	FALSE	0.144439289138061	0.289557425044409
GAD2	glutamine/glutamate	Tier 1	ENSG00000136750	162	-0.0884448324562682	-0.0814346139603492	0.235664529613661	0.119479762522509	0.0475504670182492	-1.17745023229411	0.48532461617394	1.66277484846805	0	0.0308641975308642	85	-0.0835769354143428	-0.0712046742156765	0	0.0352941176470588	59	-0.0885717178283474	-0.0682759660646994	0	0	11	-0.0824865342374799	-0.134278768395365	0	0.0909090909090909	4	-0.0841511459397597	-0.0998780819170179	0	0	3	-0.117285712464788	-0.411716458469908	0	0.333333333333333	-0.472817800889054	-0.82024155714353	4.18333469420954	0.163358105461156	0.104938271604938	FALSE	C_weak_or_non_dependent	FALSE	0.144439289138061	0.289557425044409
ECH1	OXPHOS;cholesterol/isoprenoid	Tier 2	ENSG00000104823	162	-0.0612067265495613	-0.0465334688697495	0.236534293440703	0.119468190704713	0.0352799821330172	-0.684267327917086	0.507831673421008	1.19209900133809	0	0.0123456790123457	85	-0.0349352087801366	-0.0228561970658182	0	0.0117647058823529	59	-0.0767036176942064	-0.0658513351751216	0	0	11	-0.119949472654952	-0.0406143595782112	0	0	4	-0.0461361428676478	-0.041812015467969	0	0	3	-0.445181900017448	-0.365470137913497	0	0.333333333333333	-0.472817800889054	0.107051087628094	1.09615513517294	0.141406032696592	0.104938271604938	FALSE	C_weak_or_non_dependent	FALSE	0.144439289138061	0.289557425044409
B3GAT3	glycolysis	Tier 2	ENSG00000149541	162	0.0485859197509736	0.0661132318273748	0.243447190837125	0.119450861010553	0.0470329811637835	-0.766707503603518	0.661922828651026	1.42863033225454	0	0.0185185185185185	85	0.0483868689075726	0.0896236248575203	0	0.0235294117647059	59	0.0520492969896167	0.0563146946283457	0	0	11	0.0189646254614073	0.0570855788679516	0	0	4	0.0535006484030809	0.0272608891052446	0	0	3	-0.204141165933566	-0.322405487965116	0	0.333333333333333	-0.472817800889054	-0.197594340539979	1.46009393488452	0.138229214888839	0.104938271604938	FALSE	C_weak_or_non_dependent	FALSE	0.144439289138061	0.289557425044409
RXRA	cholesterol/isoprenoid;fatty-acid synthesis;glycolysis	Tier 1;Tier 2	ENSG00000186350	162	0.00919440860513746	-0.0050740755869422	0.23597847112104	0.119351629251522	0.0495665087863902	-0.777238016279774	0.581668337342376	1.35890635362215	0	0.0493827160493827	85	0.0150138602825909	-0.00250917660665121	0	0.0588235294117647	59	-0.00114644222789718	-0.00485443141661297	0	0.0169491525423729	11	-0.0119990598895069	-0.0447456147143	0	0.181818181818182	4	0.0498434644058422	-0.00277117381021701	0	0	3	0.0188783949138534	0.0603258923863501	0	0	-0.472817800889054	-0.627894358359817	1.33309983674987	0.188671853397596	0.104938271604938	FALSE	C_weak_or_non_dependent	FALSE	0.144439289138061	0.289557425044409
ST8SIA1	sphingolipid	Tier 1	ENSG00000111728	162	0.0319250596552363	0.0249340389039333	0.228908407187123	0.119348928032474	0.0396054840415527	-0.491410223309146	0.693127889358427	1.18453811266757	0	0.00617283950617284	85	0.0274217496620337	0.0186925357230946	0	0.0117647058823529	59	0.0105578143681764	0.0100666188675269	0	0	11	0.13030269106375	0.144136034308945	0	0	4	0.0441164046411392	0.0402569745313535	0	0	3	0.00783663257521633	0.0366646590887533	0	0	-0.472817800889054	-0.054278600326596	0.304499096105754	0.157665674388301	0.104938271604938	FALSE	C_weak_or_non_dependent	FALSE	0.144439289138061	0.289557425044409
PYGL	glycolysis	Tier 2	ENSG00000100504	162	0.0384173430652946	0.0111558688991625	0.240662198693993	0.119344789278511	0.0620224232521253	-1.05950674526774	0.550470116176307	1.60997686144405	0.0185185185185185	0.037037037037037	85	0.0504163414655868	-0.000747900258373848	0.0352941176470588	0.0705882352941176	59	0.0253082644880927	0.013509427874972	0	0	11	0.0388124192661568	0.0251610519922505	0	0	4	0.0672790055462724	0.113510085791648	0	0	3	0.088517548512825	0.114318041307134	0	0	-0.472817800889054	-1.10407304588074	2.64280507935016	0.255068735047607	0.104938271604938	FALSE	C_weak_or_non_dependent	FALSE	0.144439289138061	0.289557425044409
ACER2	sphingolipid	Tier 1	ENSG00000177076	162	0.0313604391224666	0.0344876176005777	0.236341733421833	0.119333661598821	0.063924116053663	-1.42625959022428	0.940679018700441	2.36693860892472	0.0123456790123457	0.0123456790123457	85	0.090428529644717	0.101919369914435	0	0	59	-0.0241648309097885	-0.0211131951356029	0.0169491525423729	0.0169491525423729	11	-0.0192697194094916	0.0187561832856862	0	0	4	0.0524931847450829	0.0203901635321837	0	0	3	-0.372070972637845	-0.706117516234698	0.333333333333333	0.333333333333333	-0.472817800889054	-1.41196667159203	9.40260257659027	0.193646877993578	0.104938271604938	FALSE	C_weak_or_non_dependent	FALSE	0.144439289138061	0.289557425044409
PPP2CB	glycolysis	Tier 2	ENSG00000104695	162	-0.0356197749267628	-0.0250461391845897	0.243008432998877	0.119301680273326	0.0402608435276534	-0.605358258672972	0.560016043784204	1.16537430245718	0.00617283950617284	0.0123456790123457	85	-0.0331288889378696	-0.0397928172725498	0	0.0117647058823529	59	0.0133961972491424	0.0106361542288912	0.0169491525423729	0.0169491525423729	11	-0.0721494532604757	-0.0494198230654851	0	0	4	-0.0356882723352194	-0.0113857628185277	0	0	3	-0.223457960749893	-0.237819024748981	0	0	-0.472817800889054	0.177907962891738	0.543315079828097	0.156309923409561	0.104938271604938	FALSE	C_weak_or_non_dependent	FALSE	0.144439289138061	0.289557425044409
BPNT1	glycolysis	Tier 2	ENSG00000162813	162	0.0142952161143419	0.00130722957659128	0.242178194942979	0.119233324781603	0.0480198082559934	-0.900335534898506	0.729603625585728	1.62993916048423	0.00617283950617284	0.0123456790123457	85	-0.0249038488566029	-0.00573897472407582	0	0.0117647058823529	59	0.00986731568289913	-0.00682510426400588	0.0169491525423729	0.0169491525423729	11	0.0522378017247986	0.0221505799274988	0	0	4	0.0959983548872876	0.0719950269524081	0	0	3	0.149337258545433	0.19020956917282	0	0	-0.472817800889054	-0.0543208336723109	1.78949620834707	0.127826013109458	0.104938271604938	FALSE	C_weak_or_non_dependent	FALSE	0.144439289138061	0.289557425044409
CYP7B1	cholesterol/isoprenoid	Tier 1	ENSG00000172817	162	0.0465050945096243	0.0593117126954092	0.247331309677875	0.119218971101635	0.0444683290099352	-0.467302124212753	1.18760952966357	1.65491165387632	0	0	85	0.0284049684891219	0.0651614164872172	0	0	59	0.0516938933136458	0.0471190210682674	0	0	11	0.0479615635555939	0.0721791515706171	0	0	4	0.0780133586590405	0.0983391385762591	0	0	3	0.218889823485021	0.0341425302110715	0	0	-0.472817800889054	0.930136809758588	4.38326788971615	0.178654822323025	0.104938271604938	FALSE	C_weak_or_non_dependent	FALSE	0.144439289138061	0.289557425044409
GPT2	glutamine/glutamate	Tier 1	ENSG00000166123	162	0.175255775076143	0.139566095107122	0.246352331973293	0.119204305749253	0.04846289283665	-0.801966922190147	0.797971123078889	1.59993804526904	0	0.0246913580246914	85	0.14457013262645	0.1033130023237	0	0.0352941176470588	59	0.194261238775981	0.169565394731431	0	0.0169491525423729	11	0.220914153593464	0.224647116521337	0	0	4	0.187162595051775	0.168110475761591	0	0	3	0.313281299825522	0.226727911967899	0	0	-0.472817800889054	-0.930067186206267	2.44418999742678	0.21939117093007	0.104938271604938	FALSE	C_weak_or_non_dependent	FALSE	0.144439289138061	0.289557425044409
GABBR2	glutamine/glutamate	Tier 1	ENSG00000136928	162	-0.0768658624855397	-0.0822462073364781	0.237457096931986	0.119183707313522	0.0361141097440472	-0.714185907577034	0.462526043442102	1.17671195101914	0.0123456790123457	0.0185185185185185	85	-0.0672795622897508	-0.0772570345697147	0	0.0235294117647059	59	-0.0798127766171642	-0.0961532599618388	0.0338983050847458	0.0169491525423729	11	-0.106327278090125	-0.0600561025204513	0	0	4	-0.084320124592904	-0.0802693529839945	0	0	3	-0.173028358779054	-0.0341002575580895	0	0	-0.472817800889054	-0.0122715983796443	0.657001882119263	0.14897107099726	0.104938271604938	FALSE	C_weak_or_non_dependent	FALSE	0.144439289138061	0.289557425044409
DPYSL4	glycolysis	Tier 2	ENSG00000151640	162	0.0423028076271386	0.0355457514676217	0.223371580810461	0.119134092058446	0.0460212793844721	-0.823761403737968	1.00708580647073	1.8308472102087	0.00617283950617284	0.00617283950617284	85	0.0598016184289793	0.0669403641494914	0.0117647058823529	0.0117647058823529	59	0.00503802466435904	-0.000815471051504218	0	0	11	-0.183111507728861	-0.133719459168026	0	0	4	0.0714732722486425	0.0810681863808338	0	0	3	0.250728943977239	0.421078294137215	0	0	-0.472817800889054	0.538235330418135	3.59202449927292	0.133664752344683	0.104938271604938	FALSE	C_weak_or_non_dependent	FALSE	0.144439289138061	0.289557425044409
TUBB3	iron	Tier 1	ENSG00000258947	162	0.0297228279864943	0.0270127022791506	0.243288363418835	0.11909631710064	0.0563139174113964	-0.995531285767639	0.729884552298827	1.72541583806647	0	0.037037037037037	85	0.0275230597964261	0.0172867796603884	0	0.0352941176470588	59	0.0311122282065573	0.0311465145027803	0	0.0508474576271187	11	0.173349617140046	0.100403434876245	0	0	4	-0.037109357646488	-0.010338509603222	0	0	3	0.0575149639697306	0.00198446573317763	0	0	-0.472817800889054	-0.366405624408683	2.73243310482586	0.129051439760627	0.104938271604938	FALSE	C_weak_or_non_dependent	FALSE	0.144439289138061	0.289557425044409
FAM162A	glycolysis	Tier 2	ENSG00000114023	162	-0.0213684528156693	-0.0317800318072901	0.23578719604435	0.119086266268781	0.0540240531166326	-1.11900882911172	0.844005850720624	1.96301467983235	0.0154320987654321	0.0246913580246914	85	-0.0205854267534117	-0.0368778254663514	0.0117647058823529	0.0352941176470588	59	-0.0399743930987936	-0.0638219493533297	0.0254237288135593	0.0169491525423729	11	0.0723485994270889	0.0559335398486236	0	0	4	0.0261876669297695	0.0482663273405223	0	0	3	0.339861650614273	0.314470258669457	0	0	-0.472817800889054	-0.668410116134808	4.34406506088353	0.139102177255954	0.104938271604938	FALSE	C_weak_or_non_dependent	FALSE	0.144439289138061	0.289557425044409
GRIK3	glutamine/glutamate	Tier 1	ENSG00000163873	162	0.0178811637406251	0.0275838649296897	0.254429777269748	0.119061875826313	0.0577218296809497	-1.40885452395942	0.825686082590406	2.23454060654982	0.00617283950617284	0.0123456790123457	85	0.0421018042448629	0.0519394704736299	0	0.0117647058823529	59	-0.0122667217345487	-0.0209043342175783	0.0169491525423729	0.0169491525423729	11	0.0192995311139919	0.0569557803326606	0	0	4	0.031799879001646	0.0547639119295455	0	0	3	0.193142117034955	0.147172538603617	0	0	-0.472817800889054	-0.997309653308587	7.34738098257781	0.148807166887479	0.104938271604938	FALSE	C_weak_or_non_dependent	FALSE	0.144439289138061	0.289557425044409
SLC7A9	amino-acid transport	Tier 1	ENSG00000021488	162	0.0365033761672818	0.032110496045572	0.218811610480971	0.119054543085434	0.0443817152089195	-0.713578979891782	0.635713884982128	1.34929286487391	0	0.0185185185185185	85	0.0340500954591185	0.0232470308343421	0	0.0235294117647059	59	0.0577335665311834	0.0704009612302879	0	0	11	-0.0645638877916862	-0.059754584256451	0	0	4	0.0518151613117043	0.0556510435067481	0	0	3	0.000367476655919432	-0.164352573776478	0	0.333333333333333	-0.472817800889054	-0.0524971483876795	1.35724975644095	0.135252200084056	0.104938271604938	FALSE	C_weak_or_non_dependent	FALSE	0.144439289138061	0.289557425044409
HADH	BCAA;fatty-acid oxidation;tryptophan	Tier 1	ENSG00000138796	162	-0.0427816757528263	-0.0645301364279121	0.217239278763785	0.119027339738605	0.0561155062384733	-0.903028783439926	0.758834061085635	1.66186284452556	0.0154320987654321	0.0555555555555556	85	-0.087426209347188	-0.0963378354347552	0.0176470588235294	0.0823529411764706	59	-0.0181246404338063	-0.0299891793230246	0	0.0169491525423729	11	-0.0224446261131415	-0.0366000961719224	0.0909090909090909	0.0909090909090909	4	-0.0662955807794647	-0.0483811116114184	0	0	3	0.0791421414306393	0.0334403316758987	0	0	-0.472817800889054	-0.204097398827638	1.55346646143784	0.136876477475908	0.104938271604938	FALSE	C_weak_or_non_dependent	FALSE	0.144439289138061	0.289557425044409
PRMT3	arginine	Tier 2	ENSG00000185238	162	-0.0615486620918439	-0.0663693257733034	0.241894393395765	0.119024370655002	0.0519059033596866	-0.672862583115205	0.570918694468936	1.24378127758414	0.0185185185185185	0.0555555555555556	85	-0.0733808201531927	-0.0850951575865091	0.0235294117647059	0.0588235294117647	59	-0.0654162373663206	-0.0611628355788178	0.0169491525423729	0.0338983050847458	11	0.0487093202760867	-0.0118942213168526	0	0.181818181818182	4	-0.11924605612437	-0.133731646772013	0	0	3	0.331931307228756	0.251875980100599	0	0	-0.472817800889054	-0.0200028416790146	0.698928869003353	0.148083460465633	0.104938271604938	FALSE	C_weak_or_non_dependent	FALSE	0.144439289138061	0.289557425044409
SLC1A6	glutamine/glutamate	Tier 1	ENSG00000105143	162	0.153783255787689	0.147381707405877	0.231324898443752	0.118991349276957	0.0352865871475229	-0.484655556046833	0.762130863031038	1.24678641907787	0	0.00617283950617284	85	0.144589260583283	0.146792482299427	0	0.0117647058823529	59	0.165452160701834	0.143550084518572	0	0	11	0.14577781874055	0.10700114455491	0	0	4	0.252790442934784	0.230903875711041	0	0	3	0.342076415926221	0.276130841585609	0	0	-0.472817800889054	-0.131083153435867	0.662212944222334	0.151390487817145	0.104938271604938	FALSE	C_weak_or_non_dependent	FALSE	0.144439289138061	0.289557425044409
GPX4	OXPHOS	Tier 2	ENSG00000167468	162	0.0784181868343114	0.0914018642893855	0.241063052241475	0.118903895047502	0.0428267362496471	-0.466334602728286	0.854261404219539	1.32059600694783	0	0	85	0.0798119616054253	0.108123286536814	0	0	59	0.0770244120631975	0.0799633268360644	0	0	11	0.0568310827087496	-0.0306720445246678	0	0	4	0.114243198582821	0.115480312263677	0	0	3	0.285630133767728	0.258085872213374	0	0	-0.472817800889054	0.395352423162713	1.34053002136917	0.156315288751799	0.104938271604938	FALSE	C_weak_or_non_dependent	FALSE	0.144439289138061	0.289557425044409
GRIK4	glutamine/glutamate	Tier 1	ENSG00000149403	162	0.0390903999998556	0.0447258695331982	0.232380956678473	0.118873231509493	0.0449511819018659	-0.606992896458393	0.892625629852567	1.49961852631096	0	0.0123456790123457	85	0.0520554701370908	0.043800907604586	0	0.0235294117647059	59	0.0438131095596135	0.0732466562450306	0	0	11	-0.00820594624226763	-0.0364837433272519	0	0	4	0.0586949455242762	0.0703639968447111	0	0	3	-0.198580046623889	-0.226391270415859	0	0	-0.472817800889054	0.268790379346121	1.76712236908124	0.137048777917877	0.104938271604938	FALSE	C_weak_or_non_dependent	FALSE	0.144439289138061	0.289557425044409
LRP2	vitamin B12	Tier 1	ENSG00000081479	162	-0.0244677342904967	-0.0267936828382856	0.228450468425485	0.118819386467481	0.045887625009134	-0.573147899111746	0.734969511735189	1.30811741084694	0	0.0246913580246914	85	-0.0232102521923666	-0.0160906928213197	0	0.0470588235294118	59	-0.0530777616799486	-0.0577139816645877	0	0	11	-0.0108248289475978	0.0167673073069891	0	0	4	-0.141827113958899	-0.110214255029634	0	0	3	0.0959690481560408	0.229557942654083	0	0	-0.472817800889054	0.4470777249719	1.38261204557141	0.161288434355381	0.104938271604938	FALSE	C_weak_or_non_dependent	FALSE	0.144439289138061	0.289557425044409
ALPI	folate	Tier 1	ENSG00000163295	162	0.0230445399377673	0.0149909610600561	0.2310509127147	0.118717156797835	0.0605670757602504	-0.749948888524034	0.767222698386493	1.51717158691053	0.0123456790123457	0.0432098765432099	85	0.00274092551752485	-0.00872325616773148	0.0235294117647059	0.0823529411764706	59	0.0351952840414235	0.03259661623221	0	0	11	-0.031351379732638	0.00286248230251124	0	0	4	0.0453627308484113	0.0380338611594828	0	0	3	0.205757198954673	0.354396452773441	0	0	-0.472817800889054	0.0274569677761101	1.41861800775835	0.133874034419253	0.104938271604938	FALSE	C_weak_or_non_dependent	FALSE	0.144439289138061	0.289557425044409
LRPPRC	OXPHOS	Tier 2	ENSG00000138095	162	-0.452645749340381	-0.449860521994598	0.236915769597561	0.118683849972553	0.0517046584304436	-1.13984210663355	0.270890667380442	1.41073277401399	0.385802469135802	0.462962962962963	85	-0.46829993763333	-0.454226986335549	0.329411764705882	0.482352941176471	59	-0.484304895645765	-0.483454055343799	0.5	0.525423728813559	11	-0.403612314299716	-0.305411421835578	0.272727272727273	0.181818181818182	4	-0.389383939518141	-0.384011578007569	0.5	0.25	3	-0.420728516503249	-0.282916502365811	0	0	-0.472817800889054	-0.102363839876147	1.16442744984729	0.139933178917871	0.104938271604938	FALSE	C_weak_or_non_dependent	FALSE	0.144439289138061	0.289557425044409
NDUFB5	OXPHOS	Tier 1;Tier 2	ENSG00000136521	162	-0.017902798849752	-0.0448206079586381	0.226979586815194	0.118641385599277	0.0629294626114192	-1.1866043169934	0.83800692768554	2.02461124467894	0.0216049382716049	0.0432098765432099	85	-0.0438964264561958	-0.0771178799345395	0.0411764705882353	0.0705882352941176	59	0.0245711530750986	-0.0109160447775021	0	0.0169491525423729	11	0.0518217711163616	0.0519616391503325	0	0	4	-0.0479645100904885	-0.0698954048389918	0	0	3	-0.105790369012797	-0.11795615476286	0	0	-0.472817800889054	-0.8776583530757	3.94157385280299	0.177058597208734	0.104938271604938	FALSE	C_weak_or_non_dependent	FALSE	0.144439289138061	0.289557425044409
CYP11A1	cholesterol/isoprenoid	Tier 1	ENSG00000140459	162	0.0889236470764817	0.0738225410006303	0.238174337886624	0.118640613275255	0.0537022090566575	-0.623330732547366	0.61629215587705	1.23962288842442	0.00925925925925926	0.0308641975308642	85	0.101417143087401	0.0859708798636193	0	0.0235294117647059	59	0.0663456570294451	0.0450442780614087	0.0254237288135593	0.0508474576271187	11	0.131902930654737	0.136456089597397	0	0	4	0.113842449792536	0.0996774441502049	0	0	3	0.0127141863688457	0.0314625619663922	0	0	-0.472817800889054	-0.431579697608068	0.963822835144314	0.168969946671223	0.104938271604938	FALSE	C_weak_or_non_dependent	FALSE	0.144439289138061	0.289557425044409
PGK2	glycolysis	Tier 1	ENSG00000170950	162	0.113272666416765	0.105676151477638	0.233423742151915	0.118613409757078	0.037215466745568	-0.437878802557827	0.613722473804888	1.05160127636271	0	0	85	0.115414468642429	0.100277558021242	0	0	59	0.111130864191102	0.113129319807293	0	0	11	0.104034121819263	0.0701942230727266	0	0	4	0.113323528385027	0.131351613506087	0	0	3	0.222075568722666	0.207923777039081	0	0	-0.472817800889054	-0.265410563576053	0.485702419478305	0.163615618311799	0.104938271604938	FALSE	C_weak_or_non_dependent	FALSE	0.144439289138061	0.289557425044409
CYP46A1	cholesterol/isoprenoid	Tier 1	ENSG00000036530	162	-0.104376941052342	-0.0951862133204075	0.229611853212602	0.118608031957946	0.0523563643234133	-0.851957245826768	0.533771714711497	1.38572896053827	0.0123456790123457	0.0493827160493827	85	-0.12081788423498	-0.130341304484185	0	0.0588235294117647	59	-0.0468092977539795	-0.0565659056209069	0.0169491525423729	0.0169491525423729	11	0.0032159800717871	0.0169030214642527	0.0909090909090909	0.0909090909090909	4	-0.187095319239363	-0.201473767732666	0	0	3	-0.177089240267549	-0.127935136764291	0	0.333333333333333	-0.472817800889054	0.0711870059159632	0.910744587458608	0.144251518215821	0.104938271604938	FALSE	C_weak_or_non_dependent	FALSE	0.144439289138061	0.289557425044409
ACTL6B	arginine	Tier 2	ENSG00000077080	162	-0.0195252617261836	-0.015814754290336	0.235347534373779	0.118492403197884	0.0523126268201714	-0.666238947286788	1.28144505555043	1.94768400283722	0.0216049382716049	0.0308641975308642	85	-0.0226884371080685	-0.0125439038148992	0.0294117647058824	0.0352941176470588	59	-0.018111589040125	-0.0128034348822973	0.0169491525423729	0.0169491525423729	11	0.0263699934022007	0.00361438916594313	0	0	4	-0.0711956223862052	-0.0444215038667068	0	0	3	-0.102465109421215	-0.200809326023668	0	0.333333333333333	-0.472817800889054	0.862570291407252	5.74871065428341	0.147730930605378	0.104938271604938	FALSE	C_weak_or_non_dependent	FALSE	0.144439289138061	0.289557425044409
ACACB	cholesterol/isoprenoid	Tier 2	ENSG00000076555	162	0.0759001417662694	0.0693878567278869	0.242030007230665	0.118465891873987	0.0431912997843891	-0.801772028077039	0.678294899323133	1.48006692740017	0.00617283950617284	0.0123456790123457	85	0.0703026522307165	0.0365859473299507	0.0117647058823529	0.0235294117647059	59	0.0928810235278153	0.104567000991778	0	0	11	0.0625894439994555	0.0750288111844085	0	0	4	0.147586578275992	0.167273860289291	0	0	3	0.247557757739958	0.155720614723774	0	0	-0.472817800889054	-0.612181561018982	1.79909528664547	0.174999782494789	0.104938271604938	FALSE	C_weak_or_non_dependent	FALSE	0.144439289138061	0.289557425044409
MGST3	OXPHOS	Tier 2	ENSG00000143198	162	0.132457830246147	0.114405281220519	0.242840881444156	0.118384381777146	0.0416622981314322	-0.822345288695677	0.623314225681907	1.44565951437758	0.00617283950617284	0.0185185185185185	85	0.156486391100828	0.133374921807192	0	0.0235294117647059	59	0.115995554690799	0.0787452843326479	0.0169491525423729	0.0169491525423729	11	0.174351175423676	0.203674125468091	0	0	4	0.073749125535432	0.0652454569036813	0	0	3	0.0845388762246697	0.0164727402409344	0	0	-0.472817800889054	-0.790565567526496	2.46332728839514	0.190725888915862	0.104938271604938	FALSE	C_weak_or_non_dependent	FALSE	0.144439289138061	0.289557425044409
PKP2	glycolysis	Tier 2	ENSG00000057294	162	0.0310605816039297	0.0403101477265995	0.23796718876833	0.118372035187673	0.0358478554126985	-0.444766024749912	0.929716601500757	1.37448262625067	0	0	85	0.0592677809350103	0.0854878005239592	0	0	59	-0.0230891254325832	-0.0153668112099956	0	0	11	0.0973447336664606	0.0689285098179294	0	0	4	-0.057209311816904	-0.0505053196432401	0	0	3	-0.103625189114193	-0.128589860287316	0	0	-0.472817800889054	0.721898555701723	2.45569494587122	0.178696319546247	0.104938271604938	FALSE	C_weak_or_non_dependent	FALSE	0.144439289138061	0.289557425044409
HAGH	OXPHOS	Tier 1	ENSG00000063854	162	-0.0819439340032455	-0.0935850203491044	0.235344797583658	0.118361823129882	0.0526397880367439	-1.07466813316218	0.560388656903227	1.63505679006541	0.0123456790123457	0.0493827160493827	85	-0.0885235493963755	-0.106964784611734	0.0117647058823529	0.0588235294117647	59	-0.0687954317459288	-0.088490641256869	0.0169491525423729	0.0508474576271187	11	-0.0266859572222481	-0.00358989106597124	0	0	4	-0.181347202365164	-0.198069830073998	0	0	3	-0.0255835164246453	-0.00535021612687201	0	0	-0.472817800889054	-0.38717419130062	2.45951503123786	0.13502488140638	0.104938271604938	FALSE	C_weak_or_non_dependent	FALSE	0.144439289138061	0.289557425044409
SLC30A8	zinc	Tier 1	ENSG00000164756	162	0.000314445709590067	0.0377264640813771	0.228203470671978	0.118307916951711	0.0609599269950085	-0.607309068962268	1.25484041198919	1.86214948095146	0.00617283950617284	0.0246913580246914	85	-0.0218948980162745	0.0401590197688407	0	0.0235294117647059	59	0.026986495811497	0.0507286243578905	0.0169491525423729	0.0169491525423729	11	-0.0156264068957707	-0.0492514025970259	0	0.0909090909090909	4	-0.0171971067968886	0.0848177180109968	0	0	3	-0.114643077052587	-0.0307745932535363	0	0	-0.472817800889054	1.00144425979226	3.48222716948884	0.209969739147409	0.104938271604938	FALSE	C_weak_or_non_dependent	FALSE	0.144439289138061	0.289557425044409
RANBP9	OXPHOS	Tier 1	ENSG00000010017	162	-0.0515666656382772	-0.0533411141468767	0.235901188905373	0.118272055937012	0.0695656126481018	-1.35289942833646	0.767747707797545	2.120647136134	0.0308641975308642	0.0493827160493827	85	-0.0624208141257338	-0.0356008373985188	0.0117647058823529	0.0588235294117647	59	-0.0313132815584097	-0.0397802817288069	0.0508474576271187	0.0169491525423729	11	-0.0333898726116234	-0.100870230277561	0	0	4	-0.0272219930546298	-0.00729856324661367	0	0	3	-0.580888154753403	-0.709795301626895	0.333333333333333	0.666666666666667	-0.472817800889054	-0.540670702537448	4.0294483958701	0.128128397254895	0.104938271604938	FALSE	C_weak_or_non_dependent	FALSE	0.144439289138061	0.289557425044409
FUT2	sphingolipid	Tier 1	ENSG00000176920	162	0.0220854282962948	-0.00293964710924492	0.244078509589117	0.118241015899203	0.0693758295287427	-1.51201990847326	0.909263988080812	2.42128389655407	0.00617283950617284	0.037037037037037	85	0.0438119321674972	0.00708373332454635	0.0117647058823529	0.0352941176470588	59	-0.00678575972773184	-0.0202246872556163	0	0.0338983050847458	11	0.0304959093986799	0.0525956456248981	0	0	4	0.0293816150007611	0.0162023932463866	0	0	3	0.081967352294077	-0.17614843035406	0	0.333333333333333	-0.472817800889054	-0.988534978156041	6.54330212190121	0.156920449618301	0.104938271604938	FALSE	C_weak_or_non_dependent	FALSE	0.144439289138061	0.289557425044409
COX8C	OXPHOS	Tier 1	ENSG00000187581	162	0.141240348049126	0.138134997685692	0.23188403272622	0.118238980312373	0.0431200064021216	-0.337257046925243	0.986662146211199	1.32391919313644	0	0	85	0.144402167214341	0.141634777576227	0	0	59	0.133862484252598	0.122643550377493	0	0	11	0.193225190508094	0.223776840052923	0	0	4	0.094900859178123	0.05860711002749	0	0	3	0.196374553158849	0.135656792712865	0	0	-0.472817800889054	0.55068998981246	1.59011304162062	0.170431231906682	0.104938271604938	FALSE	C_weak_or_non_dependent	FALSE	0.144439289138061	0.289557425044409
SLC39A2	zinc	Tier 1	ENSG00000165794	162	0.0148445873008563	0.0119301531639163	0.228739410075328	0.11823848412352	0.0533760006882717	-0.581291398350793	1.0521855842667	1.6334769826175	0.00617283950617284	0.0185185185185185	85	0.014463388803807	0.0178695113723987	0.0117647058823529	0.0117647058823529	59	0.0231549386469117	0.0330873691401753	0	0.0169491525423729	11	0.00360204143165746	-0.0995551532218525	0	0.0909090909090909	4	0.0426930347642143	0.0405690229744262	0	0	3	-0.160540553864821	-0.201849279942375	0	0	-0.472817800889054	0.566641166538799	2.45389027051455	0.155227640090547	0.104938271604938	FALSE	C_weak_or_non_dependent	FALSE	0.144439289138061	0.289557425044409
ANXA5	cholesterol/isoprenoid	Tier 2	ENSG00000164111	162	0.0666022503177038	0.0698529291519263	0.234645062498722	0.118202694313436	0.0534592801588987	-0.559696513828507	1.02924887530597	1.58894538913447	0.00617283950617284	0.00617283950617284	85	0.0573667644297365	0.0626454719173319	0.0117647058823529	0	59	0.0840018765309964	0.0928076007045295	0	0.0169491525423729	11	0.0465382732720769	0.0443399977514131	0	0	4	0.0467963549930369	-0.0116264344773706	0	0	3	0.00609243220893325	0.0248089102385138	0	0	-0.472817800889054	0.370874936222305	1.75077829570783	0.145699419688526	0.104938271604938	FALSE	C_weak_or_non_dependent	FALSE	0.144439289138061	0.289557425044409
THEM4	fatty-acid oxidation	Tier 1	ENSG00000159445	162	-0.0692083560730082	-0.072098488601305	0.238378069678822	0.118134540728913	0.0638730648343764	-0.83740826800993	0.724923341211781	1.56233160922171	0.00617283950617284	0.0617283950617284	85	-0.0997434238089154	-0.0966129111314064	0	0.0823529411764706	59	-0.0688948475319353	-0.0590796952954105	0.0169491525423729	0.0338983050847458	11	-0.0645115002539854	-0.00348975598751443	0	0	4	-0.00345635393739309	0.0100985599846455	0	0	3	-0.023868737663135	0.00527913037047831	0	0.333333333333333	-0.472817800889054	-0.0461531313119548	1.70472495842946	0.129116407787862	0.104938271604938	FALSE	C_weak_or_non_dependent	FALSE	0.144439289138061	0.289557425044409
CRAT	fatty-acid oxidation	Tier 1	ENSG00000095321	162	0.0297648663100783	0.0352823212651435	0.238522398452132	0.118129712380265	0.0389350544079217	-0.523721067925803	0.661733424361416	1.18545449228722	0	0.0123456790123457	85	0.0403494001119906	0.026088158313251	0	0.0235294117647059	59	0.0326640193276595	0.0675589040839581	0	0	11	0.0349934576250785	-0.0249231361522024	0	0	4	-0.0108519146826451	-0.0117386653533742	0	0	3	-0.0619377466757602	-0.0555411978462975	0	0	-0.472817800889054	0.106570706447192	0.4714477582574	0.154922037828798	0.104938271604938	FALSE	C_weak_or_non_dependent	FALSE	0.144439289138061	0.289557425044409
PARP16	NAD	Tier 1	ENSG00000138617	162	-0.0714157834870164	-0.0678208074693971	0.238392267681611	0.118126018160723	0.0610926650851146	-1.17398182811828	0.834746285983357	2.00872811410164	0.0185185185185185	0.0555555555555556	85	-0.107734749629187	-0.0773459786752084	0	0.0941176470588235	59	-0.0167244903301733	-0.0342097710497686	0.0338983050847458	0.0169491525423729	11	-0.154169271278859	-0.130483502309952	0	0	4	-0.114381269217807	-0.130639644769159	0.25	0	3	-0.186485637485839	-0.145436342075721	0	0	-0.472817800889054	-0.378606228869195	2.88594324301942	0.127852567893899	0.104938271604938	FALSE	C_weak_or_non_dependent	FALSE	0.144439289138061	0.289557425044409
SDC3	glycolysis	Tier 2	ENSG00000162512	162	0.0294172334080603	0.0366238370472925	0.235468863506785	0.11810063498346	0.0433295559233335	-0.677369092700175	0.737803288121743	1.41517238082192	0	0.0246913580246914	85	0.0735868219575601	0.0792194369775005	0	0.0117647058823529	59	0.00649887338748679	-0.00350122834906512	0	0.0508474576271187	11	-0.106014755696643	-0.0991138698017065	0	0	4	0.0739915888389826	0.0863815299565828	0	0	3	0.186392256932029	0.0502361263870393	0	0	-0.472817800889054	-0.049660162136052	1.88418157354096	0.126240818885401	0.104938271604938	FALSE	C_weak_or_non_dependent	FALSE	0.144439289138061	0.289557425044409
ENOPH1	methionine	Tier 1	ENSG00000145293	162	0.0523924944607382	0.0453074539894153	0.231149386765065	0.118053001663295	0.0385815556750248	-0.551952982910402	1.01756835524168	1.56952133815208	0.00617283950617284	0.00617283950617284	85	0.0691657864265754	0.0612576373758305	0	0.0117647058823529	59	0.0143673645326982	0.0210292259268774	0.0169491525423729	0	11	0.0550709210395099	0.0517507254198396	0	0	4	0.0557871393574458	0.047720221981909	0	0	3	0.105302547840105	0.0440150573693516	0	0	-0.472817800889054	0.472616534611969	3.08739756115982	0.133787230251619	0.104938271604938	FALSE	C_weak_or_non_dependent	FALSE	0.144439289138061	0.289557425044409
TTC19	OXPHOS	Tier 1	ENSG00000011295	162	-0.0251909278281316	-0.0445180704816398	0.237614121104504	0.118023013855848	0.0567711524385741	-0.789271162718229	0.688640670245344	1.47791183296357	0.00925925925925926	0.0432098765432099	85	-0.0123480768091153	-0.0462236650321981	0.0176470588235294	0.0705882352941176	59	-0.0539486813410241	-0.0523089704044449	0	0.0169491525423729	11	-0.116784202874891	-0.0369860346313709	0	0	4	-0.0064129525655342	0.0647170752674289	0	0	3	-0.0656372394237985	-0.0162361855170635	0	0	-0.472817800889054	-0.268552461873033	1.26431453205237	0.146443808099256	0.104938271604938	FALSE	C_weak_or_non_dependent	FALSE	0.144439289138061	0.289557425044409
ARG1	arginine	Tier 1	ENSG00000118520	162	0.129446500286807	0.121219602885225	0.23028247311623	0.117942383920385	0.0468459692640365	-0.563200738442311	0.813165995303041	1.37636673374535	0	0.0123456790123457	85	0.158654690841859	0.121326850711867	0	0.0235294117647059	59	0.110395553268627	0.136752979013005	0	0	11	0.0670895293830715	0.0298524301575417	0	0	4	0.127657817621029	0.145230214080535	0	0	3	0.245203530335512	0.115690002358467	0	0	-0.472817800889054	-0.383928019335512	1.11363716966603	0.160019985776006	0.104938271604938	FALSE	C_weak_or_non_dependent	FALSE	0.144439289138061	0.289557425044409
B3GNT5	sphingolipid	Tier 1	ENSG00000176597	162	-0.00352712422663395	-0.0163271573232949	0.243724942432482	0.117924258830897	0.0476085918445704	-0.624823093512234	0.846683219115867	1.4715063126281	0.00617283950617284	0.037037037037037	85	-0.0193149997320607	-0.0322686957046138	0.0117647058823529	0.0352941176470588	59	0.0181666361290201	0.0087440924393511	0	0.0338983050847458	11	-0.0431883703325831	-0.082216815655068	0	0.0909090909090909	4	-0.0994695283692097	-0.10516959381938	0	0	3	0.222813583784305	0.302333847359981	0	0	-0.472817800889054	-0.0672153678253895	1.63500633176904	0.130597169032676	0.104938271604938	FALSE	C_weak_or_non_dependent	FALSE	0.144439289138061	0.289557425044409
GPX8	cholesterol/isoprenoid	Tier 2	ENSG00000164294	162	-0.0577026670003104	-0.0726690096027547	0.24259142874952	0.117846684181495	0.0456986678144391	-1.19637924086767	0.771691851048575	1.96807109191625	0.0277777777777778	0.0246913580246914	85	-0.0804948491582537	-0.0818327022930453	0.0411764705882353	0.0352941176470588	59	-0.0421266173054842	-0.0574165565665031	0.0169491525423729	0.0169491525423729	11	-0.0951399679946428	-0.105713369385106	0	0	4	0.0181221119822123	0.00681182462572319	0	0	3	-0.211979698327835	-0.0978077528601509	0	0	-0.472817800889054	-0.614247183799462	5.32789032147456	0.12097905492395	0.104938271604938	FALSE	C_weak_or_non_dependent	FALSE	0.144439289138061	0.289557425044409
PGAM2	glycolysis	Tier 1;Tier 2	ENSG00000164708	162	0.000267746649202297	-0.0120048738192843	0.235495638937323	0.117815689741457	0.054350952642693	-1.06276839464781	0.755538029622536	1.81830642427035	0.00617283950617284	0.0246913580246914	85	-0.00152354222113302	-0.00665248232088351	0	0.0352941176470588	59	-0.00307268498253286	-0.0117586653898667	0	0	11	0.0448098105746603	-0.00211677201311234	0.0909090909090909	0	4	-0.137173708778855	-0.115286605978543	0	0	3	0.362212743061047	-0.0670454624628036	0	0.333333333333333	-0.472817800889054	-0.784004712562132	2.91735882902982	0.17992521734521	0.104938271604938	FALSE	C_weak_or_non_dependent	FALSE	0.144439289138061	0.289557425044409
WARS2	tryptophan	Tier 1	ENSG00000116874	162	-0.523881897547543	-0.52211597676716	0.241211569471807	0.117808818489919	0.05045768868318	-1.27103924419501	0.320795072549815	1.59183431674483	0.496913580246914	0.604938271604938	85	-0.542599422317971	-0.577178834110106	0.541176470588235	0.705882352941177	59	-0.475373812887479	-0.469322169907702	0.466101694915254	0.508474576271186	11	-0.377170269175422	-0.371644115835612	0.272727272727273	0.272727272727273	4	-0.468490793418464	-0.461815800177788	0.75	0.5	3	-0.620415430248144	-0.632410279154537	0.333333333333333	1	-0.472817800889054	-0.237426128412618	1.79086283075405	0.134610995595798	0.104938271604938	FALSE	C_weak_or_non_dependent	FALSE	0.144439289138061	0.289557425044409
GRHPR	serine/glycine/one-carbon	Tier 1	ENSG00000137106	162	-0.0632501593433993	-0.0711163285267184	0.245154592838048	0.117767721033056	0.0554999888226802	-0.850680845060404	0.723226422242667	1.57390726730307	0.0185185185185185	0.0493827160493827	85	-0.0882004438371546	-0.0822590628308324	0.0352941176470588	0.0705882352941176	59	-0.0563922723483316	-0.0731091281475622	0	0.0169491525423729	11	-0.0415641568730349	-0.0476310450999276	0	0	4	0.00858448001242921	0.0363053687862041	0	0	3	0.232250079265689	0.054444566984311	0	0.333333333333333	-0.472817800889054	0.0260517947281358	1.48338442306458	0.132714139552753	0.104938271604938	FALSE	C_weak_or_non_dependent	FALSE	0.144439289138061	0.289557425044409
GRIN2C	glutamine/glutamate	Tier 1	ENSG00000161509	162	-0.128249377854369	-0.134654197621046	0.236769746412725	0.117726920005086	0.0554931580588019	-1.53115179048377	0.881476658027518	2.41262844851129	0.0339506172839506	0.0432098765432099	85	-0.116598077138622	-0.120947290970063	0.0176470588235294	0.0470588235294118	59	-0.176021568613357	-0.152458895256566	0.0508474576271187	0.0338983050847458	11	-0.0838778236218621	-0.172804465408619	0	0.0909090909090909	4	-0.163729139064072	-0.168554056751312	0.25	0	3	-0.286312212028675	0.012226628161146	0	0	-0.472817800889054	-0.68448907337629	8.94966547562459	0.0978600161764153	0.104938271604938	FALSE	C_weak_or_non_dependent	FALSE	0.144439289138061	0.289557425044409
PCK1	TCA;glycolysis	Tier 1;Tier 2	ENSG00000124253	162	-0.191609142578594	-0.195402153650067	0.233413904212638	0.117707502296506	0.0527437722548681	-0.752590041504555	0.531292674414034	1.28388271591859	0.0987654320987654	0.111111111111111	85	-0.175254682870682	-0.182092265957355	0.1	0.152941176470588	59	-0.22480953940123	-0.209402902638858	0.110169491525424	0.0508474576271187	11	-0.187160700644184	-0.231781000116691	0.0909090909090909	0.0909090909090909	4	-0.174502250038545	-0.178308078610483	0	0	3	0.0322486824029451	-0.186570571172486	0	0.333333333333333	-0.472817800889054	0.169596539499888	0.707995575745038	0.15207775056408	0.104938271604938	FALSE	C_weak_or_non_dependent	FALSE	0.144439289138061	0.289557425044409
TRAP1	OXPHOS;TCA	Tier 1	ENSG00000126602	162	0.0361018285206752	0.0433315065840782	0.229854449086191	0.117687155830074	0.0415487329872521	-0.51123324823583	0.753753296073468	1.2649865443093	0.00617283950617284	0.0123456790123457	85	0.0342579099614103	0.0448707475028406	0	0.0117647058823529	59	0.0273238569745855	0.038700168590762	0	0	11	0.0548472536415998	0.09339945140116	0.0909090909090909	0.0909090909090909	4	-0.0315933458993615	-0.0242386375615978	0	0	3	0.0126534655646595	-0.00268627771403573	0	0	-0.472817800889054	0.393748853237541	1.13208919489444	0.160671657192896	0.104938271604938	FALSE	C_weak_or_non_dependent	FALSE	0.144439289138061	0.289557425044409
GLYATL3	serine/glycine/one-carbon	Tier 1	ENSG00000203972	162	0.0178667719030804	-0.0124075693735122	0.262040163194845	0.117614552467895	0.0473025575427592	-0.574164328098247	0.894144048896755	1.468308376995	0	0.0308641975308642	85	-0.00684255080783029	-0.0386087022100297	0	0.0352941176470588	59	0.0414289418247807	0.0168892128115476	0	0.0169491525423729	11	0.094798467815292	0.0268223949735897	0	0	4	0.0183643249787114	0.0271740062561196	0	0	3	0.0797968703751338	-0.0428308254239056	0	0.333333333333333	-0.472817800889054	-0.0807625685425158	1.23594826178095	0.138018393539393	0.104938271604938	FALSE	C_weak_or_non_dependent	FALSE	0.144439289138061	0.289557425044409
PDHA1	BCAA;OXPHOS;TCA;glycolysis	Tier 1;Tier 2	ENSG00000131828	162	-0.130075458737359	-0.153255042783177	0.242534074886543	0.117514779011857	0.0691611899879633	-1.69798054443212	1.02133507253096	2.71931561696308	0.0617283950617284	0.0617283950617284	85	-0.147667974988105	-0.196923089780905	0.0529411764705882	0.0823529411764706	59	-0.117624135059822	-0.125243237006804	0.0932203389830508	0.0508474576271187	11	-0.163679574370791	-0.180800774632725	0	0	4	-0.0157190861318856	-0.0229855514367314	0	0	3	0.449307146992485	0.460415803536852	0	0	-0.472817800889054	-1.12434815569289	9.30935550218828	0.147347871919164	0.104938271604938	FALSE	C_weak_or_non_dependent	FALSE	0.144439289138061	0.289557425044409
STC1	glycolysis	Tier 2	ENSG00000159167	162	0.0509103635755459	0.0490662695149119	0.219056056701458	0.117495029867925	0.0572086114238939	-1.36102183521341	0.790743026350239	2.15176486156365	0	0.0185185185185185	85	0.0518712433034619	0.0427799387838872	0	0.0117647058823529	59	0.0551148792591861	0.063198228939436	0	0.0338983050847458	11	0.0284383650180683	0.00401609837061202	0	0	4	0.0892267523703585	0.101220916797652	0	0	3	0.2100257239727	0.0448948693637532	0	0	-0.472817800889054	-1.24475185025872	7.3618904205803	0.189990376513747	0.104938271604938	FALSE	C_weak_or_non_dependent	FALSE	0.144439289138061	0.289557425044409
SLC1A5	amino-acid transport	Tier 1	ENSG00000105281	162	0.0573191033421154	0.0531390577508319	0.234591852915826	0.117456964094395	0.050713255366969	-0.936313346071667	0.672516747995038	1.6088300940667	0.00617283950617284	0.0185185185185185	85	0.107972167290112	0.0976731034061575	0	0.0117647058823529	59	-0.00677603418545031	-0.0208257344706367	0.0169491525423729	0.0338983050847458	11	-0.0394002164961057	-0.00573555324322136	0	0	4	0.151963854299439	0.092083684300898	0	0	3	0.529781016797725	0.409929416116932	0	0	-0.472817800889054	-0.579197960955592	2.69832527623997	0.152537191620697	0.104938271604938	FALSE	C_weak_or_non_dependent	FALSE	0.144439289138061	0.289557425044409
H2AC8	arginine	Tier 2	ENSG00000277075	162	-0.1727296668982	-0.175378513073715	0.23329064909284	0.117450911097187	0.0470637857455134	-1.07191964655925	0.411064841246112	1.48298448780536	0.058641975308642	0.0679012345679012	85	-0.221444668061741	-0.205284910758778	0.0764705882352941	0.0705882352941176	59	-0.135760124512267	-0.138763371402738	0.0169491525423729	0.0508474576271187	11	-0.124901873187896	-0.0941932845529123	0.0909090909090909	0.0909090909090909	4	-0.273850872330318	-0.271363356216293	0.25	0	3	-0.195179453288967	-0.217827745245665	0	0.333333333333333	-0.472817800889054	-0.531293961016638	1.90405489426238	0.161073892494464	0.104938271604938	FALSE	C_weak_or_non_dependent	FALSE	0.144439289138061	0.289557425044409
SLC5A1	glucose transport	Tier 1	ENSG00000100170	162	0.0441835644425756	-0.00174891340209385	0.216603293166045	0.117436289796688	0.0648711813780896	-1.24291776286519	0.718625891984853	1.96154365485005	0	0.037037037037037	85	0.0460578721036885	-0.0100940585454681	0	0.0588235294117647	59	0.0372626724222129	0.0114362394689829	0	0	11	0.0859283276956546	0.0548129503027837	0	0	4	0.08160267038898	0.0579619842743167	0	0	3	-0.0873618738459178	-0.311619171290765	0	0.333333333333333	-0.472817800889054	-1.18383766077665	4.26365687001436	0.232692201281221	0.104938271604938	FALSE	C_weak_or_non_dependent	FALSE	0.144439289138061	0.289557425044409
MPI	glycolysis	Tier 2	ENSG00000178802	162	-0.12340563888275	-0.151594170313197	0.226265364707202	0.117430813977504	0.0518491623876987	-1.02197478144133	0.69139834978882	1.71337313123015	0.0555555555555556	0.0740740740740741	85	-0.152787920501147	-0.157924181591569	0.0588235294117647	0.0705882352941176	59	-0.0986841771958813	-0.128048477844591	0.0508474576271187	0.0677966101694915	11	-0.0887645247537795	-0.192202562731932	0.0909090909090909	0.0909090909090909	4	-0.0773297145445202	-0.0869119174937258	0	0	3	-0.424090708941124	-0.372654700865807	0	0.333333333333333	-0.472817800889054	-0.485794035901918	2.10633560042496	0.151413349204252	0.104938271604938	FALSE	C_weak_or_non_dependent	FALSE	0.144439289138061	0.289557425044409
COQ10A	OXPHOS	Tier 1	ENSG00000135469	162	-0.132127057773375	-0.146661904278931	0.231450020100546	0.11741120637043	0.068715109032625	-1.34336693860516	1.03575564001566	2.37912257862082	0.0493827160493827	0.0802469135802469	85	-0.133425292243044	-0.127480995194435	0.0235294117647059	0.0705882352941176	59	-0.130951909530443	-0.162728816150741	0.0508474576271187	0.0847457627118644	11	0.013942345021094	-0.109311597381426	0.0909090909090909	0.0909090909090909	4	-0.137958869544993	-0.173257793408143	0.25	0	3	-0.133703609794956	-0.475628334645987	0.333333333333333	0.333333333333333	-0.472817800889054	-0.420295484968904	5.11073396125391	0.105364044467756	0.104938271604938	FALSE	C_weak_or_non_dependent	FALSE	0.144439289138061	0.289557425044409
TAS2R31	glutamine/glutamate	Tier 1	ENSG00000256436	162	0.0194644287408645	0.0393484249176665	0.247845224989333	0.117403450016763	0.0437193453589574	-0.831191000835237	0.721772640743734	1.55296364157897	0	0.00617283950617284	85	-0.0162530436833452	0.0254510844868287	0	0.0117647058823529	59	0.0533237837548601	0.039974880154514	0	0	11	0.0671947007972082	0.0830756547859352	0	0	4	0.08649098352639	0.0560006355479444	0	0	3	0.225159547011826	0.238249993776052	0	0	-0.472817800889054	0.14435998052493	2.19808209166169	0.123666150035166	0.104938271604938	FALSE	C_weak_or_non_dependent	FALSE	0.144439289138061	0.289557425044409
VEGFA	glycolysis	Tier 2	ENSG00000112715	162	-0.126423983644332	-0.117403091965049	0.228911891592262	0.117293739686359	0.0447256356431596	-0.694536497600852	0.729258188476756	1.42379468607761	0.0246913580246914	0.0246913580246914	85	-0.13038806982371	-0.119772027954814	0.0235294117647059	0.0352941176470588	59	-0.112775391049648	-0.0956979145233526	0.0338983050847458	0	11	-0.218554379981162	-0.215401987092069	0	0	4	-0.143959668340573	-0.117894106231282	0	0	3	-0.274842488101052	-0.117167760787681	0	0.333333333333333	-0.472817800889054	0.782675233486899	1.81421082632016	0.204877950116827	0.104938271604938	FALSE	C_weak_or_non_dependent	FALSE	0.144439289138061	0.289557425044409
GRIN2B	glutamine/glutamate	Tier 1	ENSG00000273079	162	-0.0536336652858909	-0.0640106626589149	0.232148647075265	0.11728189633657	0.0418421248265154	-1.02889039031211	0.483593520552833	1.51248391086495	0	0.0308641975308642	85	-0.100417447107545	-0.0782562917063941	0	0.0117647058823529	59	-0.0341563238944394	-0.0211889355761219	0	0.0338983050847458	11	-0.109846583974513	-0.102708322739975	0	0.0909090909090909	4	-0.022771515237582	-0.0295915832091595	0	0	3	-0.292868784233655	-0.406545824577722	0	0.333333333333333	-0.472817800889054	-0.504093451521192	2.593436372596	0.144981189663246	0.104938271604938	FALSE	C_weak_or_non_dependent	FALSE	0.144439289138061	0.289557425044409
SNAP25	glutamine/glutamate	Tier 1	ENSG00000132639	162	0.065238230326724	0.0724551355932123	0.233693961612677	0.117248886620422	0.0560052861581076	-0.859954185397792	0.860070109931394	1.72002429532919	0	0.00617283950617284	85	0.0651558408629292	0.0818151314422985	0	0.0117647058823529	59	0.0514099029024245	0.0462224591999685	0	0	11	0.112160113441053	0.0901598322305632	0	0	4	-0.0541290321362493	-0.0223853864201465	0	0	3	0.283356027295665	0.384701363950424	0	0	-0.472817800889054	0.281706004161734	2.39793793579436	0.127664308146952	0.104938271604938	FALSE	C_weak_or_non_dependent	FALSE	0.144439289138061	0.289557425044409
HFE	iron	Tier 1	ENSG00000010704	162	0.00859875592592041	0.0175068729502489	0.235649203935791	0.117069370959138	0.0428736627318732	-0.771220559378396	0.639617526882165	1.41083808626056	0	0.0185185185185185	85	0.0109141176167	0.0278275626239015	0	0.0235294117647059	59	0.0133938237526639	0.0401534114318322	0	0	11	-0.116825729313219	-0.0999335708841783	0	0	4	-0.0951333960851547	-0.0801743027508183	0	0	3	0.0844117261041261	-0.159438062946724	0	0.333333333333333	-0.472817800889054	0.136681085218435	1.82040128000837	0.129321545681823	0.104938271604938	FALSE	C_weak_or_non_dependent	FALSE	0.144439289138061	0.289557425044409
GRIA2	glutamine/glutamate	Tier 1	ENSG00000120251	162	0.0888707286111668	0.0618008447285528	0.251652590135307	0.116986579291926	0.0537944777816854	-0.69967861527434	0.769779224231079	1.46945783950542	0	0.037037037037037	85	0.0857746250389469	0.0493313514800579	0	0.0470588235294118	59	0.0957663123103705	0.0917597928093295	0	0.0169491525423729	11	0.163143829380025	0.093079694279832	0	0	4	0.0757740593498009	0.0778347250634091	0	0	3	-0.434494850835922	-0.310157114287201	0	0.333333333333333	-0.472817800889054	-0.423517888198179	1.61947099366851	0.153639629563559	0.104938271604938	FALSE	C_weak_or_non_dependent	FALSE	0.144439289138061	0.289557425044409
HEPH	iron	Tier 1	ENSG00000089472	162	-0.0383931361425138	-0.0496605675976622	0.233941493662727	0.11697286799033	0.0509658911706542	-1.37425143103191	0.571254358594028	1.94550578962594	0.00308641975308642	0.0185185185185185	85	-0.0306398814799925	-0.0579080121401504	0.00588235294117647	0.0352941176470588	59	-0.0435808317056733	-0.0522747535276848	0	0	11	0.0305760984111572	-0.0242394072700268	0	0	4	-0.100743011810209	-0.0297361177694661	0	0	3	0.178767067178639	0.115652496757688	0	0	-0.472817800889054	-1.82362208538772	9.2529734828251	0.282539754005001	0.104938271604938	FALSE	C_weak_or_non_dependent	FALSE	0.144439289138061	0.289557425044409
NDUFAF2	OXPHOS	Tier 1	ENSG00000164182	162	-0.0196866590187337	-0.00303335107554853	0.267690622217165	0.116971201480092	0.0445137816725574	-0.616771062950163	0.595271954007736	1.2120430169579	0	0.0185185185185185	85	-0.0239619561108647	-0.00388546359295992	0	0.0235294117647059	59	-0.00168340789770495	-0.0140994150689947	0	0.0169491525423729	11	0.0121547921563315	0.0273234208769552	0	0	4	0.0376184396781089	0.0271977454153611	0	0	3	0.167018244813481	0.0871261363084885	0	0	-0.472817800889054	0.128431868603916	0.433255710742672	0.156625313284764	0.104938271604938	FALSE	C_weak_or_non_dependent	FALSE	0.144439289138061	0.289557425044409
TRDMT1	methionine	Tier 1	ENSG00000107614	162	0.0187045730230839	0.0101752445784224	0.234795117933107	0.116959838790872	0.0533368904811004	-0.965237551248473	0.843596960930695	1.80883451217917	0	0.0246913580246914	85	0.024107093523274	0.0105256089623306	0	0.0235294117647059	59	0.00853564543279672	0.0327519585839212	0	0.0169491525423729	11	0.0352808639540687	-0.012601871886276	0	0	4	0.0247148167620671	0.0126987133551862	0	0	3	-0.107593056852719	-0.363608986405576	0	0.333333333333333	-0.472817800889054	-0.346528821151809	3.20754811367966	0.120903454524075	0.104938271604938	FALSE	C_weak_or_non_dependent	FALSE	0.144439289138061	0.289557425044409
TACO1	OXPHOS	Tier 1	ENSG00000136463	162	0.0324705617830805	0.0306040062491886	0.244609662590923	0.116932521759252	0.0415660413982127	-0.534230944658351	0.852176298672766	1.38640724333112	0	0.0123456790123457	85	0.0152998923953236	0.0153692842293165	0	0.0117647058823529	59	0.0426493207618553	0.0413538282904624	0	0	11	0.0950203817381482	0.0799870271994196	0	0	4	0.147731555679147	0.0881962046057377	0	0	3	0.122855517759973	-0.00701937795906053	0	0.333333333333333	-0.472817800889054	0.339764186204395	1.82290903638054	0.141559895357051	0.104938271604938	FALSE	C_weak_or_non_dependent	FALSE	0.144439289138061	0.289557425044409
ARSF	sphingolipid	Tier 1	ENSG00000062096	162	0.0476909787891902	0.0525334346917335	0.233787128580335	0.116929122348545	0.0358125277358329	-0.44761967325288	0.642430038782339	1.09004971203522	0	0	85	0.051519729823766	0.0445352445208578	0	0	59	0.0365048497072907	0.0524445629134074	0	0	11	0.0439980632502268	0.066974882937649	0	0	4	-0.0560489163181118	-0.0114145799813723	0	0	3	0.407240050320944	0.313208677169411	0	0	-0.472817800889054	0.340924630866549	0.399722096631333	0.172886133515185	0.104938271604938	FALSE	C_weak_or_non_dependent	FALSE	0.144439289138061	0.289557425044409
SPR	folate	Tier 1	ENSG00000116096	162	0.00605339158144495	0.0229470122169838	0.229655430197699	0.116871776181919	0.0397712121958462	-0.657419233858585	0.657207135521325	1.31462636937991	0.00925925925925926	0.00617283950617284	85	0.0201934062585159	0.0378041414850988	0.0176470588235294	0.0117647058823529	59	0.00460893693112374	0.0109157376780704	0	0	11	-0.0599439305547677	-0.00971708500052884	0	0	4	-0.0131651728499746	-0.0187803258613402	0	0	3	-0.111116765947938	0.0140148894543322	0	0	-0.472817800889054	0.426911106543333	1.13948031428233	0.164288480347496	0.104938271604938	FALSE	C_weak_or_non_dependent	FALSE	0.144439289138061	0.289557425044409
HS2ST1	glycolysis	Tier 2	ENSG00000153936	162	0.0276862535422753	0.038718852690284	0.246336933510639	0.116832645345685	0.0526301851203017	-0.59228863503881	0.830991722749001	1.42328035778781	0.00617283950617284	0.0185185185185185	85	0.0618865807679408	0.0916940732934662	0	0.0117647058823529	59	-0.0421226803908306	-0.0297326318516451	0.0169491525423729	0.0338983050847458	11	-0.0615187336723621	-0.0258872252222295	0	0	4	0.0249675556038069	0.01865193990338	0	0	3	0.100309254058085	0.147611634319814	0	0	-0.472817800889054	0.563897328368864	1.54730123704037	0.17332669932497	0.104938271604938	FALSE	C_weak_or_non_dependent	FALSE	0.144439289138061	0.289557425044409
HIBCH	BCAA	Tier 1;Tier 2	ENSG00000198130	162	0.0963007942504764	0.0713922306407794	0.231104523861678	0.116796057186393	0.0448812315523543	-0.855005547301414	0.557723174325731	1.41272872162714	0	0.00617283950617284	85	0.0923740562324776	0.0535584361333742	0	0.0117647058823529	59	0.105611591516652	0.0962103896160755	0	0	11	0.092410144303425	0.0975074525672166	0	0	4	0.0685706960077459	0.0898515452342739	0	0	3	0.0250328082139199	-0.0317756180184919	0	0	-0.472817800889054	-0.888257842537039	1.75528857875425	0.229006610516893	0.104938271604938	FALSE	C_weak_or_non_dependent	FALSE	0.144439289138061	0.289557425044409
GUSB	cholesterol/isoprenoid;glycolysis	Tier 2	ENSG00000169919	162	-0.166422330671122	-0.156972006996337	0.231080729702594	0.116746762903026	0.0422163702658246	-1.02885873291563	0.349829293341809	1.37868802625744	0.0339506172839506	0.0555555555555556	85	-0.17366900947691	-0.149765282120516	0.0352941176470588	0.0470588235294118	59	-0.165705717547003	-0.17712661497224	0.0423728813559322	0.0677966101694915	11	-0.16102113428678	-0.172107719491656	0	0.0909090909090909	4	-0.235773855500868	-0.186836973871839	0	0	3	0.302065102020374	0.130528980031654	0	0	-0.472817800889054	-0.594704377378848	2.38218405547492	0.16040862832222	0.104938271604938	FALSE	C_weak_or_non_dependent	FALSE	0.144439289138061	0.289557425044409
NT5C1B	NAD	Tier 1	ENSG00000185013	162	0.0230232271174041	0.00964598067156382	0.23110266089664	0.116745098070741	0.0569839778326788	-1.05655247309312	0.698418331379323	1.75497080447245	0	0.037037037037037	85	0.0417181554325457	0.0276241643007676	0	0.0352941176470588	59	0.0322594918393949	0.0242742011986184	0	0.0169491525423729	11	0.00862088483021653	-0.0699169091868914	0	0.0909090909090909	4	-0.106491906647546	-0.0998717353464424	0	0	3	0.00321689676659633	-0.349670008349607	0	0.333333333333333	-0.472817800889054	-0.58865462641189	2.21254046970696	0.162833665431008	0.104938271604938	FALSE	C_weak_or_non_dependent	FALSE	0.144439289138061	0.289557425044409
SLC6A20	amino-acid transport	Tier 1	ENSG00000163817	162	0.010322474311756	0.0124690877232127	0.227423055159293	0.116719393308148	0.0391642697865176	-0.726492115046488	0.615783604646088	1.34227571969258	0	0.0185185185185185	85	-0.00156972752543961	0.0175207102060367	0	0.0235294117647059	59	0.0353908915339021	0.0160752442287901	0	0.0169491525423729	11	0.0115153823234963	0.00940012823279481	0	0	4	-0.0172659607330388	-0.0269135987642977	0	0	3	-0.104383780132868	-0.137818193784944	0	0	-0.472817800889054	-0.142771996308004	1.78409756858552	0.130137401236056	0.104938271604938	FALSE	C_weak_or_non_dependent	FALSE	0.144439289138061	0.289557425044409
HAX1	glycolysis	Tier 2	ENSG00000143575	162	-0.0169829778073422	-0.0238385915073188	0.237602908350878	0.116711544119947	0.0426598359739062	-0.735404263443514	0.606847287261932	1.34225155070545	0.0123456790123457	0.0123456790123457	85	-0.0413638857847701	-0.0341154662534188	0	0.0117647058823529	59	0.0150015932073777	-0.00511782348682282	0.0169491525423729	0	11	-0.0411710543083705	-0.0692683466177001	0.0909090909090909	0.0909090909090909	4	0.0126765872191001	0.0255514046486475	0	0	3	0.0361376985010141	-0.00011313757412724	0	0	-0.472817800889054	-0.0908813135521653	0.704496844516399	0.149123920014695	0.104938271604938	FALSE	C_weak_or_non_dependent	FALSE	0.144439289138061	0.289557425044409
SLC5A2	glucose transport	Tier 1	ENSG00000140675	162	0.105926580977504	0.0974697666920452	0.227593458539843	0.116708534767262	0.055633227987944	-0.770658984958214	0.675193238304814	1.44585222326303	0	0.0308641975308642	85	0.0508346905994937	0.0452389669428632	0	0.0235294117647059	59	0.165915908290726	0.159661745010696	0	0.0338983050847458	11	0.236061941181362	0.215805609968467	0	0	4	0.107557818292113	0.108160468407024	0	0	3	0.134670555004468	-0.0939188416481115	0	0.333333333333333	-0.472817800889054	-0.87057682769142	2.20640932163641	0.212740668000025	0.104938271604938	FALSE	C_weak_or_non_dependent	FALSE	0.144439289138061	0.289557425044409
NFIL3	cholesterol/isoprenoid	Tier 2	ENSG00000165030	162	-0.0924596984802776	-0.116017833328757	0.254283981002497	0.116668095428391	0.0596148008742853	-0.92638757910348	0.506361554206146	1.43274913330963	0.0555555555555556	0.0802469135802469	85	-0.0864955636045064	-0.103678662317327	0.0588235294117647	0.0941176470588235	59	-0.0879794096191077	-0.106512198142898	0.0508474576271187	0.0677966101694915	11	-0.169829753755745	-0.191937477573957	0.0909090909090909	0	4	-0.124625155018233	-0.139401350819317	0	0	3	-0.0579169697569364	-0.343021785088006	0	0.333333333333333	-0.472817800889054	-0.335999587697359	0.925588905059934	0.159387885498396	0.104938271604938	FALSE	C_weak_or_non_dependent	FALSE	0.144439289138061	0.289557425044409
ST3GAL3	sphingolipid	Tier 1	ENSG00000126091	162	0.0661179547997209	0.0423733448326161	0.22818168393378	0.116641682669433	0.0620036373919464	-0.920178565256364	0.818278115626716	1.73845668088308	0	0.037037037037037	85	0.0723378590058594	0.0344807488161334	0	0.0705882352941176	59	0.0754194718766933	0.0626788270900385	0	0	11	0.0141187512229324	0.0157533478906757	0	0	4	0.230515125682709	0.172633259481931	0	0	3	-0.259281766097909	-0.209417483174985	0	0	-0.472817800889054	-0.620249210887947	2.58956226362053	0.160150775724634	0.104938271604938	FALSE	C_weak_or_non_dependent	FALSE	0.144439289138061	0.289557425044409
SLC11A2	iron	Tier 1	ENSG00000110911	162	0.0406568982232415	0.0405686281876155	0.229669610568764	0.116547630281207	0.0403295744144193	-0.538889373260337	0.544137400872901	1.08302677413324	0	0.0185185185185185	85	0.0490565483288031	0.0549555835649964	0	0.0235294117647059	59	0.0406115345578381	0.0482353338770542	0	0	11	-0.0225852280931095	-0.0771550012266603	0	0.0909090909090909	4	0.0546566304220627	0.0831273918839583	0	0	3	-0.0875237625854875	-0.142932029806583	0	0	-0.472817800889054	-0.193254440797011	0.40542216538426	0.160526800516993	0.104938271604938	FALSE	C_weak_or_non_dependent	FALSE	0.144439289138061	0.289557425044409
S1PR2	sphingolipid	Tier 1	ENSG00000267534	162	-0.0302002012288719	-0.0311323303432139	0.218057060444865	0.116546697255348	0.0335507573644007	-0.58776057687282	0.484694195779371	1.07245477265219	0.0185185185185185	0.0123456790123457	85	0.00264140499027595	0.0172566319683041	0.0117647058823529	0.0117647058823529	59	-0.0909122981328436	-0.105475334436692	0.0338983050847458	0.0169491525423729	11	0.0211991463732305	0.0241483795482775	0	0	4	0.0443306313634456	-0.0198808154696825	0	0	3	-0.165470449347767	-0.157771804764672	0	0	-0.472817800889054	0.110077019874088	0.238510285851092	0.160775163311297	0.104938271604938	FALSE	C_weak_or_non_dependent	FALSE	0.144439289138061	0.289557425044409
DSC2	glycolysis	Tier 2	ENSG00000134755	162	0.0279928564246568	-0.00446226817364831	0.210019178329292	0.11653627628768	0.0574127839959422	-0.889768259229508	0.74099607083412	1.63076433006363	0.00617283950617284	0.0308641975308642	85	0.0332640341422451	-0.0163558494279798	0.0117647058823529	0.0470588235294118	59	0.0261308814423727	0.0221803034653851	0	0.0169491525423729	11	0.00822026283102703	0.0156001152223415	0	0	4	0.0129579277547368	0.00635887625320864	0	0	3	-0.381351025866642	-0.279438306556353	0	0	-0.472817800889054	-0.448216299597895	2.12589937843017	0.146762002051857	0.104938271604938	FALSE	C_weak_or_non_dependent	FALSE	0.144439289138061	0.289557425044409
GLB1L3	sphingolipid	Tier 1	ENSG00000166105	162	0.0179523650972834	0.011956116045905	0.234057333444396	0.116437593398302	0.0304498780224638	-0.478626480922986	0.582825071772728	1.06145155269571	0	0.00617283950617284	85	0.0125655497081943	0.00230440142863329	0	0.0117647058823529	59	0.0193389501876419	0.0237781564181235	0	0	11	0.059813429436101	0.0195888689045581	0	0	4	-0.0458909677553734	-0.0392986305170687	0	0	3	0.101517562942	0.09327413781721	0	0	-0.472817800889054	0.00867612964941957	0.434469131198012	0.154066534403798	0.104938271604938	FALSE	C_weak_or_non_dependent	FALSE	0.144439289138061	0.289557425044409
SLC25A28	iron	Tier 1	ENSG00000155287	162	-0.170751234189992	-0.154081904944322	0.228346049860324	0.116344115557173	0.052230143016089	-0.979053189078425	0.864838840991346	1.84389203006977	0.0555555555555556	0.0555555555555556	85	-0.181811823875123	-0.161788104340866	0.0647058823529412	0.0705882352941176	59	-0.170167387087646	-0.162219828084714	0.0254237288135593	0.0338983050847458	11	-0.146124443757124	-0.144638785530342	0.181818181818182	0.0909090909090909	4	-0.081081535259372	-0.0861986692355035	0	0	3	-0.282022576845412	0.0991704809224671	0	0	-0.472817800889054	0.50046224708912	2.64990077752706	0.143621991680481	0.104938271604938	FALSE	C_weak_or_non_dependent	FALSE	0.144439289138061	0.289557425044409
DMAC1	OXPHOS	Tier 1	ENSG00000137038	162	-0.507494965018691	-0.465937943319419	0.251678800486261	0.116315752188892	0.0498737704273363	-1.06315847679497	0.32715802729283	1.3903165040878	0.521604938271605	0.580246913580247	85	-0.48814178889827	-0.445874204665684	0.441176470588235	0.552941176470588	59	-0.523196049182097	-0.518373956094426	0.64406779661017	0.64406779661017	11	-0.487942917652688	-0.454587609877881	0.454545454545455	0.545454545454545	4	-0.467978286800546	-0.433627672062332	0.75	0.5	3	0.0257514083140052	-0.0878672048952224	0.333333333333333	0.333333333333333	-0.472817800889054	0.752588463280067	1.02483918091087	0.221192675149058	0.104938271604938	FALSE	C_weak_or_non_dependent	FALSE	0.144439289138061	0.289557425044409
GCAT	serine/glycine/one-carbon	Tier 1	ENSG00000100116	162	-0.0695594735425556	-0.0702946756406249	0.231116589937914	0.116308175719729	0.0529834032052329	-1.20278026297354	0.6387196210885	1.84149988406204	0.00925925925925926	0.0493827160493827	85	-0.0726095218498168	-0.0743877163270512	0.0176470588235294	0.0705882352941176	59	-0.0640701469410801	-0.0593619331563668	0	0.0338983050847458	11	-0.0849045997359218	-0.0495375638509362	0	0	4	-0.102277307388565	-0.0897392271685636	0	0	3	-0.224511631749939	-0.219519132907233	0	0	-0.472817800889054	-0.412361090844033	3.5301661319322	0.122046037252586	0.104938271604938	FALSE	C_weak_or_non_dependent	FALSE	0.144439289138061	0.289557425044409
GAL3ST1	glycolysis;sphingolipid	Tier 1;Tier 2	ENSG00000128242	162	-0.106506497763976	-0.0900569515753933	0.233526820990111	0.11623151175014	0.043806339822786	-0.793477122251013	0.539740370199992	1.33321749245101	0.0246913580246914	0.037037037037037	85	-0.108565535508839	-0.0905252413180535	0.0235294117647059	0.0470588235294118	59	-0.0900283842176066	-0.0956156089397835	0.0338983050847458	0.0169491525423729	11	-0.0995008142485514	-0.1083080251019	0	0.0909090909090909	4	-0.131886097456734	-0.131292239013964	0	0	3	0.143781421826887	0.154432505481603	0	0	-0.472817800889054	0.110029104090312	0.897666766974689	0.145534925008554	0.104938271604938	FALSE	C_weak_or_non_dependent	FALSE	0.144439289138061	0.289557425044409
CHST12	glycolysis	Tier 2	ENSG00000136213	162	0.0549864793553702	0.0558687272476798	0.233767731867027	0.11616194681542	0.0481822335782102	-0.741994987126725	0.727724844875988	1.46971983200271	0.00308641975308642	0.0246913580246914	85	0.0245040298033538	0.0722159371859483	0.00588235294117647	0.0117647058823529	59	0.0687104831195226	0.0463311440582791	0	0.0338983050847458	11	0.0928947580411888	0.101993079719291	0	0	4	-0.0380928552550427	-0.0442702880158371	0	0	3	-0.33385527432981	-0.255333690322933	0	0.333333333333333	-0.472817800889054	-0.244359340730043	2.16090925567703	0.128955838168085	0.104938271604938	FALSE	C_weak_or_non_dependent	FALSE	0.144439289138061	0.289557425044409
PM20D1	OXPHOS	Tier 1	ENSG00000162877	162	-0.0690008376028586	-0.091971459100126	0.230013748617461	0.116147595232244	0.0628830524241834	-1.71985888716481	0.591823750696859	2.31168263786167	0.0185185185185185	0.0246913580246914	85	-0.0688957644402733	-0.106950250482852	0.0117647058823529	0.0352941176470588	59	-0.060543632603813	-0.0578748859889873	0.0169491525423729	0	11	-0.0776776721261778	-0.0893849554841893	0	0	4	-0.0658671847077743	-0.113695256383235	0.25	0	3	-0.16068231491753	-0.318657091322898	0	0.333333333333333	-0.472817800889054	-1.64725762509997	10.6369235712355	0.222447381835069	0.104938271604938	FALSE	C_weak_or_non_dependent	FALSE	0.144439289138061	0.289557425044409
SEC24D	cholesterol/isoprenoid	Tier 2	ENSG00000150961	162	0.000807311636367767	-0.00661079379531257	0.231243205779273	0.116134958482009	0.045517461578775	-0.837513389062591	0.50582952734321	1.3433429164058	0.00617283950617284	0.0308641975308642	85	0.0226111402484543	0.00485109627883459	0.0117647058823529	0.0352941176470588	59	-0.00902289333701476	-0.0182738754771873	0	0.0169491525423729	11	0.062068387625309	0.0489114839328194	0	0	4	-0.0949097005455672	-0.0723064102000333	0	0	3	0.00733414825448063	-0.217977935949469	0	0.333333333333333	-0.472817800889054	-0.764369792717836	2.28061718378771	0.19002000547905	0.104938271604938	FALSE	C_weak_or_non_dependent	FALSE	0.144439289138061	0.289557425044409
KDM3A	cholesterol/isoprenoid	Tier 2	ENSG00000115548	162	0.0247198928584642	0.0440034442084081	0.241945443354339	0.11611308452791	0.0549286134767484	-0.765292454530608	0.851428996254265	1.61672145078487	0	0.0185185185185185	85	-0.00798133525292949	0.0158877061154323	0	0.0352941176470588	59	0.0536484811299816	0.090709723043311	0	0	11	-0.0338080784617164	-0.0107336598117512	0	0	4	0.0252321522615511	0.0319537685131373	0	0	3	-0.0427661290256386	0.138828155423908	0	0	-0.472817800889054	0.134763492102028	1.41547781135032	0.136259905468803	0.104938271604938	FALSE	C_weak_or_non_dependent	FALSE	0.144439289138061	0.289557425044409
SLC25A15	arginine	Tier 1	ENSG00000102743	162	-0.0864440661690097	-0.0703782944091585	0.236210443269297	0.116110604851465	0.0520269788398939	-0.730698403538791	0.719901889831591	1.45060029337038	0.0246913580246914	0.0493827160493827	85	-0.104779163132812	-0.0681921787805872	0.0117647058823529	0.0588235294117647	59	-0.0984097677635255	-0.0979185084429977	0.0338983050847458	0.0169491525423729	11	0.0203253688760258	0.0532507800777226	0.0909090909090909	0.0909090909090909	4	-0.113129598980882	-0.108209860925589	0	0	3	-0.105905000800949	0.00644145435017083	0	0.333333333333333	-0.472817800889054	0.443474109445872	1.22330469115033	0.16437705329113	0.104938271604938	FALSE	C_weak_or_non_dependent	FALSE	0.144439289138061	0.289557425044409
BCAT2	BCAA	Tier 1	ENSG00000105552	162	-0.05339126310507	-0.035721650098191	0.232350077332841	0.116052954882746	0.0410298303407631	-0.545994266075723	0.714489026993299	1.26048329306902	0	0.0123456790123457	85	-0.0116740195132063	0.00146446398970912	0	0.0235294117647059	59	-0.0779669025007838	-0.0749085853256247	0	0	11	-0.0233180600581578	-0.0418801337940702	0	0	4	-0.205365271412193	-0.171026226823857	0	0	3	-0.016557207007007	-0.115664613930051	0	0	-0.472817800889054	0.461742497833141	1.11217199545214	0.16923198838813	0.104938271604938	FALSE	C_weak_or_non_dependent	FALSE	0.144439289138061	0.289557425044409
PLPP6	cholesterol/isoprenoid	Tier 1	ENSG00000205808	162	-0.0201155467940695	-0.00381765181965179	0.232924237303083	0.116038103054958	0.0416670223745711	-0.795142525203771	0.754758801923955	1.54990132712773	0	0.00617283950617284	85	0.000696525957432546	0.0112612647020825	0	0.0117647058823529	59	-0.0263763364156236	-0.031580069062862	0	0	11	-0.0228394038802111	0.00129996249008786	0	0	4	-0.0448318738816265	-0.034407964126602	0	0	3	0.023450687649939	0.136963083121231	0	0	-0.472817800889054	0.390226073324753	2.36793093905686	0.136774349985487	0.104938271604938	FALSE	C_weak_or_non_dependent	FALSE	0.144439289138061	0.289557425044409
NT5M	NAD	Tier 1	ENSG00000205309	162	0.0872176384418878	0.0869370409617513	0.24025460094959	0.115962440463212	0.0558138472452026	-0.944045283374164	0.897383386891815	1.84142867026598	0	0.0246913580246914	85	0.0849147745801796	0.091863172179979	0	0.0117647058823529	59	0.0801733444663998	0.068313673464904	0	0.0338983050847458	11	0.173962769426723	0.181611338036564	0	0	4	0.089198932436286	0.0925070366952046	0	0	3	0.129724211321897	-0.0409428663689552	0	0.333333333333333	-0.472817800889054	-0.523733563435185	2.88302006631636	0.142542914442879	0.104938271604938	FALSE	C_weak_or_non_dependent	FALSE	0.144439289138061	0.289557425044409
GMPPA	glycolysis	Tier 2	ENSG00000144591	162	0.0639922946636992	0.0667964672509859	0.227716663185825	0.115922673883381	0.0577598998025213	-0.860800995624519	0.909835607830208	1.77063660345473	0	0.0123456790123457	85	0.0946533495531945	0.0842607463145112	0	0.0235294117647059	59	0.0513815169739807	0.0376599615629719	0	0	11	0.0450558515716594	0.0478113074989246	0	0	4	0.0369672625972769	0.0122675348297075	0	0	3	0.117700241462852	0.287310667967976	0	0	-0.472817800889054	0.28108881800964	2.284579171891	0.129357631432555	0.104938271604938	FALSE	C_weak_or_non_dependent	FALSE	0.144439289138061	0.289557425044409
ESYT1	sphingolipid	Tier 1	ENSG00000139641	162	-0.0660404167145128	-0.07362839986328	0.236422932824971	0.115914721451985	0.0681039268709118	-1.5261891787461	0.841240826927251	2.36743000567335	0.0185185185185185	0.0493827160493827	85	-0.0535118317053561	-0.0699882008109145	0.0235294117647059	0.0588235294117647	59	-0.0897455977921307	-0.108441274177548	0	0.0508474576271187	11	-0.0970455447765381	-0.102941192093683	0.0909090909090909	0	4	0.0718157456901146	0.0724109505446961	0	0	3	0.423942364299389	0.420646926134469	0	0	-0.472817800889054	-1.19606254087375	6.88409573037129	0.187821643811415	0.104938271604938	FALSE	C_weak_or_non_dependent	FALSE	0.144439289138061	0.289557425044409
MCEE	BCAA;fatty-acid oxidation	Tier 1	ENSG00000124370	162	-0.0131258496886524	-0.0430122582554924	0.273731133375433	0.11585794538414	0.0489152730837827	-0.768460611454401	0.657191110275855	1.42565172173026	0.0185185185185185	0.037037037037037	85	-0.0386581109945796	-0.0700093812438389	0.0235294117647059	0.0588235294117647	59	0.00578483345826941	-0.0292117994845576	0.0169491525423729	0.0169491525423729	11	0.000900663602750575	0.00914584850389765	0	0	4	0.0478610807230874	0.050946515098753	0	0	3	0.0159222068034843	0.133972447995849	0	0	-0.472817800889054	-0.221985666902259	1.53630020329691	0.138189728665892	0.104938271604938	FALSE	C_weak_or_non_dependent	FALSE	0.144439289138061	0.289557425044409
UGT8	sphingolipid	Tier 1	ENSG00000174607	162	-0.0331306165659293	-0.0222254241140339	0.227899103810713	0.115601351800596	0.0596013595686702	-0.813178029282774	0.943965605221444	1.75714363450422	0.00617283950617284	0.0308641975308642	85	-0.0372614288659128	-0.0073823178025939	0	0.0352941176470588	59	-0.0323252156846691	-0.0438772489031056	0.0169491525423729	0.0338983050847458	11	-0.0339360174471895	-0.0171182306201463	0	0	4	-0.0687982557628638	-0.0600356038207515	0	0	3	-0.0175479035606232	0.0147263147116114	0	0	-0.472817800889054	0.251882258046042	2.08525903956354	0.130612526138427	0.104938271604938	FALSE	C_weak_or_non_dependent	FALSE	0.144439289138061	0.289557425044409
CBLIF	vitamin B12	Tier 1	ENSG00000134812	162	0.0242769659995238	0.0153337537527553	0.233046418301796	0.11557062818876	0.0480832974823668	-0.673753796941075	0.541827126409823	1.2155809233509	0	0.0185185185185185	85	0.00651064088849174	-0.0125834018821935	0	0.0352941176470588	59	0.0503740794974301	0.0371900734224038	0	0	11	0.0744518893066717	0.117813471552265	0	0	4	-0.0720296648152394	-0.0897623792424033	0	0	3	0.1222918414139	0.140848088635225	0	0	-0.472817800889054	-0.223853741749738	0.656654325346215	0.156420628611569	0.104938271604938	FALSE	C_weak_or_non_dependent	FALSE	0.144439289138061	0.289557425044409
ACP5	riboflavin	Tier 1	ENSG00000102575	162	-0.0254435779832004	-0.0536424897660881	0.23268183879981	0.115474116100022	0.0728125646627553	-1.25647732948153	0.933148989513521	2.18962631899505	0.0246913580246914	0.0493827160493827	85	-0.0328594410884259	-0.0560549440467911	0.0117647058823529	0.0588235294117647	59	-0.0397660286099606	-0.0483529448961707	0.0169491525423729	0.0169491525423729	11	0.016169257300002	-0.0567195610022456	0.0909090909090909	0.0909090909090909	4	0.0351905179281378	0.0426372127430862	0	0	3	-0.00238647257159863	-0.206407676400865	0.333333333333333	0.333333333333333	-0.472817800889054	-0.984812068526766	4.69966868385748	0.183133443503291	0.104938271604938	FALSE	C_weak_or_non_dependent	FALSE	0.144439289138061	0.289557425044409
PYCR1	arginine;glutamine/glutamate	Tier 1	ENSG00000183010	162	0.185471841890346	0.177510368093867	0.22546188818933	0.115461754808957	0.0432579354195545	-0.588254093172511	0.878093654890785	1.4663477480633	0	0.00617283950617284	85	0.207964906506028	0.199861197790664	0	0.0117647058823529	59	0.138150752224284	0.13842554225898	0	0	11	0.115672784685913	0.140196973153224	0	0	4	0.21017164673382	0.211806405063242	0	0	3	0.403818130389777	0.403992833593952	0	0	-0.472817800889054	-0.0763972866856112	1.22457775800494	0.138139703149795	0.104938271604938	FALSE	C_weak_or_non_dependent	FALSE	0.144439289138061	0.289557425044409
PDHA2	BCAA;OXPHOS;TCA;glycolysis	Tier 1	ENSG00000163114	162	-0.158386594485269	-0.132765152188525	0.233430586984714	0.115458043356631	0.056838383984785	-0.905951691744881	0.854185876686759	1.76013756843164	0.0339506172839506	0.0308641975308642	85	-0.130388418158583	-0.089405694033043	0.0176470588235294	0	59	-0.201241384219893	-0.185186412478142	0.0677966101694915	0.0508474576271187	11	-0.167415068880188	-0.159254440967899	0	0.0909090909090909	4	-0.0543922140226391	-0.0774150873551688	0	0	3	-0.280888757214598	-0.307004375151474	0	0.333333333333333	-0.472817800889054	1.23364225784403	4.03759966875281	0.24983088299689	0.104938271604938	FALSE	C_weak_or_non_dependent	FALSE	0.144439289138061	0.289557425044409
GNB1	glutamine/glutamate	Tier 1	ENSG00000078369	162	0.0254411509759714	0.00345753761040904	0.224586045512981	0.115447669312699	0.0558593140326022	-0.761117944928732	0.615877445821353	1.37699539075008	0	0.0432098765432099	85	0.0383976764860244	0.0208284616106555	0	0.0470588235294118	59	0.0209074424043344	0.0142454915510414	0	0.0169491525423729	11	0.0251817228063205	-0.0333057911836757	0	0	4	-0.0695175916793604	-0.119719098045764	0	0	3	-0.583680909675066	-0.401847350109137	0	0.666666666666667	-0.472817800889054	-0.597791467998864	1.35863317210411	0.183046484351525	0.104938271604938	FALSE	C_weak_or_non_dependent	FALSE	0.144439289138061	0.289557425044409
AGO1	cholesterol/isoprenoid	Tier 2	ENSG00000092847	162	0.0302835394205202	0.0132930259618526	0.229170153640436	0.115275692549451	0.0550676786530262	-1.08820620769317	0.785087624330138	1.87329383202331	0	0.0308641975308642	85	0.0216962031192131	0.021528312899375	0	0.0352941176470588	59	0.0596234898037569	0.0206378637068893	0	0.0169491525423729	11	-0.00457330163675213	0.0270250536495392	0	0	4	-0.0286594466341084	-0.0141969062240083	0	0	3	-0.458539495336596	-0.378186104860709	0	0.333333333333333	-0.472817800889054	-0.929250013850317	3.70534937971267	0.190892442124672	0.104938271604938	FALSE	C_weak_or_non_dependent	FALSE	0.144439289138061	0.289557425044409
ODC1	arginine	Tier 1	ENSG00000115758	162	0.203675324514195	0.192872676778191	0.229861054007381	0.115249786772701	0.0368019062632629	-0.539045023337374	0.706454894679441	1.24549991801682	0	0.00617283950617284	85	0.254035712954973	0.228796700564901	0	0.0117647058823529	59	0.165148288164966	0.137558249099146	0	0	11	0.15988722102358	0.165553543983936	0	0	4	0.226069177799943	0.235754091756182	0	0	3	0.250671195466558	0.305870680784231	0	0	-0.472817800889054	-0.334980815532585	0.942754397959316	0.158899342109183	0.104938271604938	FALSE	C_weak_or_non_dependent	FALSE	0.144439289138061	0.289557425044409
SUMF2	sphingolipid	Tier 1	ENSG00000129103	162	-0.0495909177218977	-0.0749441132274784	0.243617087830236	0.115243055921158	0.0571511531957454	-0.859193176092951	0.467799859789936	1.32699303588289	0.00925925925925926	0.0617283950617284	85	-0.0682468406137378	-0.0968390679165717	0.0176470588235294	0.117647058823529	59	-0.0431232759020298	-0.054429964171768	0	0	11	-0.0307379100702802	-0.00490383253517354	0	0	4	-0.0603802679477937	-0.0669779340613012	0	0	3	-0.0501273057560633	-0.125467929892162	0	0	-0.472817800889054	-0.777453819093547	1.3467639430863	0.216713385907667	0.104938271604938	FALSE	C_weak_or_non_dependent	FALSE	0.144439289138061	0.289557425044409
IDI2	cholesterol/isoprenoid	Tier 1	ENSG00000148377	162	0.035207350174684	0.029247262401025	0.228143335641947	0.11520474366923	0.0507831541586932	-0.897587892511589	0.742309313253553	1.63989720576514	0	0.0308641975308642	85	0.0239009234209865	0.016382008048536	0	0.0470588235294118	59	0.0782646300713713	0.0741168502434559	0	0	11	0.0277548483275547	0.0090108267679437	0	0	4	-0.0377595918705485	-0.07304681704936	0	0	3	-0.0439229452920528	-0.278080055257785	0	0.333333333333333	-0.472817800889054	-0.726253849346812	3.11573996716884	0.166525051772358	0.104938271604938	FALSE	C_weak_or_non_dependent	FALSE	0.144439289138061	0.289557425044409
CETP	cholesterol/isoprenoid	Tier 2	ENSG00000087237	162	-0.0190904031484379	-0.0254671349465695	0.228580676201287	0.115199157008532	0.052919069046706	-1.18452888302769	0.7489617158505	1.93349059887819	0.0123456790123457	0.0308641975308642	85	-0.0230286770240662	-0.0560900548524294	0.0235294117647059	0.0588235294117647	59	-0.0151582185079538	0.0156260619085635	0	0	11	-0.0762414182866644	-0.0871430031891063	0	0	4	0.148178500524928	0.147196748534039	0	0	3	0.13124462800289	0.0299423964836669	0	0	-0.472817800889054	-1.02941893832223	5.3154590405826	0.181117711536888	0.104938271604938	FALSE	C_weak_or_non_dependent	FALSE	0.144439289138061	0.289557425044409
H4C16	arginine	Tier 2	ENSG00000197837	162	-0.00960580934286552	-0.0226098073704551	0.223533352238529	0.115136021766328	0.0443884472207383	-0.543090974068346	0.844785746980717	1.38787672104906	0.00308641975308642	0.0246913580246914	85	-0.0194871693146015	-0.0249848214931758	0.00588235294117647	0.0470588235294118	59	0.0044848978910608	0.0010733630760385	0	0	11	0.0193206988888466	-0.0526565415220759	0	0	4	-0.188266491640839	-0.144394489955083	0	0	3	-0.130561628933113	-0.148535824005626	0	0	-0.472817800889054	0.475605907354955	1.63004428831727	0.159521049720462	0.104938271604938	FALSE	C_weak_or_non_dependent	FALSE	0.144439289138061	0.289557425044409
H2AZ2	arginine	Tier 2	ENSG00000105968	162	0.0518537202744145	0.0360868333312675	0.216922328369975	0.11511513543386	0.0647775986650215	-1.26165392244468	0.676107918455221	1.9377618408999	0.0123456790123457	0.037037037037037	85	0.0750967748322188	0.0567975527627901	0	0.0470588235294118	59	0.0309267952105051	0.036820130947118	0	0	11	0.0667882717640772	-0.125643503576901	0.181818181818182	0.181818181818182	4	0.0428993367818746	0.0144249572690409	0	0	3	0.0520116310808845	0.0567553330726553	0	0	-0.472817800889054	-0.975647853144258	4.62861997010944	0.182669753944299	0.104938271604938	FALSE	C_weak_or_non_dependent	FALSE	0.144439289138061	0.289557425044409
DMAC2	OXPHOS	Tier 1	ENSG00000105341	162	-0.250556983978422	-0.275239555123491	0.259448868394211	0.115091168577537	0.0510583333237879	-0.936972068631449	0.648087905894385	1.58505997452583	0.151234567901235	0.160493827160494	85	-0.311095490628445	-0.324986680164321	0.170588235294118	0.223529411764706	59	-0.221798882815343	-0.246103639664114	0.169491525423729	0.101694915254237	11	-0.18254117446226	-0.170761349098984	0	0.0909090909090909	4	-0.215046359713912	-0.219066128258209	0	0	3	-0.147381858516843	0.103271325755378	0	0	-0.472817800889054	-0.0447843280882602	1.63432047501687	0.130282166380909	0.104938271604938	FALSE	C_weak_or_non_dependent	FALSE	0.144439289138061	0.289557425044409
PLPP2	sphingolipid	Tier 1	ENSG00000141934	162	0.0628236554049456	0.0766551846052021	0.223311623049949	0.115074236204328	0.0486264499115322	-0.774100594609028	1.01901091652041	1.79311151112944	0	0.0123456790123457	85	0.0461250683452797	0.0923812192755149	0	0.0235294117647059	59	0.0532671502686625	0.0396100936280306	0	0	11	0.0689827110899521	0.0443286404096875	0	0	4	0.124428572681961	0.157788310166375	0	0	3	0.391433090542027	0.369990819466034	0	0	-0.472817800889054	0.383886994259111	3.20500399478321	0.123882876950384	0.104938271604938	FALSE	C_weak_or_non_dependent	FALSE	0.144439289138061	0.289557425044409
ACOX3	fatty-acid oxidation	Tier 1	ENSG00000087008	162	-0.052653843439652	-0.0641603860516702	0.227894974805902	0.115058943987326	0.0559425725846261	-0.912296378768918	0.78261841103326	1.69491478980218	0.0123456790123457	0.0432098765432099	85	-0.0464563962446942	-0.070955358344597	0	0.0705882352941176	59	-0.122546100165794	-0.101845320521469	0.0338983050847458	0.0169491525423729	11	0.107666656697511	0.106584528450227	0	0	4	-0.0198874166945551	-0.0429029655599902	0	0	3	-0.0631773173539428	0.215092959658104	0	0	-0.472817800889054	0.133754075918846	2.5059079213366	0.118875882534122	0.104938271604938	FALSE	C_weak_or_non_dependent	FALSE	0.144439289138061	0.289557425044409
CHPF2	glycolysis	Tier 2	ENSG00000033100	162	-0.080008693322795	-0.0822849419850848	0.227062662916832	0.114989841054329	0.0555165817228462	-0.977076273295866	0.847141993935306	1.82421826723117	0.0246913580246914	0.0555555555555556	85	-0.0703569088683096	-0.0824432979421241	0.0117647058823529	0.0588235294117647	59	-0.0912861380135186	-0.114412655455262	0.0508474576271187	0.0508474576271187	11	-0.0254570546685569	-0.0382196608842091	0	0.0909090909090909	4	-0.140824519324317	-0.127611742779206	0	0	3	0.741017650378364	0.452909878733468	0	0	-0.472817800889054	-0.00937328294639629	2.9924126483187	0.110517516941002	0.104938271604938	FALSE	C_weak_or_non_dependent	FALSE	0.144439289138061	0.289557425044409
ATP6V0E1	OXPHOS;iron	Tier 1;Tier 2	ENSG00000113732	162	0.00146049286005472	-0.010315268519356	0.225082517132306	0.114954821521141	0.0468670593831239	-0.851899532357211	0.49681070608335	1.34871023844056	0.0185185185185185	0.0308641975308642	85	0.0553737759408231	0.0272246983240972	0	0.0117647058823529	59	-0.0188514922210317	-0.0639981057993613	0.0508474576271187	0.0677966101694915	11	-0.00257928896458099	-0.0125045171178797	0	0	4	-0.0993954761621183	-0.0748159030015422	0	0	3	-0.132983307193345	0.0758428949270793	0	0	-0.472817800889054	-0.913878531131999	2.09891893852811	0.225018983967855	0.104938271604938	FALSE	C_weak_or_non_dependent	FALSE	0.144439289138061	0.289557425044409
OAT	OXPHOS;arginine;glutamine/glutamate	Tier 1;Tier 2	ENSG00000065154	162	-0.101277613497047	-0.114109131178609	0.225461073110584	0.114925465762667	0.0572206922804908	-1.1854099232059	0.534447957472391	1.71985788067829	0.0246913580246914	0.0432098765432099	85	-0.102447905561895	-0.130387656519542	0.0352941176470588	0.0588235294117647	59	-0.12685901790901	-0.132122545017262	0.0169491525423729	0.0338983050847458	11	-0.0913838878279761	-0.0546960336313047	0	0	4	-0.041237254108299	-0.0163130490867199	0	0	3	0.52250380695758	0.353136758512004	0	0	-0.472817800889054	-0.519614632610668	2.79878330051849	0.143413545203729	0.104938271604938	FALSE	C_weak_or_non_dependent	FALSE	0.144439289138061	0.289557425044409
UQCC2	OXPHOS	Tier 1	ENSG00000137288	162	-0.217585653581725	-0.232437707552063	0.235599618285817	0.114910437267574	0.0435640703982568	-0.94418887506379	0.437344730106234	1.38153360517002	0.095679012345679	0.111111111111111	85	-0.22127950671809	-0.231099621191465	0.1	0.141176470588235	59	-0.211472672071833	-0.227085763690542	0.101694915254237	0.0677966101694915	11	-0.288006722341749	-0.236065161560425	0.0909090909090909	0.0909090909090909	4	-0.271415954871792	-0.266802076844461	0	0	3	-0.130295854200463	-0.316485226625063	0	0.333333333333333	-0.472817800889054	-0.191224182326444	0.894868714994992	0.149112163736204	0.104938271604938	FALSE	C_weak_or_non_dependent	FALSE	0.144439289138061	0.289557425044409
SLC2A2	glucose transport	Tier 1	ENSG00000163581	162	0.0261214489274478	0.0179909265775881	0.229438214093299	0.114898586110852	0.0411493760104978	-0.666073240025027	0.683795423481031	1.34986866350606	0	0.0185185185185185	85	0.0366127155039419	0.00717783053668876	0	0.0352941176470588	59	0.0177017499173654	0.0344702379946583	0	0	11	-0.0532788741461833	-0.0154758178224451	0	0	4	0.0590008769361769	0.0420749789844265	0	0	3	0.0964430627286231	0.0908681827916948	0	0	-0.472817800889054	-0.133791276916656	1.61281260854775	0.13271993644972	0.104938271604938	FALSE	C_weak_or_non_dependent	FALSE	0.144439289138061	0.289557425044409
TFR2	iron	Tier 1	ENSG00000106327	162	0.0425081573508852	0.030055573632818	0.226214526457513	0.11488366263463	0.0472291386230773	-1.33356731503086	0.711725659159949	2.04529297419081	0.00925925925925926	0.0123456790123457	85	0.0421783586402588	0.0490567828091941	0.00588235294117647	0.0117647058823529	59	0.0478929461423174	0.0276616675282006	0	0	11	0.0595669874381573	0.0751458171155051	0	0	4	-0.062584541779458	-0.082993437882696	0	0	3	-0.0550210727182231	-0.475830743722865	0.333333333333333	0.333333333333333	-0.472817800889054	-1.31721913772257	8.72833515764698	0.184988551851055	0.104938271604938	FALSE	C_weak_or_non_dependent	FALSE	0.144439289138061	0.289557425044409
HMOX1	iron	Tier 1	ENSG00000100292	162	0.103973795392682	0.111491850370155	0.225044599624589	0.114845680109508	0.0446673032530409	-0.523777732092294	0.8905842956901	1.41436202778239	0	0.00617283950617284	85	0.103303615435482	0.111426128195217	0	0.0117647058823529	59	0.117453748884942	0.125003208043409	0	0	11	0.0228262152485078	0.0303010409702664	0	0	4	0.107357961101756	0.10954126443371	0	0	3	0.0756914373392975	0.147931026800918	0	0	-0.472817800889054	0.576984127659624	1.90186732576372	0.167480778260092	0.104938271604938	FALSE	C_weak_or_non_dependent	FALSE	0.144439289138061	0.289557425044409
FBP2	PPP;glycolysis	Tier 1;Tier 2	ENSG00000130957	162	0.0020813718237299	-0.00708337921223477	0.220531068529065	0.114800233442005	0.043403761468644	-0.851355293096826	0.840005674640056	1.69136096773688	0.00617283950617284	0.0185185185185185	85	-0.00886328025563298	-0.0277515350514484	0.0117647058823529	0.0352941176470588	59	0.00593378495205238	0.00563699346400777	0	0	11	0.0341152609976176	0.0135114324487458	0	0	4	-0.0919279393072251	-0.0565952243920233	0	0	3	0.168242648603524	0.318848524415503	0	0	-0.472817800889054	0.0819002396094656	2.90083670678009	0.112386389654813	0.104938271604938	FALSE	C_weak_or_non_dependent	FALSE	0.144439289138061	0.289557425044409
NDUFA12	OXPHOS	Tier 1	ENSG00000184752	162	-0.01680561077636	-0.00959635145502759	0.228499421645488	0.114660819805387	0.0498602316019654	-0.684623474918231	0.87122530318148	1.55584877809971	0.00617283950617284	0.0246913580246914	85	-0.000158118052566339	-0.00656766421733355	0.0117647058823529	0.0352941176470588	59	-0.0311220307085511	-0.0109324617735377	0	0	11	-0.016447581443809	-0.00474905270431703	0	0	4	-0.0425907283950231	-0.0294348142323254	0	0	3	-0.0109155785181721	-0.0604544653085342	0	0.333333333333333	-0.472817800889054	0.250399439936948	1.91501417768572	0.133308465819464	0.104938271604938	FALSE	C_weak_or_non_dependent	FALSE	0.144439289138061	0.289557425044409
HADHA	BCAA;OXPHOS;fatty-acid oxidation;tryptophan	Tier 1;Tier 2	ENSG00000084754	162	-0.0206470346254513	-0.0248216023343572	0.227240362989097	0.114622024791561	0.0524973897402549	-1.19784731056625	0.593754413589569	1.79160172415582	0.00617283950617284	0.037037037037037	85	-0.0451823969654303	-0.0547875434361793	0.0117647058823529	0.0588235294117647	59	0.00786211138810439	0.0122992322935809	0	0	11	0.0726680289381534	0.059398336817775	0	0	4	-0.0273362429394765	-0.00390643592134291	0	0	3	0.13110530460727	-0.242523017574017	0	0.333333333333333	-0.472817800889054	-0.99495225826696	4.7894888121167	0.183467764557369	0.104938271604938	FALSE	C_weak_or_non_dependent	FALSE	0.144439289138061	0.289557425044409
SERINC2	serine/glycine/one-carbon	Tier 1	ENSG00000168528	162	-0.0957525317362615	-0.0791433892822362	0.227370577035065	0.114607236065523	0.0427144579642629	-0.73978718988084	0.561157698019423	1.30094488790026	0.0185185185185185	0.0246913580246914	85	-0.0539140360257779	-0.0368658435204194	0	0.0235294117647059	59	-0.140517339965457	-0.135302840185137	0.0508474576271187	0.0169491525423729	11	-0.187978468013939	-0.191646864754258	0	0.0909090909090909	4	-0.0217416421602352	0.0355499732994215	0	0	3	0.00598969669281338	0.0870502751785284	0	0	-0.472817800889054	0.313065325489289	0.916458287605122	0.157461861055147	0.104938271604938	FALSE	C_weak_or_non_dependent	FALSE	0.144439289138061	0.289557425044409
NDUFA4L2	OXPHOS	Tier 1		162	-0.0470317073732953	-0.0602465410755853	0.228860527608922	0.114580046285099	0.051662848679286	-1.07354833445788	0.511263065097387	1.58481139955526	0.0154320987654321	0.0432098765432099	85	-0.0748671320026843	-0.0931264353379032	0.0176470588235294	0.0705882352941176	59	-0.0201177918077216	-0.039497167751897	0.0169491525423729	0.0169491525423729	11	0.023613458771832	0.00628949028179259	0	0	4	0.016578792054335	0.0107684615735975	0	0	3	0.1717609774458	0.124627335814921	0	0	-0.472817800889054	-1.0304876042957	3.16893400878189	0.223496818883678	0.104938271604938	FALSE	C_weak_or_non_dependent	FALSE	0.144439289138061	0.289557425044409
GLYCTK	serine/glycine/one-carbon	Tier 1	ENSG00000168237	162	0.0204299554177894	0.00799348618142529	0.228485678907511	0.114565129809666	0.0465363849866343	-0.718426146422233	0.858426648877129	1.57685279529936	0.00308641975308642	0.0308641975308642	85	0.02241079793769	0.0121079516208454	0.00588235294117647	0.0470588235294118	59	0.0310035573540264	0.0144760103940412	0	0.0169491525423729	11	0.0374138883621998	0.0356596251382532	0	0	4	-0.120150330381384	-0.095921622148996	0	0	3	-0.162898655414319	-0.198961709184731	0	0	-0.472817800889054	-0.235492244207351	2.47780108378298	0.123669081922272	0.104938271604938	FALSE	C_weak_or_non_dependent	FALSE	0.144439289138061	0.289557425044409
SLC1A7	glutamine/glutamate	Tier 1	ENSG00000162383	162	0.0236964321336637	0.02682538602734	0.241664882697784	0.114500849438263	0.0480953867569153	-0.751707278880353	0.609587653081919	1.36129493196227	0.00617283950617284	0.037037037037037	85	0.0151861535455204	-0.00224980242394261	0.0117647058823529	0.0588235294117647	59	0.0112362145183765	0.0274365266677151	0	0.0169491525423729	11	0.094897586778857	0.126750957188366	0	0	4	0.157544925345351	0.123047068905626	0	0	3	0.462740158759976	0.343913954791493	0	0	-0.472817800889054	-0.500234280604115	1.87289773365448	0.157666373052258	0.104938271604938	FALSE	C_weak_or_non_dependent	FALSE	0.144439289138061	0.289557425044409
ACSL3	fatty-acid oxidation	Tier 1	ENSG00000123983	162	0.0804671992071597	0.048459309177133	0.223419585773023	0.114392114042921	0.0444327750409542	-0.568127309911479	0.620544788456365	1.18867209836784	0	0.0185185185185185	85	0.0818631365880314	0.059825349879615	0	0.0117647058823529	59	0.060770544192772	0.0152856151154779	0	0.0169491525423729	11	0.125505263492673	0.123548262715993	0	0	4	0.128743970537025	0.123103468240561	0	0	3	0.103786824076495	0.00398576409230345	0	0.333333333333333	-0.472817800889054	-0.369897203257478	0.518196498661436	0.172903130800225	0.104938271604938	FALSE	C_weak_or_non_dependent	FALSE	0.144439289138061	0.289557425044409
SYT1	glutamine/glutamate	Tier 1	ENSG00000067715	162	0.138573299642461	0.129475052366428	0.236233233749358	0.11437307571626	0.0431132212360328	-0.57526306735851	0.886551096365009	1.46181416372352	0	0.0123456790123457	85	0.156213255340522	0.146485929842391	0	0	59	0.15032997440495	0.137291194423616	0	0	11	0.10462613273862	0.113422333413612	0	0	4	0.0798162158723834	0.0824990377214057	0	0	3	-0.556514103878176	-0.384722614223531	0	0.666666666666667	-0.472817800889054	0.000629942429606641	1.96237457950304	0.124702380693292	0.104938271604938	FALSE	C_weak_or_non_dependent	FALSE	0.144439289138061	0.289557425044409
STEAP3	iron	Tier 1	ENSG00000115107	162	0.0767268901494528	0.0657757603597665	0.224179054896468	0.114370836061552	0.0508866072370834	-0.799689192712402	0.815501172107518	1.61519036481992	0	0.0308641975308642	85	0.0875442209349742	0.0781634775456497	0	0.0352941176470588	59	0.0594465711634466	0.0402580820179727	0	0.0169491525423729	11	0.0340949212517664	0.0359242129851178	0	0.0909090909090909	4	0.119942765781729	0.0847831498216964	0	0	3	0.307177041160915	0.300750601906159	0	0	-0.472817800889054	-0.572002476035779	2.31318524557692	0.158566497993338	0.104938271604938	FALSE	C_weak_or_non_dependent	FALSE	0.144439289138061	0.289557425044409
PPARA	cholesterol/isoprenoid	Tier 2	ENSG00000186951	162	-0.0752286890940638	-0.0542484136414229	0.226841484776648	0.114361214415788	0.0448478666878428	-0.751425899322772	0.678176139407406	1.42960203873018	0	0.0308641975308642	85	-0.0699534702167987	-0.0309113705064028	0	0.0117647058823529	59	-0.0779375464226933	-0.0635155802508411	0	0.0338983050847458	11	-0.039625244076788	-0.0452031244723345	0	0.0909090909090909	4	-0.15436192947146	-0.181397848216822	0	0	3	-0.24432235436102	-0.39684384000123	0	0.333333333333333	-0.472817800889054	0.194521327782761	1.25518668083628	0.141938122467486	0.104938271604938	FALSE	C_weak_or_non_dependent	FALSE	0.144439289138061	0.289557425044409
SLC52A2	riboflavin	Tier 1	ENSG00000185803	162	-0.0263572901187873	-0.0330436428417409	0.227257114228483	0.114359478622173	0.0523558493782043	-0.935231111020494	0.650146092097308	1.5853772031178	0.00617283950617284	0.037037037037037	85	-0.0177996029587142	-0.0442697716609259	0.0117647058823529	0.0588235294117647	59	-0.0341346332894252	-0.0256224782017518	0	0	11	0.0246703916082111	0.0329356874412648	0	0	4	-0.0708201777441604	-0.0459704788495528	0	0	3	0.0271922915383092	-0.0856079939118933	0	0.333333333333333	-0.472817800889054	-0.443860308203328	2.41967726274046	0.141217040246275	0.104938271604938	FALSE	C_weak_or_non_dependent	FALSE	0.144439289138061	0.289557425044409
ST3GAL1	sphingolipid	Tier 1	ENSG00000008513	162	-0.111953946329107	-0.120604503237483	0.236933513864552	0.114298273791375	0.0536230503146307	-1.25229588283073	0.426352072517131	1.67864795534787	0.00925925925925926	0.0555555555555556	85	-0.138771326317067	-0.146896478516817	0.00588235294117647	0.0705882352941176	59	-0.0759655704335466	-0.0948015846959413	0.0169491525423729	0.0338983050847458	11	-0.0703561426151839	-0.0260953484435481	0	0	4	-0.0299838622195039	-0.0459543896120615	0	0	3	-0.31470999849611	-0.329189654051667	0	0.333333333333333	-0.472817800889054	-1.08133108968	5.02789373041072	0.195701595557963	0.104938271604938	FALSE	C_weak_or_non_dependent	FALSE	0.144439289138061	0.289557425044409
ALDH6A1	BCAA;OXPHOS	Tier 1;Tier 2	ENSG00000119711	162	-0.00596727938259494	-0.0145968462619807	0.227288739455482	0.11427410462402	0.0468707866337003	-0.824086754633212	0.724364686981692	1.5484514416149	0.00617283950617284	0.0246913580246914	85	-0.00837851815502598	-0.0210096683321725	0.0117647058823529	0.0352941176470588	59	-0.00325530833281844	-0.00101950881558435	0	0.0169491525423729	11	-0.0373581169279274	-0.0407697226121991	0	0	4	0.0697538801280557	0.06482823454986	0	0	3	-0.12744414574376	-0.109854085183997	0	0	-0.472817800889054	-0.535053473748629	2.42981643650347	0.151567364615227	0.104938271604938	FALSE	C_weak_or_non_dependent	FALSE	0.144439289138061	0.289557425044409
SLC30A2	zinc	Tier 1	ENSG00000158014	162	0.0285407658747759	0.0169299507224138	0.220021921532557	0.114272751942504	0.044984067282435	-0.977694771096195	0.729983974635645	1.70767874573184	0.00308641975308642	0.0246913580246914	85	0.0111927739921516	-0.0155186150432447	0.00588235294117647	0.0352941176470588	59	0.0621804975007761	0.0564951718403885	0	0.0169491525423729	11	-0.0186344815301846	-0.0296032842030068	0	0	4	0.141874619215103	0.155763836692874	0	0	3	-0.0274146361738906	0.143699978861829	0	0	-0.472817800889054	-0.630341009263376	3.40508166821776	0.147681127355854	0.104938271604938	FALSE	C_weak_or_non_dependent	FALSE	0.144439289138061	0.289557425044409
SLC2A10	glucose transport	Tier 1	ENSG00000197496	162	-0.00572314509844469	-0.0102091420970127	0.225210944247799	0.114183299956905	0.0346871834035213	-0.448683906757319	0.493662560303915	0.942346467061234	0	0	85	-0.00900554035440915	-0.0183509842211003	0	0	59	0.00398464480862664	0.00346249419776825	0	0	11	-0.0161861504518442	-0.0454787876364772	0	0	4	0.0398713774496422	0.00191937755145051	0	0	3	-0.0971748089362632	0.0647515450681945	0	0	-0.472817800889054	0.146130259672996	0.183321792492399	0.163677393327426	0.104938271604938	FALSE	C_weak_or_non_dependent	FALSE	0.144439289138061	0.289557425044409
PDK1	OXPHOS	Tier 1	ENSG00000152256	162	-0.0701650604370343	-0.0715179045532186	0.22326336930062	0.114176692706304	0.0489819537267793	-0.768794332058667	0.563446276561381	1.33224060862005	0	0.0432098765432099	85	-0.0561057133818967	-0.0614114493651149	0	0.0705882352941176	59	-0.111857873142342	-0.0904354117208903	0	0	11	-0.0726509355978469	-0.056119985919992	0	0	4	-0.0108160779207579	0.00288377497376412	0	0	3	0.0677505654658581	-0.141484434943089	0	0.333333333333333	-0.472817800889054	-0.0768995991815156	0.791762535623527	0.146881195024001	0.104938271604938	FALSE	C_weak_or_non_dependent	FALSE	0.144439289138061	0.289557425044409
SAR1B	cholesterol/isoprenoid	Tier 2	ENSG00000152700	162	0.0236392905780605	0.0247366944552221	0.22572876464843	0.114133154849811	0.0463038364935132	-0.947354408337915	0.914093471639775	1.86144787997769	0.00617283950617284	0.0246913580246914	85	0.0170729985593916	0.0549953947929101	0	0.0117647058823529	59	0.0174285233356163	-0.0140492333641708	0.0169491525423729	0.0338983050847458	11	-0.00986456118798614	0.00668359479442024	0	0	4	0.0879834597435178	0.108174060398303	0	0	3	0.00637634824167601	-0.114858357165711	0	0.333333333333333	-0.472817800889054	-0.522324915193946	4.87473896444853	0.116436710181975	0.104938271604938	FALSE	C_weak_or_non_dependent	FALSE	0.144439289138061	0.289557425044409
SMARCC1	arginine	Tier 2	ENSG00000173473	162	-0.0513613616085785	-0.0708634879167491	0.249131583234457	0.114133038536048	0.0518948513070236	-1.04930469887764	0.5413573559459	1.59066205482354	0.0123456790123457	0.0308641975308642	85	-0.078980828245332	-0.0770831572302215	0.0117647058823529	0.0235294117647059	59	-0.0388690007867355	-0.0569660568151882	0.0169491525423729	0.0338983050847458	11	-0.0496214122661958	-0.110560163355881	0	0.0909090909090909	4	-0.0857225168856235	-0.0778574133894823	0	0	3	-0.0185188630648978	-0.0130759584586024	0	0	-0.472817800889054	-0.62408438868871	2.55309308485593	0.161383416395142	0.104938271604938	FALSE	C_weak_or_non_dependent	FALSE	0.144439289138061	0.289557425044409
PLAUR	cholesterol/isoprenoid	Tier 2	ENSG00000011422	162	-0.140323279894729	-0.123457454870237	0.225189434139884	0.114110041838698	0.0508621806635164	-0.755325234147248	0.665412623483305	1.42073785763055	0.0339506172839506	0.0432098765432099	85	-0.155256672156926	-0.125153643817453	0.0529411764705882	0.0588235294117647	59	-0.139337063834446	-0.131659962490918	0.0169491525423729	0.0338983050847458	11	-0.105457528161962	-0.0969421059579232	0	0	4	-0.151506051336596	-0.143019776477564	0	0	3	-0.155298313783046	0.0147773646389284	0	0	-0.472817800889054	0.481849374473185	1.10592448570008	0.172028435868405	0.104938271604938	FALSE	C_weak_or_non_dependent	FALSE	0.144439289138061	0.289557425044409
GALK1	glycolysis	Tier 2	ENSG00000108479	162	0.0959508765336861	0.0832975042317727	0.230460030808908	0.114074693955274	0.0649717903509797	-1.31972452357563	1.08751380197172	2.40723832554735	0.00617283950617284	0.00617283950617284	85	0.0958064057537072	0.0814289441876708	0.0117647058823529	0.0117647058823529	59	0.0978424301964754	0.0905248929142887	0	0	11	0.0716149047282066	0.0226654095663237	0	0	4	0.0843303001247913	0.0916056433866818	0	0	3	0.130967723030038	0.205341556291943	0	0	-0.472817800889054	-0.390368427106729	6.33714606942152	0.0929804586023112	0.104938271604938	FALSE	C_weak_or_non_dependent	FALSE	0.144439289138061	0.289557425044409
GRM3	glutamine/glutamate	Tier 1	ENSG00000198822	162	-0.0693507886823436	-0.05766279094268	0.223846625501244	0.114073577074313	0.0448174693105124	-0.51452274099613	0.951740169566683	1.46626291056281	0	0.0123456790123457	85	-0.0663595566349103	-0.0578572752603779	0	0.0117647058823529	59	-0.0835203176049668	-0.0832387821022933	0	0.0169491525423729	11	0.0791053886072543	0.0651325445278317	0	0	4	-0.228292576737971	-0.221877984932793	0	0	3	0.207210302841091	0.21954611945943	0	0	-0.472817800889054	1.06329592472611	2.98784542971473	0.235566632811406	0.104938271604938	FALSE	C_weak_or_non_dependent	FALSE	0.144439289138061	0.289557425044409
GAMT	arginine;serine/glycine/one-carbon	Tier 1	ENSG00000130005	162	0.000750116774608757	-0.00636504328616743	0.224824248696777	0.114057399735038	0.0440302340717923	-0.620507404580528	0.678781084231205	1.29928848881173	0.0123456790123457	0.0246913580246914	85	-0.0235832569174119	-0.0169340694120776	0.0117647058823529	0.0352941176470588	59	0.0312877742813087	0.0186953065491996	0.0169491525423729	0.0169491525423729	11	-0.0215319375704679	-0.00830928381467748	0	0	4	-0.0124078893204711	-0.0795998961580157	0	0	3	-0.0972920649823198	-0.0949874973805954	0	0	-0.472817800889054	-0.004711059272713	1.50518227300273	0.132244762416878	0.104938271604938	FALSE	C_weak_or_non_dependent	FALSE	0.144439289138061	0.289557425044409
GYS1	glycolysis	Tier 2	ENSG00000104812	162	-0.0337065132043658	-0.0321969317760374	0.230395343348815	0.113888114240372	0.0531601990664082	-0.800854579598027	0.791570135702764	1.59242471530079	0	0.0308641975308642	85	-0.0256124370836717	-0.0226463330313529	0	0.0470588235294118	59	-0.0111751874292167	-0.0206149577021977	0	0.0169491525423729	11	-0.0550733428645129	-0.0820105056047093	0	0	4	-0.228764646235336	-0.241409415508772	0	0	3	-0.079645928703981	-0.0689763039788343	0	0	-0.472817800889054	-0.10253327824042	2.00192602461099	0.12539486870697	0.104938271604938	FALSE	C_weak_or_non_dependent	FALSE	0.144439289138061	0.289557425044409
APOE	cholesterol/isoprenoid	Tier 2	ENSG00000130203	162	0.0359019138480347	0.0238112592118847	0.245113553198886	0.113761719633684	0.0469699446287019	-0.726471199343309	0.798194088203977	1.52466528754729	0	0.0123456790123457	85	0.0562348730708087	0.0489671642885878	0	0.0235294117647059	59	0.000785468562573246	-0.00867140887175054	0	0	11	0.0376478873263924	0.0591207969711608	0	0	4	-0.0797291235549023	-0.0618983969289557	0	0	3	0.0259263696143657	-0.0653023425794343	0	0	-0.472817800889054	0.102659469453037	1.67376010892072	0.130721343364251	0.104938271604938	FALSE	C_weak_or_non_dependent	FALSE	0.144439289138061	0.289557425044409
AGRN	glycolysis	Tier 2	ENSG00000188157	162	0.023708532834529	0.0279790302628879	0.230123093519071	0.113750877040923	0.0383397043820664	-0.534176652701121	0.573832057670236	1.10800871037136	0	0.00617283950617284	85	0.0331132148541564	0.0566878301231536	0	0	59	-6.30178329427099e-05	-0.00839954241528518	0	0	11	-0.00440357995988512	-0.0437200249862567	0	0	4	0.140461176216088	0.129810937236206	0	0	3	0.131731465556503	0.0571289568418727	0	0.333333333333333	-0.472817800889054	0.228207125498888	0.50590896576673	0.160313530657607	0.104938271604938	FALSE	C_weak_or_non_dependent	FALSE	0.144439289138061	0.289557425044409
CAMK2G	glutamine/glutamate	Tier 1	ENSG00000148660	162	-0.215701390818425	-0.22354039488945	0.226614011923342	0.113741425482217	0.0450965699155286	-0.969816813906389	0.320164466477518	1.28998128038391	0.0401234567901235	0.104938271604938	85	-0.26231484183014	-0.255769238625761	0.0352941176470588	0.141176470588235	59	-0.176833561959117	-0.184042495900416	0.0423728813559322	0.0508474576271187	11	-0.290026584584443	-0.281784510506837	0.0909090909090909	0.181818181818182	4	-0.209055188282918	-0.215780667521991	0	0	3	0.0606787815111182	0.116033618295508	0	0	-0.472817800889054	-0.690460899465279	1.57672387700389	0.193456053253874	0.104938271604938	FALSE	C_weak_or_non_dependent	FALSE	0.144439289138061	0.289557425044409
RBCK1	glycolysis	Tier 2	ENSG00000125826	162	0.0582385748347246	0.0635971012495436	0.22621090640387	0.113675168223237	0.0481795853331794	-0.766185169807187	0.801282949841772	1.56746811964896	0	0.0185185185185185	85	0.0634774991720843	0.0696569448360121	0	0.0352941176470588	59	0.0657325281611772	0.0626534598964534	0	0	11	-0.0435032846410219	-0.00680275147531737	0	0	4	0.0443151968680098	0.0618784844923976	0	0	3	0.13362784993921	0.170884095244395	0	0	-0.472817800889054	0.0270219336647515	1.92539468080285	0.125371535241244	0.104938271604938	FALSE	C_weak_or_non_dependent	FALSE	0.144439289138061	0.289557425044409
NT5C1A	NAD	Tier 1	ENSG00000116981	162	-0.0203673752676632	-0.0455225630584643	0.222156734581781	0.113607105230052	0.0507846779513984	-0.837024921176698	0.592723264349319	1.42974818552602	0.00617283950617284	0.0432098765432099	85	-0.0271085178428882	-0.0572221896162936	0	0.0705882352941176	59	-0.0463293870494565	-0.0433842408648039	0.0169491525423729	0.0169491525423729	11	0.0573843557257193	0.0339828972264054	0	0	4	0.00764233829190599	-0.00798206110175206	0	0	3	0.0438170793356311	-0.0976608373820957	0	0	-0.472817800889054	-0.533034469322685	1.32520673570395	0.173955323056702	0.104938271604938	FALSE	C_weak_or_non_dependent	FALSE	0.144439289138061	0.289557425044409
BCKDHB	BCAA	Tier 1;Tier 2	ENSG00000083123	162	-0.00529456776166394	-0.000148828762359407	0.225675660791196	0.113575104896618	0.046714722256568	-0.822356017626871	0.715128668817023	1.53748468644389	0	0.0123456790123457	85	-0.00560800547041518	0.00794126383003176	0	0.0235294117647059	59	-0.00197194073441449	-0.00756180860819593	0	0	11	-0.0298069898995899	-0.0722248624282128	0	0	4	-0.0335699019682638	-0.0532695468126091	0	0	3	0.160554910117727	0.251526898929805	0	0	-0.472817800889054	0.117242653744226	1.72289634721181	0.130307919225697	0.104938271604938	FALSE	C_weak_or_non_dependent	FALSE	0.144439289138061	0.289557425044409
TPBG	glycolysis	Tier 2	ENSG00000146242	162	0.0121817455878871	-0.00178522052656789	0.220975426344263	0.113484963982246	0.0535130993726065	-1.05282280950644	0.691436268486859	1.7442590779933	0	0.0246913580246914	85	-0.0015037290498818	-0.0137770596616755	0	0.0235294117647059	59	0.0434411028361754	0.0105616884518199	0	0.0169491525423729	11	0.0138654763904411	-0.0144760886002484	0	0.0909090909090909	4	-0.0856309964244754	-0.0752475431868377	0	0	3	0.407916410118259	0.239643958210376	0	0	-0.472817800889054	-0.575627186442532	2.5559947739031	0.154579180923631	0.104938271604938	FALSE	C_weak_or_non_dependent	FALSE	0.144439289138061	0.289557425044409
ST6GALNAC4	sphingolipid	Tier 1	ENSG00000136840	162	-0.0663513135019022	-0.0580905966153042	0.226866731043551	0.113392899093554	0.0396379364000335	-0.703963154159848	0.64403013678753	1.34799329094738	0	0.0246913580246914	85	-0.0372609050843703	-0.0300705043045777	0	0.0235294117647059	59	-0.105656900245599	-0.104225816263691	0	0.0169491525423729	11	-0.0553089386453335	-0.0246392375454655	0	0	4	0.00275678714828698	-0.00875981936411559	0	0	3	-0.0428098756921879	-0.133096578591938	0	0.333333333333333	-0.472817800889054	0.356704965887126	1.70843248364803	0.14516626538288	0.104938271604938	FALSE	C_weak_or_non_dependent	FALSE	0.144439289138061	0.289557425044409
GLCE	glycolysis	Tier 2	ENSG00000138604	162	-0.0232588169336833	-0.0345305771140671	0.230467816345598	0.113389929262773	0.0645919943604195	-1.04572714291185	1.03419197783261	2.07991912074446	0.0277777777777778	0.037037037037037	85	-0.00486908259646195	0.0304742417107575	0.0117647058823529	0.0117647058823529	59	-0.0781356797120642	-0.109876999713712	0.0593220338983051	0.0508474576271187	11	-0.0652955277813584	-0.0360978488608214	0	0	4	0.077972882269961	0.0544483106998579	0	0	3	-0.547935158291122	-0.507412653371551	0	0.666666666666667	-0.472817800889054	-0.34274642444678	4.05468963274422	0.110516235064121	0.104938271604938	FALSE	C_weak_or_non_dependent	FALSE	0.144439289138061	0.289557425044409
KYAT1	glutamine/glutamate;tryptophan	Tier 1	ENSG00000171097	162	0.00477978450801082	-0.0130351666769537	0.223517431612405	0.113360556496305	0.033815746077711	-0.638300542685645	0.382401963821947	1.02070250650759	0.00617283950617284	0.0185185185185185	85	0.00861066287454524	-0.0116216143275285	0.0117647058823529	0.0235294117647059	59	0.00608305216260145	-0.0140908432049633	0	0.0169491525423729	11	-0.0383782983126094	-0.000877650083433691	0	0	4	0.0158437870337612	0.0373817060258453	0	0	3	-0.146578538124902	-0.144124235973117	0	0	-0.472817800889054	-0.455500987273799	0.609803099195464	0.181126026846083	0.104938271604938	FALSE	C_weak_or_non_dependent	FALSE	0.144439289138061	0.289557425044409
ENPP1	NAD;riboflavin	Tier 1	ENSG00000197594	162	0.090741298695075	0.101645986082154	0.225807193051889	0.113193510620937	0.0459077895788798	-0.663624164584228	0.794177818181068	1.4578019827653	0	0.00617283950617284	85	0.0894084609319528	0.120047411429103	0	0.0117647058823529	59	0.07566641606184	0.0731531825018532	0	0	11	0.181025458794659	0.134278825869018	0	0	4	0.14054548344324	0.0883660406582626	0	0	3	0.129692146590756	0.0386835863445534	0	0	-0.472817800889054	0.310596425055186	1.74431332704884	0.140554443829623	0.104938271604938	FALSE	C_weak_or_non_dependent	FALSE	0.144439289138061	0.289557425044409
ETHE1	cholesterol/isoprenoid	Tier 2	ENSG00000105755	162	0.00927119802946893	0.014428363085806	0.222214543304801	0.113179723809828	0.0424507887923872	-0.526588544895548	0.702724924120657	1.2293134690162	0	0.0185185185185185	85	-0.0123246187630456	0.00725773422070722	0	0.0235294117647059	59	0.0457046677203484	0.0135246091916572	0	0	11	0.156531459110717	0.15029717324437	0	0	4	0.0275002275903685	0.0141699521361992	0	0	3	-0.236967643830075	-0.262471081800061	0	0.333333333333333	-0.472817800889054	-0.0323498016313443	0.789838021369652	0.146211608556772	0.104938271604938	FALSE	C_weak_or_non_dependent	FALSE	0.144439289138061	0.289557425044409
TSPOAP1	glutamine/glutamate	Tier 1	ENSG00000005379	162	0.0438332971043005	0.0436136753719817	0.221234270692131	0.113092727901445	0.0401836591662888	-0.646234838640733	0.742398309052609	1.38863314769334	0	0.0123456790123457	85	0.0333696542572684	0.0182141218911485	0	0.0235294117647059	59	0.0779313433077828	0.0702140244340565	0	0	11	0.0377397657409726	0.033727873271571	0	0	4	-0.0220389938500166	-0.0503259943711784	0	0	3	0.470090335902341	0.401628326467169	0	0	-0.472817800889054	-0.342131651443484	1.49569980381988	0.147906743106635	0.104938271604938	FALSE	C_weak_or_non_dependent	FALSE	0.144439289138061	0.289557425044409
GAD1	glutamine/glutamate	Tier 1	ENSG00000128683	162	-0.0682351124266319	-0.0720281327199559	0.22647735902818	0.11307602204856	0.0574627721026325	-1.12365707892826	0.733800354087365	1.85745743301563	0.0185185185185185	0.037037037037037	85	-0.0694266793565459	-0.0644362619295012	0	0.0470588235294118	59	-0.0804045642362799	-0.100519940708808	0.0508474576271187	0.0338983050847458	11	-0.0638714289113739	-0.0421657274104974	0	0	4	0.00183807907165883	-0.0222288613177649	0	0	3	-0.0233894057704959	0.0973132373269862	0	0	-0.472817800889054	-0.563610225225976	3.15495310704965	0.143042010692862	0.104938271604938	FALSE	C_weak_or_non_dependent	FALSE	0.144439289138061	0.289557425044409
ST6GALNAC6	sphingolipid	Tier 1	ENSG00000160408	162	0.00646443107389498	0.0216197841900887	0.224453787761091	0.113052141549394	0.0343564149399101	-0.542741092252643	0.550558226989633	1.09329931924228	0	0.0123456790123457	85	0.00916211166586838	0.0292806540609213	0	0.0235294117647059	59	0.00388783999869489	0.0105484684223442	0	0	11	0.0352235663484572	0.026577808682865	0	0	4	-0.00146533836270788	0.00894039875886696	0	0	3	-0.00658030366758203	0.0210241053835874	0	0	-0.472817800889054	0.166909211668038	0.592828532788566	0.154575670420983	0.104938271604938	FALSE	C_weak_or_non_dependent	FALSE	0.144439289138061	0.289557425044409
SLC6A12	amino-acid transport	Tier 1	ENSG00000111181	162	0.0907988935237739	0.0982422998738775	0.230589406098255	0.113045327719156	0.0499594333181898	-0.544234736192584	1.15305889600976	1.69729363220234	0	0.0123456790123457	85	0.0864088356824159	0.110395374416498	0	0.0117647058823529	59	0.104554813649706	0.0801757777816403	0	0.0169491525423729	11	0.0477222499291136	0.119604884112741	0	0	4	0.155074182318872	0.140147690835354	0	0	3	0.00211999510399202	-0.0249898745108446	0	0	-0.472817800889054	0.316213056612296	2.84655585716247	0.123548961642815	0.104938271604938	FALSE	C_weak_or_non_dependent	FALSE	0.144439289138061	0.289557425044409
ADH7	glycolysis	Tier 1	ENSG00000196344	162	0.0365032560661212	0.0448533248868027	0.224934958705272	0.112969700852683	0.0631093379604423	-0.687295570693825	1.13162080989471	1.81891638058854	0.00925925925925926	0.0308641975308642	85	0.0482766132915009	0.031544743974286	0.0176470588235294	0.0470588235294118	59	0.0301452777544477	0.0514602991376487	0	0.0169491525423729	11	-0.0136786389452124	-0.0040125010145033	0	0	4	-0.00534080529598378	0.0173044644653983	0	0	3	0.54444482541905	0.507899132674798	0	0	-0.472817800889054	0.551182501818906	3.69076990920188	0.133757709453466	0.104938271604938	FALSE	C_weak_or_non_dependent	FALSE	0.144439289138061	0.289557425044409
SLC2A11	glucose transport	Tier 1	ENSG00000133460	162	-0.10172503144787	-0.079243391047534	0.229477688215101	0.112939026811005	0.0667947077479089	-0.987560061234553	1.06547587446018	2.05303593569473	0.0401234567901235	0.0185185185185185	85	-0.0974996077675818	-0.0617657131612699	0.0176470588235294	0.0117647058823529	59	-0.0964942227627959	-0.094159551988993	0.0677966101694915	0.0338983050847458	11	-0.153643258342109	-0.178345145123278	0.0909090909090909	0	4	-0.0794061725183034	-0.0926365869254308	0	0	3	-0.30909281573336	0.100137593471937	0	0	-0.472817800889054	0.73092311144489	4.29858515783939	0.14816061138375	0.104938271604938	FALSE	C_weak_or_non_dependent	FALSE	0.144439289138061	0.289557425044409
FUT7	sphingolipid	Tier 1	ENSG00000180549	162	-0.095837167590236	-0.102076353851407	0.220217848830663	0.112911472658497	0.0495325605492919	-0.8393800695537	0.832356288074331	1.67173635762803	0.0246913580246914	0.0555555555555556	85	-0.126192268150081	-0.104185405778742	0.0235294117647059	0.0823529411764706	59	-0.0813792248847697	-0.106695143224254	0.0338983050847458	0.0338983050847458	11	-0.0838552804011946	-0.0897779128172598	0	0	4	-0.190913834101909	-0.179763613166687	0	0	3	0.0502764347510303	0.107005037050933	0	0	-0.472817800889054	0.244965474599214	2.96904102668399	0.117442493899532	0.104938271604938	FALSE	C_weak_or_non_dependent	FALSE	0.144439289138061	0.289557425044409
STXBP1	glutamine/glutamate	Tier 1	ENSG00000136854	162	0.0230794427610466	-0.0176382041465136	0.228455383771506	0.112896966860206	0.0511044153983098	-0.986791512380393	0.553996380938892	1.54078789331929	0.00617283950617284	0.037037037037037	85	0.0288262480069948	-0.00792992285073624	0.0117647058823529	0.0352941176470588	59	0.0147064456874227	-0.0168818810968304	0	0.0169491525423729	11	-0.0417973077025288	-0.0616464369299078	0	0.0909090909090909	4	0.094128864003293	0.102233945511813	0	0	3	-0.184693775170209	-0.306046540175965	0	0.333333333333333	-0.472817800889054	-0.618835731918913	2.31011768466363	0.165290332445779	0.104938271604938	FALSE	C_weak_or_non_dependent	FALSE	0.144439289138061	0.289557425044409
NOL3	glycolysis	Tier 2	ENSG00000140939	162	0.110645788185075	0.101474103419847	0.224678211930319	0.11284542185217	0.0648489584410296	-1.36963977807153	0.832993977056854	2.20263375512838	0	0.0246913580246914	85	0.0958863002781672	0.0703954704187676	0	0.0352941176470588	59	0.149807910288979	0.171242441652258	0	0	11	0.109065647593155	0.0761862800043848	0	0	4	0.182740708694502	0.154906293477062	0	0	3	-0.158781337336053	-0.368596181006602	0	0.333333333333333	-0.472817800889054	-1.68917696594508	8.15715996703495	0.271095462383622	0.104938271604938	FALSE	C_weak_or_non_dependent	FALSE	0.144439289138061	0.289557425044409
NNMT	NAD	Tier 1	ENSG00000166741	162	-0.0101234924254738	-0.0199138873557747	0.227956425816382	0.112825506757169	0.038856457065542	-0.695092586206635	0.61465885286171	1.30975143906835	0.00617283950617284	0.0308641975308642	85	-0.0152623680978023	-0.0201649005745353	0	0.0352941176470588	59	-0.0259683824602196	-0.0237354581092735	0	0.0169491525423729	11	0.0101745388885276	-0.0153510678017996	0.0909090909090909	0	4	-0.0256624885584261	-0.0173051745646383	0	0	3	0.183467566407458	0.042147089908496	0	0.333333333333333	-0.472817800889054	-0.224099784757397	1.13766442985162	0.145977807536082	0.104938271604938	FALSE	C_weak_or_non_dependent	FALSE	0.144439289138061	0.289557425044409
BAX	OXPHOS	Tier 2	ENSG00000087088	162	0.0962869411701013	0.110180942718837	0.229051145594303	0.112768588926932	0.0502356811291477	-0.712415670556492	0.999061800073085	1.71147747062958	0	0.00617283950617284	85	0.0928695411896135	0.110456710966771	0	0.0117647058823529	59	0.0866086210610768	0.100047491484757	0	0	11	0.169663946982589	0.144134872888844	0	0	4	0.0142991132835373	-0.0021435336153819	0	0	3	0.397626786700815	0.326926941119857	0	0	-0.472817800889054	0.335970627893389	2.31984430816268	0.132855905626875	0.104938271604938	FALSE	C_weak_or_non_dependent	FALSE	0.144439289138061	0.289557425044409
SARDH	serine/glycine/one-carbon	Tier 1	ENSG00000123453	162	-0.0259912484814314	-0.0327342188231725	0.22248714298418	0.112737968604385	0.0381176707519306	-0.640269231378238	0.544091530316515	1.18436076169475	0.00617283950617284	0.0246913580246914	85	-0.0238507597981262	-0.0435066922705923	0	0.0352941176470588	59	-0.0263698586660049	-0.0256239836395715	0.0169491525423729	0.0169491525423729	11	-0.0400941226929809	0.013879211427014	0	0	4	-0.0511343187313147	-0.0676618367229685	0	0	3	-0.109059627460927	0.00830548319194686	0	0	-0.472817800889054	-0.18184714478331	0.705996489896263	0.152759342522583	0.104938271604938	FALSE	C_weak_or_non_dependent	FALSE	0.144439289138061	0.289557425044409
LRRC7	glutamine/glutamate	Tier 1	ENSG00000033122	162	0.0672134844638987	0.0477079066060402	0.22144818929319	0.112657886178425	0.0435215669867907	-0.601149876957761	0.78549170855235	1.38664158551011	0	0.0246913580246914	85	0.051529853100954	0.0250967567306082	0	0.0235294117647059	59	0.0830934401180629	0.0567970432185298	0	0.0338983050847458	11	0.107772889485797	0.0807312876904135	0	0	4	0.196833294602875	0.160277426640573	0	0	3	0.130842368545698	0.238425709008908	0	0	-0.472817800889054	-0.321354413946861	1.19774642893654	0.152081260823157	0.104938271604938	FALSE	C_weak_or_non_dependent	FALSE	0.144439289138061	0.289557425044409
ACSL1	fatty-acid oxidation	Tier 1	ENSG00000151726	162	-0.0500531828729765	-0.0569657594063185	0.225254013044044	0.112629163472679	0.0520470624118662	-0.749194613700038	0.68705639850656	1.4362510122066	0.00617283950617284	0.0432098765432099	85	-0.0395821530560502	-0.0498494648866468	0.00588235294117647	0.0470588235294118	59	-0.0648300104790543	-0.0497695574486021	0.00847457627118644	0	11	-0.0697162514486466	-0.0960317157998762	0	0.181818181818182	4	-0.0419960046157962	-0.0553289222057218	0	0	3	-0.0506421699226805	-0.259060018789856	0	0.333333333333333	-0.472817800889054	-0.0412860100438079	1.06974040343621	0.140561265934123	0.104938271604938	FALSE	C_weak_or_non_dependent	FALSE	0.144439289138061	0.289557425044409
OXA1L	OXPHOS	Tier 1;Tier 2	ENSG00000155463	162	-0.0888005718393558	-0.0862438143785265	0.224206154627705	0.112604963149206	0.0418274491622043	-0.77305787011665	0.537028294611356	1.31008616472801	0.0339506172839506	0.037037037037037	85	-0.0832693454158313	-0.0727687490816643	0.0294117647058824	0.0352941176470588	59	-0.106020516060774	-0.0983539338967357	0.0338983050847458	0.0338983050847458	11	-0.0214933616049415	-0.0396621236403788	0	0	4	-0.202792783826387	-0.164754843179414	0.25	0	3	-0.175732575521266	-0.295989808236869	0	0.333333333333333	-0.472817800889054	-0.246590372931298	1.36832484312801	0.142868708785907	0.104938271604938	TRUE	C_weak_or_non_dependent	FALSE	0.144439289138061	0.289557425044409
DHCR24	cholesterol/isoprenoid	Tier 1	ENSG00000116133	162	-0.130050398751986	-0.135834835314844	0.220322103029184	0.112561006942227	0.0530122598916465	-0.867476827837027	0.644730887968704	1.51220771580573	0.0617283950617284	0.0617283950617284	85	-0.128187797278911	-0.130258583505475	0.0470588235294118	0.0588235294117647	59	-0.14303760460594	-0.159038306693624	0.101694915254237	0.0847457627118644	11	-0.0765912933756329	-0.0617510204602247	0	0	4	-0.130568482256212	-0.0644125838720882	0	0	3	-0.118782062253163	-0.204364022521601	0	0	-0.472817800889054	0.0142615709792523	1.58913831896998	0.130816335921929	0.104938271604938	FALSE	C_weak_or_non_dependent	FALSE	0.144439289138061	0.289557425044409
SLC27A5	cholesterol/isoprenoid	Tier 1	ENSG00000083807	162	3.53958546768611e-05	0.0171160402186172	0.222429100448065	0.112548116232081	0.0426050980119681	-0.637854738379194	0.651235552508817	1.28909029088801	0.00308641975308642	0.00617283950617284	85	-0.0248041340274013	0.00105485969545557	0.00588235294117647	0	59	0.0455138919163221	0.0484963911512591	0	0	11	-0.0150546618878918	-0.0571733253737454	0	0.0909090909090909	4	-0.0747830157468716	-0.0806886607501828	0	0	3	0.350856220913182	0.257836528496633	0	0	-0.472817800889054	0.201373915172527	0.780534649237127	0.152188451163625	0.104938271604938	FALSE	C_weak_or_non_dependent	FALSE	0.144439289138061	0.289557425044409
DLG3	glutamine/glutamate	Tier 1	ENSG00000082458	162	-0.0995944964069954	-0.0984863248726499	0.226802887658869	0.11251901358257	0.04306469823515	-0.710007390964718	0.568719504408434	1.27872689537315	0.00308641975308642	0.0246913580246914	85	-0.112524797954461	-0.100563047301626	0.00588235294117647	0.0352941176470588	59	-0.0918448698055125	-0.0852484711888952	0	0	11	-0.0700075552234427	-0.072649356334046	0	0	4	-0.0418229748684469	-0.0918708677281929	0	0	3	-0.365243453754861	-0.403546472666312	0	0.333333333333333	-0.472817800889054	0.27323991124305	0.899095998893409	0.154498018192539	0.104938271604938	FALSE	C_weak_or_non_dependent	FALSE	0.144439289138061	0.289557425044409
ARSA	sphingolipid	Tier 1	ENSG00000100299	162	0.148480693230992	0.133856214194185	0.220422528819271	0.112487100438758	0.0333093608342471	-0.348139980280086	0.662850059903906	1.01099004018399	0	0	85	0.147829784037417	0.121896470484923	0	0	59	0.164048547250458	0.150983634488942	0	0	11	0.181195006581179	0.12567977094694	0	0	4	0.137775036234094	0.14055192043167	0	0	3	0.097107886737379	0.156929037082947	0	0	-0.472817800889054	0.0684335910829854	0.384453769756052	0.155978231209538	0.104938271604938	FALSE	C_weak_or_non_dependent	FALSE	0.144439289138061	0.289557425044409
ALDH4A1	arginine;glutamine/glutamate;serine/glycine/one-carbon	Tier 1	ENSG00000159423	162	0.0251285038103048	0.053080933189412	0.233895084117611	0.112451401522582	0.0444705432983505	-0.643991381414096	0.885223789137654	1.52921517055175	0.00308641975308642	0.00617283950617284	85	0.0261923493932728	0.0358400625561338	0.00588235294117647	0.0117647058823529	59	0.0311323546402508	0.0628326232527284	0	0	11	0.0679870176178081	0.0664032696008761	0	0	4	-0.0318103861899808	-0.0478046691226729	0	0	3	0.473152089254797	0.435454599461151	0	0	-0.472817800889054	0.848759194236369	2.62210167442752	0.198228734006039	0.104938271604938	FALSE	C_weak_or_non_dependent	FALSE	0.144439289138061	0.289557425044409
SMARCC2	arginine	Tier 2	ENSG00000139613	162	0.103457398074553	0.10452475295145	0.22421239420571	0.112398866785625	0.0395432982516931	-0.532228019904246	0.688567071629028	1.22079509153327	0	0.0123456790123457	85	0.0990003115596028	0.0878791214834016	0	0.0235294117647059	59	0.132084732396437	0.12585637917785	0	0	11	0.117458405321362	0.0891866930857283	0	0	4	0.0837722936263851	0.103043139107048	0	0	3	0.199686645842917	0.21484403339378	0	0	-0.472817800889054	-0.391086285202427	0.986560764781771	0.163694767112825	0.104938271604938	FALSE	C_weak_or_non_dependent	FALSE	0.144439289138061	0.289557425044409
NEU1	sphingolipid	Tier 1	ENSG00000204386	162	0.0418289391722507	0.0370869373600636	0.223958832971834	0.112362656882514	0.0557518079151185	-0.666518948693753	1.00497207818508	1.67149102687883	0.00617283950617284	0.0308641975308642	85	0.0415197245084211	0.0296536058296869	0.0117647058823529	0.0352941176470588	59	0.0403479816437577	0.0448631933872763	0	0.0169491525423729	11	0.0804018778875856	0.0168929786124061	0	0	4	0.0898098329098646	0.0710355223220079	0	0	3	0.0321809634417986	0.123544697644374	0	0.333333333333333	-0.472817800889054	0.0267762265240862	2.16039372860537	0.12178446015897	0.104938271604938	FALSE	C_weak_or_non_dependent	FALSE	0.144439289138061	0.289557425044409
SIRT3	OXPHOS;TCA	Tier 1;Tier 2	ENSG00000142082	162	0.0664173308966186	0.0808675942974702	0.224017044083219	0.112350479106678	0.0450523370954889	-0.417275055336796	1.466620393186	1.88389544852279	0	0	85	0.080935748765966	0.103094485409559	0	0	59	0.0527604882434381	0.0700981651784302	0	0	11	0.10754610803208	0.0292055134548543	0	0	4	0.0171397307630426	0.0111660047083886	0	0	3	0.00224462469609039	-0.0547324653288904	0	0	-0.472817800889054	1.97369421652848	10.818072108271	0.290105403154964	0.104938271604938	FALSE	C_weak_or_non_dependent	FALSE	0.144439289138061	0.289557425044409
IDO1	NAD;tryptophan	Tier 1	ENSG00000131203	162	-0.0143223458149247	-0.0172263447278016	0.219757442221346	0.112313807829746	0.0533407402112142	-1.32207450926518	0.765573521361401	2.08764803062658	0.0123456790123457	0.0123456790123457	85	-0.0402553166342317	-0.055259853580578	0.0117647058823529	0.0235294117647059	59	0.0106279100928689	0.0144444139293061	0.0169491525423729	0	11	0.0159130956056674	0.0707218605559428	0	0	4	0.0572855129136459	0.0581980912504101	0	0	3	-0.150062470922223	0.0144888184997318	0	0	-0.472817800889054	-0.731907415357246	5.84743156821032	0.129004426463438	0.104938271604938	FALSE	C_weak_or_non_dependent	FALSE	0.144439289138061	0.289557425044409
TAS2R1	glutamine/glutamate	Tier 1	ENSG00000169777	162	-0.088374090066511	-0.0813902660525095	0.219370392489826	0.112178525938197	0.0438424841194323	-0.845652758950471	0.66440714320176	1.51005990215223	0.00925925925925926	0.0246913580246914	85	-0.0922934508526249	-0.102551191125296	0.0176470588235294	0.0470588235294118	59	-0.0664738994228964	-0.0591333870255973	0	0	11	-0.0666239109947406	-0.0444669689030697	0	0	4	-0.0927940258003081	-0.0939025979640762	0	0	3	0.06271777591626	-0.038251656852011	0	0	-0.472817800889054	-0.106596682082625	2.47002510630664	0.118610634961834	0.104938271604938	FALSE	C_weak_or_non_dependent	FALSE	0.144439289138061	0.289557425044409
NEU2	sphingolipid	Tier 1	ENSG00000115488	162	0.0708157556888318	0.0628262676468067	0.220620047863865	0.112141165116006	0.0459373036488937	-0.716145507013777	0.832739671210325	1.5488851782241	0	0.0246913580246914	85	0.0584213408496263	0.0473220110221959	0	0.0352941176470588	59	0.112278567378851	0.0852386850356204	0	0.0169491525423729	11	0.0678868800614585	0.0783685555236306	0	0	4	0.0428168522741248	0.0182725249225012	0	0	3	-0.202617705560264	0.063752598114831	0	0	-0.472817800889054	-0.377403225410235	2.09322595997779	0.140176752352008	0.104938271604938	FALSE	C_weak_or_non_dependent	FALSE	0.144439289138061	0.289557425044409
CDK5	iron	Tier 1	ENSG00000164885	162	-0.144206650479019	-0.13460701924876	0.218885049420199	0.11208546523797	0.0444565943677612	-0.822207124175512	0.678639112859254	1.50084623703477	0.0185185185185185	0.0432098765432099	85	-0.137595127784025	-0.146683343641989	0.0117647058823529	0.0588235294117647	59	-0.166800959626827	-0.145239730634501	0.0338983050847458	0.0338983050847458	11	-0.179451025813387	-0.110472332107695	0	0	4	-0.0520440437706134	-0.0508608334425659	0	0	3	0.262840285951119	0.21651006188683	0	0	-0.472817800889054	0.0612908872228056	2.21557058473334	0.121339592284227	0.104938271604938	FALSE	C_weak_or_non_dependent	FALSE	0.144439289138061	0.289557425044409
B4GALT7	glycolysis	Tier 2	ENSG00000027847	162	-0.0810960670527443	-0.0736517878016227	0.220595601904435	0.11205828600615	0.0567925641292379	-1.04647845947723	0.720603789376643	1.76708224885387	0.0277777777777778	0.0679012345679012	85	-0.073840923336703	-0.0394323393460128	0.00588235294117647	0.0352941176470588	59	-0.0949125508831129	-0.11246035274081	0.0508474576271187	0.0847457627118644	11	0.0630993671302124	0.00284802615583849	0.0909090909090909	0.0909090909090909	4	-0.141010782763107	-0.130339110694998	0	0	3	-0.499911741397509	-0.484883937559403	0	0.666666666666667	-0.472817800889054	-0.163415683678823	1.98378255348514	0.127691579227524	0.104938271604938	FALSE	C_weak_or_non_dependent	FALSE	0.144439289138061	0.289557425044409
LDHB	OXPHOS;glycolysis;methionine	Tier 1;Tier 2	ENSG00000111716	162	-0.0427435785342508	-0.0548912400289273	0.222270705897423	0.112025442118841	0.0516110146850328	-1.04723768557644	0.556689434063881	1.60392711964032	0.0308641975308642	0.0308641975308642	85	-0.0435091645560372	-0.0723920347471491	0.0470588235294118	0.0470588235294118	59	-0.0573854041353218	-0.0498458985451233	0	0	11	0.0549845247218624	0.063224115690704	0	0	4	-0.0633693950430885	-0.129050330326363	0.25	0.25	3	-0.0739204201555124	0.0075287105638116	0	0	-0.472817800889054	-0.545086284825342	2.4601586586432	0.152299786256325	0.104938271604938	FALSE	C_weak_or_non_dependent	FALSE	0.144439289138061	0.289557425044409
NT5C2	NAD	Tier 1	ENSG00000076685	162	0.0594207549760948	0.0513429105965911	0.239511945070911	0.111995811363039	0.0471546570455772	-0.793250086796637	0.736019575432363	1.529269662229	0	0.0123456790123457	85	0.0763696992033917	0.0631110350178646	0	0.0117647058823529	59	0.0285048600882103	0.0332033003429831	0	0	11	-0.0110748461297044	0.00306256117772485	0	0.0909090909090909	4	0.135391830112435	0.0842944272486786	0	0	3	0.248830861653989	0.207750979314525	0	0	-0.472817800889054	-0.0565584601112165	1.46625020073244	0.1333514032618	0.104938271604938	FALSE	C_weak_or_non_dependent	FALSE	0.144439289138061	0.289557425044409
DLG2	glutamine/glutamate	Tier 1	ENSG00000150672	162	-0.143247415637363	-0.154260985687252	0.237842255926034	0.111975551367642	0.04775354608191	-0.808152098765378	0.588810087695238	1.39696218646062	0.0432098765432099	0.0864197530864198	85	-0.142153282892093	-0.143032800123171	0.0470588235294118	0.0823529411764706	59	-0.164471821724242	-0.178011029972014	0.0508474576271187	0.0847457627118644	11	-0.138937601264141	-0.17100103350028	0	0.181818181818182	4	-0.114998116905378	-0.138673106056865	0	0	3	0.12784983398788	0.0352876300713207	0	0	-0.472817800889054	-0.0867505781308862	1.03632617032036	0.142044108751877	0.104938271604938	FALSE	C_weak_or_non_dependent	FALSE	0.144439289138061	0.289557425044409
ATP6V1G3	OXPHOS;iron	Tier 1	ENSG00000151418	162	0.124855386113631	0.11598313970619	0.220551912325568	0.111891367756795	0.0494220866850027	-0.758243684032291	0.999077365246123	1.75732104927841	0	0.0123456790123457	85	0.126695798781952	0.138665640877465	0	0.0117647058823529	59	0.115743857943973	0.0857082785031855	0	0.0169491525423729	11	0.150977845435656	0.0762396113865762	0	0	4	0.0849427160496416	0.0877577541322253	0	0	3	0.344780733256559	0.252077994783021	0	0	-0.472817800889054	0.107002676206594	3.19783588757933	0.109292050251982	0.104938271604938	FALSE	C_weak_or_non_dependent	FALSE	0.144439289138061	0.289557425044409
DNMT3B	methionine	Tier 1	ENSG00000088305	162	-0.0999485855328128	-0.102859421744082	0.224457306244511	0.111881778678519	0.0464425804130236	-0.816443423873695	0.694091938820693	1.51053536269439	0.0154320987654321	0.0679012345679012	85	-0.119099592647789	-0.128731521862739	0.0176470588235294	0.0823529411764706	59	-0.0611378996139521	-0.0719148761654401	0.0169491525423729	0.0508474576271187	11	-0.0609137598005025	-0.0555865866605492	0	0	4	-0.117525425416281	-0.114388754930735	0	0	3	-0.065310426110816	-0.136353932486172	0	0.333333333333333	-0.472817800889054	-0.100150715473659	1.95554614492287	0.126060459484984	0.104938271604938	FALSE	C_weak_or_non_dependent	FALSE	0.144439289138061	0.289557425044409
ARSB	sphingolipid	Tier 1	ENSG00000113273	162	-0.0145074262420406	-0.0180179826974632	0.215976736992222	0.111831203119688	0.0435014448317908	-0.538868856377422	0.593199500065871	1.13206835644329	0	0.0246913580246914	85	0.0124527560729405	0.00176979402214084	0	0.0235294117647059	59	-0.0340957026407765	-0.0392941357483755	0	0.0338983050847458	11	-0.0593385090313244	-0.0689634578207456	0	0	4	-0.04752563792418	-0.0400408888536657	0	0	3	0.0931974780236991	0.0559233039086694	0	0	-0.472817800889054	0.0821531094407914	0.375215896834887	0.156523461014537	0.104938271604938	FALSE	C_weak_or_non_dependent	FALSE	0.144439289138061	0.289557425044409
ELF3	glycolysis	Tier 2	ENSG00000163435	162	-0.083168596379421	-0.0727659690126999	0.225572637510691	0.111829232166528	0.0425694970245066	-0.615988962807569	0.505707341406236	1.1216963042138	0.0123456790123457	0.0493827160493827	85	-0.09530579428913	-0.0880391032192839	0.0117647058823529	0.0705882352941176	59	-0.0759723836886828	-0.0677436929408858	0.0169491525423729	0.0338983050847458	11	-0.0818518450322777	-0.083103613197196	0	0	4	0.1922949235529	0.138393235202297	0	0	3	-0.22495404962709	0.017560493817994	0	0	-0.472817800889054	-0.0944017834965877	0.493719280270947	0.154021950591823	0.104938271604938	FALSE	C_weak_or_non_dependent	FALSE	0.144439289138061	0.289557425044409
STARD4	cholesterol/isoprenoid	Tier 2	ENSG00000164211	162	0.0968029297088715	0.0925644848380898	0.215486210940331	0.111692766847742	0.0606330550162877	-0.672819901742954	1.24596236445477	1.91878226619772	0.00308641975308642	0.0123456790123457	85	0.0870176262847659	0.0932082557461149	0.00588235294117647	0.0235294117647059	59	0.100485593014512	0.0837158804009219	0	0	11	0.158706538547961	0.222214027495796	0	0	4	0.113294126236446	0.119613354304897	0	0	3	-0.213883935369543	-0.263099952658982	0	0	-0.472817800889054	0.476250768542827	3.06243258553555	0.134531641463441	0.104938271604938	FALSE	C_weak_or_non_dependent	FALSE	0.144439289138061	0.289557425044409
CKM	arginine	Tier 1	ENSG00000104879	162	0.0622882925875912	0.0479047658858933	0.230699303865356	0.111629855843236	0.0414887051916792	-0.739459687716341	0.672616137982614	1.41207582569896	0	0.0185185185185185	85	0.0286962817629505	0.0362707601398299	0	0.0352941176470588	59	0.0696568458201811	0.0624596386273985	0	0	11	0.0534322305450963	0.0523009061857794	0	0	4	0.0330522643475439	0.0101100282328996	0	0	3	0.22412743415845	0.125562900545831	0	0	-0.472817800889054	-0.368376277943784	1.58204743116262	0.148675927093948	0.104938271604938	FALSE	C_weak_or_non_dependent	FALSE	0.144439289138061	0.289557425044409
HELZ2	cholesterol/isoprenoid	Tier 2	ENSG00000130589	162	0.0378660474062204	0.0127702568934288	0.219367069890697	0.111593541962756	0.0581044677290193	-1.19585140323843	0.786918326216281	1.98276972945471	0.0123456790123457	0.0308641975308642	85	0.016800313073505	0.00675797128593469	0	0.0235294117647059	59	0.0579122804475601	0.0124870429864975	0.0338983050847458	0.0508474576271187	11	0.0118089114096212	0.0772636118340905	0	0	4	-0.0165188986248254	-0.0123085016128535	0	0	3	-0.0317506959120951	-0.0143490674986397	0	0	-0.472817800889054	-0.585681256433189	3.9786619759221	0.133828718239441	0.104938271604938	FALSE	C_weak_or_non_dependent	FALSE	0.144439289138061	0.289557425044409
NUDT12	NAD	Tier 1	ENSG00000112874	162	-0.0837245088864351	-0.0687026559904952	0.219407781244152	0.111408127411948	0.0541297251417416	-1.1332501916311	0.869167099477955	2.00241729110905	0.0185185185185185	0.037037037037037	85	-0.0679876732941441	-0.0352983380719054	0	0.0235294117647059	59	-0.117949529057668	-0.120343914503784	0.0338983050847458	0.0508474576271187	11	-0.0389151731978306	-0.0328623874151616	0.0909090909090909	0	4	-0.0734072654698682	-0.0992793150078245	0	0	3	0.0178573293320338	-0.0901923523423141	0	0.333333333333333	-0.472817800889054	0.145219489490964	4.52340492462307	0.0965100642494899	0.104938271604938	FALSE	C_weak_or_non_dependent	FALSE	0.144439289138061	0.289557425044409
MLYCD	fatty-acid oxidation	Tier 1	ENSG00000103150	162	0.119593251232001	0.133279755579299	0.223651382355899	0.111401526074989	0.0522976586203736	-0.482977338945522	0.938648440554839	1.42162577950036	0	0.00617283950617284	85	0.154768384230503	0.158036612368131	0	0	59	0.124183714435573	0.124444368890791	0	0.0169491525423729	11	0.0685840808166913	0.0505521207650182	0	0	4	0.0958282511769222	0.0963568273660302	0	0	3	-0.026558757874052	-0.0418366832935654	0	0	-0.472817800889054	0.685324112905451	1.67753900897607	0.190020636152404	0.104938271604938	FALSE	C_weak_or_non_dependent	FALSE	0.144439289138061	0.289557425044409
GLO1	OXPHOS	Tier 1	ENSG00000124767	162	-0.0237180376914829	-0.0326668767007446	0.206912775568125	0.111379281997929	0.0412228739017488	-0.803787269023981	0.6133868904723	1.41717415949628	0.00617283950617284	0.0123456790123457	85	-0.0212577667104694	-0.0327703122702458	0.0117647058823529	0.0117647058823529	59	-0.0378648649004025	-0.0358503797371242	0	0	11	-0.0276938275835157	-0.0573793877306044	0	0.0909090909090909	4	0.07521622409731	0.0734311277879226	0	0	3	-0.0730823946235155	-0.0179787747248167	0	0	-0.472817800889054	0.113065800794224	1.66317472317333	0.131191381339862	0.104938271604938	FALSE	C_weak_or_non_dependent	FALSE	0.144439289138061	0.289557425044409
CTSA	sphingolipid	Tier 1	ENSG00000064601	162	-0.0162493270367422	0.00255179459837216	0.222778067018466	0.111332752998387	0.049898181029844	-0.721008237477643	1.21525199799847	1.93626023547611	0	0.00617283950617284	85	-0.0193854229626179	0.017886278430431	0	0.0117647058823529	59	-0.00998855289685851	-0.00951375782400863	0	0	11	-0.0749352418724171	-0.04772449549707	0	0	4	0.0655326300964117	0.0626911612514678	0	0	3	-0.165778380329178	-0.0904754748573111	0	0	-0.472817800889054	1.06936451556138	5.43838407691333	0.186474183804269	0.104938271604938	FALSE	C_weak_or_non_dependent	FALSE	0.144439289138061	0.289557425044409
DEPDC1	glycolysis	Tier 2	ENSG00000024526	162	-0.00391977639317657	0.0278827946650508	0.256552722490699	0.111281166826973	0.0487958258836761	-0.566888300214751	0.812031223391439	1.37891952360619	0	0.0123456790123457	85	0.0239609391245803	0.0469655075333056	0	0.0117647058823529	59	-0.0130276356820005	0.00923846921398943	0	0	11	-0.0539281186456248	-0.029695966507385	0	0	4	0.0539835979048524	0.12751209652685	0	0	3	-0.0138001072042741	-0.067839280914759	0	0.333333333333333	-0.472817800889054	0.450872559063933	0.857789016560625	0.174023313314602	0.104938271604938	FALSE	C_weak_or_non_dependent	FALSE	0.144439289138061	0.289557425044409
RIMKLB	glutamine/glutamate	Tier 1	ENSG00000166532	162	0.134493968167577	0.119832257165348	0.222766920736221	0.111251334084372	0.044723979999966	-0.590796013030114	0.885460174085008	1.47625618711512	0	0.0185185185185185	85	0.137656764610455	0.125334424428234	0	0.0235294117647059	59	0.122677292917356	0.10169006424113	0	0	11	0.18083155105667	0.128099598960424	0	0.0909090909090909	4	0.0980906913929908	0.136517860220404	0	0	3	0.248192385418348	0.268172921571181	0	0	-0.472817800889054	-0.435556267136889	1.47067997805874	0.158050455259782	0.104938271604938	FALSE	C_weak_or_non_dependent	FALSE	0.144439289138061	0.289557425044409
PNRC1	cholesterol/isoprenoid	Tier 2	ENSG00000146278	162	-0.138948894263219	-0.132747955193419	0.221608618082043	0.111243280572668	0.044557221323657	-0.966051393459997	0.46343483210697	1.42948622556697	0.0216049382716049	0.0308641975308642	85	-0.129687494276101	-0.120325240467845	0.00588235294117647	0.0352941176470588	59	-0.138115811187833	-0.121276436075135	0	0	11	-0.281898536939337	-0.209490577015793	0.181818181818182	0.0909090909090909	4	-0.196539921265363	-0.203318086615976	0.25	0	3	-0.214646577951523	-0.33484829316546	0	0.333333333333333	-0.472817800889054	-0.141619461236844	1.78172844165105	0.13013491871643	0.104938271604938	FALSE	C_weak_or_non_dependent	FALSE	0.144439289138061	0.289557425044409
SDHA	OXPHOS;TCA	Tier 1;Tier 2	ENSG00000073578	162	0.0577372115510239	0.077996570585733	0.260466741527866	0.111234047660979	0.0401586740711021	-0.838081690248305	0.516723490764171	1.35480518101248	0.00308641975308642	0.00617283950617284	85	0.0574601043387865	0.0661319713929856	0.00588235294117647	0.0117647058823529	59	0.0685858848532866	0.091756785558515	0	0	11	0.0317342643957312	0.0725838812114313	0	0	4	0.110140464172917	0.070092489012565	0	0	3	0.0039419950625469	0.173927956385525	0	0	-0.472817800889054	-0.342376298596906	1.71044753034865	0.143838958181443	0.104938271604938	FALSE	C_weak_or_non_dependent	FALSE	0.144439289138061	0.289557425044409
SREBF1	cholesterol/isoprenoid;fatty-acid synthesis	Tier 1;Tier 2	ENSG00000072310	162	-0.0019968536765006	0.0116164964843179	0.22808069062273	0.111140256452746	0.046040200356755	-0.886956587042038	0.549570179386881	1.43652676642892	0.0123456790123457	0.0246913580246914	85	0.0200340201126562	0.0313561288446819	0	0.0117647058823529	59	-0.021854984890163	0.00153078080754934	0.0169491525423729	0.0338983050847458	11	-0.0972777702627261	-0.0645682442511875	0.0909090909090909	0.0909090909090909	4	-0.087059748922279	-0.102499004282447	0	0	3	-9.12255313164564e-05	0.0821773716363252	0	0	-0.472817800889054	-0.514520095174425	1.93010040184428	0.158352209741222	0.104938271604938	FALSE	C_weak_or_non_dependent	FALSE	0.144439289138061	0.289557425044409
ATP5MK	OXPHOS	Tier 1	ENSG00000173915	162	-0.0136269501469278	-0.0293302274689502	0.229025539873367	0.111097775045652	0.0435954523308743	-0.915133853056565	0.535510587182784	1.45064444023935	0.0123456790123457	0.0246913580246914	85	-0.0211924206520054	-0.0310264845309098	0.0117647058823529	0.0235294117647059	59	0.00565496697871873	-0.0332680862178996	0.0169491525423729	0.0169491525423729	11	0.0220519331470908	-0.00633130786069568	0	0.0909090909090909	4	0.00389825709056153	0.010736196047257	0	0	3	-0.0114357571127842	-0.0415763252359663	0	0	-0.472817800889054	-0.572860293208328	1.7184873908848	0.17082099019229	0.104938271604938	FALSE	C_weak_or_non_dependent	FALSE	0.144439289138061	0.289557425044409
GPC4	glycolysis	Tier 2	ENSG00000076716	162	-0.0188461885572524	-0.0208737459976575	0.217227405250633	0.111092280844738	0.0417157796014243	-0.467371094261269	0.83436413465671	1.30173522891798	0.00617283950617284	0	85	-0.0526287781066084	-0.019307592697892	0	0	59	0.000669937931417348	-0.0178293137018093	0.0169491525423729	0	11	-0.0349556572019874	-0.0131170729712845	0	0	4	-0.0700107586134678	-0.0494629057075604	0	0	3	-0.0978343210151283	-0.115444179459525	0	0	-0.472817800889054	0.416193431900929	1.5468874415405	0.154297380521443	0.104938271604938	FALSE	C_weak_or_non_dependent	FALSE	0.144439289138061	0.289557425044409
ARSI	sphingolipid	Tier 1	ENSG00000183876	162	0.0679752073022073	0.0777370336150112	0.210887593980465	0.111089379789802	0.0349861700248066	-0.334155413936077	0.927552012470471	1.26170742640655	0	0	85	0.0736982093715771	0.0820143264769969	0	0	59	0.0369792729220366	0.0495658093804042	0	0	11	0.115775319382375	0.10224917131038	0	0	4	0.188831338141186	0.166965341871272	0	0	3	0.0256298036639692	0.301732229914657	0	0	-0.472817800889054	0.836257156026781	2.37684673256749	0.201495493274706	0.104938271604938	FALSE	C_weak_or_non_dependent	FALSE	0.144439289138061	0.289557425044409
ASMT	tryptophan	Tier 1	ENSG00000196433	162	-0.256969067621367	-0.273334354063907	0.213027127464026	0.111055059887624	0.0560667864388364	-1.24466861306877	0.544102650953574	1.78877126402235	0.114197530864198	0.160493827160494	85	-0.256088648203622	-0.250307705302545	0.1	0.164705882352941	59	-0.282644763353736	-0.32859976457145	0.169491525423729	0.169491525423729	11	-0.184228838870957	-0.194106576062947	0	0.0909090909090909	4	-0.225895101206487	-0.220465019293782	0	0	3	-0.362097777623436	-0.199863961351203	0	0.333333333333333	-0.472817800889054	-0.304740254812168	2.75570754610331	0.124014229517953	0.104938271604938	FALSE	C_weak_or_non_dependent	FALSE	0.144439289138061	0.289557425044409
MTHFS	folate;serine/glycine/one-carbon	Tier 1	ENSG00000136371	162	-0.018585699601185	-0.0216988851318827	0.210174683206846	0.111023724397722	0.0542544380167207	-0.883796132615472	0.626157963317645	1.50995409593312	0.0185185185185185	0.037037037037037	85	-0.019520593410751	-0.0313177065638977	0.0235294117647059	0.0352941176470588	59	-0.0300345225949488	-0.0207675873262804	0.0169491525423729	0.0338983050847458	11	0.0982111445127234	0.0537710442430021	0	0	4	0.013336850903479	-0.00796663971479189	0	0	3	-0.117436778966985	-0.0625138696656655	0	0.333333333333333	-0.472817800889054	-0.570002274568358	2.06230517678655	0.163184900533965	0.104938271604938	FALSE	C_weak_or_non_dependent	FALSE	0.144439289138061	0.289557425044409
CPT1C	fatty-acid oxidation	Tier 1	ENSG00000169169	162	-0.156015012226982	-0.144017163051201	0.222078441927608	0.110937739138194	0.0454901427328885	-0.735994093615879	0.893650095347692	1.62964418896357	0.0432098765432099	0.0432098765432099	85	-0.149429551742353	-0.116135976728886	0	0.0235294117647059	59	-0.166177334948586	-0.186924855130633	0.11864406779661	0.0847457627118644	11	-0.214874693748767	-0.189099679156688	0	0	4	-0.102631420558755	-0.085762734232822	0	0	3	-0.053329456526681	-0.00250284399235446	0	0	-0.472817800889054	1.08951206567414	3.90486504653475	0.219547005643912	0.104938271604938	FALSE	C_weak_or_non_dependent	FALSE	0.144439289138061	0.289557425044409
ACOT13	fatty-acid oxidation	Tier 1	ENSG00000112304	162	-0.016197421586516	-0.0110296476468431	0.230421155487114	0.110934915819494	0.0413982065968593	-0.820640670926934	0.412333567212853	1.23297423813979	0	0.0308641975308642	85	-0.0134575182408584	-0.000709246128030174	0	0.0235294117647059	59	-0.0142056678050552	-0.0155053220904481	0	0.0338983050847458	11	-0.0834148638500739	-0.000983292261466292	0	0	4	-0.0683000171818596	-0.0637478087357833	0	0	3	-0.0245274925237263	-0.18196518158344	0	0.333333333333333	-0.472817800889054	-0.590973255935996	1.56817426859035	0.17695315386905	0.104938271604938	FALSE	C_weak_or_non_dependent	FALSE	0.144439289138061	0.289557425044409
GM2A	sphingolipid	Tier 1	ENSG00000196743	162	0.0482886653488858	0.0733492426104621	0.224663417122086	0.110904421939052	0.0492506975019748	-0.560927904478805	0.891611750357294	1.4525396548361	0	0.0123456790123457	85	0.0939824330976287	0.100267317997751	0	0.0235294117647059	59	0.0254733872682519	0.038479620004265	0	0	11	0.0506825406224412	0.0654421729841724	0	0	4	-0.00236859249975	0.00126728250116723	0	0	3	0.173644538006822	0.121541553334604	0	0	-0.472817800889054	0.546720158559411	1.98344943101882	0.161551652435469	0.104938271604938	FALSE	C_weak_or_non_dependent	FALSE	0.144439289138061	0.289557425044409
SLC36A2	amino-acid transport	Tier 1	ENSG00000186335	162	0.106077104892376	0.113170052498392	0.228600937894754	0.110858737576552	0.0510186220070914	-0.81726043374029	0.760308103911175	1.57756853765147	0.00308641975308642	0.0123456790123457	85	0.0942390306376494	0.102896497763544	0.00588235294117647	0.0235294117647059	59	0.103667409813535	0.115066275760375	0	0	11	0.131198755629164	0.142758082909853	0	0	4	0.191795112515745	0.196026956006874	0	0	3	0.153513274054447	0.147996396313417	0	0	-0.472817800889054	-0.332060548195441	2.08220436241218	0.136414091909835	0.104938271604938	FALSE	C_weak_or_non_dependent	FALSE	0.144439289138061	0.289557425044409
TMEM177	OXPHOS	Tier 1	ENSG00000144120	162	0.0216385699695107	0.00557398540668007	0.226825631142646	0.110816484393638	0.0571278199727051	-0.903822984622722	0.823036724452562	1.72685970907528	0.0123456790123457	0.037037037037037	85	0.0344642750011451	0.00435662126699285	0.0117647058823529	0.0588235294117647	59	0.0206490706842549	0.00420243351590597	0.0169491525423729	0.0169491525423729	11	0.0510197512421961	0.0366165479296631	0	0	4	0.0268318237029872	0.0348776506348264	0	0	3	-0.11196876823618	-0.085854459672091	0	0	-0.472817800889054	-0.319593023543216	2.40874218908122	0.130192475614323	0.104938271604938	FALSE	C_weak_or_non_dependent	FALSE	0.144439289138061	0.289557425044409
GNB5	glutamine/glutamate	Tier 1	ENSG00000069966	162	0.0153686677603858	0.0364000406760844	0.217343700453369	0.110797245222454	0.0437707631182255	-0.713725557530719	0.737468017558853	1.45119357508957	0	0.0123456790123457	85	0.0153939760468478	0.0512697991776385	0	0.0235294117647059	59	0.00878914788934843	0.00715481849212035	0	0	11	0.0236001357874934	0.0104065779498234	0	0	4	0.00701588796365731	0.0294170810827431	0	0	3	0.227550689642984	0.294866228870757	0	0	-0.472817800889054	0.424694181453688	1.89277861929724	0.148482936113036	0.104938271604938	FALSE	C_weak_or_non_dependent	FALSE	0.144439289138061	0.289557425044409
CXCL16	cholesterol/isoprenoid	Tier 2	ENSG00000161921	162	0.0994643049159758	0.124227199884394	0.218310382301829	0.110778748842684	0.0377719981955027	-0.337268880038043	0.954280289587884	1.29154916962593	0	0	85	0.129265776561607	0.156969464674204	0	0	59	0.0882738298930783	0.0883567820494733	0	0	11	-0.00920900940387312	0.091897949226157	0	0	4	0.203145511095776	0.201742524660942	0	0	3	-0.226408371446994	-0.0828319323619709	0	0	-0.472817800889054	0.63638033773155	1.54188214821065	0.184899747725503	0.104938271604938	FALSE	C_weak_or_non_dependent	FALSE	0.144439289138061	0.289557425044409
PPFIA4	glutamine/glutamate;glycolysis	Tier 1;Tier 2	ENSG00000143847	162	-0.124467947317874	-0.13299988865496	0.23298439059652	0.110669276997385	0.0445315380974761	-0.861074641983422	0.720344320897108	1.58141896288053	0.0185185185185185	0.0555555555555556	85	-0.122982775234646	-0.147753988160562	0.0235294117647059	0.0823529411764706	59	-0.140616454969088	-0.124132955422711	0.0169491525423729	0.0338983050847458	11	-0.0624423697669793	-0.134171580572395	0	0	4	-0.156958480707564	-0.16045535300528	0	0	3	0.23352356999069	0.151553399933863	0	0	-0.472817800889054	-0.0413094993857916	1.8634878080323	0.126474744634249	0.104938271604938	FALSE	C_weak_or_non_dependent	FALSE	0.144439289138061	0.289557425044409
GSTM2	cholesterol/isoprenoid	Tier 2	ENSG00000213366	162	0.0465135413101602	0.0595330851731746	0.2230362416395	0.110597471973094	0.052813081492003	-0.73176943933562	0.994117923031688	1.72588736236731	0	0.0246913580246914	85	0.0369759962736325	0.0537544969473095	0	0.0470588235294118	59	0.0657543160540075	0.0471092740066779	0	0	11	0.139537623088995	0.121175211900746	0	0	4	0.10041269391659	0.0872228366143787	0	0	3	-0.0664138219952007	0.204653904591089	0	0	-0.472817800889054	0.0226785069861872	2.15830741860044	0.121790720454485	0.104938271604938	FALSE	C_weak_or_non_dependent	FALSE	0.144439289138061	0.289557425044409
QDPR	folate	Tier 1	ENSG00000151552	162	0.130792311555148	0.119342494552607	0.219527209788589	0.110591958361218	0.0498877381994914	-0.915477241222079	0.928716587142017	1.8441938283641	0	0.0246913580246914	85	0.0940199112242582	0.0757913369973935	0	0.0352941176470588	59	0.176291197063554	0.162534010103465	0	0.0169491525423729	11	0.145820040577812	0.153432026864513	0	0	4	0.0811988572194294	0.0738229210821877	0	0	3	0.305988984012355	0.439556632267043	0	0	-0.472817800889054	-0.933700165790641	4.56559700970071	0.176213503951877	0.104938271604938	FALSE	C_weak_or_non_dependent	FALSE	0.144439289138061	0.289557425044409
MYLIP	cholesterol/isoprenoid	Tier 2	ENSG00000007944	162	0.00651987481429002	0.00847264981326224	0.219956587536983	0.110580317145007	0.044552403289871	-0.957229399141541	0.610053457711149	1.56728285685269	0	0.0185185185185185	85	-0.0103935474024979	0.00291118206497637	0	0.0352941176470588	59	0.0115549585819369	0.0141448485694223	0	0	11	0.0867353828086985	0.0684623656146955	0	0	4	-0.00835960021411608	-0.00140352276762444	0	0	3	-0.144213269331991	-0.152299734020526	0	0	-0.472817800889054	-0.496583557558622	2.68229488362983	0.142647083682377	0.104938271604938	FALSE	C_weak_or_non_dependent	FALSE	0.144439289138061	0.289557425044409
SLC2A14	glucose transport	Tier 1	ENSG00000173262	162	-0.0785906187528378	-0.0750657307601492	0.21934172608658	0.110567246579639	0.0509540143699201	-0.995427886681299	0.610890256958824	1.60631814364012	0.0123456790123457	0.037037037037037	85	-0.0870738232289971	-0.114150246763055	0.0235294117647059	0.0588235294117647	59	-0.0772001714244861	-0.0317433982734451	0	0	11	-0.010941806209161	0.0351119750840516	0	0	4	-0.00843888751176361	-0.0170315511306764	0	0	3	-0.210367855791949	-0.301040810517694	0	0.333333333333333	-0.472817800889054	-0.322696550298646	3.10694698300887	0.120490286368521	0.104938271604938	FALSE	C_weak_or_non_dependent	FALSE	0.144439289138061	0.289557425044409
TUBB4A	iron	Tier 1	ENSG00000104833	162	0.00490053826001061	0.00428933808724162	0.21185535624706	0.110533378841145	0.0411976312970767	-0.882633738907132	0.791567773651623	1.67420151255876	0.00617283950617284	0.0185185185185185	85	-0.017668613653498	-0.0175118751856179	0.0117647058823529	0.0235294117647059	59	0.0288203435348417	0.0445290012305092	0	0	11	0.0618524909210567	0.0681585999429023	0	0	4	0.022961686022297	-0.0199753779870088	0	0	3	-0.158992590735823	-0.371223999704424	0	0.333333333333333	-0.472817800889054	-0.658169907436309	3.69126534880532	0.147023956859665	0.104938271604938	FALSE	C_weak_or_non_dependent	FALSE	0.144439289138061	0.289557425044409
ANGPTL4	glycolysis	Tier 2	ENSG00000167772	162	-0.00789017903949402	-0.0085202288769196	0.222516928924444	0.110498058653542	0.0412592418849165	-0.634467200058722	0.833802731368138	1.46826993142686	0.00617283950617284	0.0185185185185185	85	-0.0162471449726547	-0.0253495178336858	0.0117647058823529	0.0235294117647059	59	0.0107474019897191	0.0120141177139072	0	0	11	0.0386219539221193	-0.0274556893062657	0	0	4	0.0261520681087963	0.0613030829082748	0	0	3	-0.0586569333273782	0.0407997478058717	0	0.333333333333333	-0.472817800889054	0.342905204124056	2.17571795638883	0.135753680065446	0.104938271604938	FALSE	C_weak_or_non_dependent	FALSE	0.144439289138061	0.289557425044409
H4C6	arginine	Tier 2	ENSG00000274618	162	0.0935468355954198	0.0993922485745124	0.219649994856125	0.11048707943157	0.0407797954274125	-0.716278812463855	0.63671238094985	1.35299119341371	0	0.00617283950617284	85	0.0945280789762733	0.0917827653918072	0	0.0117647058823529	59	0.0849818344092274	0.0969973858027588	0	0	11	0.165390447276694	0.155951623032691	0	0	4	-0.0266121764375393	0.00137615785815531	0	0	3	0.183422073044034	0.285396987870798	0	0	-0.472817800889054	-0.27595872128168	1.10351189837701	0.150295825038296	0.104938271604938	FALSE	C_weak_or_non_dependent	FALSE	0.144439289138061	0.289557425044409
NAGA	sphingolipid	Tier 1	ENSG00000198951	162	0.021457595017531	0.0170408629154333	0.224113147886022	0.110457735066958	0.0494335043536301	-0.599794231095329	0.919314192608701	1.51910842370403	0	0.0308641975308642	85	0.0136948270409743	-0.00362575723900749	0	0.0470588235294118	59	0.0347554139804579	0.043867056776258	0	0.0169491525423729	11	-0.0217878262011355	-0.0279855303883543	0	0	4	0.0106984432054095	0.00569286476431912	0	0	3	-0.053817294633497	0.255240727677076	0	0	-0.472817800889054	0.136878161726649	1.68763683326213	0.131545514974595	0.104938271604938	FALSE	C_weak_or_non_dependent	FALSE	0.144439289138061	0.289557425044409
TAS2R38	glutamine/glutamate	Tier 1	ENSG00000257138	162	0.0415401016359422	0.045349348419117	0.219083211093769	0.11044521757615	0.0443875419444449	-0.542521272606715	0.995505619550325	1.53802689215704	0	0.0123456790123457	85	0.0498335185439485	0.0700143233923125	0	0.0117647058823529	59	0.0277215825905451	-0.000458683282087438	0	0.0169491525423729	11	-0.00994301364864623	-0.0454644033554922	0	0	4	0.0425877062213297	0.055638145582799	0	0	3	0.765054377265223	0.566665041257586	0	0	-0.472817800889054	0.709005879185146	3.06066979748253	0.164815708247802	0.104938271604938	FALSE	C_weak_or_non_dependent	FALSE	0.144439289138061	0.289557425044409
MECR	fatty-acid oxidation	Tier 1	ENSG00000116353	162	-0.0815823666567596	-0.0866485666317445	0.224944856836597	0.110428094060074	0.036648723922497	-0.763097273085455	0.58877651097944	1.3518737840649	0.0216049382716049	0.0308641975308642	85	-0.0958841398622769	-0.121235101726851	0.0411764705882353	0.0588235294117647	59	-0.0609057252722281	-0.0831683292012365	0	0	11	0.0416319817261785	0.0438193157685284	0	0	4	-0.0524710691741246	-0.0449724114988826	0	0	3	0.516303805851285	0.290908149284808	0	0	-0.472817800889054	0.11588174333794	1.82473390173475	0.128583935492651	0.104938271604938	FALSE	C_weak_or_non_dependent	FALSE	0.144439289138061	0.289557425044409
CDO1	methionine	Tier 1	ENSG00000129596	162	0.0313537910615266	0.0336066139673025	0.210604014497989	0.110403725417828	0.0453856751123271	-0.678187432317385	0.797451728265783	1.47563916058317	0	0.0123456790123457	85	0.0283633524563946	0.0403880317257688	0	0.0117647058823529	59	0.0291219581284572	0.0106421014366446	0	0.0169491525423729	11	0.0335856239945961	0.0357723825596889	0	0	4	0.093604854860256	0.0745173327240091	0	0	3	0.0683701243342248	0.230613080732668	0	0	-0.472817800889054	0.215061699541444	2.05502841825066	0.128979754011289	0.104938271604938	FALSE	C_weak_or_non_dependent	FALSE	0.144439289138061	0.289557425044409
AGO4	cholesterol/isoprenoid	Tier 2	ENSG00000134698	162	0.00829492383838485	-0.0111272305496667	0.227001910771301	0.110333285452261	0.0484596576862	-0.788912484678814	0.458290050185265	1.24720253486408	0.00617283950617284	0.037037037037037	85	-0.00708944262211025	-0.0217249392549155	0.0117647058823529	0.0588235294117647	59	0.0153487020823313	0.00107320874260206	0	0	11	0.0149884310804907	0.0615381094621469	0	0	4	0.0560682706442403	0.085638373391608	0	0	3	-0.214838431518968	-0.346261175280586	0	0.333333333333333	-0.472817800889054	-0.63443973824233	1.50295002742244	0.185525751961355	0.104938271604938	FALSE	C_weak_or_non_dependent	FALSE	0.144439289138061	0.289557425044409
CSNK1G2	sphingolipid	Tier 1	ENSG00000133275	162	0.00821166723865786	-0.00566264465158685	0.214451395287025	0.110300985915862	0.0512024056809758	-0.852617065252288	0.840217393437613	1.6928344586899	0.0154320987654321	0.0246913580246914	85	-0.0252794918888756	-0.0207107942865744	0.0294117647058824	0.0470588235294118	59	0.0203747574455055	0.018942387435378	0	0	11	-0.0453894872057957	0.00141019077861039	0	0	4	0.0539231175551066	0.0847440464748163	0	0	3	-0.137905771566097	-0.20967335411651	0	0	-0.472817800889054	-0.185337508143306	2.37124664755703	0.12272827204627	0.104938271604938	FALSE	C_weak_or_non_dependent	FALSE	0.144439289138061	0.289557425044409
TRIB3	cholesterol/isoprenoid	Tier 2	ENSG00000101255	162	-0.104840130255542	-0.0985012523231434	0.218289759643458	0.110200852218783	0.0381705603721111	-0.744521661340876	0.392668262768454	1.13718992410933	0.00617283950617284	0.0246913580246914	85	-0.100322627095273	-0.107646856494787	0.0117647058823529	0.0352941176470588	59	-0.109608228300658	-0.0860238968348208	0	0.0169491525423729	11	-0.118564269493752	-0.114106964203244	0	0	4	-0.112110831917578	-0.1431959263408	0	0	3	-0.0486804702800774	0.0320500501870045	0	0	-0.472817800889054	-0.0903538260251645	0.643643136058428	0.150464017830161	0.104938271604938	FALSE	C_weak_or_non_dependent	FALSE	0.144439289138061	0.289557425044409
LGMN	cholesterol/isoprenoid	Tier 2	ENSG00000100600	162	0.0394703590171888	0.0677356731100786	0.224953056570601	0.110172215102552	0.0453081863985256	-0.700398808150178	0.892218863095518	1.5926176712457	0	0.0123456790123457	85	0.034646828887236	0.0518963242661639	0	0.0117647058823529	59	0.0491225683575538	0.079431225253427	0	0.0169491525423729	11	0.0857112949576293	0.107599882714214	0	0	4	0.100305721760296	0.113931935123116	0	0	3	-0.199788348314973	0.0787409136359318	0	0	-0.472817800889054	0.41733397205789	2.7004265115151	0.134081051973363	0.104938271604938	FALSE	C_weak_or_non_dependent	FALSE	0.144439289138061	0.289557425044409
HMGCS2	BCAA;cholesterol/isoprenoid	Tier 1	ENSG00000134240	162	0.0235446493079279	0.000434955972790322	0.220278973024303	0.110159308310241	0.040681226054578	-0.943641039676877	0.61816344728634	1.56180448696322	0	0.0123456790123457	85	0.0378215192575098	0.0204080385697714	0	0.0235294117647059	59	0.0221563785713045	-0.0175348057915882	0	0	11	-0.0702098754025943	-0.0502174512921763	0	0	4	0.0223112556737666	0.0307410960137062	0	0	3	0.0228605250330123	-0.0667464296585735	0	0	-0.472817800889054	-0.273488648052672	3.14295418075021	0.11682977256656	0.104938271604938	FALSE	C_weak_or_non_dependent	FALSE	0.144439289138061	0.289557425044409
ABCG2	iron;sphingolipid	Tier 1	ENSG00000118777	162	-0.016286151512835	-0.0215188350166779	0.216358166341248	0.110112176812094	0.048763379443351	-1.29302160314161	0.73317552007471	2.02619712321632	0.00617283950617284	0.0246913580246914	85	-0.0139752208908106	0.00361007082360619	0	0.0235294117647059	59	-0.00522926023814143	-0.0249809563301049	0	0.0169491525423729	11	-0.130412107098247	-0.102713557181745	0	0	4	0.0621202305987436	0.0625991890676827	0	0	3	-0.0913696044807705	-0.479859498834562	0.333333333333333	0.333333333333333	-0.472817800889054	-0.947149860577546	6.7264333321777	0.148405683408886	0.104938271604938	FALSE	C_weak_or_non_dependent	FALSE	0.144439289138061	0.289557425044409
SUMF1	sphingolipid	Tier 1	ENSG00000144455	162	-0.0353853469383435	-0.0302526605741592	0.219042312102316	0.110087493660369	0.0498108839276534	-0.840821140260347	0.835711385231903	1.67653252549225	0.0154320987654321	0.0123456790123457	85	-0.0725670391965187	-0.0510021419384496	0.0294117647058824	0.0117647058823529	59	-0.0145770049827134	0.00801404122208378	0	0.0169491525423729	11	-0.0102668161377442	-0.0459883005461336	0	0	4	-0.0132270772038377	-0.0214574190164948	0	0	3	-0.149228026642083	-0.148958799425021	0	0	-0.472817800889054	0.218686182715045	2.1799255299844	0.127214826311372	0.104938271604938	FALSE	C_weak_or_non_dependent	FALSE	0.144439289138061	0.289557425044409
TFF3	glycolysis	Tier 2	ENSG00000160180	162	0.0270436536031121	0.0545553355427344	0.201644798223582	0.110053983537894	0.0490587514264748	-0.952739326978907	0.981520702017263	1.93426002899617	0	0.0123456790123457	85	0.0154638626317467	0.0579803613133552	0	0.0235294117647059	59	0.0542706408391238	0.0546045102620215	0	0	11	0.00858488087284231	-0.00223318634522089	0	0	4	0.098412537278106	0.0846412690053437	0	0	3	0.0859956033746859	0.124655838201523	0	0	-0.472817800889054	0.223345816721905	4.35180813808623	0.100867593249896	0.104938271604938	FALSE	C_weak_or_non_dependent	FALSE	0.144439289138061	0.289557425044409
GLB1	sphingolipid	Tier 1	ENSG00000170266	162	-0.0192196784234498	-0.0165196226156753	0.229783311288196	0.110043640106046	0.0439702021424837	-0.664467490848196	0.618869318506732	1.28333680935493	0.00617283950617284	0.0123456790123457	85	-0.024569753265917	-0.0233841658355829	0.0117647058823529	0.0235294117647059	59	-0.0107307735315418	-0.014446862448063	0	0	11	-0.0251461335830138	0.0391670068529875	0	0	4	-0.0497091299760584	-0.0750865704376388	0	0	3	0.0165810554417255	0.0111164410295191	0	0	-0.472817800889054	0.296223094788064	1.07943775604204	0.152427664890874	0.104938271604938	FALSE	C_weak_or_non_dependent	FALSE	0.144439289138061	0.289557425044409
STX1A	glutamine/glutamate	Tier 1	ENSG00000106089	162	0.0587914360529126	0.0693499719266555	0.214852151933009	0.1100432485491	0.0330972586009968	-0.468012906855116	0.658336962030221	1.12634986888534	0	0	85	0.064115240359726	0.0681247667879433	0	0	59	0.0563972790272285	0.0615774660784123	0	0	11	0.0226128757672264	0.0568345966679009	0	0	4	0.027734546789819	0.0296074794429858	0	0	3	0.339160604968233	0.355803098465946	0	0	-0.472817800889054	0.296354618840763	0.717693294682998	0.160578597748297	0.104938271604938	FALSE	C_weak_or_non_dependent	FALSE	0.144439289138061	0.289557425044409
FADS2	cholesterol/isoprenoid	Tier 2	ENSG00000134824	162	0.0609982967404741	0.0659839846885456	0.218646288189869	0.109986857464984	0.0329098681828944	-0.482032234744922	0.74986202890064	1.23189426364556	0	0.00617283950617284	85	0.115909877253736	0.0966451198763802	0	0.0117647058823529	59	0.0474334574167464	0.037278441110302	0	0	11	-0.00314923347251928	0.0330812426593682	0	0	4	0.0199779524548295	0.000921717941418956	0	0	3	-0.0401194927773027	-0.0308127454914912	0	0	-0.472817800889054	0.478827802560014	1.59940992147406	0.160560988967261	0.104938271604938	FALSE	C_weak_or_non_dependent	FALSE	0.144439289138061	0.289557425044409
HSD3B7	cholesterol/isoprenoid	Tier 1	ENSG00000099377	162	-0.055965357710394	-0.0380566806878604	0.217201182272387	0.10997978353318	0.0392878463977161	-0.560772693386965	0.724064477663816	1.28483717105078	0.00925925925925926	0.0123456790123457	85	-0.0746049146850122	-0.0455446553988832	0.0176470588235294	0	59	-0.0211427391317438	-0.0359627703227138	0	0.0338983050847458	11	0.0599112055344703	0.0431650110605356	0	0	4	-0.0478745852198011	-0.0195865416559273	0	0	3	-0.164982560697764	-0.18951735617679	0	0	-0.472817800889054	0.435692789060284	1.14517917179289	0.165210300437618	0.104938271604938	FALSE	C_weak_or_non_dependent	FALSE	0.144439289138061	0.289557425044409
POR	OXPHOS	Tier 2	ENSG00000127948	162	-0.0979534153569857	-0.104456077169919	0.210766011421521	0.109931492071012	0.0480058420468347	-0.856564565404539	0.456321492196781	1.31288605760132	0.0123456790123457	0.0679012345679012	85	-0.100761566599198	-0.125115309446426	0.0117647058823529	0.0941176470588235	59	-0.0778544959113612	-0.0783142196419957	0	0.0338983050847458	11	-0.0776133139765071	-0.0716515818300028	0.0909090909090909	0.0909090909090909	4	-0.0381546808004366	-0.0456707241944548	0	0	3	-0.180038296554602	-0.231897980931691	0	0	-0.472817800889054	-0.527190467066121	1.10283919544965	0.178492760598542	0.104938271604938	FALSE	C_weak_or_non_dependent	FALSE	0.144439289138061	0.289557425044409
TUBB2A	iron	Tier 1	ENSG00000137267	162	0.10707211758309	0.11429579173714	0.223796808212946	0.109910605376177	0.0519793749129126	-1.48020846048225	0.705328596449751	2.185537056932	0.00617283950617284	0.00617283950617284	85	0.114506439911604	0.126017997684848	0.0117647058823529	0.0117647058823529	59	0.103992858604677	0.101147524796547	0	0	11	0.0384045854723132	0.0798367578402154	0	0	4	0.137228623433757	0.145879344070444	0	0	3	0.0735055664702691	0.124987594228075	0	0	-0.472817800889054	-1.87975883453255	13.6064454416743	0.230557633151064	0.104938271604938	FALSE	C_weak_or_non_dependent	FALSE	0.144439289138061	0.289557425044409
GNGT2	glutamine/glutamate	Tier 1	ENSG00000167083	162	0.0918530777897164	0.0932469302128853	0.220105218381693	0.109859511390752	0.0497222487719809	-0.482470184764529	1.02061066573046	1.50308085049499	0	0.0123456790123457	85	0.101979750953764	0.101172958087397	0	0	59	0.0864822132916279	0.0887071872850158	0	0.0169491525423729	11	0.179262449355361	0.152286327874068	0	0	4	0.0879910955099155	0.0894076731006109	0	0	3	-0.220618487620925	-0.253401030591486	0	0.333333333333333	-0.472817800889054	0.279462872333743	1.80316716964897	0.137164725246297	0.104938271604938	FALSE	C_weak_or_non_dependent	FALSE	0.144439289138061	0.289557425044409
CERK	sphingolipid	Tier 1	ENSG00000100422	162	-0.166581306834349	-0.177388290085021	0.217937087745673	0.109845041568417	0.0378892549220438	-0.790802890171302	0.28200454297441	1.07280743314571	0.0555555555555556	0.0740740740740741	85	-0.147457676650588	-0.14952702060836	0.0411764705882353	0.0352941176470588	59	-0.184789150403139	-0.214084988030417	0.0932203389830508	0.135593220338983	11	-0.187876632077048	-0.2037455970297	0	0.0909090909090909	4	-0.144775061741787	-0.109349630831836	0	0	3	-0.320192315548873	-0.239163952538029	0	0	-0.472817800889054	-0.392943690486479	0.527520787838642	0.175328406624782	0.104938271604938	FALSE	C_weak_or_non_dependent	FALSE	0.144439289138061	0.289557425044409
CASR	glutamine/glutamate	Tier 1	ENSG00000036828	162	0.0652130576432638	0.0603423401110133	0.215054324304131	0.109827722002192	0.0603752996418799	-0.804729686610807	0.933768318301212	1.73849800491202	0	0.037037037037037	85	0.107719652980151	0.0767105751443043	0	0.0352941176470588	59	0.0517116674775496	0.0519383367250616	0	0.0169491525423729	11	0.0906831820528769	0.0329855070525245	0	0.0909090909090909	4	-0.0330512988464846	-0.0242951633683065	0	0	3	0.0260793877159198	-0.0249871933882962	0	0.333333333333333	-0.472817800889054	-0.118975137950756	2.35491156063729	0.120565775070542	0.104938271604938	FALSE	C_weak_or_non_dependent	FALSE	0.144439289138061	0.289557425044409
CYB5A	OXPHOS;glycolysis	Tier 2	ENSG00000166347	162	0.0856046975474095	0.0946524396538403	0.232488925882501	0.109816338966794	0.0488692546283847	-0.680061914890425	0.914548931189781	1.59461084608021	0	0.0123456790123457	85	0.0743772976696671	0.0654217067817392	0	0.0235294117647059	59	0.130610856186439	0.128972014200141	0	0	11	0.0687461773526337	0.130400432540204	0	0	4	0.0780129193244567	0.0893210925321608	0	0	3	0.0649376706528137	0.123937393865036	0	0	-0.472817800889054	0.0234287695947996	1.5212033816242	0.132034679244862	0.104938271604938	FALSE	C_weak_or_non_dependent	FALSE	0.144439289138061	0.289557425044409
SERINC4	serine/glycine/one-carbon	Tier 1	ENSG00000184716	162	-0.0520761092266361	-0.041882326174772	0.217198904432094	0.109791090778789	0.0640996787379312	-1.47419751940056	0.84390807818589	2.31810559758645	0.0246913580246914	0.0308641975308642	85	-0.0471051605791034	-0.0200309432404939	0.0117647058823529	0.0235294117647059	59	-0.0789944528072699	-0.0692163876499463	0.0338983050847458	0.0338983050847458	11	-0.0668516067584372	-0.0262787311858676	0	0	4	-0.026765244131478	-0.00949604962706758	0	0	3	0.088399354255499	-0.223829850657148	0.333333333333333	0.333333333333333	-0.472817800889054	-0.359347398194376	7.06737327361761	0.0860349269813427	0.104938271604938	FALSE	C_weak_or_non_dependent	FALSE	0.144439289138061	0.289557425044409
CYCS	OXPHOS	Tier 1;Tier 2	ENSG00000172115	162	-0.203797964267172	-0.231722141735588	0.224457411100846	0.109783863978597	0.0791949376459697	-1.22245665900157	0.853896209909969	2.07635286891154	0.0987654320987654	0.135802469135802	85	-0.204292262168221	-0.231404795984192	0.0882352941176471	0.152941176470588	59	-0.205096185567402	-0.242899477631455	0.127118644067797	0.11864406779661	11	-0.127055833687928	-0.19597138936525	0.0909090909090909	0.181818181818182	4	-0.129742237115594	-0.126967414689445	0	0	3	-0.267146348380593	-0.291651726825856	0	0	-0.472817800889054	-0.346780099707296	2.70038456440536	0.12792541325527	0.104938271604938	FALSE	C_weak_or_non_dependent	FALSE	0.144439289138061	0.289557425044409
TUBA1A	iron	Tier 1	ENSG00000167552	162	0.0708264517164884	0.0584635147771631	0.223134975321021	0.109775466211228	0.0507333866860689	-1.03656851373526	0.802850804461231	1.83941931819649	0.00617283950617284	0.0185185185185185	85	0.071015570572282	0.0466837304992668	0.0117647058823529	0.0352941176470588	59	0.0554944343703787	0.0486036249545778	0	0	11	0.140009709672965	0.14702821863129	0	0	4	0.162938637493657	0.168809980578983	0	0	3	0.00917238481580177	0.114269367294178	0	0	-0.472817800889054	-0.742188688652336	4.26730790615698	0.150216931664165	0.104938271604938	FALSE	C_weak_or_non_dependent	FALSE	0.144439289138061	0.289557425044409
GLUD1	OXPHOS;arginine;glutamine/glutamate	Tier 1;Tier 2	ENSG00000148672	162	0.111802746138726	0.1043993944052	0.218572409194685	0.109774622421109	0.0483600609739563	-0.716247474990976	0.783559440973083	1.49980691596406	0	0.0123456790123457	85	0.103639197548769	0.0886821338971078	0	0.0235294117647059	59	0.121404636112391	0.117349551761396	0	0	11	0.0567880230546436	0.0347029480736147	0	0	4	0.204145987035556	0.241938709581034	0	0	3	0.372773394464473	0.367203230443981	0	0	-0.472817800889054	-0.325037832826487	1.78082589248315	0.141070861769965	0.104938271604938	FALSE	C_weak_or_non_dependent	FALSE	0.144439289138061	0.289557425044409
CPTP	sphingolipid	Tier 1	ENSG00000224051	162	0.0886701914119188	0.0726833458120709	0.221948338993063	0.10976879062792	0.0494514527620567	-0.697831197347409	0.864472927396623	1.56230412474403	0	0.0185185185185185	85	0.101132995283133	0.102429370415617	0	0.0235294117647059	59	0.0616253564899758	0.0354901840943777	0	0.0169491525423729	11	0.0505123318721695	0.0339883107156291	0	0	4	0.000578327948901357	-0.00868488416313218	0	0	3	0.0514219767550064	0.211717597813447	0	0	-0.472817800889054	0.036808878624544	2.39015823368479	0.118547309968978	0.104938271604938	FALSE	C_weak_or_non_dependent	FALSE	0.144439289138061	0.289557425044409
SCO1	OXPHOS	Tier 1	ENSG00000133028	162	-0.101514256303477	-0.123871349723919	0.216417150339845	0.109676928495495	0.0440439765886953	-0.999157680680073	0.324734997248756	1.32389267792883	0.0648148148148148	0.0555555555555556	85	-0.164104880285823	-0.188599531902334	0.1	0.0941176470588235	59	-0.0663307225341546	-0.0613896356583006	0.0338983050847458	0.0169491525423729	11	0.00585608329912557	0.00873517896611699	0	0	4	-0.0343062198554348	-0.0284400107530934	0	0	3	-0.0956468493673589	-0.13217895511722	0	0	-0.472817800889054	-0.985208599177994	2.71641306750671	0.22462164739755	0.104938271604938	FALSE	C_weak_or_non_dependent	FALSE	0.144439289138061	0.289557425044409
TAS2R41	glutamine/glutamate	Tier 1	ENSG00000221855	162	0.0364628987801241	0.0326125160793388	0.233263216093301	0.109661485415037	0.0380192804687324	-0.572493554674812	0.853096724197376	1.42559027887219	0	0.00617283950617284	85	0.0403007292457716	0.0497835955056219	0	0	59	0.0194617432426517	0.00628826003808043	0	0.0169491525423729	11	-0.0157833239948183	-0.0279946608091916	0	0	4	0.055682313503157	0.0518750028199263	0	0	3	0.300018295212431	0.26035196741656	0	0	-0.472817800889054	0.404175803891706	2.23353280035122	0.140328391687733	0.104938271604938	FALSE	C_weak_or_non_dependent	FALSE	0.144439289138061	0.289557425044409
TAS2R40	glutamine/glutamate	Tier 1	ENSG00000221937	162	-0.099580921496576	-0.0998957253780674	0.225491610006553	0.109639107717947	0.0507767670059813	-1.06150976235123	0.516731564475306	1.57824132682654	0.00925925925925926	0.0432098765432099	85	-0.110744814287267	-0.119915011865144	0.00588235294117647	0.0588235294117647	59	-0.098366828316674	-0.0878051164682729	0.0169491525423729	0.0338983050847458	11	-0.0802664263388833	-0.0272311718628392	0	0	4	-0.00487628001335572	-0.0352415140320164	0	0	3	-0.31865788856524	-0.123106894820761	0	0	-0.472817800889054	-0.514106781888036	2.16407637240947	0.153793557795404	0.104938271604938	FALSE	C_weak_or_non_dependent	FALSE	0.144439289138061	0.289557425044409
DMAC2L	OXPHOS	Tier 1	ENSG00000125375	162	-0.0827814082648709	-0.063708017018623	0.221208839449737	0.109569508823727	0.0542197399236331	-0.808908661653864	0.777696522671862	1.58660518432573	0.0123456790123457	0.0185185185185185	85	-0.0704530574837871	-0.0421276246981253	0.0117647058823529	0.0117647058823529	59	-0.0787506813505103	-0.0775097019516851	0.0169491525423729	0.0169491525423729	11	-0.113185378484099	-0.121511406326181	0	0	4	-0.3030177576462	-0.277455191758576	0	0	3	0.0101916247503049	0.0932226646984827	0	0.333333333333333	-0.472817800889054	0.854111466000012	2.27091285843272	0.207682792107299	0.104938271604938	FALSE	C_weak_or_non_dependent	FALSE	0.144439289138061	0.289557425044409
NMRK2	NAD	Tier 1	ENSG00000077009	162	-0.0980974447417541	-0.096280348154037	0.222719186435036	0.109492302359102	0.0461397878226231	-0.895829650524593	0.663700921796398	1.55953057232099	0.0185185185185185	0.0493827160493827	85	-0.0849690492548294	-0.104750266308018	0.0117647058823529	0.0823529411764706	59	-0.114843127938092	-0.113602706913738	0.0338983050847458	0.0169491525423729	11	-0.0489397407689215	-0.0106295455215087	0	0	4	-0.14481922574617	-0.158507700118685	0	0	3	0.0662317838362531	0.253290581449802	0	0	-0.472817800889054	0.0226883988185617	2.10925215611013	0.122522405937351	0.104938271604938	FALSE	C_weak_or_non_dependent	FALSE	0.144439289138061	0.289557425044409
SLC22A17	iron	Tier 1	ENSG00000092096	162	0.0161854941554484	0.028926669721682	0.226130414512347	0.109421358122369	0.0383654910128044	-0.600086888505847	0.838219795015156	1.438306683521	0	0.0123456790123457	85	0.0151463980933949	0.0328089173176766	0	0.0235294117647059	59	0.00594861804756039	0.023218177961687	0	0	11	0.0219796375264936	0.00118307848366664	0	0	4	0.084966060925087	0.088972661115523	0	0	3	-0.0456989931884445	0.0528618384626714	0	0	-0.472817800889054	0.264756473576243	1.84804198876274	0.135373558614684	0.104938271604938	FALSE	C_weak_or_non_dependent	FALSE	0.144439289138061	0.289557425044409
IDH1	OXPHOS;TCA;glycolysis	Tier 1;Tier 2	ENSG00000138413	162	-0.066729411745029	-0.0697830753004626	0.21955524976091	0.109400253216112	0.0441938846454976	-0.76324561504167	0.565161595374919	1.32840721041659	0.0123456790123457	0.037037037037037	85	-0.0689013547552905	-0.0644358356671466	0.0235294117647059	0.0470588235294118	59	-0.0636188391126996	-0.0732824602059344	0	0.0169491525423729	11	0.0166550737850581	-0.0209393791505215	0	0	4	-0.054168133511638	-0.0812349179295806	0	0	3	-0.293660796586522	-0.316291390814432	0	0.333333333333333	-0.472817800889054	-0.168712557276027	1.41158767196621	0.137710407539221	0.104938271604938	FALSE	C_weak_or_non_dependent	FALSE	0.144439289138061	0.289557425044409
SHPK	PPP	Tier 1	ENSG00000197417	162	0.146937972081075	0.148411148490283	0.209516249842952	0.109394013596111	0.0380862887309638	-0.481129004649251	0.950337447695883	1.43146645234513	0	0.00617283950617284	85	0.148406110596989	0.147294156814301	0	0.0117647058823529	59	0.158893762788872	0.144169684519272	0	0	11	0.142682368893674	0.131459549926973	0	0	4	0.132381869746492	0.116294971267548	0	0	3	0.223509008178486	0.368452135102135	0	0	-0.472817800889054	0.68840849238647	2.95021018150187	0.163641323381786	0.104938271604938	FALSE	C_weak_or_non_dependent	FALSE	0.144439289138061	0.289557425044409
CYP4V2	cholesterol/isoprenoid	Tier 1	ENSG00000145476	162	-0.107709828203807	-0.131434723677261	0.217678516274065	0.109385129493146	0.0619641747900851	-1.17962540833529	0.878175938860159	2.05780134719545	0.0524691358024691	0.0679012345679012	85	-0.0800601814392372	-0.127641786374897	0.0529411764705882	0.105882352941176	59	-0.12684106436333	-0.154587865481361	0.0677966101694915	0.0338983050847458	11	-0.165411537434957	-0.178890032120455	0	0	4	-0.107775115085987	-0.0965787831443812	0	0	3	0.193098462730048	0.343972051817602	0	0	-0.472817800889054	-0.777563698841107	4.18213197665267	0.156717280735253	0.104938271604938	FALSE	C_weak_or_non_dependent	FALSE	0.144439289138061	0.289557425044409
COX7B2	OXPHOS	Tier 1	ENSG00000170516	162	-0.00227350540711727	-0.022872168211386	0.233448799793587	0.109382406249329	0.0433362302812617	-0.710093196204701	0.579197531305228	1.28929072750993	0	0.0432098765432099	85	-0.051444984064763	-0.0620283875221094	0	0.0705882352941176	59	0.0213565830864387	0.0127597154812491	0	0	11	0.0645113789320177	0.061198619037598	0	0	4	-0.00738945556420506	0.0270077947934605	0	0	3	0.214006803105711	0.0110274957178839	0	0.333333333333333	-0.472817800889054	-0.666537889565962	1.23387683745136	0.198100711646881	0.104938271604938	FALSE	C_weak_or_non_dependent	FALSE	0.144439289138061	0.289557425044409
DLG4	glutamine/glutamate	Tier 1	ENSG00000132535	162	-0.0296830530228668	-0.0185925262048344	0.228866476157505	0.109367375558434	0.0459074944779066	-0.678812966498812	0.735804445607537	1.41461741210635	0	0.0185185185185185	85	-0.0405865920761813	-0.00945475355564522	0	0.0352941176470588	59	-0.0281819719713695	-0.0243015224289307	0	0	11	0.0339071581995419	-0.00169818812975894	0	0	4	-0.0608292576410107	-0.119759219154531	0	0	3	0.00645007600797026	-0.0922761412003158	0	0	-0.472817800889054	0.412565932285437	1.37864446823628	0.157384400754682	0.104938271604938	FALSE	C_weak_or_non_dependent	FALSE	0.144439289138061	0.289557425044409
NCOA2	cholesterol/isoprenoid	Tier 1;Tier 2	ENSG00000140396	162	0.084441719400208	0.0686810527484578	0.2007159994735	0.109166652886289	0.042530122558071	-0.627168039768145	0.682531449495399	1.30969948926354	0	0.0123456790123457	85	0.0886787773408235	0.0556807803054368	0	0.0235294117647059	59	0.0760229721098164	0.0887061374077708	0	0	11	0.119683775620136	0.0880288274968705	0	0	4	0.0252910665692034	0.0440598626508374	0	0	3	-0.121945971058899	0.00508185305354633	0	0	-0.472817800889054	-0.141818282887712	0.935672005420766	0.145888871338245	0.104938271604938	FALSE	C_weak_or_non_dependent	FALSE	0.144439289138061	0.289557425044409
PDK2	OXPHOS	Tier 1	ENSG00000005882	162	-0.0601671257789139	-0.043321707473456	0.219999904464347	0.109135558776584	0.0487620291954358	-0.60445421952716	0.78153161688961	1.38598583641677	0.00617283950617284	0.0308641975308642	85	-0.0569375306860355	-0.0414085717507769	0	0.0352941176470588	59	-0.0580476561887586	-0.0385488536602305	0.0169491525423729	0.0169491525423729	11	-0.147644430266137	-0.144918791352659	0	0.0909090909090909	4	-0.100835758370272	-0.0639077560725346	0	0	3	0.306310582028654	0.208577361079714	0	0	-0.472817800889054	0.410336162800923	1.41979311633259	0.156272781569924	0.104938271604938	FALSE	C_weak_or_non_dependent	FALSE	0.144439289138061	0.289557425044409
UCP2	OXPHOS	Tier 1	ENSG00000175567	162	0.0793592747555826	0.0854551019103094	0.219150106238824	0.10911294406237	0.0510033343298706	-0.594874868718548	1.15154710158034	1.74642197029889	0	0.00617283950617284	85	0.0698864443127449	0.0745381032711566	0	0.0117647058823529	59	0.0970411354830813	0.120497157449858	0	0	11	0.0565511077821579	0.0300156549024915	0	0	4	0.0648450879835864	0.0475825884329731	0	0	3	0.0864439816417454	-0.0406157052596953	0	0	-0.472817800889054	0.829496889699087	4.26547720420222	0.163537353425906	0.104938271604938	FALSE	C_weak_or_non_dependent	FALSE	0.144439289138061	0.289557425044409
NAXE	NAD	Tier 1	ENSG00000163382	162	-0.0403535438430156	-0.021481486741573	0.227401857902182	0.109091201898315	0.0406909613276352	-0.798655796427022	0.748077621772537	1.54673341819956	0.00617283950617284	0.0246913580246914	85	-0.0524789553771877	-0.042723358289377	0	0.0470588235294118	59	0.0140136100414266	0.00140751657001071	0.0169491525423729	0	11	-0.0754450083690216	-0.0434539626547718	0	0	4	0.00791882248500435	0.0134102805512371	0	0	3	-0.0628808002681877	0.164264530609707	0	0	-0.472817800889054	-0.086854949907584	2.54128106320469	0.117183468102191	0.104938271604938	FALSE	C_weak_or_non_dependent	FALSE	0.144439289138061	0.289557425044409
STEAP4	iron	Tier 1	ENSG00000127954	162	0.12237058708832	0.106726177023922	0.242562714259137	0.109031052624237	0.054191226482314	-0.807299792967226	0.800856383424785	1.60815617639201	0.00925925925925926	0.0123456790123457	85	0.116168475803882	0.0988268718111644	0.0176470588235294	0.0235294117647059	59	0.120840304651291	0.106966619243601	0	0	11	0.133582778249564	0.138281855704299	0	0	4	0.228910349655433	0.18781612840305	0	0	3	0.219413836632705	0.101987037398168	0	0	-0.472817800889054	-0.307130669157067	1.66772640538666	0.141670865448761	0.104938271604938	FALSE	C_weak_or_non_dependent	FALSE	0.144439289138061	0.289557425044409
QPRT	NAD	Tier 1	ENSG00000103485	162	0.0495103064404407	0.0526526179756383	0.21680412321785	0.10899561655602	0.0466797347858386	-0.740908700496933	0.663563753162916	1.40447245365985	0	0.0185185185185185	85	0.0605947869798584	0.0613704047750518	0	0.0117647058823529	59	0.0368037359390214	0.0445306317503022	0	0.0169491525423729	11	0.0440750342613114	0.0382953236768031	0	0	4	0.0544417718837712	0.0772159493936366	0	0	3	0.0331650222208198	-0.014726641704399	0	0.333333333333333	-0.472817800889054	-0.237346278007856	1.55846068118356	0.13871411124125	0.104938271604938	FALSE	C_weak_or_non_dependent	FALSE	0.144439289138061	0.289557425044409
TGFA	glycolysis	Tier 2	ENSG00000163235	162	0.156253206044461	0.165235307078936	0.226830102577685	0.108979853000551	0.0498281084819448	-0.628889262362582	0.987818427890272	1.61670769025285	0.00308641975308642	0.0123456790123457	85	0.173850552065237	0.184745012252349	0.00588235294117647	0.0235294117647059	59	0.139840604674495	0.145516911849936	0	0	11	0.181105088660624	0.181328293958512	0	0	4	0.231882065640199	0.185936759620953	0	0	3	-0.0677007762792671	-0.0863541219452057	0	0	-0.472817800889054	0.0628986822088082	2.82505698825966	0.113035494316466	0.104938271604938	FALSE	C_weak_or_non_dependent	FALSE	0.144439289138061	0.289557425044409
ACP4	riboflavin	Tier 1	ENSG00000142513	162	-0.0837463580225217	-0.059983426186958	0.209088146736216	0.108938126067585	0.0410386560497411	-0.653686520800673	0.651219466708928	1.3049059875096	0	0.0123456790123457	85	-0.10348478762109	-0.0696671808927347	0	0.0235294117647059	59	-0.0740396496972246	-0.0690442285667106	0	0	11	-0.0883558767915626	-0.016548741304243	0	0	4	0.0103955589229571	0.0347477485317067	0	0	3	-0.0474698961669669	0.107016659750341	0	0	-0.472817800889054	0.832615770461749	1.85264029295269	0.214081619115959	0.104938271604938	FALSE	C_weak_or_non_dependent	FALSE	0.144439289138061	0.289557425044409
SDS	methionine;serine/glycine/one-carbon	Tier 1	ENSG00000135094	162	0.0960185298421554	0.0872279514660583	0.215276823259046	0.108927362182638	0.0446465069801674	-0.694801833135705	0.970850940461241	1.66565277359695	0.00617283950617284	0.0123456790123457	85	0.0644908886692776	0.0663357536260114	0.0117647058823529	0.0235294117647059	59	0.11272400499033	0.0949621245000887	0	0	11	0.213737493912659	0.200122891297017	0	0	4	0.0472687764874487	0.00182830036029451	0	0	3	0.184460018771136	0.226986242692289	0	0	-0.472817800889054	-0.240292818588698	2.36483486008459	0.125599184824765	0.104938271604938	FALSE	C_weak_or_non_dependent	FALSE	0.144439289138061	0.289557425044409
FUT6	sphingolipid	Tier 1	ENSG00000156413	162	0.0456037784272735	0.0563611913577929	0.21631793204402	0.108926323529999	0.0457086093139294	-0.522969315858063	0.644370363345384	1.16733967920345	0	0.0185185185185185	85	0.0461163528863243	0.0539558934575107	0	0.0352941176470588	59	0.0660233343596495	0.0547861174361946	0	0	11	0.0337499779772603	0.0405773879403872	0	0	4	-0.00642851113801756	0.0239757852077431	0	0	3	0.291569600003746	0.256542239721112	0	0	-0.472817800889054	0.158856594504458	0.533180425428301	0.155576729122432	0.104938271604938	FALSE	C_weak_or_non_dependent	FALSE	0.144439289138061	0.289557425044409
NOS1	arginine	Tier 1	ENSG00000089250	162	-0.0118779443563773	-0.0157364823001519	0.209753602019652	0.10884877862808	0.0534861277988271	-1.16458406756378	0.939251023313566	2.10383509087735	0.0123456790123457	0.0185185185185185	85	-0.0218625701809502	-0.00903453936383444	0	0.0235294117647059	59	-0.0263182865352943	-0.0489673241249258	0.0338983050847458	0.0169491525423729	11	0.0853929457420055	0.107056122460798	0	0	4	0.0480745538739979	0.0629287723956025	0	0	3	-0.00737559764922516	-0.107211533326415	0	0	-0.472817800889054	-0.20521796822916	4.90064891100996	0.0951062487214254	0.104938271604938	FALSE	C_weak_or_non_dependent	FALSE	0.144439289138061	0.289557425044409
PSPH	serine/glycine/one-carbon	Tier 1	ENSG00000146733	162	0.073001116575252	0.0813356980887379	0.215549175206384	0.108845631757952	0.0517624832091637	-0.571985604312969	0.798538446048652	1.37052405036162	0	0.0123456790123457	85	0.0820663500209003	0.0964162557028552	0	0.0117647058823529	59	0.0442644256336671	0.0661863643017613	0	0.0169491525423729	11	0.0808757940002408	0.0359657924421913	0	0	4	0.16752875993836	0.176574559208617	0	0	3	0.0781829514990273	-0.00863869728988069	0	0	-0.472817800889054	0.324236598640179	1.05943505403424	0.155298626827502	0.104938271604938	FALSE	C_weak_or_non_dependent	FALSE	0.144439289138061	0.289557425044409
GNPDA1	glycolysis	Tier 2	ENSG00000113552	162	0.0576519945327397	0.0553467045522091	0.216947292867122	0.108819733259349	0.0445334638625688	-0.690553542471879	0.697211056699426	1.3877645991713	0	0.0246913580246914	85	0.0544716371398124	0.0585533788810766	0	0.0352941176470588	59	0.0723096280614435	0.0699343709561889	0	0	11	0.0017860825418155	-0.0716220180083661	0	0.0909090909090909	4	0.100608533305818	0.103074066644978	0	0	3	-0.0514920655369505	0.0795156592211092	0	0	-0.472817800889054	-0.215904107894908	1.91719333029629	0.131254795176148	0.104938271604938	FALSE	C_weak_or_non_dependent	FALSE	0.144439289138061	0.289557425044409
SLC25A12	OXPHOS	Tier 1;Tier 2	ENSG00000115840	162	0.0223561405198532	0.0373564307345154	0.215293669096212	0.10862910583145	0.0490335429152407	-0.715253510564838	0.689997281083561	1.4052507916484	0	0.0123456790123457	85	0.0519231750321972	0.0481140361993975	0	0.0117647058823529	59	-0.0136275824970363	0.00391302482137496	0	0.0169491525423729	11	0.0492580463513935	0.0764587983743963	0	0	4	0.0914363251759171	0.120165237664919	0	0	3	-0.00777686614886247	0.136490834934516	0	0	-0.472817800889054	0.208958402559408	1.0122380778789	0.147640338475926	0.104938271604938	FALSE	C_weak_or_non_dependent	FALSE	0.144439289138061	0.289557425044409
GPC1	glycolysis	Tier 2	ENSG00000063660	162	-0.0301295217639616	-0.0214571246935286	0.211634564476022	0.108575671256601	0.0438780629302046	-0.582976978657679	0.906711880165891	1.48968885882357	0.00617283950617284	0.00617283950617284	85	-0.0313119624881734	-0.042454386425625	0	0.0117647058823529	59	-0.0252281207894098	0.00267320657386201	0.0169491525423729	0	11	0.0712655647060323	0.0294830291764445	0	0	4	-0.110264441686459	-0.109849928965108	0	0	3	-0.0154673090723328	0.0299786176293906	0	0	-0.472817800889054	0.772833456345485	2.49916967803035	0.186686749635531	0.104938271604938	FALSE	C_weak_or_non_dependent	FALSE	0.144439289138061	0.289557425044409
TMEM126A	OXPHOS	Tier 1	ENSG00000171202	162	0.03879684898506	0.0226382267557062	0.217921013605831	0.108545490946405	0.0511903908878162	-1.70090533222055	0.585567105265227	2.28647243748578	0.00308641975308642	0.0123456790123457	85	0.0130561009444231	-0.0101371321063295	0.00588235294117647	0.0235294117647059	59	0.0689572513092178	0.0689992323801971	0	0	11	0.00774692402806465	0.0771353181704401	0	0	4	-0.106352364451312	-0.0699773627965851	0	0	3	-0.0717083751473093	-0.0368282652192393	0	0	-0.472817800889054	-2.70034455806986	19.3094350710687	0.326886757333753	0.104938271604938	FALSE	C_weak_or_non_dependent	FALSE	0.144439289138061	0.289557425044409
SLC27A2	cholesterol/isoprenoid;fatty-acid oxidation	Tier 1	ENSG00000140284	162	-0.0519071927159866	-0.0459087373402919	0.217698149701415	0.108509376445804	0.0635904427842862	-0.671193991762804	1.15661037305188	1.82780436481469	0.0216049382716049	0.037037037037037	85	-0.0746038092876924	-0.0465904066392962	0.0176470588235294	0.0588235294117647	59	-0.0436967829611178	-0.0621452143070542	0.0338983050847458	0.0169491525423729	11	-0.0729385774476124	-0.0297488226043001	0	0	4	0.0257513066364015	0.00772284930435611	0	0	3	0.182584518569447	0.161960803586319	0	0	-0.472817800889054	1.32272352359516	5.34276449334119	0.24120363617206	0.104938271604938	FALSE	C_weak_or_non_dependent	FALSE	0.144439289138061	0.289557425044409
TM7SF2	cholesterol/isoprenoid	Tier 1;Tier 2	ENSG00000149809	162	0.152599986616725	0.146957172255901	0.216072283356507	0.108491879078702	0.0479962134718043	-0.814266422358383	0.924307377937388	1.73857380029577	0.00617283950617284	0.0123456790123457	85	0.13315616327891	0.137427214485948	0.0117647058823529	0.0235294117647059	59	0.173014969505586	0.156670129381027	0	0	11	0.191203458215212	0.173124713832884	0	0	4	0.200077755066002	0.180601952260087	0	0	3	0.133952596661431	0.0851437931558788	0	0	-0.472817800889054	-0.121962321903385	3.15724074537999	0.110145316327044	0.104938271604938	FALSE	C_weak_or_non_dependent	FALSE	0.144439289138061	0.289557425044409
SLC38A1	amino-acid transport	Tier 1	ENSG00000111371	162	-0.00692852083444767	-0.0187854045412334	0.21787694262812	0.108430187632711	0.0497047310258989	-0.836011754760819	0.728984051548684	1.5649958063095	0	0.0246913580246914	85	-0.0059811299504316	-0.0316324694466642	0	0.0470588235294118	59	-0.0130957809004342	-0.0131356762269797	0	0	11	0.0194827345342809	0.0195872145781992	0	0	4	-0.0332571409728433	-0.00122635992131465	0	0	3	-0.14129791875623	0.0699917813345075	0	0	-0.472817800889054	-0.238059194659694	2.33981859854946	0.125846139341702	0.104938271604938	FALSE	C_weak_or_non_dependent	FALSE	0.144439289138061	0.289557425044409
TCN2	vitamin B12	Tier 1	ENSG00000185339	162	0.0579093703401016	0.043387089104655	0.213107206312755	0.108366253564194	0.0377006310233195	-0.813744367072072	0.778265377502368	1.59200974457444	0	0.0123456790123457	85	0.0598875017793	0.0480063960785076	0	0.0117647058823529	59	0.0572134046825256	0.0536885379847475	0	0	11	0.0733788110242896	0.0364456272631171	0	0	4	0.0520889528940148	0.0756915717088044	0	0	3	-0.166769227386146	-0.307709053182882	0	0.333333333333333	-0.472817800889054	-0.449496918700592	3.22935353693892	0.129446235303367	0.104938271604938	FALSE	C_weak_or_non_dependent	FALSE	0.144439289138061	0.289557425044409
TGFBI	glycolysis	Tier 2	ENSG00000120708	162	0.0507970160779052	0.0410411103534633	0.204530627865306	0.108305248389385	0.0386492224864275	-0.772973748917782	0.69415775507957	1.46713150399735	0	0.0185185185185185	85	0.0483856659362661	0.0400898561461217	0	0.0117647058823529	59	0.0550551615772804	0.0448010289640621	0	0.0169491525423729	11	0.0817538157060428	0.082637593233811	0	0	4	0.00664974195118781	0.0108015856645771	0	0	3	0.0472264101426666	-0.118152824089728	0	0.333333333333333	-0.472817800889054	-0.442145779002274	2.10562328443279	0.146464391353945	0.104938271604938	FALSE	C_weak_or_non_dependent	FALSE	0.144439289138061	0.289557425044409
SDHAF1	OXPHOS;TCA	Tier 1;Tier 2	ENSG00000205138	162	0.0668118833461046	0.068069214072594	0.215952036818353	0.108243952764571	0.0432809859847006	-0.757856941250419	0.768288541047356	1.52614548229778	0	0.0123456790123457	85	0.0731515049060169	0.06805838147148	0	0.0235294117647059	59	0.0587352437770163	0.0648814512845806	0	0	11	0.127864506452182	0.126644041969061	0	0	4	0.0173972174042939	0.0470829527370695	0	0	3	-0.110959298423062	-0.0557238812379244	0	0	-0.472817800889054	-0.00247123387529584	1.95631961911759	0.12479732318945	0.104938271604938	FALSE	C_weak_or_non_dependent	FALSE	0.144439289138061	0.289557425044409
PLPPR2	sphingolipid	Tier 1	ENSG00000105520	162	-0.030348125897177	-0.0200987826789667	0.208551481050417	0.108113964914409	0.0341793050500255	-0.820602604991868	0.502001198578122	1.32260380356999	0	0.00617283950617284	85	-0.0302482149052716	-0.021544187239045	0	0.0117647058823529	59	-0.0334999522307917	-0.0200015373207711	0	0	11	0.0571108633728787	-0.00652381399892907	0	0	4	0.0577441776618483	0.0604396109237159	0	0	3	-0.184414470639219	-0.138217555484978	0	0	-0.472817800889054	0.0484694934421415	2.09221295415501	0.123003721905604	0.104938271604938	FALSE	C_weak_or_non_dependent	FALSE	0.144439289138061	0.289557425044409
GCDH	tryptophan	Tier 1	ENSG00000105607	162	-0.13187503986784	-0.12511461806433	0.224089241154593	0.108077277538716	0.0436146147753775	-0.874452306743599	0.446842704435761	1.32129501117936	0.0246913580246914	0.0617283950617284	85	-0.129157982944386	-0.109847251535629	0	0.0470588235294118	59	-0.132055863347527	-0.136815804153611	0.0508474576271187	0.0677966101694915	11	-0.150359243245189	-0.141841364981535	0.0909090909090909	0.0909090909090909	4	-0.10018560346854	-0.0376884578498368	0	0	3	-0.271294133640793	-0.382803484877891	0	0.333333333333333	-0.472817800889054	-0.32009729775223	1.36038487951821	0.148637783276985	0.104938271604938	FALSE	C_weak_or_non_dependent	FALSE	0.144439289138061	0.289557425044409
ST3GAL5	sphingolipid	Tier 1	ENSG00000115525	162	-0.0208555815029565	0.00108238045563048	0.215399081150164	0.10807506393532	0.0489045987426509	-0.628063777849015	1.05552392140524	1.68358769925425	0	0.0246913580246914	85	0.00590467191813458	0.0218068880896152	0	0.0235294117647059	59	-0.0485400888061499	-0.0544625081340081	0	0.0338983050847458	11	0.0617813086309862	0.0993492516491733	0	0	4	-0.12052760304273	-0.0621623633683783	0	0	3	0.223053199378806	0.230285270477977	0	0	-0.472817800889054	0.848506008142467	3.53192278984045	0.179374931254848	0.104938271604938	FALSE	C_weak_or_non_dependent	FALSE	0.144439289138061	0.289557425044409
KDM1B	cholesterol/isoprenoid	Tier 2	ENSG00000165097	162	0.098369521272498	0.0610959644841889	0.218141789782824	0.107949076030549	0.048800713460431	-0.780605114525605	0.694235888533453	1.47484100305906	0	0.0246913580246914	85	0.105608144844466	0.0559722173664107	0	0.0470588235294118	59	0.0903536180767808	0.0804717221194172	0	0	11	0.0354098002285101	-0.0199949987290306	0	0	4	0.132090544374532	0.137649555494417	0	0	3	0.0782220545567308	0.0204743097632456	0	0	-0.472817800889054	-0.758874462272476	1.77051993914416	0.201334074316572	0.104938271604938	FALSE	C_weak_or_non_dependent	FALSE	0.144439289138061	0.289557425044409
SLC3A2	amino-acid transport;tryptophan	Tier 1	ENSG00000168003	162	-0.104519636403325	-0.103560411378815	0.221599842458743	0.10792901446335	0.0680120422765013	-1.10514325309082	0.974200401714824	2.07934365480564	0.0432098765432099	0.0432098765432099	85	-0.0746764537866167	-0.106846343181583	0.0294117647058824	0.0588235294117647	59	-0.112532672391193	-0.10838034208352	0.0593220338983051	0.0169491525423729	11	-0.177636849803437	-0.228943693015235	0.0909090909090909	0.0909090909090909	4	-0.0609136236170962	-0.119309341623225	0	0	3	0.900525811960801	0.565070233218222	0	0	-0.472817800889054	0.110446964497134	4.23595699751555	0.0983416039593761	0.104938271604938	FALSE	C_weak_or_non_dependent	FALSE	0.144439289138061	0.289557425044409
SLC25A20	OXPHOS	Tier 2	ENSG00000178537	162	0.0423843289271727	0.0502308616602174	0.221503883473865	0.107894536983949	0.0432173299684392	-0.524528602823707	0.931887317017778	1.45641591984149	0	0.00617283950617284	85	0.0645047315692576	0.0644449046398931	0	0.0117647058823529	59	-0.0102943376744667	0.00620283299588122	0	0	11	0.12022659046992	0.110951393721416	0	0	4	0.222869668581055	0.140340824339579	0	0	3	0.0670826612408362	0.170595639837812	0	0	-0.472817800889054	0.70518708546124	2.53999530978932	0.174169839966226	0.104938271604938	FALSE	C_weak_or_non_dependent	FALSE	0.144439289138061	0.289557425044409
SEC24C	cholesterol/isoprenoid	Tier 2	ENSG00000176986	162	0.042707327599651	0.0275805038176163	0.213722030155182	0.10787550208324	0.0436160479245296	-0.759684777407452	0.808789022010148	1.5684737994176	0.0123456790123457	0.0246913580246914	85	0.0304614423764891	0.0115987095654152	0.0235294117647059	0.0470588235294118	59	0.0631467747180666	0.0569468002897264	0	0	11	-0.0424294402308882	0.00620064016200347	0	0	4	0.0343532835305916	0.0128179556553397	0	0	3	0.0545958567408577	0.000937074632099181	0	0	-0.472817800889054	-0.282474738867412	1.81799428071429	0.137121387107982	0.104938271604938	FALSE	C_weak_or_non_dependent	FALSE	0.144439289138061	0.289557425044409
SGPP1	sphingolipid	Tier 1	ENSG00000126821	162	-0.00637842988001586	-0.000800650852304396	0.219282102462023	0.107862519657138	0.0556025080231774	-0.878358996519273	1.07198256358428	1.95034156010355	0.0123456790123457	0.0185185185185185	85	-0.0524580821349293	-0.0271997907696695	0.0235294117647059	0.0235294117647059	59	0.0476109771766899	0.0280474830390817	0	0	11	-0.00669024493311636	0.0299037057322151	0	0	4	-0.0735643925452609	-0.0807058140853439	0	0	3	0.0935504446303736	0.173785923776594	0	0.333333333333333	-0.472817800889054	0.835370024404857	5.0543563220093	0.152806332076809	0.104938271604938	FALSE	C_weak_or_non_dependent	FALSE	0.144439289138061	0.289557425044409
PRODH2	arginine;serine/glycine/one-carbon	Tier 1	ENSG00000250799	162	-0.0513992549192111	-0.0292676761661545	0.209322126065032	0.107823718144714	0.0412190884595463	-0.680797933003127	0.747786225261906	1.42858415826503	0.00617283950617284	0.0185185185185185	85	-0.0687532432027633	-0.0313423046263325	0.0117647058823529	0.0352941176470588	59	-0.0360073272070378	-0.024498767234198	0	0	11	-0.0846681036558612	-0.0533038392429384	0	0	4	0.0332062724398481	-0.00256732927842449	0	0	3	-0.0282430037969643	-0.0117429433583534	0	0	-0.472817800889054	0.452548834018876	2.6100583169167	0.139013618100665	0.104938271604938	FALSE	C_weak_or_non_dependent	FALSE	0.144439289138061	0.289557425044409
PARP6	NAD	Tier 1	ENSG00000137817	162	-0.00788381013741696	-0.0443545513447875	0.234995726356997	0.107760725222843	0.058892701003162	-1.24706451745807	0.53272444435059	1.77978896180866	0.00925925925925926	0.037037037037037	85	-0.069195364378749	-0.0779059356579345	0.0176470588235294	0.0588235294117647	59	-0.00145299294568255	-0.00301590019479441	0	0	11	0.0194413111309146	0.0254013455578106	0	0	4	0.00152470566255169	0.0401348648299564	0	0	3	-0.0432863453906392	-0.275149645298008	0	0.333333333333333	-0.472817800889054	-1.30586839197636	5.08776663325445	0.242747103027468	0.104938271604938	FALSE	C_weak_or_non_dependent	FALSE	0.144439289138061	0.289557425044409
SAP30	glycolysis	Tier 2	ENSG00000164105	162	-0.0123344860969658	0.00416650944701503	0.230137226710689	0.107723253865123	0.05533408032456	-0.773542071597521	1.11754984024647	1.89109191184399	0.00617283950617284	0.0185185185185185	85	-0.0203819176659707	-0.0199033337739383	0.0117647058823529	0.0352941176470588	59	-0.00349069529537496	0.030450502296177	0	0	11	-0.0727438982970403	-0.0599182046545249	0	0	4	-0.0254658785611393	-0.0123778430593177	0	0	3	0.232379542973296	0.426263296387931	0	0	-0.472817800889054	0.54067211551806	3.40953997293742	0.136519185863087	0.104938271604938	FALSE	C_weak_or_non_dependent	FALSE	0.144439289138061	0.289557425044409
APOC2	cholesterol/isoprenoid	Tier 2	ENSG00000234906	162	0.0386804788825217	0.0161774379964295	0.223685962374855	0.107707167236952	0.0470971608840597	-0.466743582269848	1.00435255749652	1.47109613976637	0	0	85	0.0240129065279997	0.0186768958659515	0	0	59	0.0745401397432023	0.0237257257466091	0	0	11	-0.0524991819508167	-0.0493710077894568	0	0	4	0.0729858700074562	0.0472932655813885	0	0	3	-0.004046935253162	-0.00423366295858831	0	0	-0.472817800889054	0.442634116902475	1.9599738172962	0.149179292034638	0.104938271604938	FALSE	C_weak_or_non_dependent	FALSE	0.144439289138061	0.289557425044409
MIF	glycolysis	Tier 2	ENSG00000240972	162	0.176721358405728	0.177239283163338	0.214645291209202	0.107690412559559	0.0458010464428948	-0.56313685605794	1.01342895405624	1.57656581011418	0	0.00617283950617284	85	0.180987382754346	0.177004847674865	0	0	59	0.175790088744978	0.168875039439502	0	0.0169491525423729	11	0.131816710309706	0.160306347194364	0	0	4	0.0778484455317106	0.0593837607440134	0	0	3	0.585000777523035	0.567606543684198	0	0	-0.472817800889054	0.379931343282641	3.0145174423182	0.12615121351041	0.104938271604938	FALSE	C_weak_or_non_dependent	FALSE	0.144439289138061	0.289557425044409
VAPA	sphingolipid	Tier 1	ENSG00000101558	162	0.0696276100678636	0.0768702291268432	0.212487171112924	0.107663439358432	0.0442366687896438	-0.453089870388756	0.837323102235778	1.29041297262453	0	0	85	0.0579324936497051	0.0619946563010454	0	0	59	0.0799715664017305	0.0964326713572615	0	0	11	0.150029552997957	0.173846170149547	0	0	4	-0.0303926673739172	-0.0363333293782013	0	0	3	-0.000455077316094454	-0.0910236104169673	0	0	-0.472817800889054	0.512180111380335	1.40061486868645	0.169273366594919	0.104938271604938	FALSE	C_weak_or_non_dependent	FALSE	0.144439289138061	0.289557425044409
GYS2	glycolysis	Tier 2	ENSG00000111713	162	0.0404491953505785	0.0701698437026781	0.212742464565835	0.107640181065473	0.0429881390939837	-0.594274420700609	1.04580464647618	1.64007906717679	0	0.00617283950617284	85	0.0469061223748541	0.0889913096177364	0	0.0117647058823529	59	0.0302203953543753	0.0371244995518947	0	0	11	0.00780714769557476	0.0535309361184231	0	0	4	0.0710279138820617	0.0679337049725088	0	0	3	0.194262333747054	0.250777590523928	0	0	-0.472817800889054	1.01432198075213	3.28299612910451	0.217228091701494	0.104938271604938	FALSE	C_weak_or_non_dependent	FALSE	0.144439289138061	0.289557425044409
SLC25A29	amino-acid transport	Tier 1	ENSG00000197119	162	0.0900104203058022	0.0940311543954135	0.214584501930272	0.107600057983148	0.0378573412201691	-0.677127374418986	0.676822332322014	1.353949706741	0	0.0123456790123457	85	0.0801616397477334	0.0960616488389899	0	0	59	0.104900033592076	0.108014658269948	0	0.0169491525423729	11	0.0867664145574579	0.0873878348351532	0	0	4	0.0859496572259372	0.0930703544266378	0	0	3	-0.158663063896292	-0.212868526025769	0	0.333333333333333	-0.472817800889054	-0.317842970214995	1.67111750876513	0.142475033995932	0.104938271604938	FALSE	C_weak_or_non_dependent	FALSE	0.144439289138061	0.289557425044409
BAAT	cholesterol/isoprenoid	Tier 1	ENSG00000136881	162	0.0444750589648437	0.0396163770965246	0.224766726651097	0.107590569994696	0.0440309457523721	-0.599701142498481	0.71774852519401	1.31744966769249	0	0.0185185185185185	85	0.0436440450767122	0.0466850186630786	0	0.0117647058823529	59	0.0238004859881312	0.0222141323444591	0	0.0169491525423729	11	0.110517252106081	-0.00941953029162273	0	0.0909090909090909	4	0.0269541095748232	0.016937128524404	0	0	3	0.296372834037514	0.391619671354149	0	0	-0.472817800889054	0.108104948931567	1.52461738932122	0.133444325377861	0.104938271604938	FALSE	C_weak_or_non_dependent	FALSE	0.144439289138061	0.289557425044409
ACSF2	fatty-acid oxidation	Tier 1	ENSG00000167107	162	0.0590777489506669	0.0552010575516786	0.212465772328359	0.107566097772597	0.037892461659651	-0.765379224899124	0.666556969980166	1.43193619487929	0	0.00617283950617284	85	0.0604645177894317	0.0721063134868742	0	0	59	0.0368733978306819	0.0246251263999897	0	0.0169491525423729	11	0.154259603527453	0.134870697685679	0	0	4	0.0593187027123709	0.0206823047743102	0	0	3	0.0153941989966929	-0.0685515580838243	0	0	-0.472817800889054	-0.209368566823804	2.01807355306951	0.129270794404473	0.104938271604938	FALSE	C_weak_or_non_dependent	FALSE	0.144439289138061	0.289557425044409
AUH	BCAA	Tier 1;Tier 2	ENSG00000148090	162	-0.0461677281681441	-0.0417742835703046	0.217943607073222	0.107491478319408	0.0467411787312953	-0.591928651546997	0.782803325547306	1.3747319770943	0.00617283950617284	0.0246913580246914	85	-0.0894305286665846	-0.0536757079489117	0.0117647058823529	0.0352941176470588	59	0.00093913889469438	-0.0338097163738937	0	0	11	-0.0312796764336811	-0.0551273055134858	0	0.0909090909090909	4	-0.0477625405658096	-0.0487484595944606	0	0	3	0.0494870645998443	0.197056234118023	0	0	-0.472817800889054	0.291558955473356	1.20552407081545	0.149403732542196	0.104938271604938	FALSE	C_weak_or_non_dependent	FALSE	0.144439289138061	0.289557425044409
PIPOX	serine/glycine/one-carbon	Tier 1	ENSG00000179761	162	0.0667627369371748	0.0607060043015033	0.204681226024044	0.107471065632712	0.0446347985771002	-0.887332097686573	0.686884681311362	1.57421677899794	0.00617283950617284	0.0185185185185185	85	0.0633840779422317	0.0535726226504556	0.0117647058823529	0.0352941176470588	59	0.0624587330629557	0.0461619801845871	0	0	11	0.0823838718916371	0.130216398644302	0	0	4	0.0218211334745566	0.0573317629624315	0	0	3	0.329160808188929	0.298478501242377	0	0	-0.472817800889054	-0.615637416697138	2.82055424797413	0.155341507598998	0.104938271604938	FALSE	C_weak_or_non_dependent	FALSE	0.144439289138061	0.289557425044409
PRKACA	glycolysis	Tier 2	ENSG00000072062	162	-0.0569810574977528	-0.0653364991158353	0.213122287440345	0.10747036598485	0.0523581753812248	-0.729479072998605	0.976839411371472	1.70631848437008	0.0123456790123457	0.0493827160493827	85	-0.0925648340326878	-0.0656860518711932	0.0117647058823529	0.0470588235294118	59	-0.0280437370248103	-0.0644294943039917	0.0169491525423729	0.0508474576271187	11	-0.0371806190373133	-0.0148221827109898	0	0	4	0.0184979795961251	-0.0173671241442625	0	0	3	-0.344209083393616	-0.322448592460152	0	0.333333333333333	-0.472817800889054	0.242986854774779	2.71137067419057	0.120783696912066	0.104938271604938	FALSE	C_weak_or_non_dependent	FALSE	0.144439289138061	0.289557425044409
DECR2	fatty-acid oxidation	Tier 1	ENSG00000242612	162	0.0386052676993172	0.0335853804804029	0.210208528982746	0.10742391586944	0.0581222197895991	-1.11360255197642	0.807894043420717	1.92149659539714	0.00617283950617284	0.0185185185185185	85	0.023130001595124	0.0346456600516802	0.0117647058823529	0.0117647058823529	59	0.0492931861898579	0.0490688981186782	0	0	11	0.0495036852026409	0.133829556914859	0	0	4	0.0725189681980628	0.037044166640846	0	0	3	-0.960094956607789	-0.6731387493988	0	0.666666666666667	-0.472817800889054	-0.76289096829745	4.78422400484402	0.145928470896988	0.104938271604938	FALSE	C_weak_or_non_dependent	FALSE	0.144439289138061	0.289557425044409
THEM5	fatty-acid oxidation	Tier 1	ENSG00000196407	162	-0.205520539029616	-0.189465657659454	0.216202587518281	0.107423349558704	0.0575423205633852	-0.918627628219172	0.526773979528065	1.44540160774724	0.0864197530864198	0.0925925925925926	85	-0.20072697662294	-0.164239964805806	0.0882352941176471	0.0941176470588235	59	-0.241609447298188	-0.231840425629681	0.076271186440678	0.101694915254237	11	-0.205576940634315	-0.195302927405618	0	0.0909090909090909	4	-0.308274659326167	-0.285266971569735	0.5	0	3	0.0940233529530107	0.0783152225179402	0	0	-0.472817800889054	0.617449742886324	1.32183959279638	0.187196952160862	0.104938271604938	FALSE	C_weak_or_non_dependent	FALSE	0.144439289138061	0.289557425044409
SMPD2	sphingolipid	Tier 1	ENSG00000135587	162	-0.0822405600616684	-0.0759174594357433	0.212405966512786	0.107389302145211	0.0788768209514892	-1.21857716686124	1.08118706247882	2.29976422934006	0.0123456790123457	0.0617283950617284	85	-0.122554532389139	-0.109161173934676	0.0117647058823529	0.0823529411764706	59	-0.0320796228675128	-0.0469038490930853	0.0169491525423729	0.0338983050847458	11	0.0304978635713401	0.0597922769332685	0	0	4	-0.105408892296276	-0.114623432495634	0	0	3	-0.223414922331498	-0.150607621311443	0	0.333333333333333	-0.472817800889054	0.346059410155116	4.70132410765597	0.104085550068621	0.104938271604938	FALSE	C_weak_or_non_dependent	FALSE	0.144439289138061	0.289557425044409
CPT1B	fatty-acid oxidation	Tier 1	ENSG00000205560	162	0.0981534208065345	0.0860521539862068	0.213865976320674	0.107362310226278	0.0615437304116913	-1.17282298220421	0.819155877344148	1.99197885954836	0.00617283950617284	0.0123456790123457	85	0.111108964550889	0.094234179548376	0.0117647058823529	0.0235294117647059	59	0.0792448836596973	0.0528523961536083	0	0	11	0.0625871586819989	0.064050610934956	0	0	4	0.109662871505231	0.126877575894138	0	0	3	0.798181363268949	0.533395095743198	0	0	-0.472817800889054	-1.16980576652228	7.22120869944009	0.178374600594774	0.104938271604938	FALSE	C_weak_or_non_dependent	FALSE	0.144439289138061	0.289557425044409
PET100	OXPHOS	Tier 1	ENSG00000229833	162	-0.135660821167124	-0.13497103647718	0.213357318060592	0.107335308505862	0.0519148970377411	-0.835780796562555	0.824731092450364	1.66051188901292	0.0123456790123457	0.0617283950617284	85	-0.13521277726316	-0.129963283205639	0.0117647058823529	0.0705882352941176	59	-0.139871809779858	-0.131712236813212	0.0169491525423729	0.0338983050847458	11	-0.0840689511634823	-0.10469870508564	0	0	4	-0.0232248927190795	-0.0300954032989362	0	0	3	-0.695891685364484	-0.591779831902164	0	0.666666666666667	-0.472817800889054	0.247363586808188	2.1183514518484	0.129807859160697	0.104938271604938	FALSE	C_weak_or_non_dependent	FALSE	0.144439289138061	0.289557425044409
SLC7A8	amino-acid transport	Tier 1	ENSG00000092068	162	0.0621084221481548	0.0468268607652872	0.210407584213942	0.10730931520718	0.0470066745837481	-0.755875749092882	0.574053347136141	1.32992909622902	0	0.0185185185185185	85	0.0830578315559927	0.0791651824617593	0	0.0117647058823529	59	0.0471679008393905	0.00423856369891526	0	0.0338983050847458	11	-0.00365363649603023	-0.00154928339862422	0	0	4	-0.0224809598924777	0.0315758776414834	0	0	3	0.185815598379626	0.165858094436642	0	0	-0.472817800889054	-0.616095105696877	1.46002427560801	0.183533298063641	0.104938271604938	FALSE	C_weak_or_non_dependent	FALSE	0.144439289138061	0.289557425044409
MCAT	fatty-acid oxidation	Tier 1	ENSG00000100294	162	-0.0960088266388848	-0.106501901070652	0.220163044102497	0.107262117005925	0.0461702641624299	-0.980365966216093	0.458984261855688	1.43935022807178	0.0246913580246914	0.0432098765432099	85	-0.137514735773226	-0.169913674650415	0.0470588235294118	0.0705882352941176	59	-0.0343268478288148	-0.0331410871797263	0	0.0169491525423729	11	-0.0294709076385647	-0.0317911224397706	0	0	4	-0.09399741719444	-0.127802079539985	0	0	3	0.116039608092003	0.00186306014694911	0	0	-0.472817800889054	-0.45311681457632	1.65456182953623	0.156305347006116	0.104938271604938	FALSE	C_weak_or_non_dependent	FALSE	0.144439289138061	0.289557425044409
HEXA	sphingolipid	Tier 1	ENSG00000213614	162	0.0801322404158812	0.066820131895855	0.210718645481897	0.107183041961284	0.0401855967981002	-0.766693675228154	0.62409756856738	1.39079124379553	0	0.0123456790123457	85	0.0988260122698972	0.0937715731496915	0	0	59	0.0475661533218916	0.0365834642211957	0	0.0169491525423729	11	0.0894921821885775	0.0434919800664884	0	0	4	0.142648769416163	0.141482393448804	0	0	3	0.0536852901265682	-0.116162698057467	0	0.333333333333333	-0.472817800889054	-0.532683726389285	2.07684093022826	0.157833905143452	0.104938271604938	FALSE	C_weak_or_non_dependent	FALSE	0.144439289138061	0.289557425044409
CACNA1H	glycolysis	Tier 2	ENSG00000196557	162	-0.10884737862644	-0.102228039259787	0.229261091679643	0.107169580549806	0.0577228723958623	-1.14849561947517	0.974907074951236	2.12340269442641	0.00925925925925926	0.0617283950617284	85	-0.0922383063880298	-0.109023804939469	0.0117647058823529	0.0941176470588235	59	-0.120507147561116	-0.0967026927375982	0.00847457627118644	0.0169491525423729	11	-0.0819227531252831	-0.0487806600722498	0	0	4	-0.238802189421357	-0.198949912032085	0	0	3	-0.335470202068589	-0.0853577199297369	0	0.333333333333333	-0.472817800889054	-0.0338400547865701	4.48005768325636	0.0950143410118386	0.104938271604938	FALSE	C_weak_or_non_dependent	FALSE	0.144439289138061	0.289557425044409
PARP4	NAD	Tier 1	ENSG00000102699	162	0.00143308292743378	0.00802946121551824	0.211557326915634	0.1071068032726	0.0371842151181444	-0.733738742267213	0.994021982823673	1.72776072509089	0.00617283950617284	0.00617283950617284	85	0.00115400343730099	-0.00827376623269428	0.0117647058823529	0.0117647058823529	59	-0.00372919794989605	0.00397673915967513	0	0	11	0.0990318258236991	0.0399557670178911	0	0	4	0.0509740647737765	0.0334083493655351	0	0	3	0.287100607027476	0.398756133871064	0	0	-0.472817800889054	0.664763107265308	4.33405417333596	0.138768269724976	0.104938271604938	FALSE	C_weak_or_non_dependent	FALSE	0.144439289138061	0.289557425044409
SLC25A18	OXPHOS	Tier 1	ENSG00000182902	162	0.101250108612886	0.0930675568428079	0.219740505221837	0.107105159832571	0.0461669396917016	-0.954605098129828	0.850805411881055	1.80541051001088	0	0.0123456790123457	85	0.0814203949180144	0.0765045044655717	0	0.0117647058823529	59	0.104602076521987	0.0867279779386344	0	0.0169491525423729	11	0.189193535715093	0.207027772956932	0	0	4	0.097168426885305	0.120615605213422	0	0	3	0.286412022396728	0.232447569067305	0	0	-0.472817800889054	-0.664608562934298	3.81028055366584	0.146113733952544	0.104938271604938	FALSE	C_weak_or_non_dependent	FALSE	0.144439289138061	0.289557425044409
ASAH2	sphingolipid	Tier 1	ENSG00000188611	162	-0.0194764116084653	-0.00315896079684555	0.207173941811417	0.107084988838076	0.0452410752168832	-0.651937986860539	1.14519428738389	1.79713227424443	0	0.0185185185185185	85	-0.0267385677596725	-0.0110064561266879	0	0.0235294117647059	59	-0.00735359707287836	-0.00240322224308391	0	0.0169491525423729	11	-0.054361988503966	0.00125384202770043	0	0	4	-0.0158977845582352	-0.0151947008307436	0	0	3	0.122209325176771	0.20419125834657	0	0	-0.472817800889054	0.818850332248095	4.99093680447734	0.151209947902635	0.104938271604938	FALSE	C_weak_or_non_dependent	FALSE	0.144439289138061	0.289557425044409
GATM	arginine;serine/glycine/one-carbon	Tier 1	ENSG00000171766	162	-0.0358398383686803	-0.0320034010705434	0.225145296911216	0.107079592204137	0.0520338512315224	-1.11881065333475	0.638158907500357	1.75696956083511	0.00617283950617284	0.0308641975308642	85	-0.0375758276840819	-0.0401153111875732	0.0117647058823529	0.0470588235294118	59	-0.0558460560065187	-0.0374248663060526	0	0	11	0.0538481702324436	0.0988678231156999	0	0	4	-0.0291919104766343	-0.0379577876960462	0	0	3	-0.1118177092294	-0.16746577130524	0	0.333333333333333	-0.472817800889054	-0.651770119036491	3.727047174494	0.145629389514509	0.104938271604938	FALSE	C_weak_or_non_dependent	FALSE	0.144439289138061	0.289557425044409
EHHADH	BCAA;fatty-acid oxidation;tryptophan	Tier 1	ENSG00000113790	162	-0.00184589783981808	-0.0137958106207918	0.213460984285162	0.1070681989887	0.0441867825255533	-0.660049421382515	0.592110653395664	1.25216007477818	0.0185185185185185	0.0246913580246914	85	0.0111451646898252	-0.00267910246605638	0	0.0117647058823529	59	-0.00600071544940843	-0.014111608597164	0.0169491525423729	0.0338983050847458	11	-0.055974572967563	-0.0954600802328198	0.0909090909090909	0.0909090909090909	4	-0.127532857162136	-0.179333194086565	0.25	0	3	0.209270793992524	0.197593651728824	0	0	-0.472817800889054	-0.135488713677066	0.936397711142609	0.145622737427593	0.104938271604938	FALSE	C_weak_or_non_dependent	FALSE	0.144439289138061	0.289557425044409
NQO2	OXPHOS	Tier 2	ENSG00000124588	162	0.137767755154751	0.168095671465621	0.221485479155419	0.10700358220324	0.0399733638887885	-0.291546988285666	0.976557843037335	1.268104831323	0	0	85	0.140325562575585	0.184873818667609	0	0	59	0.125378577905483	0.150027373422888	0	0	11	0.143270387157371	0.10760484467644	0	0	4	0.126121033733777	0.131435222441116	0	0	3	0.270519786163006	0.318738325842703	0	0	-0.472817800889054	0.899030875624604	2.08025422721087	0.222227094183558	0.104938271604938	FALSE	C_weak_or_non_dependent	FALSE	0.144439289138061	0.289557425044409
SLC2A9	glucose transport	Tier 1	ENSG00000109667	162	0.0923156756552772	0.0967415247917896	0.21178415003403	0.106927348121609	0.0427147261024049	-0.811017614618466	0.686792809904236	1.4978104245227	0	0.0123456790123457	85	0.109335160899995	0.108110178960536	0	0.0235294117647059	59	0.0820327409608541	0.093478227046163	0	0	11	0.0890607344772276	0.0834415201591555	0	0	4	0.0468611994627828	0.0540672902735017	0	0	3	-0.140492867447176	-0.0555264913146553	0	0	-0.472817800889054	-0.216949310929576	2.26096636919156	0.125884379774788	0.104938271604938	FALSE	C_weak_or_non_dependent	FALSE	0.144439289138061	0.289557425044409
PDHX	OXPHOS	Tier 1;Tier 2	ENSG00000110435	162	0.0837190058621795	0.0579251221024745	0.211866409471262	0.106458465464783	0.0554876213284784	-1.25458354027618	0.483283977392421	1.73786751766861	0	0.037037037037037	85	0.093832721176065	0.0553433125626191	0	0.0705882352941176	59	0.0658212257348908	0.0497100704849317	0	0	11	0.121832384482377	0.110526851804348	0	0	4	0.0972825643258041	0.104518014877861	0	0	3	0.134928657659948	0.0376422082693322	0	0	-0.472817800889054	-1.96388425993205	7.66867277926783	0.353858054456121	0.104938271604938	FALSE	C_weak_or_non_dependent	FALSE	0.144439289138061	0.289557425044409
RHOT2	OXPHOS	Tier 2	ENSG00000140983	162	0.0553377793809256	0.04743146647198	0.217206350440473	0.106334082373448	0.0406808054493951	-0.764906023952555	0.564478037149717	1.32938406110227	0	0.0246913580246914	85	0.0510341686739673	0.0268522244487338	0	0.0470588235294118	59	0.0341558257311291	0.0540222833547002	0	0	11	0.0694968080805893	0.107262162721014	0	0	4	0.0967847609378872	0.102495077921358	0	0	3	0.270812382259559	0.208093223591498	0	0	-0.472817800889054	-0.617706932797789	1.7741818700439	0.176424322276718	0.104938271604938	FALSE	C_weak_or_non_dependent	FALSE	0.144439289138061	0.289557425044409
SFXN4	OXPHOS	Tier 1	ENSG00000183605	162	0.000489140750462675	-0.0147056996337186	0.213879165880355	0.106282745084648	0.0362624027008611	-0.946661293188922	0.533813570562503	1.48047486375143	0	0.0123456790123457	85	0.00405245896187386	-0.00861721510351947	0	0.0117647058823529	59	0.00106220187655096	-0.00720460380056184	0	0	11	-0.0467682288270635	-0.0966981870856351	0	0.0909090909090909	4	-0.0442244747408074	-0.0430041069096515	0	0	3	-0.149668227325646	0.003636017650163	0	0	-0.472817800889054	-0.629060922146678	3.02814091486866	0.153631122806151	0.104938271604938	FALSE	C_weak_or_non_dependent	FALSE	0.144439289138061	0.289557425044409
GNMT	methionine;serine/glycine/one-carbon	Tier 1	ENSG00000124713	162	-0.0687330527208359	-0.0573085040470523	0.218548159173145	0.106183160143332	0.0402035231360122	-0.727414916994228	0.540551607837677	1.26796652483191	0	0.0246913580246914	85	-0.0780398150820574	-0.0812007416543845	0	0.0470588235294118	59	-0.0596924213878037	-0.0444019597018895	0	0	11	0.0738685247658073	0.0726196307993812	0	0	4	-0.154481155001999	-0.160179206947558	0	0	3	0.00872225182453933	0.026567298802908	0	0	-0.472817800889054	0.131198420742714	0.950400863869433	0.145168436345655	0.104938271604938	FALSE	C_weak_or_non_dependent	FALSE	0.144439289138061	0.289557425044409
NMNAT3	NAD	Tier 1	ENSG00000163864	162	-0.0151603505570204	0.0043339119394818	0.214914286240648	0.106150218709964	0.0466880906918273	-0.863638886235338	0.631341060198604	1.49497994643394	0.00617283950617284	0.0246913580246914	85	-0.0152165798571117	0.0120479037088855	0	0.0235294117647059	59	-0.0228766545932576	-0.0128793424318575	0.0169491525423729	0.0338983050847458	11	0.0366637528586761	0.028960431540774	0	0	4	0.000353487522279244	0.01151083178076	0	0	3	-0.0637700267444964	0.024431682782941	0	0	-0.472817800889054	-0.46170606048883	2.41384291569866	0.143222151249983	0.104938271604938	FALSE	C_weak_or_non_dependent	FALSE	0.144439289138061	0.289557425044409
PRPS1L1	PPP	Tier 1	ENSG00000229937	162	-0.0679584324610569	-0.0819353469915068	0.213746480726664	0.1061325139225	0.0535482372485152	-1.31595593467482	0.660429553496238	1.97638548817106	0.00617283950617284	0.0308641975308642	85	-0.0723111238744079	-0.0816710525255314	0	0.0352941176470588	59	-0.074972178317263	-0.0990976344385528	0.0169491525423729	0.0338983050847458	11	-0.0528035100094159	-0.0558845209479844	0	0	4	-0.0472351748932287	-0.068961125961812	0	0	3	-0.0529791163667567	0.135282639398587	0	0	-0.472817800889054	-0.745938845819213	5.67666413032128	0.13264924417045	0.104938271604938	FALSE	C_weak_or_non_dependent	FALSE	0.144439289138061	0.289557425044409
D2HGDH	OXPHOS	Tier 1	ENSG00000180902	162	0.127718244562055	0.123513167127484	0.220560619287269	0.106047089138999	0.0492388313891108	-0.559484801245317	0.948329404966731	1.50781420621205	0.00308641975308642	0.0123456790123457	85	0.0904182410226355	0.0828332120249032	0.00588235294117647	0.0117647058823529	59	0.179381600875942	0.169391110929011	0	0.0169491525423729	11	0.146961570042202	0.206341147166112	0	0	4	-0.0307468293440304	-0.0171804547023583	0	0	3	-0.0259466113250208	0.257734569235405	0	0	-0.472817800889054	-0.016656927983888	1.40715879629987	0.134015738059927	0.104938271604938	FALSE	C_weak_or_non_dependent	FALSE	0.144439289138061	0.289557425044409
LHPP	OXPHOS;glycolysis	Tier 1;Tier 2	ENSG00000107902	162	0.117104194961696	0.0945206778980884	0.228508455666085	0.10589673525429	0.0369234546706867	-0.679672646104569	0.89888997474829	1.57856262085286	0	0.0123456790123457	85	0.0855618425461741	0.0762504259132878	0	0.0117647058823529	59	0.120817913365548	0.100588910242737	0	0.0169491525423729	11	0.150833848198691	0.151655409180983	0	0	4	0.0895280691890459	0.127293909953356	0	0	3	0.371318176654279	0.239644257245035	0	0	-0.472817800889054	-0.277492737206936	2.94532012594674	0.119639770648929	0.104938271604938	FALSE	C_weak_or_non_dependent	FALSE	0.144439289138061	0.289557425044409
SERINC5	serine/glycine/one-carbon	Tier 1	ENSG00000164300	162	0.0378856473029367	0.0290095229539828	0.211817120946725	0.105863993207917	0.046047261333048	-0.725145475915979	0.858834605703209	1.58398008161919	0.00925925925925926	0.0123456790123457	85	0.0383712408636372	0.0195744994809294	0.0176470588235294	0.0235294117647059	59	0.0457827278212911	0.0305123195333154	0	0	11	-0.0344696627976065	-0.00479605604492556	0	0	4	0.0557549233322944	0.0648913551181248	0	0	3	0.519339585833379	0.34289153540743	0	0	-0.472817800889054	0.0669802230070043	2.46435650190576	0.117882540999545	0.104938271604938	FALSE	C_weak_or_non_dependent	FALSE	0.144439289138061	0.289557425044409
SLC25A11	OXPHOS	Tier 1;Tier 2	ENSG00000108528	162	0.0986136996577553	0.119808340460671	0.222408069047413	0.10584411198647	0.0359074097422331	-0.415938423317504	0.699719438651095	1.1156578619686	0	0	85	0.0901594449031572	0.118852951933733	0	0	59	0.105315360319036	0.117322468683055	0	0	11	0.0550158596551437	0.0736756932456911	0	0	4	0.227379446663351	0.164496356383797	0	0	3	0.316214872884114	0.305335512241113	0	0	-0.472817800889054	0.446279923622206	1.0703170809015	0.168255822286128	0.104938271604938	FALSE	C_weak_or_non_dependent	FALSE	0.144439289138061	0.289557425044409
TUBA8	iron	Tier 1	ENSG00000183785	162	0.046127700904535	0.0291271853782943	0.211377045881868	0.105812551641671	0.0484303828290407	-0.723042846277746	0.786025059493523	1.50906790577127	0.00308641975308642	0.037037037037037	85	0.0426959274948152	0.0227798896216731	0.00588235294117647	0.0588235294117647	59	0.0696881662110063	0.054844629504178	0	0.0169491525423729	11	0.0109021305466962	-0.0265930019916209	0	0	4	0.0200387477757079	0.0590293666601695	0	0	3	-0.072432364434584	-0.132371390679293	0	0	-0.472817800889054	-0.506586115311018	1.77627175823077	0.16042774696922	0.104938271604938	FALSE	C_weak_or_non_dependent	FALSE	0.144439289138061	0.289557425044409
S1PR1	sphingolipid	Tier 1	ENSG00000170989	162	0.106852944859251	0.107665498390474	0.209771994217886	0.105804493212417	0.0445756596623225	-0.567587049746439	0.661036528388409	1.22862357813485	0	0.0123456790123457	85	0.108487605135978	0.120098320919903	0	0.0117647058823529	59	0.120704316544841	0.112864084549497	0	0.0169491525423729	11	0.100295557845928	0.000836430777394385	0	0	4	0.103951476193377	0.125458642765419	0	0	3	-0.0794016375195163	0.0211457210105734	0	0	-0.472817800889054	-0.0657657258067182	1.13287998206916	0.139691345274278	0.104938271604938	FALSE	C_weak_or_non_dependent	FALSE	0.144439289138061	0.289557425044409
CYP19A1	cholesterol/isoprenoid	Tier 1	ENSG00000137869	162	0.0380452579565436	0.0201609648501911	0.208952490697852	0.105796050793229	0.0532494147009258	-0.871366933733468	0.657017904806639	1.52838483854011	0.00617283950617284	0.0432098765432099	85	0.0299362308414476	0.0310801746715087	0.0117647058823529	0.0352941176470588	59	0.04656730786017	0.0187051483186936	0	0.0338983050847458	11	-0.0184216613492818	-0.0499841311782524	0	0.0909090909090909	4	0.0602484523990863	0.0589037338025404	0	0	3	0.0567834899267279	-0.0550439281331932	0	0.333333333333333	-0.472817800889054	-0.887880433894771	2.46727936885783	0.209799559014912	0.104938271604938	FALSE	C_weak_or_non_dependent	FALSE	0.144439289138061	0.289557425044409
PFKL	PPP;glycolysis	Tier 1	ENSG00000141959	162	-0.0438113770182662	-0.0334592560218658	0.216435984338204	0.105784077031654	0.0465980318230692	-0.792541570163603	0.845114182076885	1.63765575224049	0.00308641975308642	0.0308641975308642	85	-0.0671550600386889	-0.0491815586702593	0.00588235294117647	0.0352941176470588	59	-0.0345140528533343	-0.0221719665254922	0	0.0169491525423729	11	-0.0349414198244256	0.000330266534595053	0	0	4	-0.0212656200140167	-0.0144094266120769	0	0	3	-0.179313941065712	0.0407279370005284	0	0.333333333333333	-0.472817800889054	0.283931298731583	2.29553661560072	0.129380215722626	0.104938271604938	FALSE	C_weak_or_non_dependent	FALSE	0.144439289138061	0.289557425044409
SLC36A4	amino-acid transport;tryptophan	Tier 1	ENSG00000180773	162	0.043841992675479	0.0394272232352176	0.209082550503895	0.105712375759179	0.0352940508187216	-0.493213553645289	0.51680096337427	1.01001451701956	0.00617283950617284	0.0123456790123457	85	0.0572271094790843	0.0627812195923232	0.0117647058823529	0	59	0.0448774778779848	0.0230069579216467	0	0.0338983050847458	11	0.0134156302258501	0.013804674126625	0	0	4	0.0135242912102466	0.0247319792918475	0	0	3	-0.190457860207064	-0.185794450393216	0	0	-0.472817800889054	0.00498899714664073	0.250187710773727	0.158560211548848	0.104938271604938	FALSE	C_weak_or_non_dependent	FALSE	0.144439289138061	0.289557425044409
ETFDH	OXPHOS	Tier 1;Tier 2	ENSG00000171503	162	0.0748271024088963	0.0775987584068593	0.213670227510296	0.105553510296515	0.0454042811507615	-0.87937862641299	0.87343976016285	1.75281838657584	0.00617283950617284	0.00617283950617284	85	0.068079886626525	0.0835398239869737	0.0117647058823529	0.0117647058823529	59	0.0543429541495514	0.0573078836739575	0	0	11	0.0999486016891125	0.0716982434531302	0	0	4	0.0612232688759379	0.102584737076264	0	0	3	0.363627104208413	0.296643019988485	0	0	-0.472817800889054	0.0426158266303267	2.88026092362351	0.112097802030268	0.104938271604938	FALSE	C_weak_or_non_dependent	FALSE	0.144439289138061	0.289557425044409
ENO3	glycolysis	Tier 1	ENSG00000108515	162	0.133949434020348	0.118516891266054	0.212592612134754	0.105526073218527	0.0399766323361651	-0.792621437135938	0.57094159303427	1.36356303017021	0	0.0123456790123457	85	0.107401232157386	0.0944266688620687	0	0.0117647058823529	59	0.149082861945841	0.160509002102008	0	0	11	0.192487195688528	0.165287672336061	0	0	4	0.0244387246384996	0.0231963506140521	0	0	3	0.235844443691281	-0.0691704634488336	0	0.333333333333333	-0.472817800889054	-1.00485122682549	2.65280303760733	0.230750362279834	0.104938271604938	FALSE	C_weak_or_non_dependent	FALSE	0.144439289138061	0.289557425044409
SLC5A4	glucose transport	Tier 1	ENSG00000100191	162	0.0299972128702712	0.0209188026349579	0.20641803853817	0.105517279399048	0.047110943419188	-1.16788876183468	0.702812185728327	1.87070094756301	0.00925925925925926	0.0123456790123457	85	0.0366309010738739	0.00487501627429148	0.0176470588235294	0.0235294117647059	59	0.0224277921691925	0.0157313926762503	0	0	11	0.112989254747506	0.170072457941439	0	0	4	-0.0374859840339633	-0.0118678284615383	0	0	3	0.0462576364931036	0.0743305840466523	0	0	-0.472817800889054	-1.0835654465076	6.17331190826147	0.177768446664938	0.104938271604938	FALSE	C_weak_or_non_dependent	FALSE	0.144439289138061	0.289557425044409
SPHK2	sphingolipid	Tier 1	ENSG00000063176	162	-0.0867400431992859	-0.108029330087328	0.225047825197677	0.105379348829884	0.046220028206083	-0.984654400408916	0.721648214685784	1.7063026150947	0.0308641975308642	0.0493827160493827	85	-0.0883101026202762	-0.105492169002959	0.0235294117647059	0.0470588235294118	59	-0.0860736230289824	-0.122966061170464	0.0338983050847458	0.0508474576271187	11	-0.0713781544889171	-0.107202684649391	0	0.0909090909090909	4	-0.0472063363967248	-0.0569076020361169	0	0	3	-0.157631573854191	0.0426468131498222	0.333333333333333	0	-0.472817800889054	-0.703199592864893	3.48812659924068	0.156575528583274	0.104938271604938	FALSE	C_weak_or_non_dependent	FALSE	0.144439289138061	0.289557425044409
TNF	sphingolipid	Tier 1	ENSG00000232810	162	0.0640236024703865	0.0584709795213293	0.206835930647079	0.105231528329923	0.0336410149650906	-0.76637493791695	0.486281233673264	1.25265617159021	0	0.0123456790123457	85	0.0825268719583094	0.0657758702366732	0	0.0117647058823529	59	0.0375728257973813	0.0572056465810497	0	0	11	0.0620884056594515	0.0424608063009755	0	0	4	0.0538739886392188	0.0589973598889437	0	0	3	0.0832519594333712	-0.0656139149367717	0	0.333333333333333	-0.472817800889054	-0.609152276408029	2.22135511038957	0.16562621096301	0.104938271604938	FALSE	C_weak_or_non_dependent	FALSE	0.144439289138061	0.289557425044409
BCAT1	BCAA	Tier 1	ENSG00000060982	162	0.0134632091182692	-0.0301713389788486	0.225884917075693	0.105186067002848	0.0703387856065469	-1.48717626417527	0.460252185214461	1.94742844938974	0.0339506172839506	0.0555555555555556	85	0.016962340195869	-0.0334834544884183	0.0411764705882353	0.0705882352941176	59	0.00466031504475262	-0.0359180400400872	0.0338983050847458	0.0508474576271187	11	-0.00440323786588394	-0.0444874699341707	0	0	4	0.0655438637851691	0.0579603030191553	0	0	3	0.169229744917241	0.111674012168826	0	0	-0.472817800889054	-2.0002222494721	7.24049042475262	0.376085528385588	0.104938271604938	FALSE	C_weak_or_non_dependent	FALSE	0.144439289138061	0.289557425044409
ABCG8	cholesterol/isoprenoid	Tier 2	ENSG00000143921	162	-0.0725201654210254	-0.0629662542888148	0.207178818443262	0.105171569131427	0.0448528779608975	-0.502093408531766	0.575245275681949	1.07733868421371	0.0123456790123457	0.0123456790123457	85	-0.0496177714120164	-0.0341908863516206	0	0.0117647058823529	59	-0.0722884748176843	-0.0752506174521759	0.0169491525423729	0	11	-0.102124598212894	-0.13712874045853	0	0.0909090909090909	4	-0.139658140235138	-0.169847722622767	0.25	0	3	-0.170557284983901	-0.222238129895656	0	0	-0.472817800889054	0.534801600416337	0.466537958141386	0.197142658666795	0.104938271604938	FALSE	C_weak_or_non_dependent	FALSE	0.144439289138061	0.289557425044409
ABCB6	glycolysis	Tier 2	ENSG00000115657	162	0.010334830844119	-0.0113928900124613	0.210665551772182	0.105078002794935	0.0422727588379168	-0.614049685297181	0.66277673463451	1.27682641993169	0	0.0246913580246914	85	0.0271032885573255	0.00405412651070041	0	0.0117647058823529	59	-0.00856101396543612	-0.0471716277598234	0	0.0338983050847458	11	0.0506108546562071	0.0501683182088016	0	0	4	0.0469326924316065	0.0683609220799213	0	0	3	0.0981027581003889	-0.077472695405064	0	0.333333333333333	-0.472817800889054	-0.264270042776442	0.754178154946021	0.15707743155679	0.104938271604938	FALSE	C_weak_or_non_dependent	FALSE	0.144439289138061	0.289557425044409
GRM1	glutamine/glutamate	Tier 1	ENSG00000152822	162	-0.0160665249894069	-0.00195168727900196	0.200102232648168	0.104959918878548	0.0397062654873665	-0.761552150426833	0.859459211967499	1.62101136239433	0	0.00617283950617284	85	-0.0712301825390867	-0.0137323343046899	0	0.0117647058823529	59	-0.0143657041412445	-0.0137164040331944	0	0	11	0.113899863177876	0.0871599663737778	0	0	4	-0.00844041057341254	0.00335247483413283	0	0	3	0.262831447284313	0.229391128403569	0	0	-0.472817800889054	0.461788690122027	2.78102818558548	0.137280281778789	0.104938271604938	FALSE	C_weak_or_non_dependent	FALSE	0.144439289138061	0.289557425044409
PCYT2	cholesterol/isoprenoid	Tier 2	ENSG00000185813	162	-0.0701419814492014	-0.07549191626371	0.205256025374582	0.104958826111544	0.0508605870934354	-0.742021156087094	0.554769207289033	1.29679036337613	0.0246913580246914	0.0555555555555556	85	-0.0748124495816401	-0.084794396916729	0.0235294117647059	0.0588235294117647	59	-0.0747732081144464	-0.0873506781170206	0.0338983050847458	0.0677966101694915	11	0.0143331491754524	0.0464284646290771	0	0	4	-0.102501146208733	-0.0986077854877282	0	0	3	0.0160013238679288	0.00508044771207761	0	0	-0.472817800889054	-0.0236126542637928	1.18026466534738	0.138256106504937	0.104938271604938	FALSE	C_weak_or_non_dependent	FALSE	0.144439289138061	0.289557425044409
IER3	glycolysis	Tier 2	ENSG00000137331	162	0.0161839322882271	0.0257502615461839	0.204784976996486	0.104934888028814	0.040529342935414	-0.797546948684172	0.643028043568755	1.44057499225293	0	0.00617283950617284	85	1.7100512071544e-05	0.0232977938412295	0	0.0117647058823529	59	0.0440232394369618	0.0465242413117553	0	0	11	-0.020354527187124	-0.0195064414706841	0	0	4	-0.0144962928469121	-0.046174459121062	0	0	3	-0.00209009891137887	-0.0514772169181658	0	0	-0.472817800889054	0.112702874484146	1.88825028574931	0.127464507108892	0.104938271604938	FALSE	C_weak_or_non_dependent	FALSE	0.144439289138061	0.289557425044409
ACP2	riboflavin	Tier 1	ENSG00000134575	162	0.0448850285779556	0.0479628005174462	0.205803335252695	0.104926005445547	0.0360095741163769	-0.767023816639624	0.796858457811127	1.56388227445075	0.00617283950617284	0.00617283950617284	85	0.0347881863815134	0.0498196051345008	0	0	59	0.0561359727696604	0.0465881078792127	0.0169491525423729	0.0169491525423729	11	0.0438061038868907	0.0070021951709617	0	0	4	0.0150694718978727	0.00383547765528532	0	0	3	0.146534746355417	0.231414275006152	0	0	-0.472817800889054	-0.0893166360827861	2.87854178465395	0.112808924261177	0.104938271604938	FALSE	C_weak_or_non_dependent	FALSE	0.144439289138061	0.289557425044409
ORMDL3	sphingolipid	Tier 1	ENSG00000172057	162	0.0813652257962822	0.0698620864809456	0.198566017096245	0.104635441333808	0.045723603359483	-0.664908393466921	0.645388279869435	1.31029667333636	0	0.0246913580246914	85	0.065851024148312	0.0521478436467904	0	0.0235294117647059	59	0.118778604596797	0.1202042658852	0	0.0169491525423729	11	0.0176879138670241	-0.00477042100232411	0	0.0909090909090909	4	0.00283904858109012	-0.000700366431988257	0	0	3	-0.129615483314356	-0.050561430179089	0	0	-0.472817800889054	-0.429146612766117	1.66247912001346	0.153405364512334	0.104938271604938	FALSE	C_weak_or_non_dependent	FALSE	0.144439289138061	0.289557425044409
COX6B2	OXPHOS	Tier 1	ENSG00000160471	162	-0.0798192958478953	-0.0792879154501999	0.21225597980288	0.10454227478181	0.0692231131749267	-1.41826846954827	0.783776470097857	2.20204493964613	0.0154320987654321	0.0493827160493827	85	-0.0516528114790758	-0.0530657311339721	0.00588235294117647	0.0588235294117647	59	-0.102025881930684	-0.0834927775283538	0.0169491525423729	0.0169491525423729	11	-0.10870261335725	-0.140109769493221	0	0.0909090909090909	4	-0.0803818536186352	-0.0731001686444727	0	0	3	-0.170941456500966	-0.524791047789519	0.333333333333333	0.333333333333333	-0.472817800889054	-0.371481112743617	4.75682410485621	0.105238211208459	0.104938271604938	FALSE	C_weak_or_non_dependent	FALSE	0.144439289138061	0.289557425044409
SUCLG2	OXPHOS;TCA	Tier 1	ENSG00000172340	162	0.13017358198361	0.114853955694826	0.212357675474349	0.104353249065715	0.0529637248392465	-0.843619537491713	0.777630837832129	1.62125037532384	0.00617283950617284	0.0308641975308642	85	0.120650699032306	0.10204051928149	0.0117647058823529	0.0352941176470588	59	0.122712046195022	0.13802532908702	0	0	11	0.155950021123259	0.0895924172354165	0	0.0909090909090909	4	0.205644499188048	0.194775925950855	0	0	3	0.252556530853715	0.00826065803598345	0	0.333333333333333	-0.472817800889054	-0.728001995020285	2.60402086586605	0.176657704977499	0.104938271604938	FALSE	C_weak_or_non_dependent	FALSE	0.144439289138061	0.289557425044409
CITED2	glycolysis	Tier 2	ENSG00000164442	162	-0.0753018181555809	-0.0856016918354972	0.211773390239343	0.104293101491932	0.0456468426729073	-0.974560607788517	0.722243801216825	1.69680440900534	0.037037037037037	0.0432098765432099	85	-0.0832232825017326	-0.0925062432693514	0.0235294117647059	0.0470588235294118	59	-0.0397504552904656	-0.0650891918174586	0.0508474576271187	0.0508474576271187	11	-0.0557969961318798	-0.112444465926769	0.0909090909090909	0	4	-0.121631254847057	-0.150179930009224	0	0	3	-0.158790660414896	-0.108857412331422	0	0	-0.472817800889054	-0.417809861569877	2.57057036218064	0.136145278520342	0.104938271604938	FALSE	C_weak_or_non_dependent	FALSE	0.144439289138061	0.289557425044409
RIMKLA	glutamine/glutamate	Tier 1	ENSG00000177181	162	0.104233065160742	0.104071580142294	0.207230672475553	0.104285769545167	0.0448680875858958	-0.533551501509187	1.18286529862008	1.71641680012926	0	0.0123456790123457	85	0.105211297169297	0.123932520115365	0	0.0117647058823529	59	0.0754886124805293	0.0553959472369405	0	0.0169491525423729	11	0.182519306678502	0.185693945198391	0	0	4	0.160658109449096	0.131984717109818	0	0	3	0.168553336603926	0.162132873548182	0	0	-0.472817800889054	1.10056581523016	5.86177455973498	0.18553054561704	0.104938271604938	FALSE	C_weak_or_non_dependent	FALSE	0.144439289138061	0.289557425044409
ABAT	BCAA;glutamine/glutamate	Tier 1	ENSG00000183044	162	0.0664252582051043	0.0678982788280241	0.209237465744657	0.104245369421245	0.0636836511518348	-1.38662411242094	1.07787684729981	2.46450095972075	0.00617283950617284	0.0123456790123457	85	0.0546295711217322	0.0583946708736971	0	0.0117647058823529	59	0.0503008778755597	0.041431314001722	0.0169491525423729	0.0169491525423729	11	0.166998308190222	0.201090064946391	0	0	4	0.116632902709705	0.078586408735493	0	0	3	0.478878556777864	0.355063423473925	0	0	-0.472817800889054	-0.709864169433725	7.94049970580852	0.107443262891053	0.104938271604938	FALSE	C_weak_or_non_dependent	FALSE	0.144439289138061	0.289557425044409
NADK2	NAD	Tier 1	ENSG00000152620	162	-0.0259112527488953	-0.0174448896530352	0.190001304986384	0.104150450237244	0.0393542386167756	-0.686009974040038	0.528975915702381	1.21498588974242	0	0.0246913580246914	85	-0.0317401244538789	-0.0407456219692719	0	0.0235294117647059	59	-0.00110427273288255	0.00775820800885798	0	0.0338983050847458	11	-0.0283969683228324	0.00213944550566257	0	0	4	0.0723866232901892	0.0321849464906047	0	0	3	-0.123612312288192	0.00909926151636237	0	0	-0.472817800889054	-0.371475373785376	1.33541532825439	0.1539465447231	0.104938271604938	FALSE	C_weak_or_non_dependent	FALSE	0.144439289138061	0.289557425044409
SLC7A7	amino-acid transport	Tier 1	ENSG00000155465	162	0.083266730086052	0.0842411339990381	0.207143579036378	0.103924533736801	0.0355125498145472	-0.508429250148936	0.957628486064477	1.46605773621341	0	0.00617283950617284	85	0.0848069107330647	0.105295718720422	0	0.0117647058823529	59	0.0613916578458678	0.0475156140346555	0	0	11	0.0759087184358722	0.0643263856752053	0	0	4	0.0945476459014143	0.0761742092407767	0	0	3	0.273251309209086	0.293739769724416	0	0	-0.472817800889054	0.389788336079015	2.62436608438617	0.132694770033945	0.104938271604938	FALSE	C_weak_or_non_dependent	FALSE	0.144439289138061	0.289557425044409
UCP3	OXPHOS	Tier 1	ENSG00000175564	162	0.161349857748588	0.131136341421407	0.204570283503143	0.103877542833848	0.0602663674428573	-1.15609677335242	0.727202494423011	1.88329926777543	0	0.0246913580246914	85	0.142021641729833	0.0899066601006434	0	0.0470588235294118	59	0.203956154325338	0.178007674148594	0	0	11	0.135552039455655	0.176110227074084	0	0	4	0.249764479980184	0.262525492701778	0	0	3	0.069946906313114	0.0374179861080569	0	0	-0.472817800889054	-1.90051638217696	8.25302190872887	0.322295258785618	0.104938271604938	FALSE	C_weak_or_non_dependent	FALSE	0.144439289138061	0.289557425044409
ZNF292	glycolysis	Tier 2	ENSG00000188994	162	0.140257348773153	0.127871845489284	0.20935820279956	0.103829285766883	0.0465405122495756	-0.699481158682336	0.655210483714243	1.35469164239658	0	0.0123456790123457	85	0.148238726304853	0.127525505633258	0	0.0117647058823529	59	0.140042153824462	0.157803483260949	0	0	11	0.0462947225737429	0.0650411586525414	0	0	4	0.137803793715736	0.146606840943376	0	0	3	-0.315272610096728	-0.245571543636788	0	0.333333333333333	-0.472817800889054	-0.575668600191151	1.59640009589121	0.173967483215683	0.104938271604938	FALSE	C_weak_or_non_dependent	FALSE	0.144439289138061	0.289557425044409
SLC6A19	amino-acid transport	Tier 1	ENSG00000174358	162	0.0348205885679469	0.0293361382271428	0.206276163975329	0.103819708155337	0.0436889617892902	-0.630712669827196	0.713561852077033	1.34427452190423	0	0.0185185185185185	85	0.0181641301338781	0.0173109287735027	0	0.0352941176470588	59	0.0505633229264598	0.0386207705802531	0	0	11	0.102175390896191	0.127556924469322	0	0	4	-0.0679383255031714	-0.0644477648513779	0	0	3	-0.0843154911852076	-0.0476450423141823	0	0	-0.472817800889054	0.0171589534524595	1.4786087475331	0.13274725466904	0.104938271604938	FALSE	C_weak_or_non_dependent	FALSE	0.144439289138061	0.289557425044409
SLC38A5	amino-acid transport	Tier 1	ENSG00000017483	162	0.0906518445295961	0.0889869760040766	0.201820254662623	0.103775576238731	0.038018331908262	-0.640332400048135	0.661358157687305	1.30169055773544	0	0.0123456790123457	85	0.102524266251225	0.095217443313199	0	0.0235294117647059	59	0.0865246704940937	0.0798189694125904	0	0	11	0.0884314419736275	0.0954164021196874	0	0	4	-0.0987213698690137	-0.0661318355371869	0	0	3	0.3133449702391	0.276011718175945	0	0	-0.472817800889054	-0.141730117792067	1.69005780794342	0.131678902890139	0.104938271604938	FALSE	C_weak_or_non_dependent	FALSE	0.144439289138061	0.289557425044409
TKTL2	PPP	Tier 1	ENSG00000151005	162	-0.0447124037466551	-0.00706224755751525	0.215454017325802	0.1036989929164	0.0384605474385594	-0.69486324154405	0.640560431203769	1.33542367274782	0.0123456790123457	0.00617283950617284	85	-0.0454726889992424	0.00059878633649663	0	0	59	-0.0524160823034638	-0.0232859028423617	0.0338983050847458	0.0169491525423729	11	0.0287851178774531	0.0419355971191171	0	0	4	0.00859889178813303	-0.00769092427362426	0	0	3	-0.0861329467469999	-0.0838801821453778	0	0	-0.472817800889054	0.616050911968938	1.87883122309932	0.173840278029042	0.104938271604938	FALSE	C_weak_or_non_dependent	FALSE	0.144439289138061	0.289557425044409
LCT	glycolysis	Tier 2	ENSG00000115850	162	-0.0552478923102159	-0.0410597264553857	0.201990084252099	0.103606056654454	0.0477239251859527	-0.702702122810252	0.879857546072466	1.58255966888272	0	0.0185185185185185	85	-0.0522651859492866	-0.046613016223945	0	0.0235294117647059	59	-0.0534465334785573	-0.0590076427780853	0	0.0169491525423729	11	-0.102199648587588	-0.0294949739134392	0	0	4	-0.111937663217856	-0.0892785958027559	0	0	3	0.66483625472346	0.491146904476243	0	0	-0.472817800889054	0.678163033985299	2.66114006592763	0.167461373003862	0.104938271604938	FALSE	C_weak_or_non_dependent	FALSE	0.144439289138061	0.289557425044409
RXRB	cholesterol/isoprenoid;fatty-acid synthesis;glycolysis	Tier 2	ENSG00000204231	162	0.123083065361124	0.138102198494954	0.208407347758705	0.1036005896767	0.0398069548175144	-0.630068284936077	0.728142382563948	1.35821066750002	0	0.00617283950617284	85	0.15851323776964	0.167063987756851	0	0.0117647058823529	59	0.10553112092109	0.113989898167168	0	0	11	0.0999832125067377	0.105819465227546	0	0	4	0.120754421548775	0.122849988070975	0	0	3	-0.0104646726200051	-0.0695669549332027	0	0	-0.472817800889054	-0.272339452716938	1.69568987016307	0.138559307390461	0.104938271604938	FALSE	C_weak_or_non_dependent	FALSE	0.144439289138061	0.289557425044409
TCIRG1	OXPHOS;iron	Tier 1;Tier 2	ENSG00000110719	162	-0.0175459071410513	-0.0297714130569863	0.210970230415485	0.103594882045721	0.037555249707325	-0.770823927573787	0.508478249396176	1.27930217696996	0	0.0246913580246914	85	-0.0277257940920105	-0.0284510474394652	0	0.0235294117647059	59	-0.0304236304394989	-0.0492006357032771	0	0.0169491525423729	11	0.118646056740606	0.0702494538878401	0	0	4	-0.0630975274350567	-0.0557963465703266	0	0	3	0.0532859724953133	-0.0171169942896063	0	0.333333333333333	-0.472817800889054	-0.609347798420183	1.54238953112757	0.180455937289462	0.104938271604938	FALSE	C_weak_or_non_dependent	FALSE	0.144439289138061	0.289557425044409
GNG12	glutamine/glutamate	Tier 1	ENSG00000172380	162	0.104630308229907	0.110093763355276	0.204544773315111	0.103570451472081	0.037837898342285	-0.722048522584834	0.812518238262561	1.53456676084739	0	0.00617283950617284	85	0.115370717967517	0.120156153798797	0	0	59	0.110268975446763	0.116304084212313	0	0	11	0.0909603353342755	0.12014832085632	0	0	4	0.00191407947415213	0.0284068433002361	0	0	3	-0.0350955515862442	-0.225094426829998	0	0.333333333333333	-0.472817800889054	0.305205007558698	3.5083617062266	0.114285474619377	0.104938271604938	FALSE	C_weak_or_non_dependent	FALSE	0.144439289138061	0.289557425044409
SLC5A8	NAD	Tier 1	ENSG00000256870	162	-0.00674686358633801	0.016855082736146	0.212600669732077	0.1034963330775	0.0520700142873492	-0.636426959622648	1.12983664854489	1.76626360816754	0.00308641975308642	0.0185185185185185	85	-0.0202223936459748	-0.0168785534513729	0.00588235294117647	0.0352941176470588	59	0.0184574963115116	0.0470253375872034	0	0	11	0.113983700583879	0.0598041142509526	0	0	4	0.0433395611145153	0.0261884173716958	0	0	3	0.0418518124951852	0.209368867576693	0	0	-0.472817800889054	0.495247338371963	3.37417975749957	0.132041452455576	0.104938271604938	FALSE	C_weak_or_non_dependent	FALSE	0.144439289138061	0.289557425044409
SLC36A1	amino-acid transport	Tier 1	ENSG00000123643	162	0.0162527916765539	0.0224085573666769	0.212135059412758	0.103471883103189	0.0440001436573393	-0.743916182876947	0.974205873219885	1.71812205609683	0	0.0123456790123457	85	-0.00315595757508567	-0.00375443064098273	0	0.0235294117647059	59	0.041316323801207	0.0540163793560372	0	0	11	0.13830828415482	0.0205342343415223	0	0	4	-0.0450974019840508	-0.0345336119254832	0	0	3	0.319944178498885	0.224868128608063	0	0	-0.472817800889054	0.419115357353014	3.64326095929034	0.121202039662599	0.104938271604938	FALSE	C_weak_or_non_dependent	FALSE	0.144439289138061	0.289557425044409
PSAP	sphingolipid	Tier 1	ENSG00000197746	162	0.0679558634933438	0.068213749028445	0.204361437513892	0.103365982219169	0.037720375111667	-0.467982269063585	0.672679569133541	1.14066183819713	0.00308641975308642	0	85	0.05737945031101	0.0712856671993003	0.00588235294117647	0	59	0.0696314840615667	0.0644716145175516	0	0	11	0.14688934310018	0.124498911191031	0	0	4	-0.0621226512620885	-0.0483211629667217	0	0	3	-0.0436433661223969	0.00377233429919072	0	0	-0.472817800889054	0.207227793654037	0.674118451283581	0.154949952058539	0.104938271604938	FALSE	C_weak_or_non_dependent	FALSE	0.144439289138061	0.289557425044409
CPS1	arginine;glutamine/glutamate	Tier 1	ENSG00000021826	162	0.159553567819224	0.149725676832698	0.209029904672083	0.103321619705435	0.0399150498441045	-0.653487590985548	0.82365862973139	1.47714622071694	0	0.00617283950617284	85	0.182054630535651	0.183478395315611	0	0.0117647058823529	59	0.104187845140732	0.121587328976098	0	0	11	0.0814727775832486	0.0787784692067229	0	0	4	0.137470154597238	0.139297560670649	0	0	3	0.10348346427401	0.020830077174568	0	0	-0.472817800889054	-0.126924677470791	1.91423774250125	0.127476482764882	0.104938271604938	FALSE	C_weak_or_non_dependent	FALSE	0.144439289138061	0.289557425044409
ACP1	riboflavin	Tier 1	ENSG00000143727	162	0.130281580206284	0.119550611292233	0.210338731378287	0.103156816043424	0.0443311252312079	-0.870425870817668	0.653601872372687	1.52402774319036	0	0.00617283950617284	85	0.101450921159234	0.0848694332768804	0	0.0117647058823529	59	0.15857278337712	0.152693480466124	0	0	11	0.191034052901389	0.166833913295135	0	0	4	0.129228010464558	0.12753232017456	0	0	3	0.244605449660584	0.266359842120274	0	0	-0.472817800889054	-0.704115301295519	2.62752160665385	0.172240494079363	0.104938271604938	FALSE	C_weak_or_non_dependent	FALSE	0.144439289138061	0.289557425044409
ACOT8	cholesterol/isoprenoid;fatty-acid oxidation	Tier 1	ENSG00000101473	162	0.0984256476666252	0.0924857029191171	0.20293032005244	0.102907974029564	0.0391154491560788	-0.659589466817896	0.620670963203566	1.28026043002146	0	0.0185185185185185	85	0.105278197176863	0.0926923572742404	0	0.0352941176470588	59	0.0824874871759896	0.0901857837506155	0	0	11	0.0961100979397706	0.0643825421153571	0	0	4	0.139005059905127	0.0693376176439555	0	0	3	0.375001793224762	0.265771276485157	0	0	-0.472817800889054	-0.43929487248571	1.69930491527085	0.15381329183858	0.104938271604938	FALSE	C_weak_or_non_dependent	FALSE	0.144439289138061	0.289557425044409
GRM5	glutamine/glutamate	Tier 1	ENSG00000168959	162	0.151449257380701	0.154416277808715	0.200673952037674	0.102554155360244	0.0674374729701751	-0.863939451328445	0.816606138588972	1.68054558991742	0.00617283950617284	0.0308641975308642	85	0.15364443792002	0.177326716628461	0	0.0117647058823529	59	0.146713416028542	0.147874571695077	0	0.0508474576271187	11	0.178582326442869	0.0512878076947705	0.0909090909090909	0.0909090909090909	4	0.171453367873271	0.175510876196046	0	0	3	0.130211293786472	-0.0160476759478605	0	0	-0.472817800889054	-0.683948634721584	2.36605477835657	0.174263883060175	0.104938271604938	FALSE	C_weak_or_non_dependent	FALSE	0.144439289138061	0.289557425044409
S1PR5	sphingolipid	Tier 1	ENSG00000180739	162	-0.037993018749425	-0.0291423600447011	0.207097316399561	0.10242962868309	0.0500685676335069	-0.800677224173021	0.923522381427978	1.724199605601	0.00617283950617284	0.0246913580246914	85	-0.0481487085245675	-0.0398282455373004	0.0117647058823529	0.0235294117647059	59	-0.0200180175643254	-0.0134925797189644	0	0	11	-0.0853361542838038	-0.0786810087286334	0	0.0909090909090909	4	0.0223277702487946	0.0298386436283981	0	0	3	-0.0239643559608718	0.0688457561164117	0	0.333333333333333	-0.472817800889054	0.647385516597207	3.16304345051771	0.153920190397752	0.104938271604938	FALSE	C_weak_or_non_dependent	FALSE	0.144439289138061	0.289557425044409
MTHFR	folate;serine/glycine/one-carbon	Tier 1	ENSG00000177000	162	-0.0464903395983206	-0.0530093459487197	0.203437348716672	0.10226161069429	0.0427688100842851	-1.11453003805221	0.792825573736687	1.9073556117889	0	0.0246913580246914	85	-0.0330036415198947	-0.0587862971971479	0	0.0470588235294118	59	-0.066330154821596	-0.0622373310767809	0	0	11	0.00518656246324503	0.0333974481907837	0	0	4	-0.108640112620368	-0.0978203593420706	0	0	3	-0.0172980613843206	0.0350777529549094	0	0	-0.472817800889054	-0.368620951638547	5.1890217684226	0.101005452362218	0.104938271604938	FALSE	C_weak_or_non_dependent	FALSE	0.144439289138061	0.289557425044409
TUBB1	iron	Tier 1	ENSG00000101162	162	0.111470617983149	0.0965617153482571	0.203039568606705	0.102022087439327	0.0406222593754328	-0.787766968400613	0.642306104619535	1.43007307302015	0	0.0123456790123457	85	0.0914213681333323	0.0620605913193084	0	0.0235294117647059	59	0.0890864551250443	0.117221251742021	0	0	11	0.242384619122308	0.223945719400418	0	0	4	0.14010870710611	0.125952285161247	0	0	3	0.0313871700220879	0.161527239149201	0	0	-0.472817800889054	-0.651435703073859	2.25538778105578	0.171360649039687	0.104938271604938	FALSE	C_weak_or_non_dependent	FALSE	0.144439289138061	0.289557425044409
CKMT2	arginine	Tier 1	ENSG00000131730	162	-0.0529909840690531	-0.0269947633215017	0.198190079647534	0.102007019056204	0.0335300751969524	-0.545589519653286	0.614427725387868	1.16001724504115	0	0.00617283950617284	85	-0.022713489898941	0.0064046970251118	0	0	59	-0.0842556003448569	-0.0863783579591184	0	0.0169491525423729	11	-0.0651458194163787	-0.0243097681386138	0	0	4	-0.035388262799786	-0.0604011012221278	0	0	3	0.0500492639000451	0.229261356261155	0	0	-0.472817800889054	0.500156453576671	0.958333048805841	0.178210509134437	0.104938271604938	FALSE	C_weak_or_non_dependent	FALSE	0.144439289138061	0.289557425044409
ENO2	glycolysis	Tier 1;Tier 2	ENSG00000111674	162	-0.0545010861473208	-0.0609934576396088	0.198759015721097	0.101896046893263	0.0388196252646393	-0.728332838128654	0.482017384973025	1.21035022310168	0.00617283950617284	0.0493827160493827	85	-0.0324537638018261	-0.0406576642091908	0.0117647058823529	0.0470588235294118	59	-0.0870745685902729	-0.0798816278596554	0	0.0508474576271187	11	-0.031922926737914	-0.0342791126159138	0	0	4	-0.0991081857056662	-0.099538177903007	0	0	3	-0.156847889717386	-0.312266561909555	0	0.333333333333333	-0.472817800889054	-0.248147014599522	1.0538677925153	0.149295208541257	0.104938271604938	FALSE	C_weak_or_non_dependent	FALSE	0.144439289138061	0.289557425044409
GALM	glycolysis	Tier 1	ENSG00000143891	162	-0.00628624915422833	0.0173276857556423	0.218613460286692	0.101617614888895	0.0429008272264801	-0.495879515332708	0.866899357684927	1.36277887301764	0	0.0123456790123457	85	0.00847585089328381	0.0214759563842881	0	0.0235294117647059	59	-0.0136661993153431	0.000969188811839847	0	0	11	0.122590059868491	0.0553679657440012	0	0	4	-0.0872895414579477	-0.0602838586537693	0	0	3	-0.0746585411411472	0.185511490427357	0	0	-0.472817800889054	0.745519919646567	2.02650199546365	0.192472707618633	0.104938271604938	FALSE	C_weak_or_non_dependent	FALSE	0.144439289138061	0.289557425044409
ACOT11	fatty-acid oxidation	Tier 1	ENSG00000162390	162	0.0409336083172801	0.0585498847380862	0.200806022528744	0.101554971260214	0.0404483635009501	-0.451428107630883	0.819222265931064	1.27065037356195	0	0	85	0.0438234101779876	0.0552420495425895	0	0	59	0.0380431052344377	0.0651528260649667	0	0	11	-0.0266842682756253	0.0519762391435239	0	0	4	-0.0520402881204619	-0.0329355661537037	0	0	3	0.0683186626099415	0.168498004217626	0	0	-0.472817800889054	0.45934999125392	1.40487093435061	0.162298114372548	0.104938271604938	FALSE	C_weak_or_non_dependent	FALSE	0.144439289138061	0.289557425044409
SLC5A9	glucose transport	Tier 1	ENSG00000117834	162	0.0807767157688003	0.0487927877912334	0.185738096053018	0.101412783487032	0.0339790244356215	-0.709465243040359	0.472452068789082	1.18191731182944	0	0.00617283950617284	85	0.0712706214196169	0.0324127756529155	0	0.0117647058823529	59	0.0614470990578861	0.0553645369674774	0	0	11	0.136064049827128	0.127168113338926	0	0	4	0.119912381792876	0.100416817989897	0	0	3	0.102997439245974	0.0274404973043534	0	0	-0.472817800889054	-0.635503523718657	1.28944876861743	0.191101572583519	0.104938271604938	FALSE	C_weak_or_non_dependent	FALSE	0.144439289138061	0.289557425044409
ABCA1	cholesterol/isoprenoid	Tier 2	ENSG00000165029	162	-0.0172634242563308	-0.0231390924208183	0.200219737022945	0.101407678957407	0.0483147600611227	-1.0533378281403	0.636412644926173	1.68975047306648	0.00925925925925926	0.037037037037037	85	-0.0186808057407815	-0.0417198028048134	0.0176470588235294	0.0470588235294118	59	-0.0138950921497334	0.00537681850999549	0	0	11	-0.0756176377517794	-0.138474948286931	0	0.181818181818182	4	-0.0259649178836879	-0.03006742864409	0	0	3	0.276204278841902	0.37463737329315	0	0	-0.472817800889054	-0.753724646347916	3.6790000489388	0.16106672758875	0.104938271604938	FALSE	C_weak_or_non_dependent	FALSE	0.144439289138061	0.289557425044409
PRDX3	OXPHOS	Tier 2	ENSG00000165672	162	-0.101239412872869	-0.121946068432216	0.2084822577871	0.101366610336843	0.055632292347578	-0.906681619256325	1.11745556431365	2.02413718356998	0.0339506172839506	0.0493827160493827	85	-0.0669043296514623	-0.0871167334167204	0.0352941176470588	0.0705882352941176	59	-0.154987245502454	-0.155504096223555	0.0254237288135593	0.0338983050847458	11	-0.194015844245312	-0.200369352319894	0.0909090909090909	0	4	-0.151051733997187	-0.155326855385655	0	0	3	-0.14116896179667	-0.116742923782164	0	0	-0.472817800889054	0.255413444220293	5.27212907465323	0.0940286043884704	0.104938271604938	FALSE	C_weak_or_non_dependent	FALSE	0.144439289138061	0.289557425044409
ARG2	arginine	Tier 1	ENSG00000081181	162	0.116192174578677	0.0984501881989182	0.199157897464214	0.101204598468684	0.0483856924279309	-0.719780105751346	0.804469608823885	1.52424971457523	0	0.0246913580246914	85	0.13750293631172	0.107490683277879	0	0.0352941176470588	59	0.0678778305612898	0.0890211503559527	0	0.0169491525423729	11	0.129097536664707	0.0769642801350807	0	0	4	0.126123636501251	0.110515999337999	0	0	3	0.148416960559419	0.0904344865886551	0	0	-0.472817800889054	-0.692957832329891	2.86489802146963	0.165910518931707	0.104938271604938	FALSE	C_weak_or_non_dependent	FALSE	0.144439289138061	0.289557425044409
SRD5A3	glycolysis	Tier 2	ENSG00000128039	162	-0.0489737934690926	-0.0612083931896744	0.199117663861382	0.101144222090135	0.0525958812282775	-1.20584254247605	0.5397454673463	1.74558800982235	0.0339506172839506	0.0432098765432099	85	-0.0715773414424452	-0.0865254030748881	0.0294117647058824	0.0470588235294118	59	-0.0340853022096807	-0.0230659067091992	0.0338983050847458	0.0338983050847458	11	0.0385234551275206	0.0615322245257284	0	0	4	-0.113568947324362	-0.0953200456604369	0	0	3	-0.300879993625549	-0.498595408886755	0.333333333333333	0.333333333333333	-0.472817800889054	-1.55639753763058	6.77843955754248	0.266640459513861	0.104938271604938	FALSE	C_weak_or_non_dependent	FALSE	0.144439289138061	0.289557425044409
STC2	glycolysis	Tier 2	ENSG00000113739	162	0.0631256232658776	0.0631836031283295	0.204797103627998	0.100991044113615	0.0399947964329794	-0.705368076843929	0.673514915141591	1.37888299198552	0	0.0123456790123457	85	0.071889620545	0.0722028690773254	0	0.0235294117647059	59	0.0443739529933348	0.0505276882354731	0	0	11	0.0788082270075085	0.0720340196512939	0	0	4	0.00983394937981708	0.024268649209179	0	0	3	0.0966397574634264	0.0759724721076186	0	0	-0.472817800889054	-0.167300718530383	2.36735596418802	0.122029920856637	0.104938271604938	FALSE	C_weak_or_non_dependent	FALSE	0.144439289138061	0.289557425044409
TAS2R7	glutamine/glutamate	Tier 1	ENSG00000121377	162	0.0407176142203135	0.0466772296936046	0.21798028662123	0.100556928468949	0.0593707707500797	-1.75580309625148	0.859340816903389	2.61514391315487	0.00617283950617284	0.0123456790123457	85	0.0206050255275001	0.0366259421321929	0.0117647058823529	0.0235294117647059	59	0.047439450633013	0.0601544877800739	0	0	11	-0.0402287569725972	-0.00774591925062987	0	0	4	0.0548400467944074	0.0343133852197142	0	0	3	0.259095633879247	0.282447640327087	0	0	-0.472817800889054	-2.28232472829817	17.6067317712962	0.262387997315266	0.104938271604938	FALSE	C_weak_or_non_dependent	FALSE	0.144439289138061	0.289557425044409
CAPN5	glycolysis	Tier 2	ENSG00000149260	162	0.0414553925834173	0.047216215371877	0.207837031078009	0.100334231429723	0.0434137229945036	-1.02112976738565	0.747120100585782	1.76824986797143	0	0.0123456790123457	85	0.0303448777252976	0.0355480476970437	0	0.0235294117647059	59	0.037759371701973	0.0608855096176844	0	0	11	0.0887982252452251	0.114250314074966	0	0	4	-0.0173275730544004	-0.0312190564323485	0	0	3	0.0081528112870423	-0.0322264868477533	0	0	-0.472817800889054	-0.541376719666551	4.49800063739777	0.122512815732382	0.104938271604938	FALSE	C_weak_or_non_dependent	FALSE	0.144439289138061	0.289557425044409
ABCD1	fatty-acid oxidation	Tier 1	ENSG00000101986	162	-0.0316110126100619	-0.0288259859085677	0.199826438458245	0.0999703146715985	0.042454535544585	-0.641971676460889	0.65023739249064	1.29220906895153	0.0123456790123457	0.0308641975308642	85	-0.0416941531512722	-0.0308722275595749	0	0.0352941176470588	59	-0.0263592304568979	-0.0293170673871716	0.0169491525423729	0.0169491525423729	11	0.00914654579990205	-0.0286706042995133	0.0909090909090909	0.0909090909090909	4	-0.0646641613355633	-0.0669789034054268	0	0	3	-0.0225242438099067	0.0891096207117912	0	0	-0.472817800889054	-0.08453522747718	1.14464391201209	0.13985489130958	0.104938271604938	FALSE	C_weak_or_non_dependent	FALSE	0.144439289138061	0.289557425044409
RIMS1	glutamine/glutamate	Tier 1	ENSG00000079841	162	0.0284447742848773	0.0220655567413604	0.197511347634751	0.0999679593896278	0.0468949960480949	-0.870822751411521	0.890598956271321	1.76142170768284	0	0.0246913580246914	85	0.0290265519134943	0.0115108608606066	0	0.0235294117647059	59	0.0261948052495431	0.0520490567962039	0	0	11	0.0877146873356401	0.0707090709237308	0	0	4	-0.00570951013032264	-0.0815596385017927	0	0	3	-0.47378643784049	-0.308752852727026	0	0.666666666666667	-0.472817800889054	-0.176735788709551	3.06918795175336	0.113000849074357	0.104938271604938	FALSE	C_weak_or_non_dependent	FALSE	0.144439289138061	0.289557425044409
UNC13B	glutamine/glutamate	Tier 1	ENSG00000198722	162	-7.50540810989481e-05	-0.00907142237714801	0.199052173648345	0.099892725071014	0.0471668796418483	-0.849782058087524	1.15566492835092	2.00544698643845	0.00617283950617284	0.0185185185185185	85	-0.00237851147319265	-0.0132726274678238	0.0117647058823529	0.0352941176470588	59	0.00452913270482321	-0.00787442443664276	0	0	11	0.049041388385092	0.00622568257216329	0	0	4	-0.0555924242415679	-0.0749112208326946	0	0	3	0.189452366303792	0.118118775488651	0	0	-0.472817800889054	0.333337799845988	5.4979210859385	0.0961616996364248	0.104938271604938	FALSE	C_weak_or_non_dependent	FALSE	0.144439289138061	0.289557425044409
G6PD	PPP;glycolysis	Tier 1;Tier 2	ENSG00000160211	162	-0.223053103289508	-0.225141986027827	0.197785974499563	0.0998131681906715	0.035614303350217	-1.28064423400553	0.331388337304509	1.61203257131004	0.0771604938271605	0.0679012345679012	85	-0.258021005494821	-0.247486690573465	0.0647058823529412	0.0823529411764706	59	-0.191062630756379	-0.180386001042338	0.0508474576271187	0.0338983050847458	11	-0.31860246365208	-0.300306203356969	0.272727272727273	0.181818181818182	4	-0.240050415259039	-0.229141995605971	0.25	0	3	-0.28576336510414	-0.191307585638319	0	0	-0.472817800889054	-0.660133108135556	5.50625401863107	0.124170088706281	0.104938271604938	FALSE	C_weak_or_non_dependent	FALSE	0.144439289138061	0.289557425044409
CALM1	glutamine/glutamate	Tier 1	ENSG00000198668	162	0.0566007435154741	0.0628710406214981	0.196118121661116	0.0997163251690098	0.0409124060758762	-1.11706704160448	0.691485731836922	1.8085527734414	0	0.00617283950617284	85	0.0440911086872022	0.0499777911391891	0	0.0117647058823529	59	0.0619855468591364	0.0619331589753132	0	0	11	0.0648787403229358	0.119240710652526	0	0	4	0.15227257904996	0.130914769083604	0	0	3	0.00681529932034004	0.149211020265314	0	0	-0.472817800889054	-0.852558274327504	6.73571214154019	0.134990388284946	0.104938271604938	FALSE	C_weak_or_non_dependent	FALSE	0.144439289138061	0.289557425044409
PCCB	BCAA;fatty-acid oxidation	Tier 1	ENSG00000114054	162	0.087553830632881	0.0865400742694737	0.1969222287169	0.0991800200000014	0.0368707766187675	-0.787707109917258	0.652242234872181	1.43994934478944	0	0.0123456790123457	85	0.0646627703860862	0.0470653201527263	0	0.0235294117647059	59	0.116015803303019	0.128832546083157	0	0	11	0.12376335381841	0.110975630851822	0	0	4	0.121615201615838	0.0923893736044459	0	0	3	0.261657609148754	0.275843388659633	0	0	-0.472817800889054	-0.693815781968614	3.07846923939945	0.162161945978118	0.104938271604938	FALSE	C_weak_or_non_dependent	FALSE	0.144439289138061	0.289557425044409
ESYT2	sphingolipid	Tier 1	ENSG00000117868	162	-0.0322938369630681	-0.0206093978237971	0.196446532149637	0.0991168858901378	0.0409353318020925	-0.59291153477206	0.594505122069897	1.18741665684196	0.00617283950617284	0.0185185185185185	85	-0.061015903044993	-0.0484341963748641	0	0.0235294117647059	59	0.0129066600558583	0.0269236409547974	0	0	11	0.0458620462637773	0.0422556259025855	0	0	4	-0.228824209404894	-0.21422065686868	0.25	0	3	-0.0672394352155765	-0.139413276459484	0	0.333333333333333	-0.472817800889054	0.317049908819753	1.03407546171807	0.1552040792983	0.104938271604938	FALSE	C_weak_or_non_dependent	FALSE	0.144439289138061	0.289557425044409
DEGS2	sphingolipid	Tier 1	ENSG00000168350	162	0.0756618829480255	0.0779452153968852	0.20157630422051	0.0989542074711566	0.045835481430134	-0.849259887327919	0.798940749172938	1.64820063650086	0	0.00617283950617284	85	0.0746781219208155	0.0949172057825724	0	0	59	0.0743382049095133	0.0649864091677536	0	0	11	0.0860308959790982	0.0963690876351098	0	0	4	0.0233053932299336	0.0432463315831114	0	0	3	0.120603524583766	-0.169360342813125	0	0.333333333333333	-0.472817800889054	-0.116031794582515	2.60109929199455	0.117057557382164	0.104938271604938	FALSE	C_weak_or_non_dependent	FALSE	0.144439289138061	0.289557425044409
SLC2A6	glucose transport	Tier 1	ENSG00000160326	162	0.124599860733166	0.118893072888991	0.195907335016486	0.0988010556355954	0.0288326962613922	-0.304294475688648	0.599521571399652	0.9038160470883	0	0	85	0.0835008133288017	0.0819024343879879	0	0	59	0.166520277368904	0.161104866538994	0	0	11	0.203717724725222	0.149684360851854	0	0	4	0.144264769906155	0.168605944692042	0	0	3	0.0540686113141561	0.157610670366102	0	0	-0.472817800889054	-0.0392066782146324	0.260114614210553	0.158550437924549	0.104938271604938	FALSE	C_weak_or_non_dependent	FALSE	0.144439289138061	0.289557425044409
H4C1	arginine	Tier 2	ENSG00000278637	162	0.098501698788924	0.091111385519257	0.205850708904313	0.0985543411748587	0.0488225778850259	-0.896088538706762	0.636459926309488	1.53254846501625	0	0.0185185185185185	85	0.0955839521712052	0.0854639388152946	0	0.0235294117647059	59	0.101985698676558	0.0967309449143462	0	0.0169491525423729	11	0.144993737265684	0.177551291469486	0	0	4	0.139607498283781	0.142152075642595	0	0	3	-0.353354952340632	-0.244396201287184	0	0	-0.472817800889054	-0.985005015338488	3.54712112314515	0.205150679463517	0.104938271604938	FALSE	C_weak_or_non_dependent	FALSE	0.144439289138061	0.289557425044409
APOC4	cholesterol/isoprenoid	Tier 2	ENSG00000267467	162	-0.0550800445011539	-0.0378652840055761	0.193544855069442	0.0985430219853221	0.0460421046370939	-0.527580621547519	1.03796166128712	1.56554228283464	0.0123456790123457	0.0123456790123457	85	-0.0204962154052505	0.0113491348606905	0	0.0235294117647059	59	-0.0825931020616275	-0.100520457605757	0.0169491525423729	0	11	-0.0823405579100091	-0.0822658940046163	0.0909090909090909	0	4	-0.0272859026407812	-0.0232680628039255	0	0	3	-0.0719730852411797	-0.056716129351958	0	0	-0.472817800889054	1.0719843873667	3.55914464779506	0.223500457415619	0.104938271604938	FALSE	C_weak_or_non_dependent	FALSE	0.144439289138061	0.289557425044409
SAT2	arginine	Tier 1	ENSG00000141504	162	-0.147704905074471	-0.144031176714046	0.187425940509389	0.0983509904163819	0.0522657003936835	-1.11057022011402	0.918280272144235	2.02885049225825	0.037037037037037	0.0493827160493827	85	-0.124385106982072	-0.113356655329792	0.0117647058823529	0.0235294117647059	59	-0.169447226743439	-0.179292202343801	0.0677966101694915	0.0338983050847458	11	-0.316163961956459	-0.314057985274075	0.0909090909090909	0.363636363636364	4	-0.115381227056907	-0.0973542301727712	0	0	3	0.00588409169969251	0.241519924115679	0	0	-0.472817800889054	0.0655342188306933	4.85183528949883	0.0920648565138584	0.104938271604938	FALSE	C_weak_or_non_dependent	FALSE	0.144439289138061	0.289557425044409
GLYAT	serine/glycine/one-carbon	Tier 1	ENSG00000149124	162	0.0273068343144748	0.0326535633745585	0.20047818070153	0.0983078784740405	0.0424961158822002	-0.664882012046443	0.582411176349467	1.24729318839591	0	0.0123456790123457	85	0.0281363004211749	0.0356770563475445	0	0.0117647058823529	59	0.0236663567059477	0.0279439665280374	0	0	11	0.100358928635557	0.0784149098992003	0	0	4	-0.0717870585379075	-0.0692914217593869	0	0	3	0.113511765271326	0.00774504337644477	0	0.333333333333333	-0.472817800889054	-0.0370474062680517	0.813839412602351	0.145748286664595	0.104938271604938	FALSE	C_weak_or_non_dependent	FALSE	0.144439289138061	0.289557425044409
G6PC3	glycolysis	Tier 1	ENSG00000141349	162	0.175438488242398	0.164742761891994	0.199203752048881	0.0981789837340724	0.0555648330570651	-0.817122916350129	0.933607229821907	1.75073014617204	0	0.0123456790123457	85	0.172331701819858	0.18030999708578	0	0.0117647058823529	59	0.16401089813128	0.154263531440626	0	0	11	0.175851004734612	0.0385946355566192	0	0.0909090909090909	4	0.157077373168868	0.153174828791082	0	0	3	0.26691190765259	0.407729670975895	0	0	-0.472817800889054	-0.21509024617934	2.55893995373216	0.121437430609568	0.104938271604938	FALSE	C_weak_or_non_dependent	FALSE	0.144439289138061	0.289557425044409
INSIG1	cholesterol/isoprenoid	Tier 2	ENSG00000186480	162	-0.0245893181003373	-0.0325126516775566	0.204796112316074	0.0979784644669679	0.0354430224375017	-0.638385263690099	0.73041832588605	1.36880358957615	0.00617283950617284	0.0185185185185185	85	-0.0479382445233987	-0.0532228988085213	0	0.0235294117647059	59	-0.0189353091796062	-0.0434067421781035	0.0169491525423729	0.0169491525423729	11	0.0940526978008315	0.0434159295889259	0	0	4	0.00484149613707438	0.00512410882281125	0	0	3	0.39187155605426	0.439940984899603	0	0	-0.472817800889054	0.250462094514949	2.1755091843793	0.129093957149444	0.104938271604938	FALSE	C_weak_or_non_dependent	FALSE	0.144439289138061	0.289557425044409
HAO1	serine/glycine/one-carbon	Tier 1	ENSG00000101323	162	0.0848015037198077	0.0810536117563039	0.194171691600692	0.0978915595017113	0.0358619510631504	-0.796646720790502	0.634479609117218	1.43112632990772	0	0.00617283950617284	85	0.116633980569335	0.0928845757562065	0	0	59	0.0828650076772454	0.0730439200552762	0	0.0169491525423729	11	0.0846899662576248	0.0784847470971625	0	0	4	0.0349307916835907	0.0323134002390695	0	0	3	-0.0478449123950423	-0.0222269790142245	0	0	-0.472817800889054	-0.266282257502868	3.02993298978028	0.117854840691551	0.104938271604938	FALSE	C_weak_or_non_dependent	FALSE	0.144439289138061	0.289557425044409
PPFIA3	glutamine/glutamate	Tier 1	ENSG00000177380	162	-0.0751013308678244	-0.0653413326185104	0.195138017109203	0.0978257352894394	0.0397639455037718	-0.613377223667498	0.648459610796556	1.26183683446405	0.00617283950617284	0.037037037037037	85	-0.0648503659140779	-0.0537368746149252	0.0117647058823529	0.0352941176470588	59	-0.0820714683323579	-0.0689762181958311	0	0.0338983050847458	11	-0.0638403273997312	-0.12876081103915	0	0.0909090909090909	4	-0.168606660653391	-0.140700800007865	0	0	3	-0.280726042130007	0.0103691510287015	0	0	-0.472817800889054	0.201393335231425	1.44342043415778	0.138738607498971	0.104938271604938	FALSE	C_weak_or_non_dependent	FALSE	0.144439289138061	0.289557425044409
GNG8	glutamine/glutamate	Tier 1	ENSG00000167414	162	-0.0829457441401687	-0.0712301609254063	0.189158165190365	0.0977688860136268	0.0371094006460175	-0.774620009543112	0.460270891391725	1.23489090093484	0.00925925925925926	0.0185185185185185	85	-0.0732308088287085	-0.0573207959912745	0.0176470588235294	0.0117647058823529	59	-0.0869794042861951	-0.0790567393371855	0	0.0169491525423729	11	-0.0913467020572581	-0.0826243350482785	0	0.0909090909090909	4	-0.0978287174025755	-0.0939877353817157	0	0	3	-0.206912352176338	-0.239284054235205	0	0	-0.472817800889054	0.13336688484394	1.10364987965476	0.142141607445775	0.104938271604938	FALSE	C_weak_or_non_dependent	FALSE	0.144439289138061	0.289557425044409
CHPF	glycolysis	Tier 2	ENSG00000123989	162	0.0504336453723647	0.042307426350416	0.209730477470536	0.0977568405270227	0.0431601505616513	-0.621593858928352	1.01045945753722	1.63205331646557	0	0.0123456790123457	85	0.0204258705661797	0.0374013303529659	0	0.0117647058823529	59	0.0524692555116794	0.0307429435936345	0	0.0169491525423729	11	0.0411717523928965	0.0437425137747985	0	0	4	0.0626903025147043	0.0557831497442256	0	0	3	0.10889377432821	0.385518688747058	0	0	-0.472817800889054	0.528523796754203	3.51216290707721	0.133697651975188	0.104938271604938	FALSE	C_weak_or_non_dependent	FALSE	0.144439289138061	0.289557425044409
SLC25A10	glycolysis	Tier 2	ENSG00000183048	162	-0.12492811629242	-0.110751194210012	0.194083952756102	0.0977200630790396	0.0441103759583656	-0.739329871071523	0.859876400178424	1.59920627124995	0.0154320987654321	0.0308641975308642	85	-0.138947143217515	-0.136660428235129	0.0176470588235294	0.0470588235294118	59	-0.123359645378419	-0.123111181164448	0.0169491525423729	0.0169491525423729	11	-0.0195243416484822	0.026959389996908	0	0	4	-0.1397173527403	-0.146840756818508	0	0	3	0.58204997289893	0.409604121324862	0	0	-0.472817800889054	0.821336658219578	3.87175632988884	0.168665721111767	0.104938271604938	FALSE	C_weak_or_non_dependent	FALSE	0.144439289138061	0.289557425044409
S1PR4	sphingolipid	Tier 1	ENSG00000125910	162	0.0587702794117056	0.0526153637917441	0.196857923362633	0.0976628895574025	0.0302936170136924	-0.536091050298161	0.527125843855028	1.06321689415319	0	0.00617283950617284	85	0.0490886694541319	0.0230397737810691	0	0.0117647058823529	59	0.08930495198861	0.0828184149918432	0	0	11	0.1083612920699	0.102665122296171	0	0	4	-0.0304304390211595	-0.00270759780847378	0	0	3	0.185656474452134	0.186845241442977	0	0	-0.472817800889054	-0.227892341799322	0.567294151152929	0.158806220182478	0.104938271604938	FALSE	C_weak_or_non_dependent	FALSE	0.144439289138061	0.289557425044409
DDC	tryptophan	Tier 1	ENSG00000132437	162	-0.0115905862925847	0.00435360466122867	0.187202763707583	0.0973957622749686	0.0418841027190776	-0.504108088211858	1.03029114625044	1.53439923446229	0	0.00617283950617284	85	-0.0108330948912843	0.00675961296929012	0	0	59	-0.0211940649287065	0.00662787521495189	0	0.0169491525423729	11	-0.00610191588429721	0.032350968231995	0	0	4	-0.0886417475918842	-0.0608316067415827	0	0	3	-0.21909950767964	-0.124287336179463	0	0	-0.472817800889054	1.28957671235052	5.18438718790295	0.236899057205071	0.104938271604938	FALSE	C_weak_or_non_dependent	FALSE	0.144439289138061	0.289557425044409
MRI1	methionine	Tier 1	ENSG00000037757	162	0.0221473558056351	0.0161219829184809	0.187481558060746	0.0972170948473457	0.0502309868642795	-0.858932597332632	0.815452461031525	1.67438505836416	0.00617283950617284	0.0308641975308642	85	0.010493944187981	-0.0137254492570002	0.0117647058823529	0.0352941176470588	59	0.0281109667806677	0.0474282262356188	0	0.0338983050847458	11	0.00465747301584054	-0.00485678706855425	0	0	4	0.120637797848798	0.114418983427456	0	0	3	0.183874250905526	0.191969265260564	0	0	-0.472817800889054	-0.160114675423934	2.91947195747121	0.114261874090475	0.104938271604938	FALSE	C_weak_or_non_dependent	FALSE	0.144439289138061	0.289557425044409
SLC19A1	folate	Tier 1	ENSG00000173638	162	-0.00928656515246909	-4.3822029064233e-05	0.1920581730883	0.096670778051907	0.0344706564896201	-0.580639901200997	0.590920625438161	1.17156052663916	0	0.0123456790123457	85	-0.00960718308625907	0.0172821844239748	0	0.0117647058823529	59	-0.00444470054991126	-0.002543390451785	0	0.0169491525423729	11	-0.0397779447884706	-0.0318695395642182	0	0	4	-0.0901655839042811	-0.0695174803817801	0	0	3	-0.138869715498238	-0.232463317119142	0	0	-0.472817800889054	0.198171522230778	1.23442852690598	0.142538820371175	0.104938271604938	FALSE	C_weak_or_non_dependent	FALSE	0.144439289138061	0.289557425044409
CYP27A1	cholesterol/isoprenoid	Tier 1	ENSG00000135929	162	-0.0643121493802784	-0.056752107447657	0.189768438674229	0.096652313035865	0.0440175798816069	-0.801501854952354	0.896446170085654	1.69794802503801	0.00925925925925926	0.0308641975308642	85	-0.0683288677725746	-0.0623188353513967	0.0117647058823529	0.0470588235294118	59	-0.0827600567276166	-0.0773066518206688	0.00847457627118644	0.0169491525423729	11	-0.00314840683196255	0.076323979395519	0	0	4	-0.0406272686548398	-0.0410804979257868	0	0	3	-0.023350884181265	-0.00362990862660791	0	0	-0.472817800889054	0.276761311813259	3.24721649608887	0.115714098830482	0.104938271604938	FALSE	C_weak_or_non_dependent	FALSE	0.144439289138061	0.289557425044409
PGM1	PPP;glycolysis	Tier 1	ENSG00000079739	162	0.0316538932767534	0.00912569017795826	0.191914202824426	0.0962768234876861	0.0643760779275573	-1.32001392045169	0.660398241989542	1.98041216244124	0.00617283950617284	0.037037037037037	85	0.0133969528909272	-0.00680968904335764	0.0117647058823529	0.0470588235294118	59	0.0390329725151898	0.0229548807235432	0	0.0338983050847458	11	0.0556561580613576	0.0774829598988795	0	0	4	0.0271008103379813	0.0267663963638195	0	0	3	0.0193412888691433	-0.0855102431724537	0	0	-0.472817800889054	-1.47505881168868	6.2154967517143	0.258779495404521	0.104938271604938	FALSE	C_weak_or_non_dependent	FALSE	0.144439289138061	0.289557425044409
CHST1	glycolysis	Tier 2	ENSG00000175264	162	0.0576211026073765	0.0474673740214017	0.191099415259541	0.0957397144970484	0.0366892236998787	-0.639619597101726	0.537128089235136	1.17674768633686	0	0.0123456790123457	85	0.0308745508534242	0.0507414459838078	0	0	59	0.0793798153159433	0.0587688063771162	0	0.0338983050847458	11	0.0346226495127303	-0.0120804222654614	0	0	4	-0.0222349394407908	-0.0209575651439583	0	0	3	0.0468594834755147	0.042015670696491	0	0	-0.472817800889054	-0.199394143552378	1.13710235627976	0.144534814393751	0.104938271604938	FALSE	C_weak_or_non_dependent	FALSE	0.144439289138061	0.289557425044409
CXCR4	glycolysis	Tier 2	ENSG00000121966	162	0.058686484087418	0.0751145006377768	0.184188051740004	0.095713515935269	0.0325249685075034	-0.448256161039979	0.604419874424196	1.05267603546417	0	0	85	0.05344269773987	0.068952442758984	0	0	59	0.0612017024777331	0.0802283021646598	0	0	11	0.0242842320818527	0.0695256769716926	0	0	4	0.0781374734429016	0.0748416364333124	0	0	3	0.0279392327286929	0.169990882889799	0	0	-0.472817800889054	0.279000902018578	0.537844723900968	0.163443877027169	0.104938271604938	FALSE	C_weak_or_non_dependent	FALSE	0.144439289138061	0.289557425044409
FUT9	sphingolipid	Tier 1	ENSG00000172461	162	0.143434285591636	0.134276826769683	0.194599903730432	0.0954722289483185	0.0528741789970029	-1.33068892577587	0.722126913232919	2.05281583900879	0	0.0185185185185185	85	0.148785256218909	0.157543246199846	0	0.0117647058823529	59	0.1416600730212	0.144280249788297	0	0.0169491525423729	11	0.110314038529868	0.0924695241602488	0	0	4	0.185157097979945	0.186789893594606	0	0	3	-0.460056727332669	-0.638396355983022	0	0.333333333333333	-0.472817800889054	-1.82919812041549	9.81297490971338	0.27385310955398	0.104938271604938	FALSE	C_weak_or_non_dependent	FALSE	0.144439289138061	0.289557425044409
LPL	cholesterol/isoprenoid	Tier 2	ENSG00000175445	162	0.148169524958234	0.126009226987622	0.197676480417467	0.0954064952113799	0.0455506440298128	-0.940477854822176	0.766737096425299	1.70721495124748	0.00308641975308642	0.0123456790123457	85	0.159235020327914	0.126768816612078	0.00588235294117647	0.0235294117647059	59	0.129688966998455	0.125696210076624	0	0	11	0.135138735797284	0.106478745794154	0	0	4	0.15798915925302	0.146936371890985	0	0	3	0.1240431054984	0.154352424715898	0	0	-0.472817800889054	-1.05539810254794	4.20450063174183	0.206005199664322	0.104938271604938	FALSE	C_weak_or_non_dependent	FALSE	0.144439289138061	0.289557425044409
ABCG1	cholesterol/isoprenoid	Tier 2	ENSG00000160179	162	0.000637216868161908	0.00487019871745005	0.189085442415164	0.0952902124644935	0.0457727366015848	-1.0933330194557	0.876451866537235	1.96978488599293	0	0.0246913580246914	85	0.0233402899074688	0.0166355735076812	0	0.0352941176470588	59	-0.0115653731440807	-0.0155528452880443	0	0.0169491525423729	11	-0.0292584909235511	-0.0161243230907457	0	0	4	-0.0296575415431879	-0.0302802538525356	0	0	3	0.271217194881561	0.197018295158988	0	0	-0.472817800889054	-0.65462118598083	6.10988063036729	0.117413954904315	0.104938271604938	FALSE	C_weak_or_non_dependent	FALSE	0.144439289138061	0.289557425044409
TUBB2B	iron	Tier 1	ENSG00000137285	162	0.0094279214752008	0.0168360476072454	0.188832718074663	0.0952125848952393	0.0438348741812491	-0.821409876166112	0.677172830852432	1.49858270701854	0	0.0123456790123457	85	-0.00157604887919715	0.0162350946114975	0	0.0117647058823529	59	0.0189907572766098	0.0134363244424908	0	0.0169491525423729	11	-0.00161054940774695	0.0464301457632223	0	0	4	0.052899428617597	0.0740253972341027	0	0	3	0.031575759798851	-0.0840398880141136	0	0	-0.472817800889054	-0.0586497276524265	1.74697958846956	0.128585110283368	0.104938271604938	FALSE	C_weak_or_non_dependent	FALSE	0.144439289138061	0.289557425044409
SPNS2	sphingolipid	Tier 1	ENSG00000183018	162	0.0711798955002914	0.0932702182775416	0.200710544399914	0.0948224961199561	0.0399185062330851	-0.355463985332075	1.04366864662907	1.39913263196115	0	0	85	0.0622952721426856	0.100880717174554	0	0	59	0.0945449941724393	0.0894674107774094	0	0	11	0.0411112712533515	0.0494653046632243	0	0	4	0.116740308025304	0.113265897752717	0	0	3	0.0388345858897942	0.0863850743170525	0	0	-0.472817800889054	1.35011216308313	4.16802128047554	0.276075678265569	0.104938271604938	FALSE	C_weak_or_non_dependent	FALSE	0.144439289138061	0.289557425044409
ACADVL	OXPHOS;fatty-acid oxidation	Tier 1;Tier 2	ENSG00000072778	162	0.109517422670219	0.0996026532609202	0.18528829664396	0.0947624102953385	0.0370832224253218	-0.512536496914675	0.661048799921513	1.17358529683619	0	0.00617283950617284	85	0.125608979802453	0.106447409951422	0	0	59	0.0999783613243546	0.104695225417923	0	0	11	0.093754247487785	0.0615341159571623	0	0.0909090909090909	4	0.195077129248734	0.205470834922989	0	0	3	-0.215966231908897	-0.196058977493313	0	0	-0.472817800889054	-0.177533721227696	1.29562652819841	0.140297792000859	0.104938271604938	FALSE	C_weak_or_non_dependent	FALSE	0.144439289138061	0.289557425044409
SLC6A18	amino-acid transport	Tier 1	ENSG00000164363	162	0.034080826581372	0.0357602511385393	0.193687094210353	0.0946290504474151	0.0370287345528322	-0.620923406963471	0.510849879175464	1.13177328613894	0	0.0123456790123457	85	0.0190302519377084	0.00857923572500947	0	0.0235294117647059	59	0.0499997844324848	0.077381111520886	0	0	11	0.040246909262715	0.0599274838020205	0	0	4	-0.0197169333008337	-0.023552056277023	0	0	3	0.087137013145368	-0.0221846762096174	0	0	-0.472817800889054	-0.175152732172079	1.21061393053875	0.141823431894878	0.104938271604938	FALSE	C_weak_or_non_dependent	FALSE	0.144439289138061	0.289557425044409
NR1H3	cholesterol/isoprenoid;fatty-acid synthesis;glycolysis	Tier 2	ENSG00000025434	162	0.167325089736795	0.174461924397473	0.187348249856547	0.0943628792315154	0.0379035146982748	-0.36227193001224	1.17182319401262	1.53409512402486	0	0	85	0.167722483478912	0.164369669150937	0	0	59	0.145448880799744	0.164659899124094	0	0	11	0.21859753038328	0.199303740013619	0	0	4	0.196646724895601	0.154089832055273	0	0	3	0.326944748957244	0.589258452622848	0	0	-0.472817800889054	0.780506692239057	3.91603319147684	0.161358693204191	0.104938271604938	FALSE	C_weak_or_non_dependent	FALSE	0.144439289138061	0.289557425044409
ETFB	OXPHOS	Tier 1;Tier 2	ENSG00000105379	162	-0.0969537525672595	-0.0685819371288888	0.203694648376971	0.0940199258078607	0.0459069843401263	-0.773499666728682	0.9641528986464	1.73765256537508	0.0123456790123457	0.0185185185185185	85	-0.0866714967296563	-0.0406903397480209	0.0117647058823529	0.0235294117647059	59	-0.0822155241211846	-0.0816931153301268	0	0	11	-0.128598358396583	-0.162027863267743	0.0909090909090909	0.0909090909090909	4	-0.150230686579562	-0.15726705186247	0	0	3	-0.103825550671885	-0.140108809475226	0	0	-0.472817800889054	0.864009487534665	3.87692439702177	0.175817859607991	0.104938271604938	FALSE	C_weak_or_non_dependent	FALSE	0.144439289138061	0.289557425044409
GLB1L2	sphingolipid	Tier 1	ENSG00000149328	162	-0.0427337648949182	-0.0284819087607487	0.193286608719759	0.0936306718525234	0.0451745530855466	-0.97698231019423	0.556267257457765	1.53324956765199	0.00617283950617284	0.0185185185185185	85	-0.0333513159770259	-0.0337659365112053	0.0117647058823529	0.0352941176470588	59	-0.0485884946753205	-0.0330298748449206	0	0	11	-0.00285218607623025	-0.0178570923649826	0	0	4	0.0191418519519374	0.0126261262603757	0	0	3	0.225729942632225	0.116907170344931	0	0	-0.472817800889054	-0.279264140023444	2.49599673914057	0.126040447585361	0.104938271604938	FALSE	C_weak_or_non_dependent	FALSE	0.144439289138061	0.289557425044409
UQCC6	OXPHOS	Tier 1	ENSG00000204954	162	0.0464569971289513	0.0291972092142623	0.180930463117095	0.093428027872992	0.0478273936381181	-0.931035519669938	1.00769507307504	1.93873059274498	0.00308641975308642	0.0246913580246914	85	0.034209707328216	0.0129810703512685	0.00588235294117647	0.0470588235294118	59	0.0309927394421494	0.0391181809756255	0	0	11	0.107618674597391	0.110723609919746	0	0	4	0.101064212676219	0.0587361809690845	0	0	3	-0.0439405059978291	-0.0447733992342601	0	0	-0.472817800889054	-0.406227419854941	4.74824930523509	0.107822660170118	0.104938271604938	FALSE	C_weak_or_non_dependent	FALSE	0.144439289138061	0.289557425044409
GNB3	glutamine/glutamate	Tier 1	ENSG00000111664	162	-0.0611450498511537	-0.0522982737143831	0.187905027819283	0.0934158596186337	0.0446384551836121	-1.05472067563543	0.700328444311546	1.75504911994698	0.00617283950617284	0.0308641975308642	85	-0.0587368961715473	-0.0523554499550979	0.0117647058823529	0.0470588235294118	59	-0.0926932001394984	-0.0710331732866755	0	0	11	-0.02303851504487	0.00501614129473855	0	0	4	-0.0340052646072632	-0.00196400702700235	0	0	3	-0.00600755149451076	0.0405095340776647	0	0.333333333333333	-0.472817800889054	-0.219404097498964	3.93739169180612	0.104875551948065	0.104938271604938	FALSE	C_weak_or_non_dependent	FALSE	0.144439289138061	0.289557425044409
CLN3	sphingolipid	Tier 1	ENSG00000188603	162	0.228114588236183	0.24769356645226	0.18254268252059	0.092965340078121	0.044325060556597	-0.440489463685701	1.11125448567576	1.55174394936146	0	0	85	0.225322486822856	0.261389670058746	0	0	59	0.241181998669081	0.233221548585511	0	0	11	0.219963170135937	0.277903496969157	0	0	4	0.20100948469393	0.206462920894043	0	0	3	0.320042783264954	0.0884580978302162	0	0	-0.472817800889054	0.460374531754766	2.70076483781194	0.138389560122845	0.104938271604938	FALSE	C_weak_or_non_dependent	FALSE	0.144439289138061	0.289557425044409
MCOLN1	iron	Tier 1	ENSG00000090674	162	0.0828098717916524	0.0791056235171594	0.184885240144605	0.0927589902541661	0.0374773790440098	-0.644502082368012	0.604919724244058	1.24942180661207	0	0.0185185185185185	85	0.0764905569761961	0.0581449471252403	0	0.0235294117647059	59	0.095214489684571	0.104975153070982	0	0	11	0.110663540096722	0.132294288273596	0	0	4	0.0984192017321325	0.0920888428829357	0	0	3	-0.000250886597010488	-0.0481120231982835	0	0.333333333333333	-0.472817800889054	-0.466941926204263	2.15734671627239	0.148286415573817	0.104938271604938	FALSE	C_weak_or_non_dependent	FALSE	0.144439289138061	0.289557425044409
SLC2A8	glucose transport	Tier 1	ENSG00000136856	162	0.0517407474239135	0.0534884430389362	0.179582009596575	0.0905362996568569	0.0332241021501407	-0.628220697623826	0.692256777767876	1.3204774753917	0	0.0123456790123457	85	0.0565755675698733	0.0375012987249904	0	0.0235294117647059	59	0.051434205549007	0.0577331870562168	0	0	11	0.0392602822887379	0.066686186699662	0	0	4	0.0794584705018805	0.118595357119018	0	0	3	0.183178503213873	0.287776620731447	0	0	-0.472817800889054	-0.0825101588367565	1.84215768433911	0.127462121848313	0.104938271604938	FALSE	C_weak_or_non_dependent	FALSE	0.144439289138061	0.289557425044409
CHST6	glycolysis	Tier 2	ENSG00000183196	162	0.0513566897095026	0.0557676328654621	0.177453925918171	0.0894696176738108	0.0394553018490629	-0.500491763851577	1.16576807812317	1.66625984197475	0	0.00617283950617284	85	0.05115421736367	0.064955467911125	0	0.0117647058823529	59	0.0471261925715536	0.0355274198022875	0	0	11	0.090930832402322	0.100848243009073	0	0	4	0.0453800538317327	0.00905236282184283	0	0	3	0.0496771960465823	0.0904946196790334	0	0	-0.472817800889054	1.00151871491951	5.91365370442653	0.167333075945893	0.104938271604938	FALSE	C_weak_or_non_dependent	FALSE	0.144439289138061	0.289557425044409
ST8SIA5	sphingolipid	Tier 1	ENSG00000101638	162	0.0480524979727411	0.0253813323753391	0.187313596799945	0.0885780836399334	0.041193039137233	-0.979858865918598	0.477251387893371	1.45711025381197	0	0.0246913580246914	85	0.0431737176305567	0.00463098422628693	0	0.0352941176470588	59	0.0649173922581213	0.0763747352437567	0	0	11	-0.0191121424483926	-0.044539550906247	0	0	4	0.104152785986336	0.11025205492614	0	0	3	-0.182690807221494	-0.246346784515647	0	0.333333333333333	-0.472817800889054	-1.25434170238759	3.80003567023866	0.261077046961832	0.104938271604938	FALSE	C_weak_or_non_dependent	FALSE	0.144439289138061	0.289557425044409
SLC43A1	amino-acid transport	Tier 1	ENSG00000149150	162	0.0501928872885834	0.0658391021097862	0.172402973076669	0.0880275607285903	0.041075000107183	-0.542565804571797	0.660017535328404	1.2025833399002	0.00617283950617284	0.00617283950617284	85	0.0803660122060036	0.0929518145617577	0	0.0117647058823529	59	0.0175382768314688	0.0397661547908402	0	0	11	0.0083472056925706	-0.0331782249114216	0.0909090909090909	0	4	-0.0797608007281625	-0.0951815376731078	0	0	3	0.638275033774353	0.388171265364818	0	0	-0.472817800889054	0.312481507418164	0.898209912499072	0.157822499764552	0.104938271604938	FALSE	C_weak_or_non_dependent	FALSE	0.144439289138061	0.289557425044409
OXCT1	BCAA	Tier 1	ENSG00000083720	162	0.0986877469332333	0.09251212434524	0.172490969886895	0.0870572209878938	0.0299367391132207	-0.768220437454711	0.520236759675493	1.2884571971302	0	0.00617283950617284	85	0.101185990485805	0.098208644994015	0	0	59	0.0785938243990109	0.0867381130773175	0	0	11	0.114628905188095	0.139178975090859	0	0	4	0.0532599159431215	0.0633057285356786	0	0	3	0.00963179969008439	-0.0875036640887628	0	0.333333333333333	-0.472817800889054	-0.718308756071281	3.33011985840393	0.161499207153034	0.104938271604938	FALSE	C_weak_or_non_dependent	FALSE	0.144439289138061	0.289557425044409
GFPT2	glutamine/glutamate	Tier 1	ENSG00000131459	162	0.123415247031318	0.113845790605646	0.174937896595516	0.0857794291766913	0.0316845094569405	-0.705910989473072	0.558919873441544	1.26483086291462	0	0.00617283950617284	85	0.121816034718012	0.092373898648513	0	0.0117647058823529	59	0.140955468383131	0.145432337167627	0	0	11	0.123037291782364	0.0895530055970549	0	0	4	7.4417472667454e-07	0.00532145372041216	0	0	3	0.505381955976621	0.334786641217288	0	0	-0.472817800889054	-0.752127709115249	2.95171195159582	0.173803366012417	0.104938271604938	FALSE	C_weak_or_non_dependent	FALSE	0.144439289138061	0.289557425044409
SLC2A4	glucose transport	Tier 1	ENSG00000181856	162	0.111917073348897	0.0971501754833721	0.166029862739707	0.0856927069949035	0.0344353699190505	-0.95527416261204	0.569799101117503	1.52507326372954	0	0.0123456790123457	85	0.11468589439508	0.102780170522367	0	0.0235294117647059	59	0.0907101184855513	0.0933481903627077	0	0	11	0.0977494564349147	0.122536864441004	0	0	4	0.110073705177752	0.110709584722695	0	0	3	-0.184189991995942	-0.0987577150788416	0	0	-0.472817800889054	-1.21917126480032	6.65008446533237	0.195672975642576	0.104938271604938	FALSE	C_weak_or_non_dependent	FALSE	0.144439289138061	0.289557425044409
TAS2R16	glutamine/glutamate	Tier 1	ENSG00000128519	162	0.162617648885727	0.164723656348393	0.169703806491665	0.085566807446588	0.0289355865715714	-0.372841836464124	0.772187343295653	1.14502917975978	0	0	85	0.178816517310061	0.18135665358871	0	0	59	0.153801097726317	0.138273790097523	0	0	11	0.128875135921458	0.147114779769348	0	0	4	0.178904176773646	0.188493392422805	0	0	3	0.456362759962133	0.246509003497123	0	0	-0.472817800889054	0.288659748876782	1.56421204467769	0.142151144096534	0.104938271604938	FALSE	C_weak_or_non_dependent	FALSE	0.144439289138061	0.289557425044409
