sample_id	module	module_score	patient_id	status	age	sex	stage	MSI	OS.time	OS	project
TCGA-CA-5256-01	CI_structural	0.9406721870433512	TCGA-CA-5256	Tumor	54.0	FEMALE	Stage IIA	MSS	379.0	0.0	COAD
TCGA-AZ-6599-01	CI_structural	0.8373112518265953	TCGA-AZ-6599	Tumor	72.0	MALE	Stage I	MSS	206.0	1.0	COAD
TCGA-AA-3655-01	CI_structural	0.8290306867998052	TCGA-AA-3655	Tumor	68.0	MALE	Stage II	MSS	1856.0	0.0	COAD
TCGA-A6-6137-01	CI_structural	0.8107403799318071	TCGA-A6-6137	Tumor	55.0	MALE	Stage IIIB	MSS	824.0	0.0	COAD
TCGA-CK-4952-01	CI_structural	0.8090112031173892	TCGA-CK-4952	Tumor	48.0	FEMALE	Stage IIIC	MSS	475.0	0.0	COAD
TCGA-A6-5657-01	CI_structural	0.8220165611300536	TCGA-A6-5657	Tumor	65.0	MALE	Stage IIIB	MSS	962.0	0.0	COAD
TCGA-AD-6963-01	CI_structural	0.8673161227471993	TCGA-AD-6963	Tumor	58.0	MALE		MSS	834.0	0.0	COAD
TCGA-AA-3663-11	CI_structural	0.8780565026790064	TCGA-AA-3663	Normal	42.0	MALE	Stage II	MSI-H	212.0	0.0	COAD
TCGA-A6-6138-01	CI_structural	0.8402338041889917	TCGA-A6-6138	Tumor	61.0	MALE	Stage I	MSS	685.0	0.0	COAD
TCGA-A6-A567-01	CI_structural	0.8139064783244033	TCGA-A6-A567	Tumor	56.0	MALE	Stage IV	MSS	1881.0	1.0	COAD
TCGA-AA-3712-11	CI_structural	0.860009741841208	TCGA-AA-3712	Normal	65.0	MALE	Stage III	MSS			COAD
TCGA-D5-6928-01	CI_structural	0.7637116415002435	TCGA-D5-6928	Tumor	80.0	MALE	Stage IIA	MSI-H	354.0	0.0	COAD
TCGA-AZ-6598-01	CI_structural	0.8507062834875792	TCGA-AZ-6598	Tumor	77.0	FEMALE	Stage II	MSI-H	1503.0	1.0	COAD
TCGA-D5-6931-01	CI_structural	0.8115197272284462	TCGA-D5-6931	Tumor	77.0	MALE	Stage IIIC	MSS	365.0	0.0	COAD
TCGA-G4-6295-01	CI_structural	0.8321724305893814	TCGA-G4-6295	Tumor	70.0	FEMALE	Stage II	MSI-L	254.0	0.0	COAD
TCGA-AA-A01X-01	CI_structural	0.8486848514369216	TCGA-AA-A01X	Tumor	80.0	FEMALE	Stage III	MSS	791.0	0.0	COAD
TCGA-AZ-4313-01	CI_structural	0.9213102776424744	TCGA-AZ-4313	Tumor	51.0	FEMALE	Stage I	MSI-H	2310.0	0.0	COAD
TCGA-DM-A0XD-01	CI_structural	0.9028251339503166	TCGA-DM-A0XD	Tumor	65.0	MALE	Stage IIA	MSI-L	743.0	1.0	COAD
TCGA-D5-6535-01	CI_structural	0.8249391134924501	TCGA-D5-6535	Tumor	80.0	FEMALE	Stage IIIB	MSS	460.0	0.0	COAD
TCGA-AA-3509-01	CI_structural	0.8740379931807112	TCGA-AA-3509	Tumor	54.0	FEMALE	Stage II	MSS	1915.0	0.0	COAD
TCGA-DM-A28E-01	CI_structural	0.8456648806624452	TCGA-DM-A28E	Tumor	72.0	FEMALE	Stage IIA	MSS	3648.0	0.0	COAD
TCGA-A6-5667-11	CI_structural	0.8648075986361422	TCGA-A6-5667	Normal	40.0	FEMALE	Stage IIIB	MSS	887.0	0.0	COAD
TCGA-G4-6307-01	CI_structural	0.8945445689235265	TCGA-G4-6307	Tumor	37.0	FEMALE	Stage IIIB	MSS	1674.0	0.0	COAD
TCGA-A6-2682-01	CI_structural	0.8638577691183633	TCGA-A6-2682	Tumor	70.0	MALE	Stage IV	MSS	424.0	1.0	COAD
TCGA-CM-5868-01	CI_structural	0.8714320506575742	TCGA-CM-5868	Tumor	59.0	FEMALE	Stage IVA	MSS	518.0	0.0	COAD
TCGA-CK-4947-01	CI_structural	0.8155138821237213	TCGA-CK-4947	Tumor	46.0	FEMALE	Stage IIIB	MSS	534.0	0.0	COAD
TCGA-D5-5540-01	CI_structural	0.9191183633706771	TCGA-D5-5540	Tumor	73.0	MALE	Stage IIA	MSI-L	1706.0	0.0	COAD
TCGA-A6-4105-01	CI_structural	0.856600097418412	TCGA-A6-4105	Tumor	79.0	MALE	Stage IIA	MSS	442.0	1.0	COAD
TCGA-A6-6651-01	CI_structural	0.820847540185095	TCGA-A6-6651	Tumor	55.0	FEMALE	Stage IIIB	MSS	662.0	0.0	COAD
TCGA-G4-6625-01	CI_structural	0.8463955187530443	TCGA-G4-6625	Tumor	77.0	FEMALE	Stage IIA	MSS	2792.0	0.0	COAD
TCGA-CM-5860-01	CI_structural	0.8637116415002436	TCGA-CM-5860	Tumor	44.0	MALE	Stage IIA	MSS	974.0	0.0	COAD
TCGA-DM-A28G-01	CI_structural	0.877471992206527	TCGA-DM-A28G	Tumor	75.0	MALE	Stage IIA	MSS	1849.0	1.0	COAD
TCGA-A6-5666-01	CI_structural	0.8944958597174866	TCGA-A6-5666	Tumor	78.0	MALE	Stage IIC	MSI-L	995.0	0.0	COAD
TCGA-A6-2675-11	CI_structural	0.8458840720896249	TCGA-A6-2675	Normal	78.0	MALE	Stage IIA		1321.0	0.0	COAD
TCGA-AA-3516-11	CI_structural	0.8660009741841208	TCGA-AA-3516	Normal	74.0	FEMALE	Stage III	MSI-H	396.0	1.0	COAD
TCGA-AZ-6605-01	CI_structural	0.8507306380905991	TCGA-AZ-6605	Tumor	77.0	MALE	Stage IIIB	MSS	159.0	1.0	COAD
TCGA-CA-5797-01	CI_structural	0.832464685825621	TCGA-CA-5797	Tumor	56.0	MALE	Stage IIA	MSS	383.0	0.0	COAD
TCGA-D5-6930-01	CI_structural	0.8690452995616171	TCGA-D5-6930	Tumor	67.0	MALE	Stage IIA	MSI-H	406.0	0.0	COAD
TCGA-5M-AAT4-01	CI_structural	0.8689235265465173	TCGA-5M-AAT4	Tumor	74.0	MALE	Stage IV	MSS	49.0	1.0	COAD
TCGA-AA-3685-01	CI_structural	0.9271553823672675	TCGA-AA-3685	Tumor	69.0	MALE	Stage II	MSS	1127.0	0.0	COAD
TCGA-D5-6924-01	CI_structural	0.7927423283000488	TCGA-D5-6924	Tumor	68.0	MALE	Stage IIA	MSS	435.0	0.0	COAD
TCGA-CA-6718-01	CI_structural	0.8187286897223576	TCGA-CA-6718	Tumor	46.0	MALE	Stage IIA	MSS	306.0	1.0	COAD
TCGA-AZ-6603-01	CI_structural	0.8317096931320019	TCGA-AZ-6603	Tumor	77.0	FEMALE		MSS	899.0	1.0	COAD
TCGA-CM-5862-01	CI_structural	0.8889430102289333	TCGA-CM-5862	Tumor	80.0	MALE	Stage IVA	MSS	153.0	1.0	COAD
TCGA-AZ-6598-11	CI_structural	0.8891378470530931	TCGA-AZ-6598	Normal	77.0	FEMALE	Stage II	MSI-H	1503.0	1.0	COAD
TCGA-AA-A01Z-01	CI_structural	0.9035070628348758	TCGA-AA-A01Z	Tumor	68.0	MALE	Stage II	MSS	1126.0	0.0	COAD
TCGA-DM-A0X9-01	CI_structural	0.8535314174378957	TCGA-DM-A0X9	Tumor	71.0	FEMALE	Stage IIA	MSS	3641.0	0.0	COAD
TCGA-A6-A566-01	CI_structural	0.8285192401363858	TCGA-A6-A566	Tumor	55.0	FEMALE	Stage IIIB	MSI-L	758.0	1.0	COAD
TCGA-A6-5662-11	CI_structural	0.8827812956648806	TCGA-A6-5662	Normal	46.0	MALE	Stage IVA	MSS	718.0	0.0	COAD
TCGA-D5-6534-01	CI_structural	0.7806137359961033	TCGA-D5-6534	Tumor	62.0	FEMALE	Stage IIA	MSS	1316.0	0.0	COAD
TCGA-CK-6746-01	CI_structural	0.876619581100828	TCGA-CK-6746	Tumor	84.0	FEMALE	Stage IIB	MSI-H			COAD
TCGA-A6-5656-01	CI_structural	0.8489040428641013	TCGA-A6-5656	Tumor	74.0	MALE	Stage I		1001.0	0.0	COAD
TCGA-5M-AAT6-01	CI_structural	0.8469313200194837	TCGA-5M-AAT6	Tumor	40.0	FEMALE	Stage IV	MSI-H	290.0	1.0	COAD
TCGA-QG-A5Z1-01	CI_structural	0.7839746712128592	TCGA-QG-A5Z1	Tumor	71.0	MALE	Stage IIIB	MSI-L	256.0	1.0	COAD
TCGA-AZ-6605-11	CI_structural	0.8767657087189479	TCGA-AZ-6605	Normal	77.0	MALE	Stage IIIB	MSS	159.0	1.0	COAD
TCGA-CK-4951-01	CI_structural	0.8210667316122747	TCGA-CK-4951	Tumor	79.0	FEMALE	Stage IIA	MSI-H	2134.0	1.0	COAD
TCGA-CM-6680-01	CI_structural	0.7978811495372625	TCGA-CM-6680	Tumor	78.0	FEMALE	Stage IIIB	MSS	366.0	0.0	COAD
TCGA-CK-5913-01	CI_structural	0.8144666341938627	TCGA-CK-5913	Tumor	58.0	FEMALE	Stage IIA	MSI-H	1561.0	0.0	COAD
TCGA-CM-6172-01	CI_structural	0.8269361909400876	TCGA-CM-6172	Tumor	70.0	FEMALE	Stage IIIB	MSS	335.0	0.0	COAD
TCGA-G4-6309-01	CI_structural	0.8985387238188017	TCGA-G4-6309	Tumor	40.0	FEMALE	Stage IIIB	MSI-H	2600.0	0.0	COAD
TCGA-F4-6461-01	CI_structural	0.8330979055041403	TCGA-F4-6461	Tumor	41.0	FEMALE	Stage IIIC	MSS	338.0	1.0	COAD
TCGA-G4-6299-01	CI_structural	0.8052362396492937	TCGA-G4-6299	Tumor	69.0	MALE	Stage IIIC	MSS	2268.0	0.0	COAD
TCGA-CM-6168-01	CI_structural	0.8013395031660984	TCGA-CM-6168	Tumor	84.0	FEMALE	Stage IIA	MSI-L	395.0	0.0	COAD
TCGA-AD-A5EK-01	CI_structural	0.8403799318071116	TCGA-AD-A5EK	Tumor	51.0	MALE	Stage I	MSS	500.0	0.0	COAD
TCGA-AM-5820-01	CI_structural	0.8569410618606916	TCGA-AM-5820	Tumor	59.0	FEMALE	Stage IVA	MSS	14.0	0.0	COAD
TCGA-A6-2682-11	CI_structural	0.8854115927910375	TCGA-A6-2682	Normal	70.0	MALE	Stage IV	MSS	424.0	1.0	COAD
TCGA-A6-6648-01	CI_structural	0.7511203117389187	TCGA-A6-6648	Tumor	56.0	MALE	Stage IVA	MSS	766.0	0.0	COAD
TCGA-CA-6717-01	CI_structural	0.8281295664880662	TCGA-CA-6717	Tumor	57.0	MALE	Stage IIA	MSS	388.0	0.0	COAD
TCGA-AU-6004-01	CI_structural	0.8036044812469557	TCGA-AU-6004	Tumor	69.0	FEMALE	Stage I	MSI-H	824.0	0.0	COAD
TCGA-A6-2684-01	CI_structural	0.8547491475888943	TCGA-A6-2684	Tumor	75.0	FEMALE	Stage I		1127.0	0.0	COAD
TCGA-AZ-6599-11	CI_structural	0.8509011203117389	TCGA-AZ-6599	Normal	72.0	MALE	Stage I	MSS	206.0	1.0	COAD
TCGA-DM-A1HB-01	CI_structural	0.8962006819288846	TCGA-DM-A1HB	Tumor	75.0	MALE	Stage IIIB	MSI-H	4126.0	0.0	COAD
TCGA-A6-2685-01	CI_structural	0.8514125669751583	TCGA-A6-2685	Tumor	48.0	FEMALE	Stage IIA	MSS	1133.0	0.0	COAD
TCGA-F4-6704-11	CI_structural	0.8728933268387725	TCGA-F4-6704	Normal	60.0	MALE	Stage IIIC	MSS	47.0	0.0	COAD
TCGA-F4-6856-01	CI_structural	0.8451534339990258	TCGA-F4-6856	Tumor	45.0	MALE	Stage I	MSI-H	1074.0	0.0	COAD
TCGA-AA-3492-01	CI_structural	0.9046760837798344	TCGA-AA-3492	Tumor	90.0	FEMALE	Stage II	MSI-H	1.0	1.0	COAD
TCGA-G4-6294-01	CI_structural	0.8045786653677545	TCGA-G4-6294	Tumor	75.0	MALE	Stage IV	MSS	858.0	1.0	COAD
TCGA-WS-AB45-01	CI_structural	0.8037018996590356	TCGA-WS-AB45	Tumor	52.0	FEMALE	Stage IIA	MSI-H	2130.0	0.0	COAD
TCGA-CK-5916-01	CI_structural	0.8385776911836337	TCGA-CK-5916	Tumor	71.0	FEMALE	Stage I	MSI-H	643.0	1.0	COAD
TCGA-NH-A50V-01	CI_structural	0.8574037993180711	TCGA-NH-A50V	Tumor	69.0	MALE	Stage IIIB	MSI-L	588.0	0.0	COAD
TCGA-NH-A6GA-01	CI_structural	0.8399171943497321	TCGA-NH-A6GA	Tumor	58.0	MALE	Stage IIIC	MSS	302.0	1.0	COAD
TCGA-F4-6460-01	CI_structural	0.8506088650754993	TCGA-F4-6460	Tumor	51.0	FEMALE	Stage IIIB	MSS	972.0	1.0	COAD
TCGA-F4-6806-01	CI_structural	0.8409887968826109	TCGA-F4-6806	Tumor	59.0	FEMALE	Stage I	MSS	1260.0	0.0	COAD
TCGA-G4-6304-01	CI_structural	0.897418412079883	TCGA-G4-6304	Tumor	66.0	FEMALE	Stage IIB	MSI-H	1631.0	0.0	COAD
TCGA-QG-A5YW-01	CI_structural	0.8890404286410132	TCGA-QG-A5YW	Tumor	55.0	FEMALE	Stage IIIC	MSI-L	896.0	0.0	COAD
TCGA-AD-6965-01	CI_structural	0.8050657574281539	TCGA-AD-6965	Tumor	62.0	MALE	Stage IIIC	MSS	805.0	0.0	COAD
TCGA-D5-6920-01	CI_structural	0.8313930832927423	TCGA-D5-6920	Tumor	77.0	FEMALE	Stage IIA	MSS	377.0	0.0	COAD
TCGA-DM-A280-01	CI_structural	0.898295177788602	TCGA-DM-A280	Tumor	70.0	FEMALE	Stage IIA	MSS	236.0	1.0	COAD
TCGA-G4-6297-01	CI_structural	0.7704335119337555	TCGA-G4-6297	Tumor	55.0	FEMALE	Stage IV	MSS	2506.0	0.0	COAD
TCGA-G4-6302-01	CI_structural	0.8305163175840233	TCGA-G4-6302	Tumor	90.0	FEMALE	Stage IIA	MSI-H			COAD
TCGA-QL-A97D-01	CI_structural	0.8662445202143205	TCGA-QL-A97D	Tumor	84.0	FEMALE	Stage I	MSS	666.0	0.0	COAD
TCGA-CA-6716-01	CI_structural	0.8215781782756941	TCGA-CA-6716	Tumor	65.0	MALE	Stage IIA	MSS	371.0	0.0	COAD
TCGA-AA-3518-11	CI_structural	0.8710180224062348	TCGA-AA-3518	Normal	81.0	FEMALE	Stage IIA	MSI-H	31.0	0.0	COAD
TCGA-AA-3531-11	CI_structural	0.8593278129566488	TCGA-AA-3531	Normal	75.0	FEMALE	Stage IIA	MSI-L	1035.0	0.0	COAD
TCGA-CA-6715-01	CI_structural	0.8306137359961032	TCGA-CA-6715	Tumor	63.0	MALE	Stage IIIB	MSS	383.0	0.0	COAD
TCGA-CM-4743-01	CI_structural	0.9092060399415489	TCGA-CM-4743	Tumor	69.0	MALE	Stage IIA	MSI-H	701.0	0.0	COAD
TCGA-A6-6654-01	CI_structural	0.7792011690209449	TCGA-A6-6654	Tumor	65.0	FEMALE	Stage IIIB	MSS	726.0	0.0	COAD
TCGA-5M-AAT5-01	CI_structural	0.9101802240623478	TCGA-5M-AAT5	Tumor				MSI-L			COAD
TCGA-G4-6627-01	CI_structural	0.8276911836337068	TCGA-G4-6627	Tumor	84.0	MALE	Stage IIA	MSI-L	2175.0	0.0	COAD
TCGA-A6-5664-01	CI_structural	0.8036044812469557	TCGA-A6-5664	Tumor	80.0	MALE	Stage IIIC	MSS	672.0	0.0	COAD
TCGA-CM-6167-01	CI_structural	0.8246468582562104	TCGA-CM-6167	Tumor	57.0	FEMALE	Stage IIIC	MSS	456.0	0.0	COAD
TCGA-AA-3534-11	CI_structural	0.8561130053580127	TCGA-AA-3534	Normal	78.0	FEMALE	Stage IIA	MSS	882.0	0.0	COAD
TCGA-AD-6548-01	CI_structural	0.8389186556259133	TCGA-AD-6548	Tumor	81.0	FEMALE	Stage I	MSI-L	650.0	0.0	COAD
TCGA-F4-6805-01	CI_structural	0.8243302484169508	TCGA-F4-6805	Tumor	58.0	FEMALE	Stage IIA	MSS	1047.0	0.0	COAD
TCGA-A6-6780-01	CI_structural	0.884169508037019	TCGA-A6-6780	Tumor	74.0	MALE	Stage IIA		612.0	0.0	COAD
TCGA-DM-A1HA-01	CI_structural	0.8574281539210911	TCGA-DM-A1HA	Tumor	82.0	MALE	Stage IIIC	MSS	2600.0	0.0	COAD
TCGA-CM-6676-01	CI_structural	0.857476863127131	TCGA-CM-6676	Tumor	82.0	MALE	Stage I	MSI-L	337.0	0.0	COAD
TCGA-A6-6650-01	CI_structural	0.8564539698002922	TCGA-A6-6650	Tumor	69.0	FEMALE	Stage IIA		627.0	0.0	COAD
TCGA-AA-3713-11	CI_structural	0.9451534339990258	TCGA-AA-3713	Normal	68.0	MALE	Stage IV	MSI-H	579.0	0.0	COAD
TCGA-NH-A6GB-01	CI_structural	0.8464929371651242	TCGA-NH-A6GB	Tumor	71.0	FEMALE	Stage IIIC	MSS	476.0	0.0	COAD
TCGA-A6-6652-01	CI_structural	0.7892352654651729	TCGA-A6-6652	Tumor	59.0	MALE	Stage IVA	MSS	751.0	0.0	COAD
TCGA-CM-6164-01	CI_structural	0.8403312226010716	TCGA-CM-6164	Tumor	46.0	FEMALE	Stage IIA	MSS	883.0	0.0	COAD
TCGA-D5-6536-01	CI_structural	0.8239649293716512	TCGA-D5-6536	Tumor	73.0	MALE	Stage IIA	MSS	543.0	0.0	COAD
TCGA-G4-6588-01	CI_structural	0.8692157817827569	TCGA-G4-6588	Tumor	58.0	FEMALE	Stage IIA	MSI-H	796.0	0.0	COAD
TCGA-4N-A93T-01	CI_structural	0.8929858743302485	TCGA-4N-A93T	Tumor	67.0	MALE	Stage IIIB	MSS	146.0	0.0	COAD
TCGA-A6-2684-11	CI_structural	0.911714564052606	TCGA-A6-2684	Normal	75.0	FEMALE	Stage I		1127.0	0.0	COAD
TCGA-F4-6459-01	CI_structural	0.7858743302484169	TCGA-F4-6459	Tumor	61.0	FEMALE	Stage IIIB	MSS	262.0	1.0	COAD
TCGA-T9-A92H-01	CI_structural	0.894130540672187	TCGA-T9-A92H	Tumor	82.0	MALE	Stage IIA	MSS	362.0	0.0	COAD
TCGA-D5-5538-01	CI_structural	0.8139064783244033	TCGA-D5-5538	Tumor	60.0	FEMALE	Stage IIIB	MSS	1661.0	1.0	COAD
TCGA-CK-4948-01	CI_structural	0.8758889430102289	TCGA-CK-4948	Tumor	45.0	FEMALE	Stage III	MSI-L	4502.0	0.0	COAD
TCGA-AA-3506-01	CI_structural	0.8735265465172918	TCGA-AA-3506	Tumor	77.0	MALE	Stage I	MSS	1765.0	0.0	COAD
TCGA-CM-6166-01	CI_structural	0.8545056015586946	TCGA-CM-6166	Tumor	48.0	FEMALE	Stage I	MSS	669.0	0.0	COAD
TCGA-CK-5914-01	CI_structural	0.8395031660983926	TCGA-CK-5914	Tumor	81.0	MALE	Stage IIIB	MSS	669.0	0.0	COAD
TCGA-AY-6196-01	CI_structural	0.7723088163662932	TCGA-AY-6196	Tumor	47.0	MALE	Stage IIIC	MSI-L	6.0	0.0	COAD
TCGA-F4-6809-01	CI_structural	0.856624452021432	TCGA-F4-6809	Tumor	52.0	FEMALE	Stage IVA	MSS	403.0	1.0	COAD
TCGA-CM-6171-01	CI_structural	0.8094008767657087	TCGA-CM-6171	Tumor	77.0	FEMALE	Stage I	MSI-H	427.0	0.0	COAD
TCGA-CM-5863-01	CI_structural	0.8340477350219191	TCGA-CM-5863	Tumor	60.0	FEMALE	Stage IIIB	MSS	457.0	0.0	COAD
TCGA-D5-6539-01	CI_structural	0.8347053093034583	TCGA-D5-6539	Tumor	45.0	FEMALE	[Discrepancy]	MSS	380.0	0.0	COAD
TCGA-A6-5665-11	CI_structural	0.8599853872381881	TCGA-A6-5665	Normal	84.0	FEMALE	Stage IIA	MSI-H	671.0	0.0	COAD
TCGA-NH-A8F7-01	CI_structural	0.806673161227472	TCGA-NH-A8F7	Tumor	53.0	FEMALE	Stage IIA	Indeterminate	543.0	0.0	COAD
TCGA-D5-5541-01	CI_structural	0.8201412566975158	TCGA-D5-5541	Tumor	63.0	MALE	Stage IIIB	MSS	1701.0	0.0	COAD
TCGA-F4-6808-01	CI_structural	0.879152459814905	TCGA-F4-6808	Tumor	54.0	FEMALE	Stage I	MSS	1024.0	0.0	COAD
TCGA-A6-2680-11	CI_structural	0.8760350706283487	TCGA-A6-2680	Normal	72.0	FEMALE	Stage II	MSS	1068.0	0.0	COAD
TCGA-AA-3511-11	CI_structural	0.8577204091573307	TCGA-AA-3511	Normal	64.0	MALE	Stage II	MSS	212.0	0.0	COAD
TCGA-DM-A285-01	CI_structural	0.8363857769118364	TCGA-DM-A285	Tumor	71.0	FEMALE	Stage IV	MSS	179.0	1.0	COAD
TCGA-AA-3522-11	CI_structural	0.8700925474914759	TCGA-AA-3522	Normal	67.0	MALE	Stage IIA	MSS	1127.0	0.0	COAD
TCGA-G4-6314-01	CI_structural	0.8342182172430589	TCGA-G4-6314	Tumor	76.0	FEMALE	Stage IV	MSS	1093.0	0.0	COAD
TCGA-A6-6781-01	CI_structural	0.8326838772528008	TCGA-A6-6781	Tumor	43.0	MALE	Stage IIIC		598.0	0.0	COAD
TCGA-F4-6807-01	CI_structural	0.8317340477350219	TCGA-F4-6807	Tumor	51.0	FEMALE	Stage IIIC	MSS	1309.0	0.0	COAD
TCGA-AY-A54L-01	CI_structural	0.8646858256210423	TCGA-AY-A54L	Tumor	74.0	FEMALE	Stage I	MSI-L	525.0	0.0	COAD
TCGA-A6-5661-01	CI_structural	0.8498538723818801	TCGA-A6-5661	Tumor	80.0	FEMALE	Stage IIA	MSI-H	1020.0	0.0	COAD
TCGA-DM-A288-01	CI_structural	0.8571602532878714	TCGA-DM-A288	Tumor	68.0	MALE	Stage IIIC	MSS	427.0	1.0	COAD
TCGA-QG-A5YX-01	CI_structural	0.8811008280565027	TCGA-QG-A5YX	Tumor	61.0	FEMALE	Stage IIA	MSI-L	1003.0	0.0	COAD
TCGA-A6-2679-11	CI_structural	0.8839259620068193	TCGA-A6-2679	Normal	73.0	FEMALE	Stage IIB	MSS	1366.0	0.0	COAD
TCGA-AD-A5EJ-01	CI_structural	0.8521432050657575	TCGA-AD-A5EJ	Tumor	74.0	FEMALE	Stage IIA	MSI-H			COAD
TCGA-G4-6628-01	CI_structural	0.8473209936678032	TCGA-G4-6628	Tumor	78.0	MALE	Stage I	MSI-H	2424.0	0.0	COAD
TCGA-D5-6531-01	CI_structural	0.8515830491962981	TCGA-D5-6531	Tumor	75.0	MALE	Stage IIA	MSS	540.0	0.0	COAD
TCGA-DM-A28M-01	CI_structural	0.8854846566000975	TCGA-DM-A28M	Tumor	63.0	MALE	Stage IIA	MSS	2895.0	0.0	COAD
TCGA-CK-6751-01	CI_structural	0.8799074525085241	TCGA-CK-6751	Tumor	88.0	FEMALE	Stage I	MSS	518.0	0.0	COAD
TCGA-F4-6854-01	CI_structural	0.8449098879688262	TCGA-F4-6854	Tumor	77.0	FEMALE	Stage IIA	MSS	16.0	0.0	COAD
TCGA-A6-2683-11	CI_structural	0.8769361909400877	TCGA-A6-2683	Normal	57.0	FEMALE	Stage IV	MSI-L	504.0	1.0	COAD
TCGA-A6-6142-01	CI_structural	0.8188017535314175	TCGA-A6-6142	Tumor	56.0	FEMALE	Stage IVA	MSS	763.0	0.0	COAD
TCGA-NH-A8F8-01	CI_structural	0.8538236726741354	TCGA-NH-A8F8	Tumor	79.0	MALE	Stage IV	MSS	511.0	1.0	COAD
TCGA-AM-5821-01	CI_structural	0.857452508524111	TCGA-AM-5821	Tumor	68.0	FEMALE	Stage IIA	MSI-H	28.0	0.0	COAD
TCGA-D5-5537-01	CI_structural	0.8606673161227472	TCGA-D5-5537	Tumor	83.0	MALE	Stage IIA	MSS	1381.0	1.0	COAD
TCGA-CM-6677-01	CI_structural	0.8630784218217243	TCGA-CM-6677	Tumor	75.0	FEMALE	Stage IIA	MSS	337.0	0.0	COAD
TCGA-AD-6888-01	CI_structural	0.8890160740379932	TCGA-AD-6888	Tumor	73.0	MALE	Stage IIIB	MSS	472.0	1.0	COAD
TCGA-AZ-4615-01	CI_structural	0.8729420360448125	TCGA-AZ-4615	Tumor	84.0	MALE	Stage IIIB	MSI-H	1002.0	0.0	COAD
TCGA-AA-3662-01	CI_structural	0.8161471018022406	TCGA-AA-3662	Tumor	80.0	FEMALE	Stage IV	MSS	184.0	0.0	COAD
TCGA-DM-A28C-01	CI_structural	0.8726497808085728	TCGA-DM-A28C	Tumor	74.0	MALE	Stage IIA	MSS	2475.0	1.0	COAD
TCGA-DM-A1DA-01	CI_structural	0.8799074525085241	TCGA-DM-A1DA	Tumor	71.0	FEMALE	Stage IIIC	MSI-L	228.0	1.0	COAD
TCGA-F4-6569-01	CI_structural	0.8074037993180712	TCGA-F4-6569	Tumor	60.0	MALE	Stage I	MSS	1087.0	0.0	COAD
TCGA-AA-3660-11	CI_structural	0.9162688748173404	TCGA-AA-3660	Normal	51.0	FEMALE	Stage II	MSS	2375.0	0.0	COAD
TCGA-CM-6674-01	CI_structural	0.870896249391135	TCGA-CM-6674	Tumor	39.0	MALE	Stage IIA	MSI-H	394.0	0.0	COAD
TCGA-CK-4950-01	CI_structural	0.8707744763760351	TCGA-CK-4950	Tumor	68.0	FEMALE	Stage IIIB	MSS	2599.0	0.0	COAD
TCGA-DM-A1D9-01	CI_structural	0.8762786166585484	TCGA-DM-A1D9	Tumor	67.0	FEMALE	Stage IIA	MSS	4270.0	0.0	COAD
TCGA-CA-6719-01	CI_structural	0.7933511933755479	TCGA-CA-6719	Tumor	77.0	MALE	Stage IIA	MSI-L	435.0	0.0	COAD
TCGA-CM-6675-01	CI_structural	0.8389430102289333	TCGA-CM-6675	Tumor	35.0	MALE	Stage IVB	MSS	397.0	0.0	COAD
TCGA-D5-6533-01	CI_structural	0.8670725767169996	TCGA-D5-6533	Tumor	68.0	FEMALE	[Discrepancy]	MSS	775.0	0.0	COAD
TCGA-A6-6782-01	CI_structural	0.8479055041402825	TCGA-A6-6782	Tumor	82.0	MALE	Stage IIB	MSS	617.0	0.0	COAD
TCGA-D5-5539-01	CI_structural	0.8385289819775937	TCGA-D5-5539	Tumor	60.0	MALE	Stage IIIA	MSS	596.0	0.0	COAD
TCGA-CK-5912-01	CI_structural	0.8134437408670239	TCGA-CK-5912	Tumor	81.0	MALE	Stage I	MSS	1493.0	1.0	COAD
TCGA-CM-4751-01	CI_structural	0.8611787627861666	TCGA-CM-4751	Tumor	62.0	MALE	Stage IIIB	MSS	822.0	0.0	COAD
TCGA-AZ-4614-01	CI_structural	0.8643692157817827	TCGA-AZ-4614	Tumor	71.0	FEMALE	Stage IVA	MSI-L	172.0	1.0	COAD
TCGA-A6-6140-01	CI_structural	0.8311251826595226	TCGA-A6-6140	Tumor	62.0	MALE	Stage IIA	MSS	734.0	0.0	COAD
TCGA-NH-A6GC-01	CI_structural	0.8128835849975645	TCGA-NH-A6GC	Tumor	66.0	FEMALE	Stage IVB	MSS	389.0	0.0	COAD
TCGA-AA-3495-01	CI_structural	0.863321967851924	TCGA-AA-3495	Tumor	79.0	MALE	Stage I	MSS	1127.0	0.0	COAD
TCGA-CM-4744-01	CI_structural	0.915830491962981	TCGA-CM-4744	Tumor	69.0	MALE	Stage I	MSS	609.0	0.0	COAD
TCGA-AD-6895-01	CI_structural	0.8389186556259133	TCGA-AD-6895	Tumor	84.0	MALE	Stage IIIB	MSI-H	763.0	0.0	COAD
TCGA-AD-6889-01	CI_structural	0.896736483195324	TCGA-AD-6889	Tumor	76.0	MALE	Stage IIA	MSI-H	2532.0	1.0	COAD
TCGA-AD-5900-01	CI_structural	0.86665854846566	TCGA-AD-5900	Tumor	67.0	MALE	Stage I	MSI-H	370.0	0.0	COAD
TCGA-D5-6540-01	CI_structural	0.8398928397467121	TCGA-D5-6540	Tumor	66.0	MALE	Stage I	MSI-H	491.0	0.0	COAD
TCGA-AZ-5407-01	CI_structural	0.8978324403312226	TCGA-AZ-5407	Tumor	51.0	FEMALE	Stage I	MSS	2683.0	0.0	COAD
TCGA-A6-2685-11	CI_structural	0.8776668290306868	TCGA-A6-2685	Normal	48.0	FEMALE	Stage IIA	MSS	1133.0	0.0	COAD
TCGA-G4-6311-01	CI_structural	0.8171456405260594	TCGA-G4-6311	Tumor	80.0	MALE	Stage III	MSS	1199.0	0.0	COAD
TCGA-D5-6923-01	CI_structural	0.7970530930345835	TCGA-D5-6923	Tumor	57.0	MALE	Stage I	MSS	378.0	0.0	COAD
TCGA-DM-A1D7-01	CI_structural	0.8951534339990258	TCGA-DM-A1D7	Tumor	82.0	MALE	Stage IIA	MSS	405.0	1.0	COAD
TCGA-A6-5659-11	CI_structural	0.8771553823672674	TCGA-A6-5659	Normal	82.0	MALE	Stage I		926.0	0.0	COAD
TCGA-AY-A71X-01	CI_structural	0.8501217730150998	TCGA-AY-A71X	Tumor	54.0	FEMALE	Stage I	MSS	588.0	0.0	COAD
TCGA-AZ-6600-11	CI_structural	0.8728202630297126	TCGA-AZ-6600	Normal	64.0	MALE	Stage IV	MSS	368.0	1.0	COAD
TCGA-AA-3655-11	CI_structural	0.9269849001461277	TCGA-AA-3655	Normal	68.0	MALE	Stage II	MSS	1856.0	0.0	COAD
TCGA-CA-5254-01	CI_structural	0.8565026790063321	TCGA-CA-5254	Tumor	42.0	FEMALE	Stage IIA	MSI-L	386.0	0.0	COAD
TCGA-CM-5349-01	CI_structural	0.8602776424744276	TCGA-CM-5349	Tumor	68.0	FEMALE	Stage IIA	MSS	915.0	0.0	COAD
TCGA-A6-2686-11	CI_structural	0.8884559181685339	TCGA-A6-2686	Normal	81.0	FEMALE	Stage IIA	MSI-H	1126.0	1.0	COAD
TCGA-AZ-4682-01	CI_structural	0.9148563078421822	TCGA-AZ-4682	Tumor	61.0	MALE	Stage IVA	MSS	680.0	1.0	COAD
TCGA-CM-5344-01	CI_structural	0.8538967364831953	TCGA-CM-5344	Tumor	39.0	FEMALE	Stage IIIB	MSS	670.0	0.0	COAD
TCGA-NH-A50T-01	CI_structural	0.879103750608865	TCGA-NH-A50T	Tumor	68.0	FEMALE	Stage IIA	MSS	553.0	0.0	COAD
TCGA-AY-6386-01	CI_structural	0.8523867510959572	TCGA-AY-6386	Tumor	66.0	FEMALE	Stage IIIB	MSS	542.0	0.0	COAD
TCGA-CA-5255-01	CI_structural	0.8727471992206527	TCGA-CA-5255	Tumor	45.0	MALE	Stage IIA	MSS	376.0	0.0	COAD
TCGA-AA-3662-11	CI_structural	0.8943984413054067	TCGA-AA-3662	Normal	80.0	FEMALE	Stage IV	MSS	184.0	0.0	COAD
TCGA-DM-A1DB-01	CI_structural	0.8356794934242572	TCGA-DM-A1DB	Tumor	68.0	MALE	Stage IIA	MSS	1348.0	1.0	COAD
TCGA-DM-A28F-01	CI_structural	0.8352898197759376	TCGA-DM-A28F	Tumor	73.0	MALE	Stage IIIB	MSS	1094.0	1.0	COAD
TCGA-AA-A02Y-01	CI_structural	0.8963224549439844	TCGA-AA-A02Y	Tumor	73.0	MALE	Stage I	MSS	1216.0	0.0	COAD
TCGA-D5-6932-01	CI_structural	0.8603507062834875	TCGA-D5-6932	Tumor	69.0	MALE	Stage IIA	MSS	346.0	0.0	COAD
TCGA-AD-6899-01	CI_structural	0.8382367267413541	TCGA-AD-6899	Tumor	84.0	MALE	Stage IIIC	MSS	176.0	1.0	COAD
TCGA-AY-6197-01	CI_structural	0.8196785192401363	TCGA-AY-6197	Tumor	60.0	MALE	Stage IIA	MSI-H	652.0	0.0	COAD
TCGA-AA-3660-01	CI_structural	0.8575499269361909	TCGA-AA-3660	Tumor	51.0	FEMALE	Stage II	MSS	2375.0	0.0	COAD
TCGA-A6-5660-01	CI_structural	0.8735021919142718	TCGA-A6-5660	Tumor	73.0	MALE	Stage IIIC	MSS	888.0	0.0	COAD
TCGA-D5-6541-01	CI_structural	0.8720165611300535	TCGA-D5-6541	Tumor	49.0	MALE	Stage IIA	MSS	474.0	0.0	COAD
TCGA-CM-4747-01	CI_structural	0.8618606916707258	TCGA-CM-4747	Tumor	47.0	MALE	Stage IVA	MSI-L	761.0	0.0	COAD
TCGA-AA-3511-01	CI_structural	0.8470043838285436	TCGA-AA-3511	Tumor	64.0	MALE	Stage II	MSS	212.0	0.0	COAD
TCGA-DM-A28H-01	CI_structural	0.874159766195811	TCGA-DM-A28H	Tumor	50.0	MALE	Stage IIIC	MSI-L	3561.0	0.0	COAD
TCGA-G4-6303-01	CI_structural	0.7514125669751583	TCGA-G4-6303	Tumor	54.0	FEMALE	Stage IV	MSI-L	2003.0	1.0	COAD
TCGA-CM-5861-01	CI_structural	0.8662688748173405	TCGA-CM-5861	Tumor	63.0	FEMALE	Stage IIA	MSI-H	457.0	0.0	COAD
TCGA-AA-3525-11	CI_structural	0.8956648806624452	TCGA-AA-3525	Normal	90.0	MALE	Stage IIIB	MSI-H	1.0	0.0	COAD
TCGA-CM-6161-01	CI_structural	0.8407208962493912	TCGA-CM-6161	Tumor	36.0	FEMALE	Stage I	MSI-L	457.0	0.0	COAD
TCGA-NH-A50U-01	CI_structural	0.8365319045299562	TCGA-NH-A50U	Tumor	42.0	MALE	Stage IVA	MSS	334.0	1.0	COAD
TCGA-AZ-6607-01	CI_structural	0.7632245494398441	TCGA-AZ-6607	Tumor	69.0	MALE	Stage IV	MSS	97.0	1.0	COAD
TCGA-G4-6298-01	CI_structural	0.865854846566001	TCGA-G4-6298	Tumor	90.0	MALE	Stage IIIB	MSI-L			COAD
TCGA-D5-6538-01	CI_structural	0.8100828056502679	TCGA-D5-6538	Tumor	79.0	FEMALE	Stage IIIB	MSI-L	521.0	0.0	COAD
TCGA-CM-6679-01	CI_structural	0.8262055528494886	TCGA-CM-6679	Tumor	58.0	MALE	Stage IIA	MSS	306.0	0.0	COAD
TCGA-AZ-4323-01	CI_structural	0.8210423770092548	TCGA-AZ-4323	Tumor	37.0	MALE	Stage IV	MSI-L	43.0	1.0	COAD
TCGA-G4-6322-01	CI_structural	0.8776181198246469	TCGA-G4-6322	Tumor	65.0	MALE	Stage IIIB	MSI-L	792.0	0.0	COAD
TCGA-CM-5864-01	CI_structural	0.8695811008280565	TCGA-CM-5864	Tumor	60.0	MALE	Stage I	MSS	457.0	0.0	COAD
TCGA-CK-6747-01	CI_structural	0.850852411105699	TCGA-CK-6747	Tumor	87.0	FEMALE	Stage IIA	MSI-H	820.0	0.0	COAD
TCGA-CM-6163-01	CI_structural	0.8504870920603994	TCGA-CM-6163	Tumor	74.0	MALE	Stage I	MSS	427.0	0.0	COAD
TCGA-AA-3713-01	CI_structural	0.7942036044812469	TCGA-AA-3713	Tumor	68.0	MALE	Stage IV	MSI-H	579.0	0.0	COAD
TCGA-A6-A56B-01	CI_structural	0.7702386751095958	TCGA-A6-A56B	Tumor	57.0	MALE	Stage IIIB	MSS	1711.0	1.0	COAD
TCGA-CM-5348-01	CI_structural	0.7711154408183146	TCGA-CM-5348	Tumor	72.0	MALE	Stage IIIB	MSS	699.0	0.0	COAD
TCGA-AY-5543-01	CI_structural	0.8981490501704822	TCGA-AY-5543	Tumor	65.0	FEMALE	Stage IVA	MSS	1004.0	0.0	COAD
TCGA-CM-6169-01	CI_structural	0.7495129079396006	TCGA-CM-6169	Tumor	67.0	MALE	Stage IIA	MSS	396.0	0.0	COAD
TCGA-AZ-6606-01	CI_structural	0.8668777398928398	TCGA-AZ-6606	Tumor	81.0	MALE	Stage IV	MSS	357.0	1.0	COAD
TCGA-RU-A8FL-01	CI_structural	0.8959084266926449	TCGA-RU-A8FL	Tumor	51.0	MALE	Stage IIIB	MSS	1177.0	0.0	COAD
TCGA-CM-6678-01	CI_structural	0.8803701899659035	TCGA-CM-6678	Tumor	63.0	FEMALE	Stage IVA	MSS	335.0	0.0	COAD
TCGA-A6-6649-01	CI_structural	0.803360935216756	TCGA-A6-6649	Tumor	66.0	MALE	Stage IIIB	MSS	735.0	0.0	COAD
TCGA-AA-3517-11	CI_structural	0.8763760350706283	TCGA-AA-3517	Normal	60.0	MALE	Stage IIA	MSI-L	1186.0	0.0	COAD
TCGA-AA-3675-01	CI_structural	0.8981977593765221	TCGA-AA-3675	Tumor	84.0	MALE	Stage II	MSS	1431.0	0.0	COAD
TCGA-A6-5665-01	CI_structural	0.8856307842182173	TCGA-A6-5665	Tumor	84.0	FEMALE	Stage IIA	MSI-H	671.0	0.0	COAD
TCGA-DM-A0XF-01	CI_structural	0.8760837798343887	TCGA-DM-A0XF	Tumor	68.0	FEMALE	Stage IIIC	MSI-L	1162.0	1.0	COAD
TCGA-F4-6855-01	CI_structural	0.8153190452995616	TCGA-F4-6855	Tumor	70.0	FEMALE	Stage IIA	MSI-L	1442.0	0.0	COAD
TCGA-AA-3496-11	CI_structural	0.8900633219678519	TCGA-AA-3496	Normal	83.0	FEMALE	Stage II	MSI-L	31.0	0.0	COAD
TCGA-QG-A5Z2-01	CI_structural	0.7994154895275207	TCGA-QG-A5Z2	Tumor	61.0	MALE	Stage I	MSI-H	952.0	0.0	COAD
TCGA-AA-3489-01	CI_structural	0.7937895762299074	TCGA-AA-3489	Tumor	75.0	MALE	Stage II	MSS	214.0	1.0	COAD
TCGA-A6-5662-01	CI_structural	0.8556259132976133	TCGA-A6-5662	Tumor	46.0	MALE	Stage IVA	MSS	718.0	0.0	COAD
TCGA-DM-A1D6-01	CI_structural	0.821675596687774	TCGA-DM-A1D6	Tumor	88.0	MALE	Stage IIA	MSS	570.0	1.0	COAD
TCGA-AY-A69D-01	CI_structural	0.8364831953239162	TCGA-AY-A69D	Tumor	55.0	FEMALE	Stage IIA	MSI-L	543.0	0.0	COAD
TCGA-D5-6898-01	CI_structural	0.8195811008280565	TCGA-D5-6898	Tumor	51.0	FEMALE	Stage I	MSS	229.0	0.0	COAD
TCGA-D5-6530-01	CI_structural	0.822503653190453	TCGA-D5-6530	Tumor	53.0	MALE	Stage I	MSI-H	621.0	0.0	COAD
TCGA-DM-A28A-01	CI_structural	0.8488553336580614	TCGA-DM-A28A	Tumor	78.0	MALE	Stage IIIC	MSS	805.0	1.0	COAD
TCGA-D5-6532-01	CI_structural	0.8469313200194837	TCGA-D5-6532	Tumor	61.0	MALE	Stage IIA	MSI-L	555.0	0.0	COAD
TCGA-F4-6703-01	CI_structural	0.7969313200194836	TCGA-F4-6703	Tumor	64.0	MALE	Stage IIA	MSI-H	1456.0	0.0	COAD
TCGA-DM-A1D0-01	CI_structural	0.879980516317584	TCGA-DM-A1D0	Tumor	79.0	FEMALE	Stage IIA	MSS	3974.0	0.0	COAD
TCGA-D5-6929-01	CI_structural	0.860009741841208	TCGA-D5-6929	Tumor	49.0	FEMALE	Stage IV	MSI-L	408.0	0.0	COAD
TCGA-F4-6704-01	CI_structural	0.8364588407208963	TCGA-F4-6704	Tumor	60.0	MALE	Stage IIIC	MSS	47.0	0.0	COAD
TCGA-D5-7000-01	CI_structural	0.811665854846566	TCGA-D5-7000	Tumor	79.0	FEMALE	Stage I	MSS	312.0	0.0	COAD
TCGA-AZ-6601-01	CI_structural	0.8512177301509986	TCGA-AZ-6601	Tumor	68.0	MALE	Stage II	MSI-H	3042.0	1.0	COAD
TCGA-AZ-4684-01	CI_structural	0.8773015099853873	TCGA-AZ-4684	Tumor	49.0	MALE	Stage IVA	MSI-L	1977.0	0.0	COAD
TCGA-G4-6317-02	CI_structural	0.8568436434486117	TCGA-G4-6317	Tumor	51.0	FEMALE	Stage IIIC	MSI-L	1095.0	0.0	COAD
TCGA-AA-3697-11	CI_structural	0.884973209936678	TCGA-AA-3697	Normal	77.0	MALE	Stage II	MSI-L	2587.0	0.0	COAD
TCGA-CM-6165-01	CI_structural	0.8133950316609839	TCGA-CM-6165	Tumor	74.0	MALE	Stage IIA	MSS	488.0	0.0	COAD
TCGA-AZ-5403-01	CI_structural	0.901680467608378	TCGA-AZ-5403	Tumor	43.0	MALE	Stage II	MSS	1910.0	1.0	COAD
TCGA-AY-A8YK-01	CI_structural	0.8752557233317096	TCGA-AY-A8YK	Tumor	44.0	MALE	Stage IVA	MSS	573.0	0.0	COAD
TCGA-AZ-6603-11	CI_structural	0.8467121285923039	TCGA-AZ-6603	Normal	77.0	FEMALE		MSS	899.0	1.0	COAD
TCGA-A6-6653-01	CI_structural	0.8430832927423283	TCGA-A6-6653	Tumor	82.0	MALE	Stage I	MSI-H	742.0	0.0	COAD
TCGA-G4-6586-01	CI_structural	0.9109595713589869	TCGA-G4-6586	Tumor	73.0	FEMALE	Stage IIA	MSI-H	1089.0	0.0	COAD
TCGA-AA-A01P-01	CI_structural	0.8568192888455918	TCGA-AA-A01P	Tumor	80.0	FEMALE	Stage III	MSI-H	1158.0	1.0	COAD
TCGA-AA-3502-01	CI_structural	0.8619581100828057	TCGA-AA-3502	Tumor	73.0	MALE	Stage I	MSI-L	1065.0	0.0	COAD
TCGA-AA-3697-01	CI_structural	0.8572576716999513	TCGA-AA-3697	Tumor	77.0	MALE	Stage II	MSI-L	2587.0	0.0	COAD
TCGA-AD-6890-01	CI_structural	0.8638821237213833	TCGA-AD-6890	Tumor	65.0	MALE		MSS	746.0	0.0	COAD
TCGA-AZ-4315-01	CI_structural	0.9277886020457866	TCGA-AZ-4315	Tumor	61.0	MALE	Stage IIA	MSS	1776.0	0.0	COAD
TCGA-A6-5667-01	CI_structural	0.831636629322942	TCGA-A6-5667	Tumor	40.0	FEMALE	Stage IIIB	MSS	887.0	0.0	COAD
TCGA-G4-6293-01	CI_structural	0.8431563565513882	TCGA-G4-6293	Tumor	49.0	FEMALE	Stage III	MSI-L	4051.0	0.0	COAD
TCGA-AA-3712-01	CI_structural	0.8286166585484657	TCGA-AA-3712	Tumor	65.0	MALE	Stage III	MSS			COAD
TCGA-AZ-4616-01	CI_structural	0.897491475888943	TCGA-AZ-4616	Tumor	82.0	FEMALE	Stage IV	MSI-L	156.0	1.0	COAD
TCGA-AA-A02K-01	CI_structural	0.8698002922552363	TCGA-AA-A02K	Tumor	50.0	MALE	Stage IV	MSS	426.0	1.0	COAD
TCGA-G4-6323-01	CI_structural	0.838285435947394	TCGA-G4-6323	Tumor	50.0	MALE	Stage IA	MSS	419.0	0.0	COAD
TCGA-F4-6857-01	CI_structural	0.7877739892839747	TCGA-F4-6857	Tumor				MSS			COAD
TCGA-DM-A282-01	CI_structural	0.8856064296151973	TCGA-DM-A282	Tumor	60.0	FEMALE	Stage IIA	MSS	4233.0	0.0	COAD
TCGA-DM-A1D8-01	CI_structural	0.8852411105698977	TCGA-DM-A1D8	Tumor	50.0	FEMALE		MSS	383.0	1.0	COAD
TCGA-NH-A5IV-01	CI_structural	0.844227959084267	TCGA-NH-A5IV	Tumor	90.0	FEMALE	Stage IIA	MSI-H			COAD
TCGA-AZ-6601-11	CI_structural	0.8621773015099854	TCGA-AZ-6601	Normal	68.0	MALE	Stage II	MSI-H	3042.0	1.0	COAD
TCGA-AD-6901-01	CI_structural	0.7788358499756454	TCGA-AD-6901	Tumor	78.0	MALE		MSI-L	682.0	1.0	COAD
TCGA-CK-6748-01	CI_structural	0.8167559668777399	TCGA-CK-6748	Tumor	45.0	FEMALE	Stage IV	MSS	61.0	0.0	COAD
TCGA-A6-6141-01	CI_structural	0.8692644909887969	TCGA-A6-6141	Tumor	31.0	MALE	Stage IIA	MSS	255.0	0.0	COAD
TCGA-3L-AA1B-01	CI_structural	0.8146371164150025	TCGA-3L-AA1B	Tumor	61.0	FEMALE	Stage I	MSS	475.0	0.0	COAD
TCGA-AA-3496-01	CI_structural	0.8371164150024355	TCGA-AA-3496	Tumor	83.0	FEMALE	Stage II	MSI-L	31.0	0.0	COAD
TCGA-A6-2678-11	CI_structural	0.8636872868972236	TCGA-A6-2678	Normal	43.0	FEMALE	Stage IIIB	MSS	1286.0	0.0	COAD
TCGA-CM-6170-01	CI_structural	0.8185825621042377	TCGA-CM-6170	Tumor	73.0	FEMALE	Stage I	MSS	457.0	0.0	COAD
TCGA-AU-3779-01	CI_structural	0.8751583049196298	TCGA-AU-3779	Tumor	80.0	FEMALE	Stage IIA	MSS	441.0	0.0	COAD
TCGA-G4-6315-01	CI_structural	0.869118363370677	TCGA-G4-6315	Tumor	66.0	MALE	Stage IV	MSS	1883.0	0.0	COAD
TCGA-G4-6310-01	CI_structural	0.8657574281539211	TCGA-G4-6310	Tumor	69.0	MALE	Stage IIIB	MSS	1935.0	0.0	COAD
TCGA-5M-AATA-01	CI_structural	0.8476132489040429	TCGA-5M-AATA	Tumor				MSS			COAD
TCGA-A6-5659-01	CI_structural	0.8475888943010229	TCGA-A6-5659	Tumor	82.0	MALE	Stage I		926.0	0.0	COAD
TCGA-D5-6537-01	CI_structural	0.8722357525572333	TCGA-D5-6537	Tumor	64.0	MALE	Stage IIIB	MSS	146.0	1.0	COAD
TCGA-AA-3663-01	CI_structural	0.89997564539698	TCGA-AA-3663	Tumor	42.0	MALE	Stage II	MSI-H	212.0	0.0	COAD
TCGA-D5-6529-01	CI_structural	0.8236239649293716	TCGA-D5-6529	Tumor	69.0	MALE	Stage IIA	MSI-L	614.0	0.0	COAD
TCGA-AA-3514-11	CI_structural	0.8729420360448125	TCGA-AA-3514	Normal	81.0	FEMALE	Stage I	MSS	31.0	0.0	COAD
TCGA-D5-6927-01	CI_structural	0.812493911349245	TCGA-D5-6927	Tumor	34.0	MALE	Stage IIA	MSI-H	287.0	0.0	COAD
TCGA-AA-3520-11	CI_structural	0.8751095957135898	TCGA-AA-3520	Normal	86.0	FEMALE	Stage II	MSI-L	731.0	0.0	COAD
TCGA-A6-A565-01	CI_structural	0.780857282026303	TCGA-A6-A565	Tumor	34.0	FEMALE	Stage IIIC	MSI-L	494.0	1.0	COAD
TCGA-A6-2675-01	CI_structural	0.7996590355577204	TCGA-A6-2675	Tumor	78.0	MALE	Stage IIA		1321.0	0.0	COAD
TCGA-G4-6306-01	CI_structural	0.8730394544568923	TCGA-G4-6306	Tumor	71.0	MALE	[Discrepancy]	MSS	1359.0	0.0	COAD
TCGA-G4-6320-01	CI_structural	0.8561617145640527	TCGA-G4-6320	Tumor	73.0	MALE	Stage III	MSI-H	804.0	0.0	COAD
TCGA-DM-A28K-01	CI_structural	0.8643692157817827	TCGA-DM-A28K	Tumor	75.0	MALE	Stage IIA	MSS	2988.0	0.0	COAD
TCGA-A6-2671-11	CI_structural	0.8871407696054554	TCGA-A6-2671	Normal	85.0	MALE	Stage IV	MSS	1331.0	1.0	COAD
TCGA-AZ-6600-01	CI_structural	0.8359230394544569	TCGA-AZ-6600	Tumor	64.0	MALE	Stage IV	MSS	368.0	1.0	COAD
TCGA-D5-6926-01	CI_structural	0.7548222113979542	TCGA-D5-6926	Tumor	65.0	MALE	Stage IIIB	MSS	275.0	0.0	COAD
TCGA-AD-6964-01	CI_structural	0.8582562104237701	TCGA-AD-6964	Tumor	58.0	MALE		MSI-H	331.0	1.0	COAD
TCGA-A6-2686-01	CI_structural	0.8772284461763273	TCGA-A6-2686	Tumor	81.0	FEMALE	Stage IIA	MSI-H	1126.0	1.0	COAD
TCGA-AZ-6608-01	CI_structural	0.8801753531417438	TCGA-AZ-6608	Tumor	55.0	FEMALE	Stage IIIA	MSI-L	59.0	1.0	COAD
TCGA-5M-AATE-01	CI_structural	0.8315635655138821	TCGA-5M-AATE	Tumor	76.0	MALE	Stage IIA	MSS	1200.0	0.0	COAD
TCGA-CK-5915-01	CI_structural	0.8185094982951778	TCGA-CK-5915	Tumor	63.0	MALE	Stage I	MSS			COAD
TCGA-D5-6922-01	CI_structural	0.759961032635168	TCGA-D5-6922	Tumor	76.0	MALE	Stage IIIA	MSS	308.0	0.0	COAD
TCGA-G4-6321-01	CI_structural	0.8215051144666342	TCGA-G4-6321	Tumor	60.0	FEMALE	Stage III	MSI-L	672.0	0.0	COAD
TCGA-A6-A5ZU-01	CI_structural	0.8028981977593765	TCGA-A6-A5ZU	Tumor	59.0	MALE	Stage IIIB	MSS	293.0	0.0	COAD
TCGA-F4-6463-01	CI_structural	0.8219922065270336	TCGA-F4-6463	Tumor	51.0	MALE	Stage IIA	MSS	1087.0	0.0	COAD
TCGA-AA-3526-01	CI_structural	0.9121285923039455	TCGA-AA-3526	Tumor	57.0	MALE	Stage I	MSI-L	580.0	0.0	COAD
TCGA-AA-3527-11	CI_structural	0.8702386751095957	TCGA-AA-3527	Normal	90.0	FEMALE	Stage IIA	MSS			COAD
TCGA-F4-6570-01	CI_structural	0.8262542620555285	TCGA-F4-6570	Tumor	78.0	FEMALE	Stage IIA	MSI-H	188.0	1.0	COAD
TCGA-SS-A7HO-01	CI_structural	0.8553823672674136	TCGA-SS-A7HO	Tumor	44.0	FEMALE	Stage IIB	MSS	1829.0	0.0	COAD
TCGA-4T-AA8H-01	CI_structural	0.8551388212372139	TCGA-4T-AA8H	Tumor	42.0	FEMALE	Stage IIA	Indeterminate	385.0	0.0	COAD
TCGA-CM-6162-01	CI_structural	0.7715538236726741	TCGA-CM-6162	Tumor	48.0	FEMALE	Stage IIIB	MSI-H	365.0	0.0	COAD
TCGA-AA-3489-11	CI_structural	0.9169995129079396	TCGA-AA-3489	Normal	75.0	MALE	Stage II	MSS	214.0	1.0	COAD
TCGA-DM-A1D4-01	CI_structural	0.8870189965903555	TCGA-DM-A1D4	Tumor	80.0	MALE	Stage IIA	MSI-L	2821.0	1.0	COAD
TCGA-QG-A5YV-01	CI_structural	0.8537506088650755	TCGA-QG-A5YV	Tumor	64.0	FEMALE	Stage IIIC	MSS	1301.0	0.0	COAD
TCGA-CA-5796-01	CI_structural	0.8268387725280077	TCGA-CA-5796	Tumor	52.0	FEMALE	Stage IIA	MSS	377.0	0.0	COAD
TCGA-G4-6626-01	CI_structural	0.8485630784218218	TCGA-G4-6626	Tumor	90.0	MALE	Stage IIA	MSS	1.0	1.0	COAD
TCGA-CA-5256-01	CI_assembly	0.7505845104724793	TCGA-CA-5256	Tumor	54.0	FEMALE	Stage IIA	MSS	379.0	0.0	COAD
TCGA-AZ-6599-01	CI_assembly	0.6376035070628349	TCGA-AZ-6599	Tumor	72.0	MALE	Stage I	MSS	206.0	1.0	COAD
TCGA-AA-3655-01	CI_assembly	0.6229176814417925	TCGA-AA-3655	Tumor	68.0	MALE	Stage II	MSS	1856.0	0.0	COAD
TCGA-A6-6137-01	CI_assembly	0.6385776911836337	TCGA-A6-6137	Tumor	55.0	MALE	Stage IIIB	MSS	824.0	0.0	COAD
TCGA-CK-4952-01	CI_assembly	0.6059912323429129	TCGA-CK-4952	Tumor	48.0	FEMALE	Stage IIIC	MSS	475.0	0.0	COAD
TCGA-A6-5657-01	CI_assembly	0.5804919629810034	TCGA-A6-5657	Tumor	65.0	MALE	Stage IIIB	MSS	962.0	0.0	COAD
TCGA-AD-6963-01	CI_assembly	0.6977837311251827	TCGA-AD-6963	Tumor	58.0	MALE		MSS	834.0	0.0	COAD
TCGA-AA-3663-11	CI_assembly	0.5851924013638578	TCGA-AA-3663	Normal	42.0	MALE	Stage II	MSI-H	212.0	0.0	COAD
TCGA-A6-6138-01	CI_assembly	0.6243058938139309	TCGA-A6-6138	Tumor	61.0	MALE	Stage I	MSS	685.0	0.0	COAD
TCGA-A6-A567-01	CI_assembly	0.6535314174378958	TCGA-A6-A567	Tumor	56.0	MALE	Stage IV	MSS	1881.0	1.0	COAD
TCGA-AA-3712-11	CI_assembly	0.6251583049196298	TCGA-AA-3712	Normal	65.0	MALE	Stage III	MSS			COAD
TCGA-D5-6928-01	CI_assembly	0.5715051144666342	TCGA-D5-6928	Tumor	80.0	MALE	Stage IIA	MSI-H	354.0	0.0	COAD
TCGA-AZ-6598-01	CI_assembly	0.6632001948368241	TCGA-AZ-6598	Tumor	77.0	FEMALE	Stage II	MSI-H	1503.0	1.0	COAD
TCGA-D5-6931-01	CI_assembly	0.6074037993180711	TCGA-D5-6931	Tumor	77.0	MALE	Stage IIIC	MSS	365.0	0.0	COAD
TCGA-G4-6295-01	CI_assembly	0.700779347296639	TCGA-G4-6295	Tumor	70.0	FEMALE	Stage II	MSI-L	254.0	0.0	COAD
TCGA-AA-A01X-01	CI_assembly	0.6556259132976132	TCGA-AA-A01X	Tumor	80.0	FEMALE	Stage III	MSS	791.0	0.0	COAD
TCGA-AZ-4313-01	CI_assembly	0.77493911349245	TCGA-AZ-4313	Tumor	51.0	FEMALE	Stage I	MSI-H	2310.0	0.0	COAD
TCGA-DM-A0XD-01	CI_assembly	0.693326838772528	TCGA-DM-A0XD	Tumor	65.0	MALE	Stage IIA	MSI-L	743.0	1.0	COAD
TCGA-D5-6535-01	CI_assembly	0.6217243058938139	TCGA-D5-6535	Tumor	80.0	FEMALE	Stage IIIB	MSS	460.0	0.0	COAD
TCGA-AA-3509-01	CI_assembly	0.6937652216268875	TCGA-AA-3509	Tumor	54.0	FEMALE	Stage II	MSS	1915.0	0.0	COAD
TCGA-DM-A28E-01	CI_assembly	0.6693132001948369	TCGA-DM-A28E	Tumor	72.0	FEMALE	Stage IIA	MSS	3648.0	0.0	COAD
TCGA-A6-5667-11	CI_assembly	0.6149050170482221	TCGA-A6-5667	Normal	40.0	FEMALE	Stage IIIB	MSS	887.0	0.0	COAD
TCGA-G4-6307-01	CI_assembly	0.7330248416950804	TCGA-G4-6307	Tumor	37.0	FEMALE	Stage IIIB	MSS	1674.0	0.0	COAD
TCGA-A6-2682-01	CI_assembly	0.6372138334145153	TCGA-A6-2682	Tumor	70.0	MALE	Stage IV	MSS	424.0	1.0	COAD
TCGA-CM-5868-01	CI_assembly	0.6703360935216756	TCGA-CM-5868	Tumor	59.0	FEMALE	Stage IVA	MSS	518.0	0.0	COAD
TCGA-CK-4947-01	CI_assembly	0.6792742328300049	TCGA-CK-4947	Tumor	46.0	FEMALE	Stage IIIB	MSS	534.0	0.0	COAD
TCGA-D5-5540-01	CI_assembly	0.7704578665367755	TCGA-D5-5540	Tumor	73.0	MALE	Stage IIA	MSI-L	1706.0	0.0	COAD
TCGA-A6-4105-01	CI_assembly	0.6937895762299074	TCGA-A6-4105	Tumor	79.0	MALE	Stage IIA	MSS	442.0	1.0	COAD
TCGA-A6-6651-01	CI_assembly	0.5704091573307355	TCGA-A6-6651	Tumor	55.0	FEMALE	Stage IIIB	MSS	662.0	0.0	COAD
TCGA-G4-6625-01	CI_assembly	0.673331709693132	TCGA-G4-6625	Tumor	77.0	FEMALE	Stage IIA	MSS	2792.0	0.0	COAD
TCGA-CM-5860-01	CI_assembly	0.6318071115440819	TCGA-CM-5860	Tumor	44.0	MALE	Stage IIA	MSS	974.0	0.0	COAD
TCGA-DM-A28G-01	CI_assembly	0.709181685338529	TCGA-DM-A28G	Tumor	75.0	MALE	Stage IIA	MSS	1849.0	1.0	COAD
TCGA-A6-5666-01	CI_assembly	0.7228202630297126	TCGA-A6-5666	Tumor	78.0	MALE	Stage IIC	MSI-L	995.0	0.0	COAD
TCGA-A6-2675-11	CI_assembly	0.567535314174379	TCGA-A6-2675	Normal	78.0	MALE	Stage IIA		1321.0	0.0	COAD
TCGA-AA-3516-11	CI_assembly	0.5932050657574282	TCGA-AA-3516	Normal	74.0	FEMALE	Stage III	MSI-H	396.0	1.0	COAD
TCGA-AZ-6605-01	CI_assembly	0.6246712128592304	TCGA-AZ-6605	Tumor	77.0	MALE	Stage IIIB	MSS	159.0	1.0	COAD
TCGA-CA-5797-01	CI_assembly	0.6956892352654652	TCGA-CA-5797	Tumor	56.0	MALE	Stage IIA	MSS	383.0	0.0	COAD
TCGA-D5-6930-01	CI_assembly	0.6451047247929859	TCGA-D5-6930	Tumor	67.0	MALE	Stage IIA	MSI-H	406.0	0.0	COAD
TCGA-5M-AAT4-01	CI_assembly	0.6844617632732587	TCGA-5M-AAT4	Tumor	74.0	MALE	Stage IV	MSS	49.0	1.0	COAD
TCGA-AA-3685-01	CI_assembly	0.8146614710180224	TCGA-AA-3685	Tumor	69.0	MALE	Stage II	MSS	1127.0	0.0	COAD
TCGA-D5-6924-01	CI_assembly	0.5624208475401851	TCGA-D5-6924	Tumor	68.0	MALE	Stage IIA	MSS	435.0	0.0	COAD
TCGA-CA-6718-01	CI_assembly	0.6717243058938139	TCGA-CA-6718	Tumor	46.0	MALE	Stage IIA	MSS	306.0	1.0	COAD
TCGA-AZ-6603-01	CI_assembly	0.6589868485143692	TCGA-AZ-6603	Tumor	77.0	FEMALE		MSS	899.0	1.0	COAD
TCGA-CM-5862-01	CI_assembly	0.6863857769118363	TCGA-CM-5862	Tumor	80.0	MALE	Stage IVA	MSS	153.0	1.0	COAD
TCGA-AZ-6598-11	CI_assembly	0.6238188017535314	TCGA-AZ-6598	Normal	77.0	FEMALE	Stage II	MSI-H	1503.0	1.0	COAD
TCGA-AA-A01Z-01	CI_assembly	0.7004383828543594	TCGA-AA-A01Z	Tumor	68.0	MALE	Stage II	MSS	1126.0	0.0	COAD
TCGA-DM-A0X9-01	CI_assembly	0.6805650267900634	TCGA-DM-A0X9	Tumor	71.0	FEMALE	Stage IIA	MSS	3641.0	0.0	COAD
TCGA-A6-A566-01	CI_assembly	0.6351436921578179	TCGA-A6-A566	Tumor	55.0	FEMALE	Stage IIIB	MSI-L	758.0	1.0	COAD
TCGA-A6-5662-11	CI_assembly	0.6449342425718461	TCGA-A6-5662	Normal	46.0	MALE	Stage IVA	MSS	718.0	0.0	COAD
TCGA-D5-6534-01	CI_assembly	0.576619581100828	TCGA-D5-6534	Tumor	62.0	FEMALE	Stage IIA	MSS	1316.0	0.0	COAD
TCGA-CK-6746-01	CI_assembly	0.6853385289819776	TCGA-CK-6746	Tumor	84.0	FEMALE	Stage IIB	MSI-H			COAD
TCGA-A6-5656-01	CI_assembly	0.6737457379444715	TCGA-A6-5656	Tumor	74.0	MALE	Stage I		1001.0	0.0	COAD
TCGA-5M-AAT6-01	CI_assembly	0.6807111544081832	TCGA-5M-AAT6	Tumor	40.0	FEMALE	Stage IV	MSI-H	290.0	1.0	COAD
TCGA-QG-A5Z1-01	CI_assembly	0.6522162688748173	TCGA-QG-A5Z1	Tumor	71.0	MALE	Stage IIIB	MSI-L	256.0	1.0	COAD
TCGA-AZ-6605-11	CI_assembly	0.6104237700925474	TCGA-AZ-6605	Normal	77.0	MALE	Stage IIIB	MSS	159.0	1.0	COAD
TCGA-CK-4951-01	CI_assembly	0.6379201169020945	TCGA-CK-4951	Tumor	79.0	FEMALE	Stage IIA	MSI-H	2134.0	1.0	COAD
TCGA-CM-6680-01	CI_assembly	0.5895031660983926	TCGA-CM-6680	Tumor	78.0	FEMALE	Stage IIIB	MSS	366.0	0.0	COAD
TCGA-CK-5913-01	CI_assembly	0.673380418899172	TCGA-CK-5913	Tumor	58.0	FEMALE	Stage IIA	MSI-H	1561.0	0.0	COAD
TCGA-CM-6172-01	CI_assembly	0.6235752557233317	TCGA-CM-6172	Tumor	70.0	FEMALE	Stage IIIB	MSS	335.0	0.0	COAD
TCGA-G4-6309-01	CI_assembly	0.7345591816853385	TCGA-G4-6309	Tumor	40.0	FEMALE	Stage IIIB	MSI-H	2600.0	0.0	COAD
TCGA-F4-6461-01	CI_assembly	0.6206770579639552	TCGA-F4-6461	Tumor	41.0	FEMALE	Stage IIIC	MSS	338.0	1.0	COAD
TCGA-G4-6299-01	CI_assembly	0.6531173891865563	TCGA-G4-6299	Tumor	69.0	MALE	Stage IIIC	MSS	2268.0	0.0	COAD
TCGA-CM-6168-01	CI_assembly	0.629176814417925	TCGA-CM-6168	Tumor	84.0	FEMALE	Stage IIA	MSI-L	395.0	0.0	COAD
TCGA-AD-A5EK-01	CI_assembly	0.6525572333170969	TCGA-AD-A5EK	Tumor	51.0	MALE	Stage I	MSS	500.0	0.0	COAD
TCGA-AM-5820-01	CI_assembly	0.6775937652216268	TCGA-AM-5820	Tumor	59.0	FEMALE	Stage IVA	MSS	14.0	0.0	COAD
TCGA-A6-2682-11	CI_assembly	0.5897954213346323	TCGA-A6-2682	Normal	70.0	MALE	Stage IV	MSS	424.0	1.0	COAD
TCGA-A6-6648-01	CI_assembly	0.6586945932781295	TCGA-A6-6648	Tumor	56.0	MALE	Stage IVA	MSS	766.0	0.0	COAD
TCGA-CA-6717-01	CI_assembly	0.6464929371651242	TCGA-CA-6717	Tumor	57.0	MALE	Stage IIA	MSS	388.0	0.0	COAD
TCGA-AU-6004-01	CI_assembly	0.6569654164637116	TCGA-AU-6004	Tumor	69.0	FEMALE	Stage I	MSI-H	824.0	0.0	COAD
TCGA-A6-2684-01	CI_assembly	0.7089624939113492	TCGA-A6-2684	Tumor	75.0	FEMALE	Stage I		1127.0	0.0	COAD
TCGA-AZ-6599-11	CI_assembly	0.6384072089624939	TCGA-AZ-6599	Normal	72.0	MALE	Stage I	MSS	206.0	1.0	COAD
TCGA-DM-A1HB-01	CI_assembly	0.6649050170482221	TCGA-DM-A1HB	Tumor	75.0	MALE	Stage IIIB	MSI-H	4126.0	0.0	COAD
TCGA-A6-2685-01	CI_assembly	0.6420360448124696	TCGA-A6-2685	Tumor	48.0	FEMALE	Stage IIA	MSS	1133.0	0.0	COAD
TCGA-F4-6704-11	CI_assembly	0.6434486117876279	TCGA-F4-6704	Normal	60.0	MALE	Stage IIIC	MSS	47.0	0.0	COAD
TCGA-F4-6856-01	CI_assembly	0.6269849001461276	TCGA-F4-6856	Tumor	45.0	MALE	Stage I	MSI-H	1074.0	0.0	COAD
TCGA-AA-3492-01	CI_assembly	0.6568923526546517	TCGA-AA-3492	Tumor	90.0	FEMALE	Stage II	MSI-H	1.0	1.0	COAD
TCGA-G4-6294-01	CI_assembly	0.6726497808085729	TCGA-G4-6294	Tumor	75.0	MALE	Stage IV	MSS	858.0	1.0	COAD
TCGA-WS-AB45-01	CI_assembly	0.5381149537262543	TCGA-WS-AB45	Tumor	52.0	FEMALE	Stage IIA	MSI-H	2130.0	0.0	COAD
TCGA-CK-5916-01	CI_assembly	0.6565026790063322	TCGA-CK-5916	Tumor	71.0	FEMALE	Stage I	MSI-H	643.0	1.0	COAD
TCGA-NH-A50V-01	CI_assembly	0.6616171456405261	TCGA-NH-A50V	Tumor	69.0	MALE	Stage IIIB	MSI-L	588.0	0.0	COAD
TCGA-NH-A6GA-01	CI_assembly	0.614174378957623	TCGA-NH-A6GA	Tumor	58.0	MALE	Stage IIIC	MSS	302.0	1.0	COAD
TCGA-F4-6460-01	CI_assembly	0.6254505601558694	TCGA-F4-6460	Tumor	51.0	FEMALE	Stage IIIB	MSS	972.0	1.0	COAD
TCGA-F4-6806-01	CI_assembly	0.685825621042377	TCGA-F4-6806	Tumor	59.0	FEMALE	Stage I	MSS	1260.0	0.0	COAD
TCGA-G4-6304-01	CI_assembly	0.7137847053093035	TCGA-G4-6304	Tumor	66.0	FEMALE	Stage IIB	MSI-H	1631.0	0.0	COAD
TCGA-QG-A5YW-01	CI_assembly	0.7597174866049683	TCGA-QG-A5YW	Tumor	55.0	FEMALE	Stage IIIC	MSI-L	896.0	0.0	COAD
TCGA-AD-6965-01	CI_assembly	0.649196298100341	TCGA-AD-6965	Tumor	62.0	MALE	Stage IIIC	MSS	805.0	0.0	COAD
TCGA-D5-6920-01	CI_assembly	0.6154651729176814	TCGA-D5-6920	Tumor	77.0	FEMALE	Stage IIA	MSS	377.0	0.0	COAD
TCGA-DM-A280-01	CI_assembly	0.702508524111057	TCGA-DM-A280	Tumor	70.0	FEMALE	Stage IIA	MSS	236.0	1.0	COAD
TCGA-G4-6297-01	CI_assembly	0.5917924987822698	TCGA-G4-6297	Tumor	55.0	FEMALE	Stage IV	MSS	2506.0	0.0	COAD
TCGA-G4-6302-01	CI_assembly	0.6060642961519728	TCGA-G4-6302	Tumor	90.0	FEMALE	Stage IIA	MSI-H			COAD
TCGA-QL-A97D-01	CI_assembly	0.6894301022893327	TCGA-QL-A97D	Tumor	84.0	FEMALE	Stage I	MSS	666.0	0.0	COAD
TCGA-CA-6716-01	CI_assembly	0.6199220652703361	TCGA-CA-6716	Tumor	65.0	MALE	Stage IIA	MSS	371.0	0.0	COAD
TCGA-AA-3518-11	CI_assembly	0.6293960058451047	TCGA-AA-3518	Normal	81.0	FEMALE	Stage IIA	MSI-H	31.0	0.0	COAD
TCGA-AA-3531-11	CI_assembly	0.5939600584510473	TCGA-AA-3531	Normal	75.0	FEMALE	Stage IIA	MSI-L	1035.0	0.0	COAD
TCGA-CA-6715-01	CI_assembly	0.6736483195323916	TCGA-CA-6715	Tumor	63.0	MALE	Stage IIIB	MSS	383.0	0.0	COAD
TCGA-CM-4743-01	CI_assembly	0.7722844617632733	TCGA-CM-4743	Tumor	69.0	MALE	Stage IIA	MSI-H	701.0	0.0	COAD
TCGA-A6-6654-01	CI_assembly	0.5412810521188505	TCGA-A6-6654	Tumor	65.0	FEMALE	Stage IIIB	MSS	726.0	0.0	COAD
TCGA-5M-AAT5-01	CI_assembly	0.7192888455918168	TCGA-5M-AAT5	Tumor				MSI-L			COAD
TCGA-G4-6627-01	CI_assembly	0.624208475401851	TCGA-G4-6627	Tumor	84.0	MALE	Stage IIA	MSI-L	2175.0	0.0	COAD
TCGA-A6-5664-01	CI_assembly	0.6093278129566488	TCGA-A6-5664	Tumor	80.0	MALE	Stage IIIC	MSS	672.0	0.0	COAD
TCGA-CM-6167-01	CI_assembly	0.578348757915246	TCGA-CM-6167	Tumor	57.0	FEMALE	Stage IIIC	MSS	456.0	0.0	COAD
TCGA-AA-3534-11	CI_assembly	0.6369459327812956	TCGA-AA-3534	Normal	78.0	FEMALE	Stage IIA	MSS	882.0	0.0	COAD
TCGA-AD-6548-01	CI_assembly	0.664198733560643	TCGA-AD-6548	Tumor	81.0	FEMALE	Stage I	MSI-L	650.0	0.0	COAD
TCGA-F4-6805-01	CI_assembly	0.6297856794934242	TCGA-F4-6805	Tumor	58.0	FEMALE	Stage IIA	MSS	1047.0	0.0	COAD
TCGA-A6-6780-01	CI_assembly	0.7264978080857282	TCGA-A6-6780	Tumor	74.0	MALE	Stage IIA		612.0	0.0	COAD
TCGA-DM-A1HA-01	CI_assembly	0.6650754992693619	TCGA-DM-A1HA	Tumor	82.0	MALE	Stage IIIC	MSS	2600.0	0.0	COAD
TCGA-CM-6676-01	CI_assembly	0.6631758402338042	TCGA-CM-6676	Tumor	82.0	MALE	Stage I	MSI-L	337.0	0.0	COAD
TCGA-A6-6650-01	CI_assembly	0.6977350219191427	TCGA-A6-6650	Tumor	69.0	FEMALE	Stage IIA		627.0	0.0	COAD
TCGA-AA-3713-11	CI_assembly	0.7597174866049683	TCGA-AA-3713	Normal	68.0	MALE	Stage IV	MSI-H	579.0	0.0	COAD
TCGA-NH-A6GB-01	CI_assembly	0.6651242084754019	TCGA-NH-A6GB	Tumor	71.0	FEMALE	Stage IIIC	MSS	476.0	0.0	COAD
TCGA-A6-6652-01	CI_assembly	0.606673161227472	TCGA-A6-6652	Tumor	59.0	MALE	Stage IVA	MSS	751.0	0.0	COAD
TCGA-CM-6164-01	CI_assembly	0.6176083779834388	TCGA-CM-6164	Tumor	46.0	FEMALE	Stage IIA	MSS	883.0	0.0	COAD
TCGA-D5-6536-01	CI_assembly	0.6022893326838773	TCGA-D5-6536	Tumor	73.0	MALE	Stage IIA	MSS	543.0	0.0	COAD
TCGA-G4-6588-01	CI_assembly	0.648343886994642	TCGA-G4-6588	Tumor	58.0	FEMALE	Stage IIA	MSI-H	796.0	0.0	COAD
TCGA-4N-A93T-01	CI_assembly	0.7337554797856795	TCGA-4N-A93T	Tumor	67.0	MALE	Stage IIIB	MSS	146.0	0.0	COAD
TCGA-A6-2684-11	CI_assembly	0.6459327812956649	TCGA-A6-2684	Normal	75.0	FEMALE	Stage I		1127.0	0.0	COAD
TCGA-F4-6459-01	CI_assembly	0.5913297613248905	TCGA-F4-6459	Tumor	61.0	FEMALE	Stage IIIB	MSS	262.0	1.0	COAD
TCGA-T9-A92H-01	CI_assembly	0.7413054067218704	TCGA-T9-A92H	Tumor	82.0	MALE	Stage IIA	MSS	362.0	0.0	COAD
TCGA-D5-5538-01	CI_assembly	0.6483925962006819	TCGA-D5-5538	Tumor	60.0	FEMALE	Stage IIIB	MSS	1661.0	1.0	COAD
TCGA-CK-4948-01	CI_assembly	0.6695567462250366	TCGA-CK-4948	Tumor	45.0	FEMALE	Stage III	MSI-L	4502.0	0.0	COAD
TCGA-AA-3506-01	CI_assembly	0.6320993667803215	TCGA-AA-3506	Tumor	77.0	MALE	Stage I	MSS	1765.0	0.0	COAD
TCGA-CM-6166-01	CI_assembly	0.7063565513882124	TCGA-CM-6166	Tumor	48.0	FEMALE	Stage I	MSS	669.0	0.0	COAD
TCGA-CK-5914-01	CI_assembly	0.694130540672187	TCGA-CK-5914	Tumor	81.0	MALE	Stage IIIB	MSS	669.0	0.0	COAD
TCGA-AY-6196-01	CI_assembly	0.5320019483682416	TCGA-AY-6196	Tumor	47.0	MALE	Stage IIIC	MSI-L	6.0	0.0	COAD
TCGA-F4-6809-01	CI_assembly	0.6697759376522163	TCGA-F4-6809	Tumor	52.0	FEMALE	Stage IVA	MSS	403.0	1.0	COAD
TCGA-CM-6171-01	CI_assembly	0.634193862640039	TCGA-CM-6171	Tumor	77.0	FEMALE	Stage I	MSI-H	427.0	0.0	COAD
TCGA-CM-5863-01	CI_assembly	0.5893570384802728	TCGA-CM-5863	Tumor	60.0	FEMALE	Stage IIIB	MSS	457.0	0.0	COAD
TCGA-D5-6539-01	CI_assembly	0.6079396005845105	TCGA-D5-6539	Tumor	45.0	FEMALE	[Discrepancy]	MSS	380.0	0.0	COAD
TCGA-A6-5665-11	CI_assembly	0.6314661471018023	TCGA-A6-5665	Normal	84.0	FEMALE	Stage IIA	MSI-H	671.0	0.0	COAD
TCGA-NH-A8F7-01	CI_assembly	0.6487335606429615	TCGA-NH-A8F7	Tumor	53.0	FEMALE	Stage IIA	Indeterminate	543.0	0.0	COAD
TCGA-D5-5541-01	CI_assembly	0.6322698490014613	TCGA-D5-5541	Tumor	63.0	MALE	Stage IIIB	MSS	1701.0	0.0	COAD
TCGA-F4-6808-01	CI_assembly	0.7148319532391622	TCGA-F4-6808	Tumor	54.0	FEMALE	Stage I	MSS	1024.0	0.0	COAD
TCGA-A6-2680-11	CI_assembly	0.6052118850462738	TCGA-A6-2680	Normal	72.0	FEMALE	Stage II	MSS	1068.0	0.0	COAD
TCGA-AA-3511-11	CI_assembly	0.6284705309303459	TCGA-AA-3511	Normal	64.0	MALE	Stage II	MSS	212.0	0.0	COAD
TCGA-DM-A285-01	CI_assembly	0.6278616658548466	TCGA-DM-A285	Tumor	71.0	FEMALE	Stage IV	MSS	179.0	1.0	COAD
TCGA-AA-3522-11	CI_assembly	0.6346809547004384	TCGA-AA-3522	Normal	67.0	MALE	Stage IIA	MSS	1127.0	0.0	COAD
TCGA-G4-6314-01	CI_assembly	0.6372868972235752	TCGA-G4-6314	Tumor	76.0	FEMALE	Stage IV	MSS	1093.0	0.0	COAD
TCGA-A6-6781-01	CI_assembly	0.5756941061860692	TCGA-A6-6781	Tumor	43.0	MALE	Stage IIIC		598.0	0.0	COAD
TCGA-F4-6807-01	CI_assembly	0.6389430102289333	TCGA-F4-6807	Tumor	51.0	FEMALE	Stage IIIC	MSS	1309.0	0.0	COAD
TCGA-AY-A54L-01	CI_assembly	0.7081831466147102	TCGA-AY-A54L	Tumor	74.0	FEMALE	Stage I	MSI-L	525.0	0.0	COAD
TCGA-A6-5661-01	CI_assembly	0.6835849975645397	TCGA-A6-5661	Tumor	80.0	FEMALE	Stage IIA	MSI-H	1020.0	0.0	COAD
TCGA-DM-A288-01	CI_assembly	0.6627618119824646	TCGA-DM-A288	Tumor	68.0	MALE	Stage IIIC	MSS	427.0	1.0	COAD
TCGA-QG-A5YX-01	CI_assembly	0.7219434973209937	TCGA-QG-A5YX	Tumor	61.0	FEMALE	Stage IIA	MSI-L	1003.0	0.0	COAD
TCGA-A6-2679-11	CI_assembly	0.6178519240136385	TCGA-A6-2679	Normal	73.0	FEMALE	Stage IIB	MSS	1366.0	0.0	COAD
TCGA-AD-A5EJ-01	CI_assembly	0.6522406234778373	TCGA-AD-A5EJ	Tumor	74.0	FEMALE	Stage IIA	MSI-H			COAD
TCGA-G4-6628-01	CI_assembly	0.6772284461763274	TCGA-G4-6628	Tumor	78.0	MALE	Stage I	MSI-H	2424.0	0.0	COAD
TCGA-D5-6531-01	CI_assembly	0.6725767169995129	TCGA-D5-6531	Tumor	75.0	MALE	Stage IIA	MSS	540.0	0.0	COAD
TCGA-DM-A28M-01	CI_assembly	0.722430589381393	TCGA-DM-A28M	Tumor	63.0	MALE	Stage IIA	MSS	2895.0	0.0	COAD
TCGA-CK-6751-01	CI_assembly	0.6759620068192889	TCGA-CK-6751	Tumor	88.0	FEMALE	Stage I	MSS	518.0	0.0	COAD
TCGA-F4-6854-01	CI_assembly	0.6494641987335606	TCGA-F4-6854	Tumor	77.0	FEMALE	Stage IIA	MSS	16.0	0.0	COAD
TCGA-A6-2683-11	CI_assembly	0.6282269849001462	TCGA-A6-2683	Normal	57.0	FEMALE	Stage IV	MSI-L	504.0	1.0	COAD
TCGA-A6-6142-01	CI_assembly	0.5902581587920117	TCGA-A6-6142	Tumor	56.0	FEMALE	Stage IVA	MSS	763.0	0.0	COAD
TCGA-NH-A8F8-01	CI_assembly	0.6814661471018022	TCGA-NH-A8F8	Tumor	79.0	MALE	Stage IV	MSS	511.0	1.0	COAD
TCGA-AM-5821-01	CI_assembly	0.7136385776911837	TCGA-AM-5821	Tumor	68.0	FEMALE	Stage IIA	MSI-H	28.0	0.0	COAD
TCGA-D5-5537-01	CI_assembly	0.6537993180711155	TCGA-D5-5537	Tumor	83.0	MALE	Stage IIA	MSS	1381.0	1.0	COAD
TCGA-CM-6677-01	CI_assembly	0.7561373599610326	TCGA-CM-6677	Tumor	75.0	FEMALE	Stage IIA	MSS	337.0	0.0	COAD
TCGA-AD-6888-01	CI_assembly	0.6615927910375061	TCGA-AD-6888	Tumor	73.0	MALE	Stage IIIB	MSS	472.0	1.0	COAD
TCGA-AZ-4615-01	CI_assembly	0.690842669264491	TCGA-AZ-4615	Tumor	84.0	MALE	Stage IIIB	MSI-H	1002.0	0.0	COAD
TCGA-AA-3662-01	CI_assembly	0.6478324403312226	TCGA-AA-3662	Tumor	80.0	FEMALE	Stage IV	MSS	184.0	0.0	COAD
TCGA-DM-A28C-01	CI_assembly	0.6906234778373113	TCGA-DM-A28C	Tumor	74.0	MALE	Stage IIA	MSS	2475.0	1.0	COAD
TCGA-DM-A1DA-01	CI_assembly	0.6962493911349245	TCGA-DM-A1DA	Tumor	71.0	FEMALE	Stage IIIC	MSI-L	228.0	1.0	COAD
TCGA-F4-6569-01	CI_assembly	0.6339746712128592	TCGA-F4-6569	Tumor	60.0	MALE	Stage I	MSS	1087.0	0.0	COAD
TCGA-AA-3660-11	CI_assembly	0.7138334145153434	TCGA-AA-3660	Normal	51.0	FEMALE	Stage II	MSS	2375.0	0.0	COAD
TCGA-CM-6674-01	CI_assembly	0.705041402825134	TCGA-CM-6674	Tumor	39.0	MALE	Stage IIA	MSI-H	394.0	0.0	COAD
TCGA-CK-4950-01	CI_assembly	0.642498782269849	TCGA-CK-4950	Tumor	68.0	FEMALE	Stage IIIB	MSS	2599.0	0.0	COAD
TCGA-DM-A1D9-01	CI_assembly	0.6611300535801267	TCGA-DM-A1D9	Tumor	67.0	FEMALE	Stage IIA	MSS	4270.0	0.0	COAD
TCGA-CA-6719-01	CI_assembly	0.6592060399415489	TCGA-CA-6719	Tumor	77.0	MALE	Stage IIA	MSI-L	435.0	0.0	COAD
TCGA-CM-6675-01	CI_assembly	0.6324403312226011	TCGA-CM-6675	Tumor	35.0	MALE	Stage IVB	MSS	397.0	0.0	COAD
TCGA-D5-6533-01	CI_assembly	0.6837554797856795	TCGA-D5-6533	Tumor	68.0	FEMALE	[Discrepancy]	MSS	775.0	0.0	COAD
TCGA-A6-6782-01	CI_assembly	0.6504627374573795	TCGA-A6-6782	Tumor	82.0	MALE	Stage IIB	MSS	617.0	0.0	COAD
TCGA-D5-5539-01	CI_assembly	0.6520214320506575	TCGA-D5-5539	Tumor	60.0	MALE	Stage IIIA	MSS	596.0	0.0	COAD
TCGA-CK-5912-01	CI_assembly	0.6709693132001948	TCGA-CK-5912	Tumor	81.0	MALE	Stage I	MSS	1493.0	1.0	COAD
TCGA-CM-4751-01	CI_assembly	0.6278129566488067	TCGA-CM-4751	Tumor	62.0	MALE	Stage IIIB	MSS	822.0	0.0	COAD
TCGA-AZ-4614-01	CI_assembly	0.7118606916707257	TCGA-AZ-4614	Tumor	71.0	FEMALE	Stage IVA	MSI-L	172.0	1.0	COAD
TCGA-A6-6140-01	CI_assembly	0.6486848514369216	TCGA-A6-6140	Tumor	62.0	MALE	Stage IIA	MSS	734.0	0.0	COAD
TCGA-NH-A6GC-01	CI_assembly	0.6288602045786653	TCGA-NH-A6GC	Tumor	66.0	FEMALE	Stage IVB	MSS	389.0	0.0	COAD
TCGA-AA-3495-01	CI_assembly	0.7200438382854359	TCGA-AA-3495	Tumor	79.0	MALE	Stage I	MSS	1127.0	0.0	COAD
TCGA-CM-4744-01	CI_assembly	0.72498782269849	TCGA-CM-4744	Tumor	69.0	MALE	Stage I	MSS	609.0	0.0	COAD
TCGA-AD-6895-01	CI_assembly	0.6243546030199708	TCGA-AD-6895	Tumor	84.0	MALE	Stage IIIB	MSI-H	763.0	0.0	COAD
TCGA-AD-6889-01	CI_assembly	0.663321967851924	TCGA-AD-6889	Tumor	76.0	MALE	Stage IIA	MSI-H	2532.0	1.0	COAD
TCGA-AD-5900-01	CI_assembly	0.6460545543107648	TCGA-AD-5900	Tumor	67.0	MALE	Stage I	MSI-H	370.0	0.0	COAD
TCGA-D5-6540-01	CI_assembly	0.6080857282026303	TCGA-D5-6540	Tumor	66.0	MALE	Stage I	MSI-H	491.0	0.0	COAD
TCGA-AZ-5407-01	CI_assembly	0.6862640038967365	TCGA-AZ-5407	Tumor	51.0	FEMALE	Stage I	MSS	2683.0	0.0	COAD
TCGA-A6-2685-11	CI_assembly	0.6567705796395519	TCGA-A6-2685	Normal	48.0	FEMALE	Stage IIA	MSS	1133.0	0.0	COAD
TCGA-G4-6311-01	CI_assembly	0.6378714076960545	TCGA-G4-6311	Tumor	80.0	MALE	Stage III	MSS	1199.0	0.0	COAD
TCGA-D5-6923-01	CI_assembly	0.6550414028251339	TCGA-D5-6923	Tumor	57.0	MALE	Stage I	MSS	378.0	0.0	COAD
TCGA-DM-A1D7-01	CI_assembly	0.723356064296152	TCGA-DM-A1D7	Tumor	82.0	MALE	Stage IIA	MSS	405.0	1.0	COAD
TCGA-A6-5659-11	CI_assembly	0.6495616171456405	TCGA-A6-5659	Normal	82.0	MALE	Stage I		926.0	0.0	COAD
TCGA-AY-A71X-01	CI_assembly	0.637530443253775	TCGA-AY-A71X	Tumor	54.0	FEMALE	Stage I	MSS	588.0	0.0	COAD
TCGA-AZ-6600-11	CI_assembly	0.6647832440331223	TCGA-AZ-6600	Normal	64.0	MALE	Stage IV	MSS	368.0	1.0	COAD
TCGA-AA-3655-11	CI_assembly	0.6484900146127618	TCGA-AA-3655	Normal	68.0	MALE	Stage II	MSS	1856.0	0.0	COAD
TCGA-CA-5254-01	CI_assembly	0.6614223088163663	TCGA-CA-5254	Tumor	42.0	FEMALE	Stage IIA	MSI-L	386.0	0.0	COAD
TCGA-CM-5349-01	CI_assembly	0.6221139795421334	TCGA-CM-5349	Tumor	68.0	FEMALE	Stage IIA	MSS	915.0	0.0	COAD
TCGA-A6-2686-11	CI_assembly	0.6123234291281052	TCGA-A6-2686	Normal	81.0	FEMALE	Stage IIA	MSI-H	1126.0	1.0	COAD
TCGA-AZ-4682-01	CI_assembly	0.735021919142718	TCGA-AZ-4682	Tumor	61.0	MALE	Stage IVA	MSS	680.0	1.0	COAD
TCGA-CM-5344-01	CI_assembly	0.6809547004383829	TCGA-CM-5344	Tumor	39.0	FEMALE	Stage IIIB	MSS	670.0	0.0	COAD
TCGA-NH-A50T-01	CI_assembly	0.7329030686799806	TCGA-NH-A50T	Tumor	68.0	FEMALE	Stage IIA	MSS	553.0	0.0	COAD
TCGA-AY-6386-01	CI_assembly	0.6528981977593765	TCGA-AY-6386	Tumor	66.0	FEMALE	Stage IIIB	MSS	542.0	0.0	COAD
TCGA-CA-5255-01	CI_assembly	0.6902094495859717	TCGA-CA-5255	Tumor	45.0	MALE	Stage IIA	MSS	376.0	0.0	COAD
TCGA-AA-3662-11	CI_assembly	0.5637847053093035	TCGA-AA-3662	Normal	80.0	FEMALE	Stage IV	MSS	184.0	0.0	COAD
TCGA-DM-A1DB-01	CI_assembly	0.6776911836337067	TCGA-DM-A1DB	Tumor	68.0	MALE	Stage IIA	MSS	1348.0	1.0	COAD
TCGA-DM-A28F-01	CI_assembly	0.68336580613736	TCGA-DM-A28F	Tumor	73.0	MALE	Stage IIIB	MSS	1094.0	1.0	COAD
TCGA-AA-A02Y-01	CI_assembly	0.7030930345835363	TCGA-AA-A02Y	Tumor	73.0	MALE	Stage I	MSS	1216.0	0.0	COAD
TCGA-D5-6932-01	CI_assembly	0.7006332196785192	TCGA-D5-6932	Tumor	69.0	MALE	Stage IIA	MSS	346.0	0.0	COAD
TCGA-AD-6899-01	CI_assembly	0.6047978567949343	TCGA-AD-6899	Tumor	84.0	MALE	Stage IIIC	MSS	176.0	1.0	COAD
TCGA-AY-6197-01	CI_assembly	0.6630297126156843	TCGA-AY-6197	Tumor	60.0	MALE	Stage IIA	MSI-H	652.0	0.0	COAD
TCGA-AA-3660-01	CI_assembly	0.6830248416950804	TCGA-AA-3660	Tumor	51.0	FEMALE	Stage II	MSS	2375.0	0.0	COAD
TCGA-A6-5660-01	CI_assembly	0.6666829030686799	TCGA-A6-5660	Tumor	73.0	MALE	Stage IIIC	MSS	888.0	0.0	COAD
TCGA-D5-6541-01	CI_assembly	0.659157330735509	TCGA-D5-6541	Tumor	49.0	MALE	Stage IIA	MSS	474.0	0.0	COAD
TCGA-CM-4747-01	CI_assembly	0.6240867023867511	TCGA-CM-4747	Tumor	47.0	MALE	Stage IVA	MSI-L	761.0	0.0	COAD
TCGA-AA-3511-01	CI_assembly	0.6612518265952265	TCGA-AA-3511	Tumor	64.0	MALE	Stage II	MSS	212.0	0.0	COAD
TCGA-DM-A28H-01	CI_assembly	0.698319532391622	TCGA-DM-A28H	Tumor	50.0	MALE	Stage IIIC	MSI-L	3561.0	0.0	COAD
TCGA-G4-6303-01	CI_assembly	0.6547004383828544	TCGA-G4-6303	Tumor	54.0	FEMALE	Stage IV	MSI-L	2003.0	1.0	COAD
TCGA-CM-5861-01	CI_assembly	0.6674135411592791	TCGA-CM-5861	Tumor	63.0	FEMALE	Stage IIA	MSI-H	457.0	0.0	COAD
TCGA-AA-3525-11	CI_assembly	0.6419629810034096	TCGA-AA-3525	Normal	90.0	MALE	Stage IIIB	MSI-H	1.0	0.0	COAD
TCGA-CM-6161-01	CI_assembly	0.6558694593278129	TCGA-CM-6161	Tumor	36.0	FEMALE	Stage I	MSI-L	457.0	0.0	COAD
TCGA-NH-A50U-01	CI_assembly	0.7028251339503166	TCGA-NH-A50U	Tumor	42.0	MALE	Stage IVA	MSS	334.0	1.0	COAD
TCGA-AZ-6607-01	CI_assembly	0.5491232342912811	TCGA-AZ-6607	Tumor	69.0	MALE	Stage IV	MSS	97.0	1.0	COAD
TCGA-G4-6298-01	CI_assembly	0.6788358499756454	TCGA-G4-6298	Tumor	90.0	MALE	Stage IIIB	MSI-L			COAD
TCGA-D5-6538-01	CI_assembly	0.6797856794934243	TCGA-D5-6538	Tumor	79.0	FEMALE	Stage IIIB	MSI-L	521.0	0.0	COAD
TCGA-CM-6679-01	CI_assembly	0.6276911836337068	TCGA-CM-6679	Tumor	58.0	MALE	Stage IIA	MSS	306.0	0.0	COAD
TCGA-AZ-4323-01	CI_assembly	0.559961032635168	TCGA-AZ-4323	Tumor	37.0	MALE	Stage IV	MSI-L	43.0	1.0	COAD
TCGA-G4-6322-01	CI_assembly	0.6975645396980029	TCGA-G4-6322	Tumor	65.0	MALE	Stage IIIB	MSI-L	792.0	0.0	COAD
TCGA-CM-5864-01	CI_assembly	0.7240867023867511	TCGA-CM-5864	Tumor	60.0	MALE	Stage I	MSS	457.0	0.0	COAD
TCGA-CK-6747-01	CI_assembly	0.67496346809547	TCGA-CK-6747	Tumor	87.0	FEMALE	Stage IIA	MSI-H	820.0	0.0	COAD
TCGA-CM-6163-01	CI_assembly	0.5896492937165124	TCGA-CM-6163	Tumor	74.0	MALE	Stage I	MSS	427.0	0.0	COAD
TCGA-AA-3713-01	CI_assembly	0.6464685825621043	TCGA-AA-3713	Tumor	68.0	MALE	Stage IV	MSI-H	579.0	0.0	COAD
TCGA-A6-A56B-01	CI_assembly	0.6443740867023867	TCGA-A6-A56B	Tumor	57.0	MALE	Stage IIIB	MSS	1711.0	1.0	COAD
TCGA-CM-5348-01	CI_assembly	0.5495859717486605	TCGA-CM-5348	Tumor	72.0	MALE	Stage IIIB	MSS	699.0	0.0	COAD
TCGA-AY-5543-01	CI_assembly	0.7431076473453483	TCGA-AY-5543	Tumor	65.0	FEMALE	Stage IVA	MSS	1004.0	0.0	COAD
TCGA-CM-6169-01	CI_assembly	0.6196541646371164	TCGA-CM-6169	Tumor	67.0	MALE	Stage IIA	MSS	396.0	0.0	COAD
TCGA-AZ-6606-01	CI_assembly	0.6520944958597175	TCGA-AZ-6606	Tumor	81.0	MALE	Stage IV	MSS	357.0	1.0	COAD
TCGA-RU-A8FL-01	CI_assembly	0.7346322454943984	TCGA-RU-A8FL	Tumor	51.0	MALE	Stage IIIB	MSS	1177.0	0.0	COAD
TCGA-CM-6678-01	CI_assembly	0.6697515830491964	TCGA-CM-6678	Tumor	63.0	FEMALE	Stage IVA	MSS	335.0	0.0	COAD
TCGA-A6-6649-01	CI_assembly	0.5814905017048222	TCGA-A6-6649	Tumor	66.0	MALE	Stage IIIB	MSS	735.0	0.0	COAD
TCGA-AA-3517-11	CI_assembly	0.5864101315148563	TCGA-AA-3517	Normal	60.0	MALE	Stage IIA	MSI-L	1186.0	0.0	COAD
TCGA-AA-3675-01	CI_assembly	0.7121042377009255	TCGA-AA-3675	Tumor	84.0	MALE	Stage II	MSS	1431.0	0.0	COAD
TCGA-A6-5665-01	CI_assembly	0.7469556746225037	TCGA-A6-5665	Tumor	84.0	FEMALE	Stage IIA	MSI-H	671.0	0.0	COAD
TCGA-DM-A0XF-01	CI_assembly	0.707428153921091	TCGA-DM-A0XF	Tumor	68.0	FEMALE	Stage IIIC	MSI-L	1162.0	1.0	COAD
TCGA-F4-6855-01	CI_assembly	0.6290793960058451	TCGA-F4-6855	Tumor	70.0	FEMALE	Stage IIA	MSI-L	1442.0	0.0	COAD
TCGA-AA-3496-11	CI_assembly	0.6264003896736483	TCGA-AA-3496	Normal	83.0	FEMALE	Stage II	MSI-L	31.0	0.0	COAD
TCGA-QG-A5Z2-01	CI_assembly	0.6450560155869459	TCGA-QG-A5Z2	Tumor	61.0	MALE	Stage I	MSI-H	952.0	0.0	COAD
TCGA-AA-3489-01	CI_assembly	0.5469313200194836	TCGA-AA-3489	Tumor	75.0	MALE	Stage II	MSS	214.0	1.0	COAD
TCGA-A6-5662-01	CI_assembly	0.625791524598149	TCGA-A6-5662	Tumor	46.0	MALE	Stage IVA	MSS	718.0	0.0	COAD
TCGA-DM-A1D6-01	CI_assembly	0.6722357525572333	TCGA-DM-A1D6	Tumor	88.0	MALE	Stage IIA	MSS	570.0	1.0	COAD
TCGA-AY-A69D-01	CI_assembly	0.6419142717973697	TCGA-AY-A69D	Tumor	55.0	FEMALE	Stage IIA	MSI-L	543.0	0.0	COAD
TCGA-D5-6898-01	CI_assembly	0.6974184120798831	TCGA-D5-6898	Tumor	51.0	FEMALE	Stage I	MSS	229.0	0.0	COAD
TCGA-D5-6530-01	CI_assembly	0.6329274232830004	TCGA-D5-6530	Tumor	53.0	MALE	Stage I	MSI-H	621.0	0.0	COAD
TCGA-DM-A28A-01	CI_assembly	0.6769118363370678	TCGA-DM-A28A	Tumor	78.0	MALE	Stage IIIC	MSS	805.0	1.0	COAD
TCGA-D5-6532-01	CI_assembly	0.6961276181198246	TCGA-D5-6532	Tumor	61.0	MALE	Stage IIA	MSI-L	555.0	0.0	COAD
TCGA-F4-6703-01	CI_assembly	0.5406721870433512	TCGA-F4-6703	Tumor	64.0	MALE	Stage IIA	MSI-H	1456.0	0.0	COAD
TCGA-DM-A1D0-01	CI_assembly	0.6415489527520701	TCGA-DM-A1D0	Tumor	79.0	FEMALE	Stage IIA	MSS	3974.0	0.0	COAD
TCGA-D5-6929-01	CI_assembly	0.7300292255236239	TCGA-D5-6929	Tumor	49.0	FEMALE	Stage IV	MSI-L	408.0	0.0	COAD
TCGA-F4-6704-01	CI_assembly	0.6857525572333171	TCGA-F4-6704	Tumor	60.0	MALE	Stage IIIC	MSS	47.0	0.0	COAD
TCGA-D5-7000-01	CI_assembly	0.6105211885046273	TCGA-D5-7000	Tumor	79.0	FEMALE	Stage I	MSS	312.0	0.0	COAD
TCGA-AZ-6601-01	CI_assembly	0.6398197759376523	TCGA-AZ-6601	Tumor	68.0	MALE	Stage II	MSI-H	3042.0	1.0	COAD
TCGA-AZ-4684-01	CI_assembly	0.7134437408670239	TCGA-AZ-4684	Tumor	49.0	MALE	Stage IVA	MSI-L	1977.0	0.0	COAD
TCGA-G4-6317-02	CI_assembly	0.7119824646858256	TCGA-G4-6317	Tumor	51.0	FEMALE	Stage IIIC	MSI-L	1095.0	0.0	COAD
TCGA-AA-3697-11	CI_assembly	0.6432781295664881	TCGA-AA-3697	Normal	77.0	MALE	Stage II	MSI-L	2587.0	0.0	COAD
TCGA-CM-6165-01	CI_assembly	0.7003409644422796	TCGA-CM-6165	Tumor	74.0	MALE	Stage IIA	MSS	488.0	0.0	COAD
TCGA-AZ-5403-01	CI_assembly	0.7260594252313687	TCGA-AZ-5403	Tumor	43.0	MALE	Stage II	MSS	1910.0	1.0	COAD
TCGA-AY-A8YK-01	CI_assembly	0.668339016074038	TCGA-AY-A8YK	Tumor	44.0	MALE	Stage IVA	MSS	573.0	0.0	COAD
TCGA-AZ-6603-11	CI_assembly	0.6185094982951778	TCGA-AZ-6603	Normal	77.0	FEMALE		MSS	899.0	1.0	COAD
TCGA-A6-6653-01	CI_assembly	0.623307355090112	TCGA-A6-6653	Tumor	82.0	MALE	Stage I	MSI-H	742.0	0.0	COAD
TCGA-G4-6586-01	CI_assembly	0.7160253287871408	TCGA-G4-6586	Tumor	73.0	FEMALE	Stage IIA	MSI-H	1089.0	0.0	COAD
TCGA-AA-A01P-01	CI_assembly	0.6369946419873356	TCGA-AA-A01P	Tumor	80.0	FEMALE	Stage III	MSI-H	1158.0	1.0	COAD
TCGA-AA-3502-01	CI_assembly	0.6646614710180224	TCGA-AA-3502	Tumor	73.0	MALE	Stage I	MSI-L	1065.0	0.0	COAD
TCGA-AA-3697-01	CI_assembly	0.6094982951777886	TCGA-AA-3697	Tumor	77.0	MALE	Stage II	MSI-L	2587.0	0.0	COAD
TCGA-AD-6890-01	CI_assembly	0.6468339016074038	TCGA-AD-6890	Tumor	65.0	MALE		MSS	746.0	0.0	COAD
TCGA-AZ-4315-01	CI_assembly	0.7613492450073064	TCGA-AZ-4315	Tumor	61.0	MALE	Stage IIA	MSS	1776.0	0.0	COAD
TCGA-A6-5667-01	CI_assembly	0.7002679006332196	TCGA-A6-5667	Tumor	40.0	FEMALE	Stage IIIB	MSS	887.0	0.0	COAD
TCGA-G4-6293-01	CI_assembly	0.6382610813443741	TCGA-G4-6293	Tumor	49.0	FEMALE	Stage III	MSI-L	4051.0	0.0	COAD
TCGA-AA-3712-01	CI_assembly	0.6471018022406235	TCGA-AA-3712	Tumor	65.0	MALE	Stage III	MSS			COAD
TCGA-AZ-4616-01	CI_assembly	0.735874330248417	TCGA-AZ-4616	Tumor	82.0	FEMALE	Stage IV	MSI-L	156.0	1.0	COAD
TCGA-AA-A02K-01	CI_assembly	0.7045299561617145	TCGA-AA-A02K	Tumor	50.0	MALE	Stage IV	MSS	426.0	1.0	COAD
TCGA-G4-6323-01	CI_assembly	0.6472966390647833	TCGA-G4-6323	Tumor	50.0	MALE	Stage IA	MSS	419.0	0.0	COAD
TCGA-F4-6857-01	CI_assembly	0.6035801266439357	TCGA-F4-6857	Tumor				MSS			COAD
TCGA-DM-A282-01	CI_assembly	0.6968339016074038	TCGA-DM-A282	Tumor	60.0	FEMALE	Stage IIA	MSS	4233.0	0.0	COAD
TCGA-DM-A1D8-01	CI_assembly	0.7239649293716512	TCGA-DM-A1D8	Tumor	50.0	FEMALE		MSS	383.0	1.0	COAD
TCGA-NH-A5IV-01	CI_assembly	0.6479785679493424	TCGA-NH-A5IV	Tumor	90.0	FEMALE	Stage IIA	MSI-H			COAD
TCGA-AZ-6601-11	CI_assembly	0.6170482221139796	TCGA-AZ-6601	Normal	68.0	MALE	Stage II	MSI-H	3042.0	1.0	COAD
TCGA-AD-6901-01	CI_assembly	0.5843643448611787	TCGA-AD-6901	Tumor	78.0	MALE		MSI-L	682.0	1.0	COAD
TCGA-CK-6748-01	CI_assembly	0.5992206527033609	TCGA-CK-6748	Tumor	45.0	FEMALE	Stage IV	MSS	61.0	0.0	COAD
TCGA-A6-6141-01	CI_assembly	0.6327569410618606	TCGA-A6-6141	Tumor	31.0	MALE	Stage IIA	MSS	255.0	0.0	COAD
TCGA-3L-AA1B-01	CI_assembly	0.604188991719435	TCGA-3L-AA1B	Tumor	61.0	FEMALE	Stage I	MSS	475.0	0.0	COAD
TCGA-AA-3496-01	CI_assembly	0.639941548952752	TCGA-AA-3496	Tumor	83.0	FEMALE	Stage II	MSI-L	31.0	0.0	COAD
TCGA-A6-2678-11	CI_assembly	0.6421334632245495	TCGA-A6-2678	Normal	43.0	FEMALE	Stage IIIB	MSS	1286.0	0.0	COAD
TCGA-CM-6170-01	CI_assembly	0.6540428641013152	TCGA-CM-6170	Tumor	73.0	FEMALE	Stage I	MSS	457.0	0.0	COAD
TCGA-AU-3779-01	CI_assembly	0.6803458353628836	TCGA-AU-3779	Tumor	80.0	FEMALE	Stage IIA	MSS	441.0	0.0	COAD
TCGA-G4-6315-01	CI_assembly	0.671675596687774	TCGA-G4-6315	Tumor	66.0	MALE	Stage IV	MSS	1883.0	0.0	COAD
TCGA-G4-6310-01	CI_assembly	0.6478080857282026	TCGA-G4-6310	Tumor	69.0	MALE	Stage IIIB	MSS	1935.0	0.0	COAD
TCGA-5M-AATA-01	CI_assembly	0.6593521675596687	TCGA-5M-AATA	Tumor				MSS			COAD
TCGA-A6-5659-01	CI_assembly	0.6647101802240624	TCGA-A6-5659	Tumor	82.0	MALE	Stage I		926.0	0.0	COAD
TCGA-D5-6537-01	CI_assembly	0.6289332683877252	TCGA-D5-6537	Tumor	64.0	MALE	Stage IIIB	MSS	146.0	1.0	COAD
TCGA-AA-3663-01	CI_assembly	0.7529712615684364	TCGA-AA-3663	Tumor	42.0	MALE	Stage II	MSI-H	212.0	0.0	COAD
TCGA-D5-6529-01	CI_assembly	0.6221383341451534	TCGA-D5-6529	Tumor	69.0	MALE	Stage IIA	MSI-L	614.0	0.0	COAD
TCGA-AA-3514-11	CI_assembly	0.6678519240136386	TCGA-AA-3514	Normal	81.0	FEMALE	Stage I	MSS	31.0	0.0	COAD
TCGA-D5-6927-01	CI_assembly	0.6715781782756941	TCGA-D5-6927	Tumor	34.0	MALE	Stage IIA	MSI-H	287.0	0.0	COAD
TCGA-AA-3520-11	CI_assembly	0.6126887481734048	TCGA-AA-3520	Normal	86.0	FEMALE	Stage II	MSI-L	731.0	0.0	COAD
TCGA-A6-A565-01	CI_assembly	0.596663419386264	TCGA-A6-A565	Tumor	34.0	FEMALE	Stage IIIC	MSI-L	494.0	1.0	COAD
TCGA-A6-2675-01	CI_assembly	0.6213346322454943	TCGA-A6-2675	Tumor	78.0	MALE	Stage IIA		1321.0	0.0	COAD
TCGA-G4-6306-01	CI_assembly	0.6389917194349732	TCGA-G4-6306	Tumor	71.0	MALE	[Discrepancy]	MSS	1359.0	0.0	COAD
TCGA-G4-6320-01	CI_assembly	0.628324403312226	TCGA-G4-6320	Tumor	73.0	MALE	Stage III	MSI-H	804.0	0.0	COAD
TCGA-DM-A28K-01	CI_assembly	0.7176327325864589	TCGA-DM-A28K	Tumor	75.0	MALE	Stage IIA	MSS	2988.0	0.0	COAD
TCGA-A6-2671-11	CI_assembly	0.6333901607403799	TCGA-A6-2671	Normal	85.0	MALE	Stage IV	MSS	1331.0	1.0	COAD
TCGA-AZ-6600-01	CI_assembly	0.676692644909888	TCGA-AZ-6600	Tumor	64.0	MALE	Stage IV	MSS	368.0	1.0	COAD
TCGA-D5-6926-01	CI_assembly	0.6422065270336094	TCGA-D5-6926	Tumor	65.0	MALE	Stage IIIB	MSS	275.0	0.0	COAD
TCGA-AD-6964-01	CI_assembly	0.6625182659522649	TCGA-AD-6964	Tumor	58.0	MALE		MSI-H	331.0	1.0	COAD
TCGA-A6-2686-01	CI_assembly	0.5578908913784705	TCGA-A6-2686	Tumor	81.0	FEMALE	Stage IIA	MSI-H	1126.0	1.0	COAD
TCGA-AZ-6608-01	CI_assembly	0.7132976132489041	TCGA-AZ-6608	Tumor	55.0	FEMALE	Stage IIIA	MSI-L	59.0	1.0	COAD
TCGA-5M-AATE-01	CI_assembly	0.667535314174379	TCGA-5M-AATE	Tumor	76.0	MALE	Stage IIA	MSS	1200.0	0.0	COAD
TCGA-CK-5915-01	CI_assembly	0.6726254262055529	TCGA-CK-5915	Tumor	63.0	MALE	Stage I	MSS			COAD
TCGA-D5-6922-01	CI_assembly	0.6496103263516805	TCGA-D5-6922	Tumor	76.0	MALE	Stage IIIA	MSS	308.0	0.0	COAD
TCGA-G4-6321-01	CI_assembly	0.589162201656113	TCGA-G4-6321	Tumor	60.0	FEMALE	Stage III	MSI-L	672.0	0.0	COAD
TCGA-A6-A5ZU-01	CI_assembly	0.5869702873843157	TCGA-A6-A5ZU	Tumor	59.0	MALE	Stage IIIB	MSS	293.0	0.0	COAD
TCGA-F4-6463-01	CI_assembly	0.6536288358499757	TCGA-F4-6463	Tumor	51.0	MALE	Stage IIA	MSS	1087.0	0.0	COAD
TCGA-AA-3526-01	CI_assembly	0.7664637116415003	TCGA-AA-3526	Tumor	57.0	MALE	Stage I	MSI-L	580.0	0.0	COAD
TCGA-AA-3527-11	CI_assembly	0.6241110569897711	TCGA-AA-3527	Normal	90.0	FEMALE	Stage IIA	MSS			COAD
TCGA-F4-6570-01	CI_assembly	0.6111300535801266	TCGA-F4-6570	Tumor	78.0	FEMALE	Stage IIA	MSI-H	188.0	1.0	COAD
TCGA-SS-A7HO-01	CI_assembly	0.6728202630297127	TCGA-SS-A7HO	Tumor	44.0	FEMALE	Stage IIB	MSS	1829.0	0.0	COAD
TCGA-4T-AA8H-01	CI_assembly	0.6319045299561618	TCGA-4T-AA8H	Tumor	42.0	FEMALE	Stage IIA	Indeterminate	385.0	0.0	COAD
TCGA-CM-6162-01	CI_assembly	0.5802484169508036	TCGA-CM-6162	Tumor	48.0	FEMALE	Stage IIIB	MSI-H	365.0	0.0	COAD
TCGA-AA-3489-11	CI_assembly	0.6468582562104238	TCGA-AA-3489	Normal	75.0	MALE	Stage II	MSS	214.0	1.0	COAD
TCGA-DM-A1D4-01	CI_assembly	0.7113735996103263	TCGA-DM-A1D4	Tumor	80.0	MALE	Stage IIA	MSI-L	2821.0	1.0	COAD
TCGA-QG-A5YV-01	CI_assembly	0.7247442766682903	TCGA-QG-A5YV	Tumor	64.0	FEMALE	Stage IIIC	MSS	1301.0	0.0	COAD
TCGA-CA-5796-01	CI_assembly	0.6626156843643448	TCGA-CA-5796	Tumor	52.0	FEMALE	Stage IIA	MSS	377.0	0.0	COAD
TCGA-G4-6626-01	CI_assembly	0.7604968339016074	TCGA-G4-6626	Tumor	90.0	MALE	Stage IIA	MSS	1.0	1.0	COAD
TCGA-CA-5256-01	CIV_structural	0.9685338528981977	TCGA-CA-5256	Tumor	54.0	FEMALE	Stage IIA	MSS	379.0	0.0	COAD
TCGA-AZ-6599-01	CIV_structural	0.884193862640039	TCGA-AZ-6599	Tumor	72.0	MALE	Stage I	MSS	206.0	1.0	COAD
TCGA-AA-3655-01	CIV_structural	0.8759376522162688	TCGA-AA-3655	Tumor	68.0	MALE	Stage II	MSS	1856.0	0.0	COAD
TCGA-A6-6137-01	CIV_structural	0.8978080857282026	TCGA-A6-6137	Tumor	55.0	MALE	Stage IIIB	MSS	824.0	0.0	COAD
TCGA-CK-4952-01	CIV_structural	0.8718217243058938	TCGA-CK-4952	Tumor	48.0	FEMALE	Stage IIIC	MSS	475.0	0.0	COAD
TCGA-A6-5657-01	CIV_structural	0.8955674622503653	TCGA-A6-5657	Tumor	65.0	MALE	Stage IIIB	MSS	962.0	0.0	COAD
TCGA-AD-6963-01	CIV_structural	0.9198733560642961	TCGA-AD-6963	Tumor	58.0	MALE		MSS	834.0	0.0	COAD
TCGA-AA-3663-11	CIV_structural	0.9243546030199707	TCGA-AA-3663	Normal	42.0	MALE	Stage II	MSI-H	212.0	0.0	COAD
TCGA-A6-6138-01	CIV_structural	0.8581831466147102	TCGA-A6-6138	Tumor	61.0	MALE	Stage I	MSS	685.0	0.0	COAD
TCGA-A6-A567-01	CIV_structural	0.9106916707257672	TCGA-A6-A567	Tumor	56.0	MALE	Stage IV	MSS	1881.0	1.0	COAD
TCGA-AA-3712-11	CIV_structural	0.92501217730151	TCGA-AA-3712	Normal	65.0	MALE	Stage III	MSS			COAD
TCGA-D5-6928-01	CIV_structural	0.8445202143205066	TCGA-D5-6928	Tumor	80.0	MALE	Stage IIA	MSI-H	354.0	0.0	COAD
TCGA-AZ-6598-01	CIV_structural	0.894106186069167	TCGA-AZ-6598	Tumor	77.0	FEMALE	Stage II	MSI-H	1503.0	1.0	COAD
TCGA-D5-6931-01	CIV_structural	0.8591329761324891	TCGA-D5-6931	Tumor	77.0	MALE	Stage IIIC	MSS	365.0	0.0	COAD
TCGA-G4-6295-01	CIV_structural	0.9093521675596687	TCGA-G4-6295	Tumor	70.0	FEMALE	Stage II	MSI-L	254.0	0.0	COAD
TCGA-AA-A01X-01	CIV_structural	0.9143448611787628	TCGA-AA-A01X	Tumor	80.0	FEMALE	Stage III	MSS	791.0	0.0	COAD
TCGA-AZ-4313-01	CIV_structural	0.94992693619094	TCGA-AZ-4313	Tumor	51.0	FEMALE	Stage I	MSI-H	2310.0	0.0	COAD
TCGA-DM-A0XD-01	CIV_structural	0.9469313200194837	TCGA-DM-A0XD	Tumor	65.0	MALE	Stage IIA	MSI-L	743.0	1.0	COAD
TCGA-D5-6535-01	CIV_structural	0.9014369215781782	TCGA-D5-6535	Tumor	80.0	FEMALE	Stage IIIB	MSS	460.0	0.0	COAD
TCGA-AA-3509-01	CIV_structural	0.9533852898197759	TCGA-AA-3509	Tumor	54.0	FEMALE	Stage II	MSS	1915.0	0.0	COAD
TCGA-DM-A28E-01	CIV_structural	0.9144666341938626	TCGA-DM-A28E	Tumor	72.0	FEMALE	Stage IIA	MSS	3648.0	0.0	COAD
TCGA-A6-5667-11	CIV_structural	0.9268874817340478	TCGA-A6-5667	Normal	40.0	FEMALE	Stage IIIB	MSS	887.0	0.0	COAD
TCGA-G4-6307-01	CIV_structural	0.9481734047735022	TCGA-G4-6307	Tumor	37.0	FEMALE	Stage IIIB	MSS	1674.0	0.0	COAD
TCGA-A6-2682-01	CIV_structural	0.9367754505601559	TCGA-A6-2682	Tumor	70.0	MALE	Stage IV	MSS	424.0	1.0	COAD
TCGA-CM-5868-01	CIV_structural	0.9290306867998052	TCGA-CM-5868	Tumor	59.0	FEMALE	Stage IVA	MSS	518.0	0.0	COAD
TCGA-CK-4947-01	CIV_structural	0.8794934242571846	TCGA-CK-4947	Tumor	46.0	FEMALE	Stage IIIB	MSS	534.0	0.0	COAD
TCGA-D5-5540-01	CIV_structural	0.9697028738431563	TCGA-D5-5540	Tumor	73.0	MALE	Stage IIA	MSI-L	1706.0	0.0	COAD
TCGA-A6-4105-01	CIV_structural	0.9210910862152947	TCGA-A6-4105	Tumor	79.0	MALE	Stage IIA	MSS	442.0	1.0	COAD
TCGA-A6-6651-01	CIV_structural	0.885825621042377	TCGA-A6-6651	Tumor	55.0	FEMALE	Stage IIIB	MSS	662.0	0.0	COAD
TCGA-G4-6625-01	CIV_structural	0.8952752070141257	TCGA-G4-6625	Tumor	77.0	FEMALE	Stage IIA	MSS	2792.0	0.0	COAD
TCGA-CM-5860-01	CIV_structural	0.9213102776424744	TCGA-CM-5860	Tumor	44.0	MALE	Stage IIA	MSS	974.0	0.0	COAD
TCGA-DM-A28G-01	CIV_structural	0.9436921578178276	TCGA-DM-A28G	Tumor	75.0	MALE	Stage IIA	MSS	1849.0	1.0	COAD
TCGA-A6-5666-01	CIV_structural	0.955820750121773	TCGA-A6-5666	Tumor	78.0	MALE	Stage IIC	MSI-L	995.0	0.0	COAD
TCGA-A6-2675-11	CIV_structural	0.906673161227472	TCGA-A6-2675	Normal	78.0	MALE	Stage IIA		1321.0	0.0	COAD
TCGA-AA-3516-11	CIV_structural	0.9335119337554798	TCGA-AA-3516	Normal	74.0	FEMALE	Stage III	MSI-H	396.0	1.0	COAD
TCGA-AZ-6605-01	CIV_structural	0.9084266926449099	TCGA-AZ-6605	Tumor	77.0	MALE	Stage IIIB	MSS	159.0	1.0	COAD
TCGA-CA-5797-01	CIV_structural	0.8869459327812956	TCGA-CA-5797	Tumor	56.0	MALE	Stage IIA	MSS	383.0	0.0	COAD
TCGA-D5-6930-01	CIV_structural	0.9069167072576717	TCGA-D5-6930	Tumor	67.0	MALE	Stage IIA	MSI-H	406.0	0.0	COAD
TCGA-5M-AAT4-01	CIV_structural	0.9392596200681929	TCGA-5M-AAT4	Tumor	74.0	MALE	Stage IV	MSS	49.0	1.0	COAD
TCGA-AA-3685-01	CIV_structural	0.96665854846566	TCGA-AA-3685	Tumor	69.0	MALE	Stage II	MSS	1127.0	0.0	COAD
TCGA-D5-6924-01	CIV_structural	0.8962493911349245	TCGA-D5-6924	Tumor	68.0	MALE	Stage IIA	MSS	435.0	0.0	COAD
TCGA-CA-6718-01	CIV_structural	0.8780808572820263	TCGA-CA-6718	Tumor	46.0	MALE	Stage IIA	MSS	306.0	1.0	COAD
TCGA-AZ-6603-01	CIV_structural	0.906624452021432	TCGA-AZ-6603	Tumor	77.0	FEMALE		MSS	899.0	1.0	COAD
TCGA-CM-5862-01	CIV_structural	0.9472966390647832	TCGA-CM-5862	Tumor	80.0	MALE	Stage IVA	MSS	153.0	1.0	COAD
TCGA-AZ-6598-11	CIV_structural	0.9318071115440818	TCGA-AZ-6598	Normal	77.0	FEMALE	Stage II	MSI-H	1503.0	1.0	COAD
TCGA-AA-A01Z-01	CIV_structural	0.9623477837311252	TCGA-AA-A01Z	Tumor	68.0	MALE	Stage II	MSS	1126.0	0.0	COAD
TCGA-DM-A0X9-01	CIV_structural	0.9312226010716025	TCGA-DM-A0X9	Tumor	71.0	FEMALE	Stage IIA	MSS	3641.0	0.0	COAD
TCGA-A6-A566-01	CIV_structural	0.8868485143692157	TCGA-A6-A566	Tumor	55.0	FEMALE	Stage IIIB	MSI-L	758.0	1.0	COAD
TCGA-A6-5662-11	CIV_structural	0.9455187530443254	TCGA-A6-5662	Normal	46.0	MALE	Stage IVA	MSS	718.0	0.0	COAD
TCGA-D5-6534-01	CIV_structural	0.854968339016074	TCGA-D5-6534	Tumor	62.0	FEMALE	Stage IIA	MSS	1316.0	0.0	COAD
TCGA-CK-6746-01	CIV_structural	0.9475645396980029	TCGA-CK-6746	Tumor	84.0	FEMALE	Stage IIB	MSI-H			COAD
TCGA-A6-5656-01	CIV_structural	0.9200681928884559	TCGA-A6-5656	Tumor	74.0	MALE	Stage I		1001.0	0.0	COAD
TCGA-5M-AAT6-01	CIV_structural	0.910034096444228	TCGA-5M-AAT6	Tumor	40.0	FEMALE	Stage IV	MSI-H	290.0	1.0	COAD
TCGA-QG-A5Z1-01	CIV_structural	0.8750365319045299	TCGA-QG-A5Z1	Tumor	71.0	MALE	Stage IIIB	MSI-L	256.0	1.0	COAD
TCGA-AZ-6605-11	CIV_structural	0.9151485630784219	TCGA-AZ-6605	Normal	77.0	MALE	Stage IIIB	MSS	159.0	1.0	COAD
TCGA-CK-4951-01	CIV_structural	0.8844617632732586	TCGA-CK-4951	Tumor	79.0	FEMALE	Stage IIA	MSI-H	2134.0	1.0	COAD
TCGA-CM-6680-01	CIV_structural	0.877545056015587	TCGA-CM-6680	Tumor	78.0	FEMALE	Stage IIIB	MSS	366.0	0.0	COAD
TCGA-CK-5913-01	CIV_structural	0.910862152946907	TCGA-CK-5913	Tumor	58.0	FEMALE	Stage IIA	MSI-H	1561.0	0.0	COAD
TCGA-CM-6172-01	CIV_structural	0.9025815879201169	TCGA-CM-6172	Tumor	70.0	FEMALE	Stage IIIB	MSS	335.0	0.0	COAD
TCGA-G4-6309-01	CIV_structural	0.9358743302484169	TCGA-G4-6309	Tumor	40.0	FEMALE	Stage IIIB	MSI-H	2600.0	0.0	COAD
TCGA-F4-6461-01	CIV_structural	0.8580370189965904	TCGA-F4-6461	Tumor	41.0	FEMALE	Stage IIIC	MSS	338.0	1.0	COAD
TCGA-G4-6299-01	CIV_structural	0.8899171943497322	TCGA-G4-6299	Tumor	69.0	MALE	Stage IIIC	MSS	2268.0	0.0	COAD
TCGA-CM-6168-01	CIV_structural	0.8669508037018997	TCGA-CM-6168	Tumor	84.0	FEMALE	Stage IIA	MSI-L	395.0	0.0	COAD
TCGA-AD-A5EK-01	CIV_structural	0.9149293716512421	TCGA-AD-A5EK	Tumor	51.0	MALE	Stage I	MSS	500.0	0.0	COAD
TCGA-AM-5820-01	CIV_structural	0.9212859230394544	TCGA-AM-5820	Tumor	59.0	FEMALE	Stage IVA	MSS	14.0	0.0	COAD
TCGA-A6-2682-11	CIV_structural	0.926692644909888	TCGA-A6-2682	Normal	70.0	MALE	Stage IV	MSS	424.0	1.0	COAD
TCGA-A6-6648-01	CIV_structural	0.8722601071602533	TCGA-A6-6648	Tumor	56.0	MALE	Stage IVA	MSS	766.0	0.0	COAD
TCGA-CA-6717-01	CIV_structural	0.892523136872869	TCGA-CA-6717	Tumor	57.0	MALE	Stage IIA	MSS	388.0	0.0	COAD
TCGA-AU-6004-01	CIV_structural	0.8920116902094496	TCGA-AU-6004	Tumor	69.0	FEMALE	Stage I	MSI-H	824.0	0.0	COAD
TCGA-A6-2684-01	CIV_structural	0.9094982951777886	TCGA-A6-2684	Tumor	75.0	FEMALE	Stage I		1127.0	0.0	COAD
TCGA-AZ-6599-11	CIV_structural	0.90004870920604	TCGA-AZ-6599	Normal	72.0	MALE	Stage I	MSS	206.0	1.0	COAD
TCGA-DM-A1HB-01	CIV_structural	0.9455431076473454	TCGA-DM-A1HB	Tumor	75.0	MALE	Stage IIIB	MSI-H	4126.0	0.0	COAD
TCGA-A6-2685-01	CIV_structural	0.9158061373599611	TCGA-A6-2685	Tumor	48.0	FEMALE	Stage IIA	MSS	1133.0	0.0	COAD
TCGA-F4-6704-11	CIV_structural	0.9314661471018022	TCGA-F4-6704	Normal	60.0	MALE	Stage IIIC	MSS	47.0	0.0	COAD
TCGA-F4-6856-01	CIV_structural	0.8966390647832441	TCGA-F4-6856	Tumor	45.0	MALE	Stage I	MSI-H	1074.0	0.0	COAD
TCGA-AA-3492-01	CIV_structural	0.9295908426692645	TCGA-AA-3492	Tumor	90.0	FEMALE	Stage II	MSI-H	1.0	1.0	COAD
TCGA-G4-6294-01	CIV_structural	0.9165611300535801	TCGA-G4-6294	Tumor	75.0	MALE	Stage IV	MSS	858.0	1.0	COAD
TCGA-WS-AB45-01	CIV_structural	0.8905504140282513	TCGA-WS-AB45	Tumor	52.0	FEMALE	Stage IIA	MSI-H	2130.0	0.0	COAD
TCGA-CK-5916-01	CIV_structural	0.9037262542620556	TCGA-CK-5916	Tumor	71.0	FEMALE	Stage I	MSI-H	643.0	1.0	COAD
TCGA-NH-A50V-01	CIV_structural	0.9219922065270336	TCGA-NH-A50V	Tumor	69.0	MALE	Stage IIIB	MSI-L	588.0	0.0	COAD
TCGA-NH-A6GA-01	CIV_structural	0.9064783244033122	TCGA-NH-A6GA	Tumor	58.0	MALE	Stage IIIC	MSS	302.0	1.0	COAD
TCGA-F4-6460-01	CIV_structural	0.9010228933268388	TCGA-F4-6460	Tumor	51.0	FEMALE	Stage IIIB	MSS	972.0	1.0	COAD
TCGA-F4-6806-01	CIV_structural	0.9280565026790063	TCGA-F4-6806	Tumor	59.0	FEMALE	Stage I	MSS	1260.0	0.0	COAD
TCGA-G4-6304-01	CIV_structural	0.9332683877252801	TCGA-G4-6304	Tumor	66.0	FEMALE	Stage IIB	MSI-H	1631.0	0.0	COAD
TCGA-QG-A5YW-01	CIV_structural	0.947491475888943	TCGA-QG-A5YW	Tumor	55.0	FEMALE	Stage IIIC	MSI-L	896.0	0.0	COAD
TCGA-AD-6965-01	CIV_structural	0.879956161714564	TCGA-AD-6965	Tumor	62.0	MALE	Stage IIIC	MSS	805.0	0.0	COAD
TCGA-D5-6920-01	CIV_structural	0.8737213833414516	TCGA-D5-6920	Tumor	77.0	FEMALE	Stage IIA	MSS	377.0	0.0	COAD
TCGA-DM-A280-01	CIV_structural	0.9500730638090599	TCGA-DM-A280	Tumor	70.0	FEMALE	Stage IIA	MSS	236.0	1.0	COAD
TCGA-G4-6297-01	CIV_structural	0.8412079883097906	TCGA-G4-6297	Tumor	55.0	FEMALE	Stage IV	MSS	2506.0	0.0	COAD
TCGA-G4-6302-01	CIV_structural	0.8881149537262543	TCGA-G4-6302	Tumor	90.0	FEMALE	Stage IIA	MSI-H			COAD
TCGA-QL-A97D-01	CIV_structural	0.8943984413054067	TCGA-QL-A97D	Tumor	84.0	FEMALE	Stage I	MSS	666.0	0.0	COAD
TCGA-CA-6716-01	CIV_structural	0.9059181685338529	TCGA-CA-6716	Tumor	65.0	MALE	Stage IIA	MSS	371.0	0.0	COAD
TCGA-AA-3518-11	CIV_structural	0.9107647345348271	TCGA-AA-3518	Normal	81.0	FEMALE	Stage IIA	MSI-H	31.0	0.0	COAD
TCGA-AA-3531-11	CIV_structural	0.9350706283487579	TCGA-AA-3531	Normal	75.0	FEMALE	Stage IIA	MSI-L	1035.0	0.0	COAD
TCGA-CA-6715-01	CIV_structural	0.9257184607890891	TCGA-CA-6715	Tumor	63.0	MALE	Stage IIIB	MSS	383.0	0.0	COAD
TCGA-CM-4743-01	CIV_structural	0.9575742815392109	TCGA-CM-4743	Tumor	69.0	MALE	Stage IIA	MSI-H	701.0	0.0	COAD
TCGA-A6-6654-01	CIV_structural	0.8774476376035071	TCGA-A6-6654	Tumor	65.0	FEMALE	Stage IIIB	MSS	726.0	0.0	COAD
TCGA-5M-AAT5-01	CIV_structural	0.9609352167559668	TCGA-5M-AAT5	Tumor				MSI-L			COAD
TCGA-G4-6627-01	CIV_structural	0.9113005358012665	TCGA-G4-6627	Tumor	84.0	MALE	Stage IIA	MSI-L	2175.0	0.0	COAD
TCGA-A6-5664-01	CIV_structural	0.8799074525085241	TCGA-A6-5664	Tumor	80.0	MALE	Stage IIIC	MSS	672.0	0.0	COAD
TCGA-CM-6167-01	CIV_structural	0.889941548952752	TCGA-CM-6167	Tumor	57.0	FEMALE	Stage IIIC	MSS	456.0	0.0	COAD
TCGA-AA-3534-11	CIV_structural	0.9133950316609839	TCGA-AA-3534	Normal	78.0	FEMALE	Stage IIA	MSS	882.0	0.0	COAD
TCGA-AD-6548-01	CIV_structural	0.9112518265952265	TCGA-AD-6548	Tumor	81.0	FEMALE	Stage I	MSI-L	650.0	0.0	COAD
TCGA-F4-6805-01	CIV_structural	0.892498782269849	TCGA-F4-6805	Tumor	58.0	FEMALE	Stage IIA	MSS	1047.0	0.0	COAD
TCGA-A6-6780-01	CIV_structural	0.9464442279590842	TCGA-A6-6780	Tumor	74.0	MALE	Stage IIA		612.0	0.0	COAD
TCGA-DM-A1HA-01	CIV_structural	0.903385289819776	TCGA-DM-A1HA	Tumor	82.0	MALE	Stage IIIC	MSS	2600.0	0.0	COAD
TCGA-CM-6676-01	CIV_structural	0.895007306380906	TCGA-CM-6676	Tumor	82.0	MALE	Stage I	MSI-L	337.0	0.0	COAD
TCGA-A6-6650-01	CIV_structural	0.9053580126643935	TCGA-A6-6650	Tumor	69.0	FEMALE	Stage IIA		627.0	0.0	COAD
TCGA-AA-3713-11	CIV_structural	0.9749634680954701	TCGA-AA-3713	Normal	68.0	MALE	Stage IV	MSI-H	579.0	0.0	COAD
TCGA-NH-A6GB-01	CIV_structural	0.926668290306868	TCGA-NH-A6GB	Tumor	71.0	FEMALE	Stage IIIC	MSS	476.0	0.0	COAD
TCGA-A6-6652-01	CIV_structural	0.8569167072576717	TCGA-A6-6652	Tumor	59.0	MALE	Stage IVA	MSS	751.0	0.0	COAD
TCGA-CM-6164-01	CIV_structural	0.9059912323429128	TCGA-CM-6164	Tumor	46.0	FEMALE	Stage IIA	MSS	883.0	0.0	COAD
TCGA-D5-6536-01	CIV_structural	0.8827325864588407	TCGA-D5-6536	Tumor	73.0	MALE	Stage IIA	MSS	543.0	0.0	COAD
TCGA-G4-6588-01	CIV_structural	0.9058938139308329	TCGA-G4-6588	Tumor	58.0	FEMALE	Stage IIA	MSI-H	796.0	0.0	COAD
TCGA-4N-A93T-01	CIV_structural	0.949196298100341	TCGA-4N-A93T	Tumor	67.0	MALE	Stage IIIB	MSS	146.0	0.0	COAD
TCGA-A6-2684-11	CIV_structural	0.9415976619581101	TCGA-A6-2684	Normal	75.0	FEMALE	Stage I		1127.0	0.0	COAD
TCGA-F4-6459-01	CIV_structural	0.8608865075499269	TCGA-F4-6459	Tumor	61.0	FEMALE	Stage IIIB	MSS	262.0	1.0	COAD
TCGA-T9-A92H-01	CIV_structural	0.9160253287871408	TCGA-T9-A92H	Tumor	82.0	MALE	Stage IIA	MSS	362.0	0.0	COAD
TCGA-D5-5538-01	CIV_structural	0.9278129566488066	TCGA-D5-5538	Tumor	60.0	FEMALE	Stage IIIB	MSS	1661.0	1.0	COAD
TCGA-CK-4948-01	CIV_structural	0.9355577204091573	TCGA-CK-4948	Tumor	45.0	FEMALE	Stage III	MSI-L	4502.0	0.0	COAD
TCGA-AA-3506-01	CIV_structural	0.9340964442279591	TCGA-AA-3506	Tumor	77.0	MALE	Stage I	MSS	1765.0	0.0	COAD
TCGA-CM-6166-01	CIV_structural	0.9429128105211885	TCGA-CM-6166	Tumor	48.0	FEMALE	Stage I	MSS	669.0	0.0	COAD
TCGA-CK-5914-01	CIV_structural	0.9213833414515343	TCGA-CK-5914	Tumor	81.0	MALE	Stage IIIB	MSS	669.0	0.0	COAD
TCGA-AY-6196-01	CIV_structural	0.8251339503166099	TCGA-AY-6196	Tumor	47.0	MALE	Stage IIIC	MSI-L	6.0	0.0	COAD
TCGA-F4-6809-01	CIV_structural	0.9206039941548952	TCGA-F4-6809	Tumor	52.0	FEMALE	Stage IVA	MSS	403.0	1.0	COAD
TCGA-CM-6171-01	CIV_structural	0.8889917194349732	TCGA-CM-6171	Tumor	77.0	FEMALE	Stage I	MSI-H	427.0	0.0	COAD
TCGA-CM-5863-01	CIV_structural	0.9055041402825134	TCGA-CM-5863	Tumor	60.0	FEMALE	Stage IIIB	MSS	457.0	0.0	COAD
TCGA-D5-6539-01	CIV_structural	0.8924257184607891	TCGA-D5-6539	Tumor	45.0	FEMALE	[Discrepancy]	MSS	380.0	0.0	COAD
TCGA-A6-5665-11	CIV_structural	0.932489040428641	TCGA-A6-5665	Normal	84.0	FEMALE	Stage IIA	MSI-H	671.0	0.0	COAD
TCGA-NH-A8F7-01	CIV_structural	0.8931807111544082	TCGA-NH-A8F7	Tumor	53.0	FEMALE	Stage IIA	Indeterminate	543.0	0.0	COAD
TCGA-D5-5541-01	CIV_structural	0.9084266926449099	TCGA-D5-5541	Tumor	63.0	MALE	Stage IIIB	MSS	1701.0	0.0	COAD
TCGA-F4-6808-01	CIV_structural	0.9344374086702387	TCGA-F4-6808	Tumor	54.0	FEMALE	Stage I	MSS	1024.0	0.0	COAD
TCGA-A6-2680-11	CIV_structural	0.9343399902581588	TCGA-A6-2680	Normal	72.0	FEMALE	Stage II	MSS	1068.0	0.0	COAD
TCGA-AA-3511-11	CIV_structural	0.9250852411105699	TCGA-AA-3511	Normal	64.0	MALE	Stage II	MSS	212.0	0.0	COAD
TCGA-DM-A285-01	CIV_structural	0.9148075986361422	TCGA-DM-A285	Tumor	71.0	FEMALE	Stage IV	MSS	179.0	1.0	COAD
TCGA-AA-3522-11	CIV_structural	0.932537749634681	TCGA-AA-3522	Normal	67.0	MALE	Stage IIA	MSS	1127.0	0.0	COAD
TCGA-G4-6314-01	CIV_structural	0.8803945445689235	TCGA-G4-6314	Tumor	76.0	FEMALE	Stage IV	MSS	1093.0	0.0	COAD
TCGA-A6-6781-01	CIV_structural	0.8903312226010716	TCGA-A6-6781	Tumor	43.0	MALE	Stage IIIC		598.0	0.0	COAD
TCGA-F4-6807-01	CIV_structural	0.8871407696054554	TCGA-F4-6807	Tumor	51.0	FEMALE	Stage IIIC	MSS	1309.0	0.0	COAD
TCGA-AY-A54L-01	CIV_structural	0.943351193375548	TCGA-AY-A54L	Tumor	74.0	FEMALE	Stage I	MSI-L	525.0	0.0	COAD
TCGA-A6-5661-01	CIV_structural	0.9206039941548952	TCGA-A6-5661	Tumor	80.0	FEMALE	Stage IIA	MSI-H	1020.0	0.0	COAD
TCGA-DM-A288-01	CIV_structural	0.9311738918655625	TCGA-DM-A288	Tumor	68.0	MALE	Stage IIIC	MSS	427.0	1.0	COAD
TCGA-QG-A5YX-01	CIV_structural	0.9495859717486606	TCGA-QG-A5YX	Tumor	61.0	FEMALE	Stage IIA	MSI-L	1003.0	0.0	COAD
TCGA-A6-2679-11	CIV_structural	0.9351193375547978	TCGA-A6-2679	Normal	73.0	FEMALE	Stage IIB	MSS	1366.0	0.0	COAD
TCGA-AD-A5EJ-01	CIV_structural	0.9162201656113005	TCGA-AD-A5EJ	Tumor	74.0	FEMALE	Stage IIA	MSI-H			COAD
TCGA-G4-6628-01	CIV_structural	0.9106673161227472	TCGA-G4-6628	Tumor	78.0	MALE	Stage I	MSI-H	2424.0	0.0	COAD
TCGA-D5-6531-01	CIV_structural	0.8846566000974184	TCGA-D5-6531	Tumor	75.0	MALE	Stage IIA	MSS	540.0	0.0	COAD
TCGA-DM-A28M-01	CIV_structural	0.9491475888943011	TCGA-DM-A28M	Tumor	63.0	MALE	Stage IIA	MSS	2895.0	0.0	COAD
TCGA-CK-6751-01	CIV_structural	0.9323429128105212	TCGA-CK-6751	Tumor	88.0	FEMALE	Stage I	MSS	518.0	0.0	COAD
TCGA-F4-6854-01	CIV_structural	0.8801753531417438	TCGA-F4-6854	Tumor	77.0	FEMALE	Stage IIA	MSS	16.0	0.0	COAD
TCGA-A6-2683-11	CIV_structural	0.9380905991232343	TCGA-A6-2683	Normal	57.0	FEMALE	Stage IV	MSI-L	504.0	1.0	COAD
TCGA-A6-6142-01	CIV_structural	0.8589381393083293	TCGA-A6-6142	Tumor	56.0	FEMALE	Stage IVA	MSS	763.0	0.0	COAD
TCGA-NH-A8F8-01	CIV_structural	0.9221139795421335	TCGA-NH-A8F8	Tumor	79.0	MALE	Stage IV	MSS	511.0	1.0	COAD
TCGA-AM-5821-01	CIV_structural	0.9133950316609839	TCGA-AM-5821	Tumor	68.0	FEMALE	Stage IIA	MSI-H	28.0	0.0	COAD
TCGA-D5-5537-01	CIV_structural	0.9363370677057964	TCGA-D5-5537	Tumor	83.0	MALE	Stage IIA	MSS	1381.0	1.0	COAD
TCGA-CM-6677-01	CIV_structural	0.9217730150998539	TCGA-CM-6677	Tumor	75.0	FEMALE	Stage IIA	MSS	337.0	0.0	COAD
TCGA-AD-6888-01	CIV_structural	0.9335119337554798	TCGA-AD-6888	Tumor	73.0	MALE	Stage IIIB	MSS	472.0	1.0	COAD
TCGA-AZ-4615-01	CIV_structural	0.917510959571359	TCGA-AZ-4615	Tumor	84.0	MALE	Stage IIIB	MSI-H	1002.0	0.0	COAD
TCGA-AA-3662-01	CIV_structural	0.9307355090112032	TCGA-AA-3662	Tumor	80.0	FEMALE	Stage IV	MSS	184.0	0.0	COAD
TCGA-DM-A28C-01	CIV_structural	0.929201169020945	TCGA-DM-A28C	Tumor	74.0	MALE	Stage IIA	MSS	2475.0	1.0	COAD
TCGA-DM-A1DA-01	CIV_structural	0.9445689235265465	TCGA-DM-A1DA	Tumor	71.0	FEMALE	Stage IIIC	MSI-L	228.0	1.0	COAD
TCGA-F4-6569-01	CIV_structural	0.8584023380418899	TCGA-F4-6569	Tumor	60.0	MALE	Stage I	MSS	1087.0	0.0	COAD
TCGA-AA-3660-11	CIV_structural	0.9638577691183634	TCGA-AA-3660	Normal	51.0	FEMALE	Stage II	MSS	2375.0	0.0	COAD
TCGA-CM-6674-01	CIV_structural	0.9152946906965417	TCGA-CM-6674	Tumor	39.0	MALE	Stage IIA	MSI-H	394.0	0.0	COAD
TCGA-CK-4950-01	CIV_structural	0.9310764734534827	TCGA-CK-4950	Tumor	68.0	FEMALE	Stage IIIB	MSS	2599.0	0.0	COAD
TCGA-DM-A1D9-01	CIV_structural	0.9495859717486606	TCGA-DM-A1D9	Tumor	67.0	FEMALE	Stage IIA	MSS	4270.0	0.0	COAD
TCGA-CA-6719-01	CIV_structural	0.8669751583049197	TCGA-CA-6719	Tumor	77.0	MALE	Stage IIA	MSI-L	435.0	0.0	COAD
TCGA-CM-6675-01	CIV_structural	0.9043838285435948	TCGA-CM-6675	Tumor	35.0	MALE	Stage IVB	MSS	397.0	0.0	COAD
TCGA-D5-6533-01	CIV_structural	0.9133950316609839	TCGA-D5-6533	Tumor	68.0	FEMALE	[Discrepancy]	MSS	775.0	0.0	COAD
TCGA-A6-6782-01	CIV_structural	0.922552362396493	TCGA-A6-6782	Tumor	82.0	MALE	Stage IIB	MSS	617.0	0.0	COAD
TCGA-D5-5539-01	CIV_structural	0.9051631758402338	TCGA-D5-5539	Tumor	60.0	MALE	Stage IIIA	MSS	596.0	0.0	COAD
TCGA-CK-5912-01	CIV_structural	0.8805893813930833	TCGA-CK-5912	Tumor	81.0	MALE	Stage I	MSS	1493.0	1.0	COAD
TCGA-CM-4751-01	CIV_structural	0.8985874330248417	TCGA-CM-4751	Tumor	62.0	MALE	Stage IIIB	MSS	822.0	0.0	COAD
TCGA-AZ-4614-01	CIV_structural	0.922503653190453	TCGA-AZ-4614	Tumor	71.0	FEMALE	Stage IVA	MSI-L	172.0	1.0	COAD
TCGA-A6-6140-01	CIV_structural	0.9007306380905992	TCGA-A6-6140	Tumor	62.0	MALE	Stage IIA	MSS	734.0	0.0	COAD
TCGA-NH-A6GC-01	CIV_structural	0.8896005845104725	TCGA-NH-A6GC	Tumor	66.0	FEMALE	Stage IVB	MSS	389.0	0.0	COAD
TCGA-AA-3495-01	CIV_structural	0.9213589868485144	TCGA-AA-3495	Tumor	79.0	MALE	Stage I	MSS	1127.0	0.0	COAD
TCGA-CM-4744-01	CIV_structural	0.9644909887968827	TCGA-CM-4744	Tumor	69.0	MALE	Stage I	MSS	609.0	0.0	COAD
TCGA-AD-6895-01	CIV_structural	0.8850706283487579	TCGA-AD-6895	Tumor	84.0	MALE	Stage IIIB	MSI-H	763.0	0.0	COAD
TCGA-AD-6889-01	CIV_structural	0.9473453482708232	TCGA-AD-6889	Tumor	76.0	MALE	Stage IIA	MSI-H	2532.0	1.0	COAD
TCGA-AD-5900-01	CIV_structural	0.9230150998538724	TCGA-AD-5900	Tumor	67.0	MALE	Stage I	MSI-H	370.0	0.0	COAD
TCGA-D5-6540-01	CIV_structural	0.8814417924987823	TCGA-D5-6540	Tumor	66.0	MALE	Stage I	MSI-H	491.0	0.0	COAD
TCGA-AZ-5407-01	CIV_structural	0.9505601558694593	TCGA-AZ-5407	Tumor	51.0	FEMALE	Stage I	MSS	2683.0	0.0	COAD
TCGA-A6-2685-11	CIV_structural	0.9282269849001461	TCGA-A6-2685	Normal	48.0	FEMALE	Stage IIA	MSS	1133.0	0.0	COAD
TCGA-G4-6311-01	CIV_structural	0.8970530930345836	TCGA-G4-6311	Tumor	80.0	MALE	Stage III	MSS	1199.0	0.0	COAD
TCGA-D5-6923-01	CIV_structural	0.8765465172917681	TCGA-D5-6923	Tumor	57.0	MALE	Stage I	MSS	378.0	0.0	COAD
TCGA-DM-A1D7-01	CIV_structural	0.9515830491962981	TCGA-DM-A1D7	Tumor	82.0	MALE	Stage IIA	MSS	405.0	1.0	COAD
TCGA-A6-5659-11	CIV_structural	0.9465660009741841	TCGA-A6-5659	Normal	82.0	MALE	Stage I		926.0	0.0	COAD
TCGA-AY-A71X-01	CIV_structural	0.9152459814905017	TCGA-AY-A71X	Tumor	54.0	FEMALE	Stage I	MSS	588.0	0.0	COAD
TCGA-AZ-6600-11	CIV_structural	0.9144909887968826	TCGA-AZ-6600	Normal	64.0	MALE	Stage IV	MSS	368.0	1.0	COAD
TCGA-AA-3655-11	CIV_structural	0.9635655138821237	TCGA-AA-3655	Normal	68.0	MALE	Stage II	MSS	1856.0	0.0	COAD
TCGA-CA-5254-01	CIV_structural	0.9189722357525573	TCGA-CA-5254	Tumor	42.0	FEMALE	Stage IIA	MSI-L	386.0	0.0	COAD
TCGA-CM-5349-01	CIV_structural	0.9147101802240624	TCGA-CM-5349	Tumor	68.0	FEMALE	Stage IIA	MSS	915.0	0.0	COAD
TCGA-A6-2686-11	CIV_structural	0.9462981003409644	TCGA-A6-2686	Normal	81.0	FEMALE	Stage IIA	MSI-H	1126.0	1.0	COAD
TCGA-AZ-4682-01	CIV_structural	0.9688261081344374	TCGA-AZ-4682	Tumor	61.0	MALE	Stage IVA	MSS	680.0	1.0	COAD
TCGA-CM-5344-01	CIV_structural	0.9226741354115928	TCGA-CM-5344	Tumor	39.0	FEMALE	Stage IIIB	MSS	670.0	0.0	COAD
TCGA-NH-A50T-01	CIV_structural	0.9539941548952752	TCGA-NH-A50T	Tumor	68.0	FEMALE	Stage IIA	MSS	553.0	0.0	COAD
TCGA-AY-6386-01	CIV_structural	0.8965903555772041	TCGA-AY-6386	Tumor	66.0	FEMALE	Stage IIIB	MSS	542.0	0.0	COAD
TCGA-CA-5255-01	CIV_structural	0.9240136385776911	TCGA-CA-5255	Tumor	45.0	MALE	Stage IIA	MSS	376.0	0.0	COAD
TCGA-AA-3662-11	CIV_structural	0.9462006819288845	TCGA-AA-3662	Normal	80.0	FEMALE	Stage IV	MSS	184.0	0.0	COAD
TCGA-DM-A1DB-01	CIV_structural	0.9242084754018509	TCGA-DM-A1DB	Tumor	68.0	MALE	Stage IIA	MSS	1348.0	1.0	COAD
TCGA-DM-A28F-01	CIV_structural	0.9227959084266927	TCGA-DM-A28F	Tumor	73.0	MALE	Stage IIIB	MSS	1094.0	1.0	COAD
TCGA-AA-A02Y-01	CIV_structural	0.9481246955674623	TCGA-AA-A02Y	Tumor	73.0	MALE	Stage I	MSS	1216.0	0.0	COAD
TCGA-D5-6932-01	CIV_structural	0.910813443740867	TCGA-D5-6932	Tumor	69.0	MALE	Stage IIA	MSS	346.0	0.0	COAD
TCGA-AD-6899-01	CIV_structural	0.9125669751583049	TCGA-AD-6899	Tumor	84.0	MALE	Stage IIIC	MSS	176.0	1.0	COAD
TCGA-AY-6197-01	CIV_structural	0.8921821724305894	TCGA-AY-6197	Tumor	60.0	MALE	Stage IIA	MSI-H	652.0	0.0	COAD
TCGA-AA-3660-01	CIV_structural	0.9237944471505114	TCGA-AA-3660	Tumor	51.0	FEMALE	Stage II	MSS	2375.0	0.0	COAD
TCGA-A6-5660-01	CIV_structural	0.9294203604481247	TCGA-A6-5660	Tumor	73.0	MALE	Stage IIIC	MSS	888.0	0.0	COAD
TCGA-D5-6541-01	CIV_structural	0.9363370677057964	TCGA-D5-6541	Tumor	49.0	MALE	Stage IIA	MSS	474.0	0.0	COAD
TCGA-CM-4747-01	CIV_structural	0.9103263516804676	TCGA-CM-4747	Tumor	47.0	MALE	Stage IVA	MSI-L	761.0	0.0	COAD
TCGA-AA-3511-01	CIV_structural	0.9036044812469557	TCGA-AA-3511	Tumor	64.0	MALE	Stage II	MSS	212.0	0.0	COAD
TCGA-DM-A28H-01	CIV_structural	0.955869459327813	TCGA-DM-A28H	Tumor	50.0	MALE	Stage IIIC	MSI-L	3561.0	0.0	COAD
TCGA-G4-6303-01	CIV_structural	0.8598879688261082	TCGA-G4-6303	Tumor	54.0	FEMALE	Stage IV	MSI-L	2003.0	1.0	COAD
TCGA-CM-5861-01	CIV_structural	0.9477350219191427	TCGA-CM-5861	Tumor	63.0	FEMALE	Stage IIA	MSI-H	457.0	0.0	COAD
TCGA-AA-3525-11	CIV_structural	0.9414515343399903	TCGA-AA-3525	Normal	90.0	MALE	Stage IIIB	MSI-H	1.0	0.0	COAD
TCGA-CM-6161-01	CIV_structural	0.8919142717973697	TCGA-CM-6161	Tumor	36.0	FEMALE	Stage I	MSI-L	457.0	0.0	COAD
TCGA-NH-A50U-01	CIV_structural	0.9296151972722845	TCGA-NH-A50U	Tumor	42.0	MALE	Stage IVA	MSS	334.0	1.0	COAD
TCGA-AZ-6607-01	CIV_structural	0.8228689722357525	TCGA-AZ-6607	Tumor	69.0	MALE	Stage IV	MSS	97.0	1.0	COAD
TCGA-G4-6298-01	CIV_structural	0.9297126156843644	TCGA-G4-6298	Tumor	90.0	MALE	Stage IIIB	MSI-L			COAD
TCGA-D5-6538-01	CIV_structural	0.9007793472966391	TCGA-D5-6538	Tumor	79.0	FEMALE	Stage IIIB	MSI-L	521.0	0.0	COAD
TCGA-CM-6679-01	CIV_structural	0.8981490501704822	TCGA-CM-6679	Tumor	58.0	MALE	Stage IIA	MSS	306.0	0.0	COAD
TCGA-AZ-4323-01	CIV_structural	0.8582805650267901	TCGA-AZ-4323	Tumor	37.0	MALE	Stage IV	MSI-L	43.0	1.0	COAD
TCGA-G4-6322-01	CIV_structural	0.9367267413541159	TCGA-G4-6322	Tumor	65.0	MALE	Stage IIIB	MSI-L	792.0	0.0	COAD
TCGA-CM-5864-01	CIV_structural	0.9409157330735509	TCGA-CM-5864	Tumor	60.0	MALE	Stage I	MSS	457.0	0.0	COAD
TCGA-CK-6747-01	CIV_structural	0.900876765708719	TCGA-CK-6747	Tumor	87.0	FEMALE	Stage IIA	MSI-H	820.0	0.0	COAD
TCGA-CM-6163-01	CIV_structural	0.9147832440331223	TCGA-CM-6163	Tumor	74.0	MALE	Stage I	MSS	427.0	0.0	COAD
TCGA-AA-3713-01	CIV_structural	0.8654164637116415	TCGA-AA-3713	Tumor	68.0	MALE	Stage IV	MSI-H	579.0	0.0	COAD
TCGA-A6-A56B-01	CIV_structural	0.8107890891378471	TCGA-A6-A56B	Tumor	57.0	MALE	Stage IIIB	MSS	1711.0	1.0	COAD
TCGA-CM-5348-01	CIV_structural	0.8524111056989772	TCGA-CM-5348	Tumor	72.0	MALE	Stage IIIB	MSS	699.0	0.0	COAD
TCGA-AY-5543-01	CIV_structural	0.9436434486117876	TCGA-AY-5543	Tumor	65.0	FEMALE	Stage IVA	MSS	1004.0	0.0	COAD
TCGA-CM-6169-01	CIV_structural	0.8681198246468582	TCGA-CM-6169	Tumor	67.0	MALE	Stage IIA	MSS	396.0	0.0	COAD
TCGA-AZ-6606-01	CIV_structural	0.9413541159279104	TCGA-AZ-6606	Tumor	81.0	MALE	Stage IV	MSS	357.0	1.0	COAD
TCGA-RU-A8FL-01	CIV_structural	0.9457379444715052	TCGA-RU-A8FL	Tumor	51.0	MALE	Stage IIIB	MSS	1177.0	0.0	COAD
TCGA-CM-6678-01	CIV_structural	0.9363857769118363	TCGA-CM-6678	Tumor	63.0	FEMALE	Stage IVA	MSS	335.0	0.0	COAD
TCGA-A6-6649-01	CIV_structural	0.8763516804676084	TCGA-A6-6649	Tumor	66.0	MALE	Stage IIIB	MSS	735.0	0.0	COAD
TCGA-AA-3517-11	CIV_structural	0.9355090112031174	TCGA-AA-3517	Normal	60.0	MALE	Stage IIA	MSI-L	1186.0	0.0	COAD
TCGA-AA-3675-01	CIV_structural	0.9448611787627862	TCGA-AA-3675	Tumor	84.0	MALE	Stage II	MSS	1431.0	0.0	COAD
TCGA-A6-5665-01	CIV_structural	0.9377009254749148	TCGA-A6-5665	Tumor	84.0	FEMALE	Stage IIA	MSI-H	671.0	0.0	COAD
TCGA-DM-A0XF-01	CIV_structural	0.9348757915245981	TCGA-DM-A0XF	Tumor	68.0	FEMALE	Stage IIIC	MSI-L	1162.0	1.0	COAD
TCGA-F4-6855-01	CIV_structural	0.8773258645884072	TCGA-F4-6855	Tumor	70.0	FEMALE	Stage IIA	MSI-L	1442.0	0.0	COAD
TCGA-AA-3496-11	CIV_structural	0.9465660009741841	TCGA-AA-3496	Normal	83.0	FEMALE	Stage II	MSI-L	31.0	0.0	COAD
TCGA-QG-A5Z2-01	CIV_structural	0.8761324890404286	TCGA-QG-A5Z2	Tumor	61.0	MALE	Stage I	MSI-H	952.0	0.0	COAD
TCGA-AA-3489-01	CIV_structural	0.8459084266926449	TCGA-AA-3489	Tumor	75.0	MALE	Stage II	MSS	214.0	1.0	COAD
TCGA-A6-5662-01	CIV_structural	0.909985387238188	TCGA-A6-5662	Tumor	46.0	MALE	Stage IVA	MSS	718.0	0.0	COAD
TCGA-DM-A1D6-01	CIV_structural	0.8556746225036532	TCGA-DM-A1D6	Tumor	88.0	MALE	Stage IIA	MSS	570.0	1.0	COAD
TCGA-AY-A69D-01	CIV_structural	0.9034827082318558	TCGA-AY-A69D	Tumor	55.0	FEMALE	Stage IIA	MSI-L	543.0	0.0	COAD
TCGA-D5-6898-01	CIV_structural	0.8820750121773016	TCGA-D5-6898	Tumor	51.0	FEMALE	Stage I	MSS	229.0	0.0	COAD
TCGA-D5-6530-01	CIV_structural	0.8840233804188992	TCGA-D5-6530	Tumor	53.0	MALE	Stage I	MSI-H	621.0	0.0	COAD
TCGA-DM-A28A-01	CIV_structural	0.9087189478811495	TCGA-DM-A28A	Tumor	78.0	MALE	Stage IIIC	MSS	805.0	1.0	COAD
TCGA-D5-6532-01	CIV_structural	0.917486604968339	TCGA-D5-6532	Tumor	61.0	MALE	Stage IIA	MSI-L	555.0	0.0	COAD
TCGA-F4-6703-01	CIV_structural	0.8622990745250853	TCGA-F4-6703	Tumor	64.0	MALE	Stage IIA	MSI-H	1456.0	0.0	COAD
TCGA-DM-A1D0-01	CIV_structural	0.9331466147101802	TCGA-DM-A1D0	Tumor	79.0	FEMALE	Stage IIA	MSS	3974.0	0.0	COAD
TCGA-D5-6929-01	CIV_structural	0.9427179736970287	TCGA-D5-6929	Tumor	49.0	FEMALE	Stage IV	MSI-L	408.0	0.0	COAD
TCGA-F4-6704-01	CIV_structural	0.8393083292742328	TCGA-F4-6704	Tumor	60.0	MALE	Stage IIIC	MSS	47.0	0.0	COAD
TCGA-D5-7000-01	CIV_structural	0.8926449098879689	TCGA-D5-7000	Tumor	79.0	FEMALE	Stage I	MSS	312.0	0.0	COAD
TCGA-AZ-6601-01	CIV_structural	0.9169264490988797	TCGA-AZ-6601	Tumor	68.0	MALE	Stage II	MSI-H	3042.0	1.0	COAD
TCGA-AZ-4684-01	CIV_structural	0.9352654651729176	TCGA-AZ-4684	Tumor	49.0	MALE	Stage IVA	MSI-L	1977.0	0.0	COAD
TCGA-G4-6317-02	CIV_structural	0.9145396980029226	TCGA-G4-6317	Tumor	51.0	FEMALE	Stage IIIC	MSI-L	1095.0	0.0	COAD
TCGA-AA-3697-11	CIV_structural	0.9362396492937165	TCGA-AA-3697	Normal	77.0	MALE	Stage II	MSI-L	2587.0	0.0	COAD
TCGA-CM-6165-01	CIV_structural	0.9031904529956162	TCGA-CM-6165	Tumor	74.0	MALE	Stage IIA	MSS	488.0	0.0	COAD
TCGA-AZ-5403-01	CIV_structural	0.9355577204091573	TCGA-AZ-5403	Tumor	43.0	MALE	Stage II	MSS	1910.0	1.0	COAD
TCGA-AY-A8YK-01	CIV_structural	0.9113248904042864	TCGA-AY-A8YK	Tumor	44.0	MALE	Stage IVA	MSS	573.0	0.0	COAD
TCGA-AZ-6603-11	CIV_structural	0.9187773989283975	TCGA-AZ-6603	Normal	77.0	FEMALE		MSS	899.0	1.0	COAD
TCGA-A6-6653-01	CIV_structural	0.900828056502679	TCGA-A6-6653	Tumor	82.0	MALE	Stage I	MSI-H	742.0	0.0	COAD
TCGA-G4-6586-01	CIV_structural	0.9492937165124209	TCGA-G4-6586	Tumor	73.0	FEMALE	Stage IIA	MSI-H	1089.0	0.0	COAD
TCGA-AA-A01P-01	CIV_structural	0.8915245981490502	TCGA-AA-A01P	Tumor	80.0	FEMALE	Stage III	MSI-H	1158.0	1.0	COAD
TCGA-AA-3502-01	CIV_structural	0.9377983438869947	TCGA-AA-3502	Tumor	73.0	MALE	Stage I	MSI-L	1065.0	0.0	COAD
TCGA-AA-3697-01	CIV_structural	0.9255236239649294	TCGA-AA-3697	Tumor	77.0	MALE	Stage II	MSI-L	2587.0	0.0	COAD
TCGA-AD-6890-01	CIV_structural	0.9206770579639552	TCGA-AD-6890	Tumor	65.0	MALE		MSS	746.0	0.0	COAD
TCGA-AZ-4315-01	CIV_structural	0.970871894788115	TCGA-AZ-4315	Tumor	61.0	MALE	Stage IIA	MSS	1776.0	0.0	COAD
TCGA-A6-5667-01	CIV_structural	0.9050901120311738	TCGA-A6-5667	Tumor	40.0	FEMALE	Stage IIIB	MSS	887.0	0.0	COAD
TCGA-G4-6293-01	CIV_structural	0.8823185582075013	TCGA-G4-6293	Tumor	49.0	FEMALE	Stage III	MSI-L	4051.0	0.0	COAD
TCGA-AA-3712-01	CIV_structural	0.9027764247442767	TCGA-AA-3712	Tumor	65.0	MALE	Stage III	MSS			COAD
TCGA-AZ-4616-01	CIV_structural	0.9505114466634194	TCGA-AZ-4616	Tumor	82.0	FEMALE	Stage IV	MSI-L	156.0	1.0	COAD
TCGA-AA-A02K-01	CIV_structural	0.9189965903555772	TCGA-AA-A02K	Tumor	50.0	MALE	Stage IV	MSS	426.0	1.0	COAD
TCGA-G4-6323-01	CIV_structural	0.9256941061860692	TCGA-G4-6323	Tumor	50.0	MALE	Stage IA	MSS	419.0	0.0	COAD
TCGA-F4-6857-01	CIV_structural	0.8822211397954214	TCGA-F4-6857	Tumor				MSS			COAD
TCGA-DM-A282-01	CIV_structural	0.9554310764734535	TCGA-DM-A282	Tumor	60.0	FEMALE	Stage IIA	MSS	4233.0	0.0	COAD
TCGA-DM-A1D8-01	CIV_structural	0.9252313687286897	TCGA-DM-A1D8	Tumor	50.0	FEMALE		MSS	383.0	1.0	COAD
TCGA-NH-A5IV-01	CIV_structural	0.8898684851436922	TCGA-NH-A5IV	Tumor	90.0	FEMALE	Stage IIA	MSI-H			COAD
TCGA-AZ-6601-11	CIV_structural	0.906697515830492	TCGA-AZ-6601	Normal	68.0	MALE	Stage II	MSI-H	3042.0	1.0	COAD
TCGA-AD-6901-01	CIV_structural	0.8611544081831466	TCGA-AD-6901	Tumor	78.0	MALE		MSI-L	682.0	1.0	COAD
TCGA-CK-6748-01	CIV_structural	0.8804432537749635	TCGA-CK-6748	Tumor	45.0	FEMALE	Stage IV	MSS	61.0	0.0	COAD
TCGA-A6-6141-01	CIV_structural	0.9036288358499757	TCGA-A6-6141	Tumor	31.0	MALE	Stage IIA	MSS	255.0	0.0	COAD
TCGA-3L-AA1B-01	CIV_structural	0.8895275207014126	TCGA-3L-AA1B	Tumor	61.0	FEMALE	Stage I	MSS	475.0	0.0	COAD
TCGA-AA-3496-01	CIV_structural	0.8977350219191427	TCGA-AA-3496	Tumor	83.0	FEMALE	Stage II	MSI-L	31.0	0.0	COAD
TCGA-A6-2678-11	CIV_structural	0.9270092547491476	TCGA-A6-2678	Normal	43.0	FEMALE	Stage IIIB	MSS	1286.0	0.0	COAD
TCGA-CM-6170-01	CIV_structural	0.9043351193375548	TCGA-CM-6170	Tumor	73.0	FEMALE	Stage I	MSS	457.0	0.0	COAD
TCGA-AU-3779-01	CIV_structural	0.9411105698977107	TCGA-AU-3779	Tumor	80.0	FEMALE	Stage IIA	MSS	441.0	0.0	COAD
TCGA-G4-6315-01	CIV_structural	0.929152459814905	TCGA-G4-6315	Tumor	66.0	MALE	Stage IV	MSS	1883.0	0.0	COAD
TCGA-G4-6310-01	CIV_structural	0.9189722357525573	TCGA-G4-6310	Tumor	69.0	MALE	Stage IIIB	MSS	1935.0	0.0	COAD
TCGA-5M-AATA-01	CIV_structural	0.9028494885533366	TCGA-5M-AATA	Tumor				MSS			COAD
TCGA-A6-5659-01	CIV_structural	0.8946906965416463	TCGA-A6-5659	Tumor	82.0	MALE	Stage I		926.0	0.0	COAD
TCGA-D5-6537-01	CIV_structural	0.9361909400876766	TCGA-D5-6537	Tumor	64.0	MALE	Stage IIIB	MSS	146.0	1.0	COAD
TCGA-AA-3663-01	CIV_structural	0.9595713589868485	TCGA-AA-3663	Tumor	42.0	MALE	Stage II	MSI-H	212.0	0.0	COAD
TCGA-D5-6529-01	CIV_structural	0.906648806624452	TCGA-D5-6529	Tumor	69.0	MALE	Stage IIA	MSI-L	614.0	0.0	COAD
TCGA-AA-3514-11	CIV_structural	0.931636629322942	TCGA-AA-3514	Normal	81.0	FEMALE	Stage I	MSS	31.0	0.0	COAD
TCGA-D5-6927-01	CIV_structural	0.898343886994642	TCGA-D5-6927	Tumor	34.0	MALE	Stage IIA	MSI-H	287.0	0.0	COAD
TCGA-AA-3520-11	CIV_structural	0.9309303458353629	TCGA-AA-3520	Normal	86.0	FEMALE	Stage II	MSI-L	731.0	0.0	COAD
TCGA-A6-A565-01	CIV_structural	0.8770092547491476	TCGA-A6-A565	Tumor	34.0	FEMALE	Stage IIIC	MSI-L	494.0	1.0	COAD
TCGA-A6-2675-01	CIV_structural	0.8839503166098392	TCGA-A6-2675	Tumor	78.0	MALE	Stage IIA		1321.0	0.0	COAD
TCGA-G4-6306-01	CIV_structural	0.9347783731125182	TCGA-G4-6306	Tumor	71.0	MALE	[Discrepancy]	MSS	1359.0	0.0	COAD
TCGA-G4-6320-01	CIV_structural	0.8937895762299074	TCGA-G4-6320	Tumor	73.0	MALE	Stage III	MSI-H	804.0	0.0	COAD
TCGA-DM-A28K-01	CIV_structural	0.9169508037018996	TCGA-DM-A28K	Tumor	75.0	MALE	Stage IIA	MSS	2988.0	0.0	COAD
TCGA-A6-2671-11	CIV_structural	0.9331709693132002	TCGA-A6-2671	Normal	85.0	MALE	Stage IV	MSS	1331.0	1.0	COAD
TCGA-AZ-6600-01	CIV_structural	0.9205552849488553	TCGA-AZ-6600	Tumor	64.0	MALE	Stage IV	MSS	368.0	1.0	COAD
TCGA-D5-6926-01	CIV_structural	0.8560642961519728	TCGA-D5-6926	Tumor	65.0	MALE	Stage IIIB	MSS	275.0	0.0	COAD
TCGA-AD-6964-01	CIV_structural	0.9094495859717486	TCGA-AD-6964	Tumor	58.0	MALE		MSI-H	331.0	1.0	COAD
TCGA-A6-2686-01	CIV_structural	0.9474427666829031	TCGA-A6-2686	Tumor	81.0	FEMALE	Stage IIA	MSI-H	1126.0	1.0	COAD
TCGA-AZ-6608-01	CIV_structural	0.9422308816366293	TCGA-AZ-6608	Tumor	55.0	FEMALE	Stage IIIA	MSI-L	59.0	1.0	COAD
TCGA-5M-AATE-01	CIV_structural	0.9062347783731125	TCGA-5M-AATE	Tumor	76.0	MALE	Stage IIA	MSS	1200.0	0.0	COAD
TCGA-CK-5915-01	CIV_structural	0.8734047735021919	TCGA-CK-5915	Tumor	63.0	MALE	Stage I	MSS			COAD
TCGA-D5-6922-01	CIV_structural	0.837530443253775	TCGA-D5-6922	Tumor	76.0	MALE	Stage IIIA	MSS	308.0	0.0	COAD
TCGA-G4-6321-01	CIV_structural	0.879103750608865	TCGA-G4-6321	Tumor	60.0	FEMALE	Stage III	MSI-L	672.0	0.0	COAD
TCGA-A6-A5ZU-01	CIV_structural	0.8734291281052119	TCGA-A6-A5ZU	Tumor	59.0	MALE	Stage IIIB	MSS	293.0	0.0	COAD
TCGA-F4-6463-01	CIV_structural	0.8901120311738918	TCGA-F4-6463	Tumor	51.0	MALE	Stage IIA	MSS	1087.0	0.0	COAD
TCGA-AA-3526-01	CIV_structural	0.9537262542620555	TCGA-AA-3526	Tumor	57.0	MALE	Stage I	MSI-L	580.0	0.0	COAD
TCGA-AA-3527-11	CIV_structural	0.9320019483682416	TCGA-AA-3527	Normal	90.0	FEMALE	Stage IIA	MSS			COAD
TCGA-F4-6570-01	CIV_structural	0.8724305893813931	TCGA-F4-6570	Tumor	78.0	FEMALE	Stage IIA	MSI-H	188.0	1.0	COAD
TCGA-SS-A7HO-01	CIV_structural	0.9123234291281052	TCGA-SS-A7HO	Tumor	44.0	FEMALE	Stage IIB	MSS	1829.0	0.0	COAD
TCGA-4T-AA8H-01	CIV_structural	0.942425718460789	TCGA-4T-AA8H	Tumor	42.0	FEMALE	Stage IIA	Indeterminate	385.0	0.0	COAD
TCGA-CM-6162-01	CIV_structural	0.839162201656113	TCGA-CM-6162	Tumor	48.0	FEMALE	Stage IIIB	MSI-H	365.0	0.0	COAD
TCGA-AA-3489-11	CIV_structural	0.9623477837311252	TCGA-AA-3489	Normal	75.0	MALE	Stage II	MSS	214.0	1.0	COAD
TCGA-DM-A1D4-01	CIV_structural	0.9427179736970287	TCGA-DM-A1D4	Tumor	80.0	MALE	Stage IIA	MSI-L	2821.0	1.0	COAD
TCGA-QG-A5YV-01	CIV_structural	0.9226010716025329	TCGA-QG-A5YV	Tumor	64.0	FEMALE	Stage IIIC	MSS	1301.0	0.0	COAD
TCGA-CA-5796-01	CIV_structural	0.8763029712615684	TCGA-CA-5796	Tumor	52.0	FEMALE	Stage IIA	MSS	377.0	0.0	COAD
TCGA-G4-6626-01	CIV_structural	0.9015099853872381	TCGA-G4-6626	Tumor	90.0	MALE	Stage IIA	MSS	1.0	1.0	COAD
TCGA-CA-5256-01	CIV_assembly	0.8069167072576717	TCGA-CA-5256	Tumor	54.0	FEMALE	Stage IIA	MSS	379.0	0.0	COAD
TCGA-AZ-6599-01	CIV_assembly	0.6859473940574768	TCGA-AZ-6599	Tumor	72.0	MALE	Stage I	MSS	206.0	1.0	COAD
TCGA-AA-3655-01	CIV_assembly	0.6763273258645884	TCGA-AA-3655	Tumor	68.0	MALE	Stage II	MSS	1856.0	0.0	COAD
TCGA-A6-6137-01	CIV_assembly	0.6462250365319046	TCGA-A6-6137	Tumor	55.0	MALE	Stage IIIB	MSS	824.0	0.0	COAD
TCGA-CK-4952-01	CIV_assembly	0.6604237700925475	TCGA-CK-4952	Tumor	48.0	FEMALE	Stage IIIC	MSS	475.0	0.0	COAD
TCGA-A6-5657-01	CIV_assembly	0.6180954700438382	TCGA-A6-5657	Tumor	65.0	MALE	Stage IIIB	MSS	962.0	0.0	COAD
TCGA-AD-6963-01	CIV_assembly	0.7022893326838773	TCGA-AD-6963	Tumor	58.0	MALE		MSS	834.0	0.0	COAD
TCGA-AA-3663-11	CIV_assembly	0.7163906478324403	TCGA-AA-3663	Normal	42.0	MALE	Stage II	MSI-H	212.0	0.0	COAD
TCGA-A6-6138-01	CIV_assembly	0.672552362396493	TCGA-A6-6138	Tumor	61.0	MALE	Stage I	MSS	685.0	0.0	COAD
TCGA-A6-A567-01	CIV_assembly	0.6318071115440819	TCGA-A6-A567	Tumor	56.0	MALE	Stage IV	MSS	1881.0	1.0	COAD
TCGA-AA-3712-11	CIV_assembly	0.7252070141256698	TCGA-AA-3712	Normal	65.0	MALE	Stage III	MSS			COAD
TCGA-D5-6928-01	CIV_assembly	0.6590355577204091	TCGA-D5-6928	Tumor	80.0	MALE	Stage IIA	MSI-H	354.0	0.0	COAD
TCGA-AZ-6598-01	CIV_assembly	0.7044812469556746	TCGA-AZ-6598	Tumor	77.0	FEMALE	Stage II	MSI-H	1503.0	1.0	COAD
TCGA-D5-6931-01	CIV_assembly	0.6617876278616659	TCGA-D5-6931	Tumor	77.0	MALE	Stage IIIC	MSS	365.0	0.0	COAD
TCGA-G4-6295-01	CIV_assembly	0.668387725280078	TCGA-G4-6295	Tumor	70.0	FEMALE	Stage II	MSI-L	254.0	0.0	COAD
TCGA-AA-A01X-01	CIV_assembly	0.7106916707257672	TCGA-AA-A01X	Tumor	80.0	FEMALE	Stage III	MSS	791.0	0.0	COAD
TCGA-AZ-4313-01	CIV_assembly	0.7410131514856307	TCGA-AZ-4313	Tumor	51.0	FEMALE	Stage I	MSI-H	2310.0	0.0	COAD
TCGA-DM-A0XD-01	CIV_assembly	0.6947637603507063	TCGA-DM-A0XD	Tumor	65.0	MALE	Stage IIA	MSI-L	743.0	1.0	COAD
TCGA-D5-6535-01	CIV_assembly	0.7052118850462737	TCGA-D5-6535	Tumor	80.0	FEMALE	Stage IIIB	MSS	460.0	0.0	COAD
TCGA-AA-3509-01	CIV_assembly	0.692425718460789	TCGA-AA-3509	Tumor	54.0	FEMALE	Stage II	MSS	1915.0	0.0	COAD
TCGA-DM-A28E-01	CIV_assembly	0.657549926936191	TCGA-DM-A28E	Tumor	72.0	FEMALE	Stage IIA	MSS	3648.0	0.0	COAD
TCGA-A6-5667-11	CIV_assembly	0.7225767169995129	TCGA-A6-5667	Normal	40.0	FEMALE	Stage IIIB	MSS	887.0	0.0	COAD
TCGA-G4-6307-01	CIV_assembly	0.7597661958110082	TCGA-G4-6307	Tumor	37.0	FEMALE	Stage IIIB	MSS	1674.0	0.0	COAD
TCGA-A6-2682-01	CIV_assembly	0.7172917681441793	TCGA-A6-2682	Tumor	70.0	MALE	Stage IV	MSS	424.0	1.0	COAD
TCGA-CM-5868-01	CIV_assembly	0.6898684851436921	TCGA-CM-5868	Tumor	59.0	FEMALE	Stage IVA	MSS	518.0	0.0	COAD
TCGA-CK-4947-01	CIV_assembly	0.698319532391622	TCGA-CK-4947	Tumor	46.0	FEMALE	Stage IIIB	MSS	534.0	0.0	COAD
TCGA-D5-5540-01	CIV_assembly	0.7783487579152459	TCGA-D5-5540	Tumor	73.0	MALE	Stage IIA	MSI-L	1706.0	0.0	COAD
TCGA-A6-4105-01	CIV_assembly	0.6751095957135899	TCGA-A6-4105	Tumor	79.0	MALE	Stage IIA	MSS	442.0	1.0	COAD
TCGA-A6-6651-01	CIV_assembly	0.6260594252313687	TCGA-A6-6651	Tumor	55.0	FEMALE	Stage IIIB	MSS	662.0	0.0	COAD
TCGA-G4-6625-01	CIV_assembly	0.6543594739405748	TCGA-G4-6625	Tumor	77.0	FEMALE	Stage IIA	MSS	2792.0	0.0	COAD
TCGA-CM-5860-01	CIV_assembly	0.6918412079883098	TCGA-CM-5860	Tumor	44.0	MALE	Stage IIA	MSS	974.0	0.0	COAD
TCGA-DM-A28G-01	CIV_assembly	0.6968582562104237	TCGA-DM-A28G	Tumor	75.0	MALE	Stage IIA	MSS	1849.0	1.0	COAD
TCGA-A6-5666-01	CIV_assembly	0.723307355090112	TCGA-A6-5666	Tumor	78.0	MALE	Stage IIC	MSI-L	995.0	0.0	COAD
TCGA-A6-2675-11	CIV_assembly	0.6768387725280078	TCGA-A6-2675	Normal	78.0	MALE	Stage IIA		1321.0	0.0	COAD
TCGA-AA-3516-11	CIV_assembly	0.7460789089137847	TCGA-AA-3516	Normal	74.0	FEMALE	Stage III	MSI-H	396.0	1.0	COAD
TCGA-AZ-6605-01	CIV_assembly	0.648319532391622	TCGA-AZ-6605	Tumor	77.0	MALE	Stage IIIB	MSS	159.0	1.0	COAD
TCGA-CA-5797-01	CIV_assembly	0.6838528981977594	TCGA-CA-5797	Tumor	56.0	MALE	Stage IIA	MSS	383.0	0.0	COAD
TCGA-D5-6930-01	CIV_assembly	0.7183877252800779	TCGA-D5-6930	Tumor	67.0	MALE	Stage IIA	MSI-H	406.0	0.0	COAD
TCGA-5M-AAT4-01	CIV_assembly	0.7003896736483195	TCGA-5M-AAT4	Tumor	74.0	MALE	Stage IV	MSS	49.0	1.0	COAD
TCGA-AA-3685-01	CIV_assembly	0.8046517291768144	TCGA-AA-3685	Tumor	69.0	MALE	Stage II	MSS	1127.0	0.0	COAD
TCGA-D5-6924-01	CIV_assembly	0.6192401363857769	TCGA-D5-6924	Tumor	68.0	MALE	Stage IIA	MSS	435.0	0.0	COAD
TCGA-CA-6718-01	CIV_assembly	0.6698490014612761	TCGA-CA-6718	Tumor	46.0	MALE	Stage IIA	MSS	306.0	1.0	COAD
TCGA-AZ-6603-01	CIV_assembly	0.6228933268387725	TCGA-AZ-6603	Tumor	77.0	FEMALE		MSS	899.0	1.0	COAD
TCGA-CM-5862-01	CIV_assembly	0.7118606916707257	TCGA-CM-5862	Tumor	80.0	MALE	Stage IVA	MSS	153.0	1.0	COAD
TCGA-AZ-6598-11	CIV_assembly	0.7240623477837311	TCGA-AZ-6598	Normal	77.0	FEMALE	Stage II	MSI-H	1503.0	1.0	COAD
TCGA-AA-A01Z-01	CIV_assembly	0.7111056989771066	TCGA-AA-A01Z	Tumor	68.0	MALE	Stage II	MSS	1126.0	0.0	COAD
TCGA-DM-A0X9-01	CIV_assembly	0.6690940087676571	TCGA-DM-A0X9	Tumor	71.0	FEMALE	Stage IIA	MSS	3641.0	0.0	COAD
TCGA-A6-A566-01	CIV_assembly	0.6893813930832927	TCGA-A6-A566	Tumor	55.0	FEMALE	Stage IIIB	MSI-L	758.0	1.0	COAD
TCGA-A6-5662-11	CIV_assembly	0.6784218217243059	TCGA-A6-5662	Normal	46.0	MALE	Stage IVA	MSS	718.0	0.0	COAD
TCGA-D5-6534-01	CIV_assembly	0.6276424744276669	TCGA-D5-6534	Tumor	62.0	FEMALE	Stage IIA	MSS	1316.0	0.0	COAD
TCGA-CK-6746-01	CIV_assembly	0.6922795908426692	TCGA-CK-6746	Tumor	84.0	FEMALE	Stage IIB	MSI-H			COAD
TCGA-A6-5656-01	CIV_assembly	0.7014856307842182	TCGA-A6-5656	Tumor	74.0	MALE	Stage I		1001.0	0.0	COAD
TCGA-5M-AAT6-01	CIV_assembly	0.6860935216755967	TCGA-5M-AAT6	Tumor	40.0	FEMALE	Stage IV	MSI-H	290.0	1.0	COAD
TCGA-QG-A5Z1-01	CIV_assembly	0.6583049196298101	TCGA-QG-A5Z1	Tumor	71.0	MALE	Stage IIIB	MSI-L	256.0	1.0	COAD
TCGA-AZ-6605-11	CIV_assembly	0.6425962006819289	TCGA-AZ-6605	Normal	77.0	MALE	Stage IIIB	MSS	159.0	1.0	COAD
TCGA-CK-4951-01	CIV_assembly	0.6823185582075012	TCGA-CK-4951	Tumor	79.0	FEMALE	Stage IIA	MSI-H	2134.0	1.0	COAD
TCGA-CM-6680-01	CIV_assembly	0.6610326351680468	TCGA-CM-6680	Tumor	78.0	FEMALE	Stage IIIB	MSS	366.0	0.0	COAD
TCGA-CK-5913-01	CIV_assembly	0.6784461763273258	TCGA-CK-5913	Tumor	58.0	FEMALE	Stage IIA	MSI-H	1561.0	0.0	COAD
TCGA-CM-6172-01	CIV_assembly	0.6628835849975645	TCGA-CM-6172	Tumor	70.0	FEMALE	Stage IIIB	MSS	335.0	0.0	COAD
TCGA-G4-6309-01	CIV_assembly	0.7578908913784705	TCGA-G4-6309	Tumor	40.0	FEMALE	Stage IIIB	MSI-H	2600.0	0.0	COAD
TCGA-F4-6461-01	CIV_assembly	0.6697272284461764	TCGA-F4-6461	Tumor	41.0	FEMALE	Stage IIIC	MSS	338.0	1.0	COAD
TCGA-G4-6299-01	CIV_assembly	0.6822698490014613	TCGA-G4-6299	Tumor	69.0	MALE	Stage IIIC	MSS	2268.0	0.0	COAD
TCGA-CM-6168-01	CIV_assembly	0.6554067218704335	TCGA-CM-6168	Tumor	84.0	FEMALE	Stage IIA	MSI-L	395.0	0.0	COAD
TCGA-AD-A5EK-01	CIV_assembly	0.6730394544568924	TCGA-AD-A5EK	Tumor	51.0	MALE	Stage I	MSS	500.0	0.0	COAD
TCGA-AM-5820-01	CIV_assembly	0.720019483682416	TCGA-AM-5820	Tumor	59.0	FEMALE	Stage IVA	MSS	14.0	0.0	COAD
TCGA-A6-2682-11	CIV_assembly	0.7263516804676083	TCGA-A6-2682	Normal	70.0	MALE	Stage IV	MSS	424.0	1.0	COAD
TCGA-A6-6648-01	CIV_assembly	0.6679493424257185	TCGA-A6-6648	Tumor	56.0	MALE	Stage IVA	MSS	766.0	0.0	COAD
TCGA-CA-6717-01	CIV_assembly	0.6452264978080857	TCGA-CA-6717	Tumor	57.0	MALE	Stage IIA	MSS	388.0	0.0	COAD
TCGA-AU-6004-01	CIV_assembly	0.6693862640038968	TCGA-AU-6004	Tumor	69.0	FEMALE	Stage I	MSI-H	824.0	0.0	COAD
TCGA-A6-2684-01	CIV_assembly	0.654943984413054	TCGA-A6-2684	Tumor	75.0	FEMALE	Stage I		1127.0	0.0	COAD
TCGA-AZ-6599-11	CIV_assembly	0.7321967851924014	TCGA-AZ-6599	Normal	72.0	MALE	Stage I	MSS	206.0	1.0	COAD
TCGA-DM-A1HB-01	CIV_assembly	0.7412323429128105	TCGA-DM-A1HB	Tumor	75.0	MALE	Stage IIIB	MSI-H	4126.0	0.0	COAD
TCGA-A6-2685-01	CIV_assembly	0.6993911349245008	TCGA-A6-2685	Tumor	48.0	FEMALE	Stage IIA	MSS	1133.0	0.0	COAD
TCGA-F4-6704-11	CIV_assembly	0.6880418899171944	TCGA-F4-6704	Normal	60.0	MALE	Stage IIIC	MSS	47.0	0.0	COAD
TCGA-F4-6856-01	CIV_assembly	0.6795664880662445	TCGA-F4-6856	Tumor	45.0	MALE	Stage I	MSI-H	1074.0	0.0	COAD
TCGA-AA-3492-01	CIV_assembly	0.7639308329274233	TCGA-AA-3492	Tumor	90.0	FEMALE	Stage II	MSI-H	1.0	1.0	COAD
TCGA-G4-6294-01	CIV_assembly	0.6659279103750609	TCGA-G4-6294	Tumor	75.0	MALE	Stage IV	MSS	858.0	1.0	COAD
TCGA-WS-AB45-01	CIV_assembly	0.6161714564052606	TCGA-WS-AB45	Tumor	52.0	FEMALE	Stage IIA	MSI-H	2130.0	0.0	COAD
TCGA-CK-5916-01	CIV_assembly	0.6400389673648319	TCGA-CK-5916	Tumor	71.0	FEMALE	Stage I	MSI-H	643.0	1.0	COAD
TCGA-NH-A50V-01	CIV_assembly	0.6721870433511934	TCGA-NH-A50V	Tumor	69.0	MALE	Stage IIIB	MSI-L	588.0	0.0	COAD
TCGA-NH-A6GA-01	CIV_assembly	0.665002435460302	TCGA-NH-A6GA	Tumor	58.0	MALE	Stage IIIC	MSS	302.0	1.0	COAD
TCGA-F4-6460-01	CIV_assembly	0.6453482708231856	TCGA-F4-6460	Tumor	51.0	FEMALE	Stage IIIB	MSS	972.0	1.0	COAD
TCGA-F4-6806-01	CIV_assembly	0.6780321480759863	TCGA-F4-6806	Tumor	59.0	FEMALE	Stage I	MSS	1260.0	0.0	COAD
TCGA-G4-6304-01	CIV_assembly	0.7250852411105699	TCGA-G4-6304	Tumor	66.0	FEMALE	Stage IIB	MSI-H	1631.0	0.0	COAD
TCGA-QG-A5YW-01	CIV_assembly	0.696614710180224	TCGA-QG-A5YW	Tumor	55.0	FEMALE	Stage IIIC	MSI-L	896.0	0.0	COAD
TCGA-AD-6965-01	CIV_assembly	0.6798830979055042	TCGA-AD-6965	Tumor	62.0	MALE	Stage IIIC	MSS	805.0	0.0	COAD
TCGA-D5-6920-01	CIV_assembly	0.6972479298587433	TCGA-D5-6920	Tumor	77.0	FEMALE	Stage IIA	MSS	377.0	0.0	COAD
TCGA-DM-A280-01	CIV_assembly	0.7290550414028252	TCGA-DM-A280	Tumor	70.0	FEMALE	Stage IIA	MSS	236.0	1.0	COAD
TCGA-G4-6297-01	CIV_assembly	0.6373843156356551	TCGA-G4-6297	Tumor	55.0	FEMALE	Stage IV	MSS	2506.0	0.0	COAD
TCGA-G4-6302-01	CIV_assembly	0.6311982464685826	TCGA-G4-6302	Tumor	90.0	FEMALE	Stage IIA	MSI-H			COAD
TCGA-QL-A97D-01	CIV_assembly	0.6654408183146615	TCGA-QL-A97D	Tumor	84.0	FEMALE	Stage I	MSS	666.0	0.0	COAD
TCGA-CA-6716-01	CIV_assembly	0.6598879688261081	TCGA-CA-6716	Tumor	65.0	MALE	Stage IIA	MSS	371.0	0.0	COAD
TCGA-AA-3518-11	CIV_assembly	0.7312469556746225	TCGA-AA-3518	Normal	81.0	FEMALE	Stage IIA	MSI-H	31.0	0.0	COAD
TCGA-AA-3531-11	CIV_assembly	0.7463468095470044	TCGA-AA-3531	Normal	75.0	FEMALE	Stage IIA	MSI-L	1035.0	0.0	COAD
TCGA-CA-6715-01	CIV_assembly	0.6664637116415002	TCGA-CA-6715	Tumor	63.0	MALE	Stage IIIB	MSS	383.0	0.0	COAD
TCGA-CM-4743-01	CIV_assembly	0.7656600097418412	TCGA-CM-4743	Tumor	69.0	MALE	Stage IIA	MSI-H	701.0	0.0	COAD
TCGA-A6-6654-01	CIV_assembly	0.6337798343886994	TCGA-A6-6654	Tumor	65.0	FEMALE	Stage IIIB	MSS	726.0	0.0	COAD
TCGA-5M-AAT5-01	CIV_assembly	0.6981490501704822	TCGA-5M-AAT5	Tumor				MSI-L			COAD
TCGA-G4-6627-01	CIV_assembly	0.6805893813930833	TCGA-G4-6627	Tumor	84.0	MALE	Stage IIA	MSI-L	2175.0	0.0	COAD
TCGA-A6-5664-01	CIV_assembly	0.6673404773502192	TCGA-A6-5664	Tumor	80.0	MALE	Stage IIIC	MSS	672.0	0.0	COAD
TCGA-CM-6167-01	CIV_assembly	0.6061860691670726	TCGA-CM-6167	Tumor	57.0	FEMALE	Stage IIIC	MSS	456.0	0.0	COAD
TCGA-AA-3534-11	CIV_assembly	0.7252070141256698	TCGA-AA-3534	Normal	78.0	FEMALE	Stage IIA	MSS	882.0	0.0	COAD
TCGA-AD-6548-01	CIV_assembly	0.6689965903555772	TCGA-AD-6548	Tumor	81.0	FEMALE	Stage I	MSI-L	650.0	0.0	COAD
TCGA-F4-6805-01	CIV_assembly	0.6515830491962981	TCGA-F4-6805	Tumor	58.0	FEMALE	Stage IIA	MSS	1047.0	0.0	COAD
TCGA-A6-6780-01	CIV_assembly	0.7349245007306381	TCGA-A6-6780	Tumor	74.0	MALE	Stage IIA		612.0	0.0	COAD
TCGA-DM-A1HA-01	CIV_assembly	0.7330979055041403	TCGA-DM-A1HA	Tumor	82.0	MALE	Stage IIIC	MSS	2600.0	0.0	COAD
TCGA-CM-6676-01	CIV_assembly	0.6905017048222114	TCGA-CM-6676	Tumor	82.0	MALE	Stage I	MSI-L	337.0	0.0	COAD
TCGA-A6-6650-01	CIV_assembly	0.6775207014125669	TCGA-A6-6650	Tumor	69.0	FEMALE	Stage IIA		627.0	0.0	COAD
TCGA-AA-3713-11	CIV_assembly	0.8287384315635655	TCGA-AA-3713	Normal	68.0	MALE	Stage IV	MSI-H	579.0	0.0	COAD
TCGA-NH-A6GB-01	CIV_assembly	0.6566000974184121	TCGA-NH-A6GB	Tumor	71.0	FEMALE	Stage IIIC	MSS	476.0	0.0	COAD
TCGA-A6-6652-01	CIV_assembly	0.6605455431076473	TCGA-A6-6652	Tumor	59.0	MALE	Stage IVA	MSS	751.0	0.0	COAD
TCGA-CM-6164-01	CIV_assembly	0.6561130053580126	TCGA-CM-6164	Tumor	46.0	FEMALE	Stage IIA	MSS	883.0	0.0	COAD
TCGA-D5-6536-01	CIV_assembly	0.6738188017535314	TCGA-D5-6536	Tumor	73.0	MALE	Stage IIA	MSS	543.0	0.0	COAD
TCGA-G4-6588-01	CIV_assembly	0.7007549926936191	TCGA-G4-6588	Tumor	58.0	FEMALE	Stage IIA	MSI-H	796.0	0.0	COAD
TCGA-4N-A93T-01	CIV_assembly	0.7459327812956649	TCGA-4N-A93T	Tumor	67.0	MALE	Stage IIIB	MSS	146.0	0.0	COAD
TCGA-A6-2684-11	CIV_assembly	0.7869946419873356	TCGA-A6-2684	Normal	75.0	FEMALE	Stage I		1127.0	0.0	COAD
TCGA-F4-6459-01	CIV_assembly	0.6582318558207502	TCGA-F4-6459	Tumor	61.0	FEMALE	Stage IIIB	MSS	262.0	1.0	COAD
TCGA-T9-A92H-01	CIV_assembly	0.7050657574281539	TCGA-T9-A92H	Tumor	82.0	MALE	Stage IIA	MSS	362.0	0.0	COAD
TCGA-D5-5538-01	CIV_assembly	0.625815879201169	TCGA-D5-5538	Tumor	60.0	FEMALE	Stage IIIB	MSS	1661.0	1.0	COAD
TCGA-CK-4948-01	CIV_assembly	0.7199220652703361	TCGA-CK-4948	Tumor	45.0	FEMALE	Stage III	MSI-L	4502.0	0.0	COAD
TCGA-AA-3506-01	CIV_assembly	0.7209206039941549	TCGA-AA-3506	Tumor	77.0	MALE	Stage I	MSS	1765.0	0.0	COAD
TCGA-CM-6166-01	CIV_assembly	0.706673161227472	TCGA-CM-6166	Tumor	48.0	FEMALE	Stage I	MSS	669.0	0.0	COAD
TCGA-CK-5914-01	CIV_assembly	0.6629810034096444	TCGA-CK-5914	Tumor	81.0	MALE	Stage IIIB	MSS	669.0	0.0	COAD
TCGA-AY-6196-01	CIV_assembly	0.6174622503653191	TCGA-AY-6196	Tumor	47.0	MALE	Stage IIIC	MSI-L	6.0	0.0	COAD
TCGA-F4-6809-01	CIV_assembly	0.68334145153434	TCGA-F4-6809	Tumor	52.0	FEMALE	Stage IVA	MSS	403.0	1.0	COAD
TCGA-CM-6171-01	CIV_assembly	0.6967121285923039	TCGA-CM-6171	Tumor	77.0	FEMALE	Stage I	MSI-H	427.0	0.0	COAD
TCGA-CM-5863-01	CIV_assembly	0.6568679980516318	TCGA-CM-5863	Tumor	60.0	FEMALE	Stage IIIB	MSS	457.0	0.0	COAD
TCGA-D5-6539-01	CIV_assembly	0.6914515343399903	TCGA-D5-6539	Tumor	45.0	FEMALE	[Discrepancy]	MSS	380.0	0.0	COAD
TCGA-A6-5665-11	CIV_assembly	0.7426205552849489	TCGA-A6-5665	Normal	84.0	FEMALE	Stage IIA	MSI-H	671.0	0.0	COAD
TCGA-NH-A8F7-01	CIV_assembly	0.6655138821237214	TCGA-NH-A8F7	Tumor	53.0	FEMALE	Stage IIA	Indeterminate	543.0	0.0	COAD
TCGA-D5-5541-01	CIV_assembly	0.6537993180711155	TCGA-D5-5541	Tumor	63.0	MALE	Stage IIIB	MSS	1701.0	0.0	COAD
TCGA-F4-6808-01	CIV_assembly	0.7368728689722358	TCGA-F4-6808	Tumor	54.0	FEMALE	Stage I	MSS	1024.0	0.0	COAD
TCGA-A6-2680-11	CIV_assembly	0.7526546517291768	TCGA-A6-2680	Normal	72.0	FEMALE	Stage II	MSS	1068.0	0.0	COAD
TCGA-AA-3511-11	CIV_assembly	0.6961763273258645	TCGA-AA-3511	Normal	64.0	MALE	Stage II	MSS	212.0	0.0	COAD
TCGA-DM-A285-01	CIV_assembly	0.661738918655626	TCGA-DM-A285	Tumor	71.0	FEMALE	Stage IV	MSS	179.0	1.0	COAD
TCGA-AA-3522-11	CIV_assembly	0.7145640526059425	TCGA-AA-3522	Normal	67.0	MALE	Stage IIA	MSS	1127.0	0.0	COAD
TCGA-G4-6314-01	CIV_assembly	0.6559668777398928	TCGA-G4-6314	Tumor	76.0	FEMALE	Stage IV	MSS	1093.0	0.0	COAD
TCGA-A6-6781-01	CIV_assembly	0.6710423770092547	TCGA-A6-6781	Tumor	43.0	MALE	Stage IIIC		598.0	0.0	COAD
TCGA-F4-6807-01	CIV_assembly	0.654968339016074	TCGA-F4-6807	Tumor	51.0	FEMALE	Stage IIIC	MSS	1309.0	0.0	COAD
TCGA-AY-A54L-01	CIV_assembly	0.6998538723818801	TCGA-AY-A54L	Tumor	74.0	FEMALE	Stage I	MSI-L	525.0	0.0	COAD
TCGA-A6-5661-01	CIV_assembly	0.693351193375548	TCGA-A6-5661	Tumor	80.0	FEMALE	Stage IIA	MSI-H	1020.0	0.0	COAD
TCGA-DM-A288-01	CIV_assembly	0.7578665367754506	TCGA-DM-A288	Tumor	68.0	MALE	Stage IIIC	MSS	427.0	1.0	COAD
TCGA-QG-A5YX-01	CIV_assembly	0.7213833414515344	TCGA-QG-A5YX	Tumor	61.0	FEMALE	Stage IIA	MSI-L	1003.0	0.0	COAD
TCGA-A6-2679-11	CIV_assembly	0.7329274232830005	TCGA-A6-2679	Normal	73.0	FEMALE	Stage IIB	MSS	1366.0	0.0	COAD
TCGA-AD-A5EJ-01	CIV_assembly	0.6726254262055529	TCGA-AD-A5EJ	Tumor	74.0	FEMALE	Stage IIA	MSI-H			COAD
TCGA-G4-6628-01	CIV_assembly	0.6842669264490989	TCGA-G4-6628	Tumor	78.0	MALE	Stage I	MSI-H	2424.0	0.0	COAD
TCGA-D5-6531-01	CIV_assembly	0.6742084754018509	TCGA-D5-6531	Tumor	75.0	MALE	Stage IIA	MSS	540.0	0.0	COAD
TCGA-DM-A28M-01	CIV_assembly	0.7670969313200194	TCGA-DM-A28M	Tumor	63.0	MALE	Stage IIA	MSS	2895.0	0.0	COAD
TCGA-CK-6751-01	CIV_assembly	0.7170238675109596	TCGA-CK-6751	Tumor	88.0	FEMALE	Stage I	MSS	518.0	0.0	COAD
TCGA-F4-6854-01	CIV_assembly	0.6837067705796396	TCGA-F4-6854	Tumor	77.0	FEMALE	Stage IIA	MSS	16.0	0.0	COAD
TCGA-A6-2683-11	CIV_assembly	0.7290063321967852	TCGA-A6-2683	Normal	57.0	FEMALE	Stage IV	MSI-L	504.0	1.0	COAD
TCGA-A6-6142-01	CIV_assembly	0.680053580126644	TCGA-A6-6142	Tumor	56.0	FEMALE	Stage IVA	MSS	763.0	0.0	COAD
TCGA-NH-A8F8-01	CIV_assembly	0.6967121285923039	TCGA-NH-A8F8	Tumor	79.0	MALE	Stage IV	MSS	511.0	1.0	COAD
TCGA-AM-5821-01	CIV_assembly	0.7228689722357525	TCGA-AM-5821	Tumor	68.0	FEMALE	Stage IIA	MSI-H	28.0	0.0	COAD
TCGA-D5-5537-01	CIV_assembly	0.7277398928397467	TCGA-D5-5537	Tumor	83.0	MALE	Stage IIA	MSS	1381.0	1.0	COAD
TCGA-CM-6677-01	CIV_assembly	0.6952021432050658	TCGA-CM-6677	Tumor	75.0	FEMALE	Stage IIA	MSS	337.0	0.0	COAD
TCGA-AD-6888-01	CIV_assembly	0.7440331222601072	TCGA-AD-6888	Tumor	73.0	MALE	Stage IIIB	MSS	472.0	1.0	COAD
TCGA-AZ-4615-01	CIV_assembly	0.735849975645397	TCGA-AZ-4615	Tumor	84.0	MALE	Stage IIIB	MSI-H	1002.0	0.0	COAD
TCGA-AA-3662-01	CIV_assembly	0.6343399902581588	TCGA-AA-3662	Tumor	80.0	FEMALE	Stage IV	MSS	184.0	0.0	COAD
TCGA-DM-A28C-01	CIV_assembly	0.7269605455431076	TCGA-DM-A28C	Tumor	74.0	MALE	Stage IIA	MSS	2475.0	1.0	COAD
TCGA-DM-A1DA-01	CIV_assembly	0.6929615197272284	TCGA-DM-A1DA	Tumor	71.0	FEMALE	Stage IIIC	MSI-L	228.0	1.0	COAD
TCGA-F4-6569-01	CIV_assembly	0.6478080857282026	TCGA-F4-6569	Tumor	60.0	MALE	Stage I	MSS	1087.0	0.0	COAD
TCGA-AA-3660-11	CIV_assembly	0.7554067218704336	TCGA-AA-3660	Normal	51.0	FEMALE	Stage II	MSS	2375.0	0.0	COAD
TCGA-CM-6674-01	CIV_assembly	0.692498782269849	TCGA-CM-6674	Tumor	39.0	MALE	Stage IIA	MSI-H	394.0	0.0	COAD
TCGA-CK-4950-01	CIV_assembly	0.6894544568923526	TCGA-CK-4950	Tumor	68.0	FEMALE	Stage IIIB	MSS	2599.0	0.0	COAD
TCGA-DM-A1D9-01	CIV_assembly	0.6863127131027764	TCGA-DM-A1D9	Tumor	67.0	FEMALE	Stage IIA	MSS	4270.0	0.0	COAD
TCGA-CA-6719-01	CIV_assembly	0.6351924013638578	TCGA-CA-6719	Tumor	77.0	MALE	Stage IIA	MSI-L	435.0	0.0	COAD
TCGA-CM-6675-01	CIV_assembly	0.6896249391134924	TCGA-CM-6675	Tumor	35.0	MALE	Stage IVB	MSS	397.0	0.0	COAD
TCGA-D5-6533-01	CIV_assembly	0.7060399415489528	TCGA-D5-6533	Tumor	68.0	FEMALE	[Discrepancy]	MSS	775.0	0.0	COAD
TCGA-A6-6782-01	CIV_assembly	0.6412566975158305	TCGA-A6-6782	Tumor	82.0	MALE	Stage IIB	MSS	617.0	0.0	COAD
TCGA-D5-5539-01	CIV_assembly	0.6444958597174866	TCGA-D5-5539	Tumor	60.0	MALE	Stage IIIA	MSS	596.0	0.0	COAD
TCGA-CK-5912-01	CIV_assembly	0.6540428641013152	TCGA-CK-5912	Tumor	81.0	MALE	Stage I	MSS	1493.0	1.0	COAD
TCGA-CM-4751-01	CIV_assembly	0.6515830491962981	TCGA-CM-4751	Tumor	62.0	MALE	Stage IIIB	MSS	822.0	0.0	COAD
TCGA-AZ-4614-01	CIV_assembly	0.6830004870920604	TCGA-AZ-4614	Tumor	71.0	FEMALE	Stage IVA	MSI-L	172.0	1.0	COAD
TCGA-A6-6140-01	CIV_assembly	0.6747442766682903	TCGA-A6-6140	Tumor	62.0	MALE	Stage IIA	MSS	734.0	0.0	COAD
TCGA-NH-A6GC-01	CIV_assembly	0.6731855820750122	TCGA-NH-A6GC	Tumor	66.0	FEMALE	Stage IVB	MSS	389.0	0.0	COAD
TCGA-AA-3495-01	CIV_assembly	0.7218704335119338	TCGA-AA-3495	Tumor	79.0	MALE	Stage I	MSS	1127.0	0.0	COAD
TCGA-CM-4744-01	CIV_assembly	0.7390647832440331	TCGA-CM-4744	Tumor	69.0	MALE	Stage I	MSS	609.0	0.0	COAD
TCGA-AD-6895-01	CIV_assembly	0.7089624939113492	TCGA-AD-6895	Tumor	84.0	MALE	Stage IIIB	MSI-H	763.0	0.0	COAD
TCGA-AD-6889-01	CIV_assembly	0.7455187530443254	TCGA-AD-6889	Tumor	76.0	MALE	Stage IIA	MSI-H	2532.0	1.0	COAD
TCGA-AD-5900-01	CIV_assembly	0.7303701899659035	TCGA-AD-5900	Tumor	67.0	MALE	Stage I	MSI-H	370.0	0.0	COAD
TCGA-D5-6540-01	CIV_assembly	0.6878714076960546	TCGA-D5-6540	Tumor	66.0	MALE	Stage I	MSI-H	491.0	0.0	COAD
TCGA-AZ-5407-01	CIV_assembly	0.6961763273258645	TCGA-AZ-5407	Tumor	51.0	FEMALE	Stage I	MSS	2683.0	0.0	COAD
TCGA-A6-2685-11	CIV_assembly	0.7489040428641013	TCGA-A6-2685	Normal	48.0	FEMALE	Stage IIA	MSS	1133.0	0.0	COAD
TCGA-G4-6311-01	CIV_assembly	0.6684120798830979	TCGA-G4-6311	Tumor	80.0	MALE	Stage III	MSS	1199.0	0.0	COAD
TCGA-D5-6923-01	CIV_assembly	0.656697515830492	TCGA-D5-6923	Tumor	57.0	MALE	Stage I	MSS	378.0	0.0	COAD
TCGA-DM-A1D7-01	CIV_assembly	0.7002679006332196	TCGA-DM-A1D7	Tumor	82.0	MALE	Stage IIA	MSS	405.0	1.0	COAD
TCGA-A6-5659-11	CIV_assembly	0.7471748660496834	TCGA-A6-5659	Normal	82.0	MALE	Stage I		926.0	0.0	COAD
TCGA-AY-A71X-01	CIV_assembly	0.6806624452021433	TCGA-AY-A71X	Tumor	54.0	FEMALE	Stage I	MSS	588.0	0.0	COAD
TCGA-AZ-6600-11	CIV_assembly	0.7381149537262542	TCGA-AZ-6600	Normal	64.0	MALE	Stage IV	MSS	368.0	1.0	COAD
TCGA-AA-3655-11	CIV_assembly	0.7419873356064296	TCGA-AA-3655	Normal	68.0	MALE	Stage II	MSS	1856.0	0.0	COAD
TCGA-CA-5254-01	CIV_assembly	0.7169995129079396	TCGA-CA-5254	Tumor	42.0	FEMALE	Stage IIA	MSI-L	386.0	0.0	COAD
TCGA-CM-5349-01	CIV_assembly	0.6622747199220653	TCGA-CM-5349	Tumor	68.0	FEMALE	Stage IIA	MSS	915.0	0.0	COAD
TCGA-A6-2686-11	CIV_assembly	0.7785923039454457	TCGA-A6-2686	Normal	81.0	FEMALE	Stage IIA	MSI-H	1126.0	1.0	COAD
TCGA-AZ-4682-01	CIV_assembly	0.736702386751096	TCGA-AZ-4682	Tumor	61.0	MALE	Stage IVA	MSS	680.0	1.0	COAD
TCGA-CM-5344-01	CIV_assembly	0.7085484656600097	TCGA-CM-5344	Tumor	39.0	FEMALE	Stage IIIB	MSS	670.0	0.0	COAD
TCGA-NH-A50T-01	CIV_assembly	0.717535314174379	TCGA-NH-A50T	Tumor	68.0	FEMALE	Stage IIA	MSS	553.0	0.0	COAD
TCGA-AY-6386-01	CIV_assembly	0.6952508524111057	TCGA-AY-6386	Tumor	66.0	FEMALE	Stage IIIB	MSS	542.0	0.0	COAD
TCGA-CA-5255-01	CIV_assembly	0.7477106673161228	TCGA-CA-5255	Tumor	45.0	MALE	Stage IIA	MSS	376.0	0.0	COAD
TCGA-AA-3662-11	CIV_assembly	0.694179249878227	TCGA-AA-3662	Normal	80.0	FEMALE	Stage IV	MSS	184.0	0.0	COAD
TCGA-DM-A1DB-01	CIV_assembly	0.6823429128105212	TCGA-DM-A1DB	Tumor	68.0	MALE	Stage IIA	MSS	1348.0	1.0	COAD
TCGA-DM-A28F-01	CIV_assembly	0.6944958597174866	TCGA-DM-A28F	Tumor	73.0	MALE	Stage IIIB	MSS	1094.0	1.0	COAD
TCGA-AA-A02Y-01	CIV_assembly	0.736678032148076	TCGA-AA-A02Y	Tumor	73.0	MALE	Stage I	MSS	1216.0	0.0	COAD
TCGA-D5-6932-01	CIV_assembly	0.6501461276181199	TCGA-D5-6932	Tumor	69.0	MALE	Stage IIA	MSS	346.0	0.0	COAD
TCGA-AD-6899-01	CIV_assembly	0.6896736483195324	TCGA-AD-6899	Tumor	84.0	MALE	Stage IIIC	MSS	176.0	1.0	COAD
TCGA-AY-6197-01	CIV_assembly	0.6702143205065757	TCGA-AY-6197	Tumor	60.0	MALE	Stage IIA	MSI-H	652.0	0.0	COAD
TCGA-AA-3660-01	CIV_assembly	0.6684851436921578	TCGA-AA-3660	Tumor	51.0	FEMALE	Stage II	MSS	2375.0	0.0	COAD
TCGA-A6-5660-01	CIV_assembly	0.6945445689235266	TCGA-A6-5660	Tumor	73.0	MALE	Stage IIIC	MSS	888.0	0.0	COAD
TCGA-D5-6541-01	CIV_assembly	0.6939113492450073	TCGA-D5-6541	Tumor	49.0	MALE	Stage IIA	MSS	474.0	0.0	COAD
TCGA-CM-4747-01	CIV_assembly	0.6738918655625913	TCGA-CM-4747	Tumor	47.0	MALE	Stage IVA	MSI-L	761.0	0.0	COAD
TCGA-AA-3511-01	CIV_assembly	0.6518996590355577	TCGA-AA-3511	Tumor	64.0	MALE	Stage II	MSS	212.0	0.0	COAD
TCGA-DM-A28H-01	CIV_assembly	0.693278129566488	TCGA-DM-A28H	Tumor	50.0	MALE	Stage IIIC	MSI-L	3561.0	0.0	COAD
TCGA-G4-6303-01	CIV_assembly	0.6511203117389186	TCGA-G4-6303	Tumor	54.0	FEMALE	Stage IV	MSI-L	2003.0	1.0	COAD
TCGA-CM-5861-01	CIV_assembly	0.7291524598149051	TCGA-CM-5861	Tumor	63.0	FEMALE	Stage IIA	MSI-H	457.0	0.0	COAD
TCGA-AA-3525-11	CIV_assembly	0.75840233804189	TCGA-AA-3525	Normal	90.0	MALE	Stage IIIB	MSI-H	1.0	0.0	COAD
TCGA-CM-6161-01	CIV_assembly	0.6760594252313687	TCGA-CM-6161	Tumor	36.0	FEMALE	Stage I	MSI-L	457.0	0.0	COAD
TCGA-NH-A50U-01	CIV_assembly	0.6851924013638577	TCGA-NH-A50U	Tumor	42.0	MALE	Stage IVA	MSS	334.0	1.0	COAD
TCGA-AZ-6607-01	CIV_assembly	0.6440331222601071	TCGA-AZ-6607	Tumor	69.0	MALE	Stage IV	MSS	97.0	1.0	COAD
TCGA-G4-6298-01	CIV_assembly	0.6961519727228446	TCGA-G4-6298	Tumor	90.0	MALE	Stage IIIB	MSI-L			COAD
TCGA-D5-6538-01	CIV_assembly	0.6398441305406722	TCGA-D5-6538	Tumor	79.0	FEMALE	Stage IIIB	MSI-L	521.0	0.0	COAD
TCGA-CM-6679-01	CIV_assembly	0.6115684364344861	TCGA-CM-6679	Tumor	58.0	MALE	Stage IIA	MSS	306.0	0.0	COAD
TCGA-AZ-4323-01	CIV_assembly	0.6002435460301997	TCGA-AZ-4323	Tumor	37.0	MALE	Stage IV	MSI-L	43.0	1.0	COAD
TCGA-G4-6322-01	CIV_assembly	0.7354846566000974	TCGA-G4-6322	Tumor	65.0	MALE	Stage IIIB	MSI-L	792.0	0.0	COAD
TCGA-CM-5864-01	CIV_assembly	0.6831222601071603	TCGA-CM-5864	Tumor	60.0	MALE	Stage I	MSS	457.0	0.0	COAD
TCGA-CK-6747-01	CIV_assembly	0.6933755479785679	TCGA-CK-6747	Tumor	87.0	FEMALE	Stage IIA	MSI-H	820.0	0.0	COAD
TCGA-CM-6163-01	CIV_assembly	0.6780077934729664	TCGA-CM-6163	Tumor	74.0	MALE	Stage I	MSS	427.0	0.0	COAD
TCGA-AA-3713-01	CIV_assembly	0.6810034096444227	TCGA-AA-3713	Tumor	68.0	MALE	Stage IV	MSI-H	579.0	0.0	COAD
TCGA-A6-A56B-01	CIV_assembly	0.6601802240623478	TCGA-A6-A56B	Tumor	57.0	MALE	Stage IIIB	MSS	1711.0	1.0	COAD
TCGA-CM-5348-01	CIV_assembly	0.6181685338528982	TCGA-CM-5348	Tumor	72.0	MALE	Stage IIIB	MSS	699.0	0.0	COAD
TCGA-AY-5543-01	CIV_assembly	0.723307355090112	TCGA-AY-5543	Tumor	65.0	FEMALE	Stage IVA	MSS	1004.0	0.0	COAD
TCGA-CM-6169-01	CIV_assembly	0.5956405260594252	TCGA-CM-6169	Tumor	67.0	MALE	Stage IIA	MSS	396.0	0.0	COAD
TCGA-AZ-6606-01	CIV_assembly	0.7081100828056502	TCGA-AZ-6606	Tumor	81.0	MALE	Stage IV	MSS	357.0	1.0	COAD
TCGA-RU-A8FL-01	CIV_assembly	0.7169995129079396	TCGA-RU-A8FL	Tumor	51.0	MALE	Stage IIIB	MSS	1177.0	0.0	COAD
TCGA-CM-6678-01	CIV_assembly	0.7107403799318072	TCGA-CM-6678	Tumor	63.0	FEMALE	Stage IVA	MSS	335.0	0.0	COAD
TCGA-A6-6649-01	CIV_assembly	0.6407452508524111	TCGA-A6-6649	Tumor	66.0	MALE	Stage IIIB	MSS	735.0	0.0	COAD
TCGA-AA-3517-11	CIV_assembly	0.720896249391135	TCGA-AA-3517	Normal	60.0	MALE	Stage IIA	MSI-L	1186.0	0.0	COAD
TCGA-AA-3675-01	CIV_assembly	0.7554067218704336	TCGA-AA-3675	Tumor	84.0	MALE	Stage II	MSS	1431.0	0.0	COAD
TCGA-A6-5665-01	CIV_assembly	0.7523136872868972	TCGA-A6-5665	Tumor	84.0	FEMALE	Stage IIA	MSI-H	671.0	0.0	COAD
TCGA-DM-A0XF-01	CIV_assembly	0.706673161227472	TCGA-DM-A0XF	Tumor	68.0	FEMALE	Stage IIIC	MSI-L	1162.0	1.0	COAD
TCGA-F4-6855-01	CIV_assembly	0.6576229907452509	TCGA-F4-6855	Tumor	70.0	FEMALE	Stage IIA	MSI-L	1442.0	0.0	COAD
TCGA-AA-3496-11	CIV_assembly	0.7197759376522163	TCGA-AA-3496	Normal	83.0	FEMALE	Stage II	MSI-L	31.0	0.0	COAD
TCGA-QG-A5Z2-01	CIV_assembly	0.6650754992693619	TCGA-QG-A5Z2	Tumor	61.0	MALE	Stage I	MSI-H	952.0	0.0	COAD
TCGA-AA-3489-01	CIV_assembly	0.6490501704822211	TCGA-AA-3489	Tumor	75.0	MALE	Stage II	MSS	214.0	1.0	COAD
TCGA-A6-5662-01	CIV_assembly	0.6854115927910375	TCGA-A6-5662	Tumor	46.0	MALE	Stage IVA	MSS	718.0	0.0	COAD
TCGA-DM-A1D6-01	CIV_assembly	0.7160740379931807	TCGA-DM-A1D6	Tumor	88.0	MALE	Stage IIA	MSS	570.0	1.0	COAD
TCGA-AY-A69D-01	CIV_assembly	0.6730150998538724	TCGA-AY-A69D	Tumor	55.0	FEMALE	Stage IIA	MSI-L	543.0	0.0	COAD
TCGA-D5-6898-01	CIV_assembly	0.6489527520701412	TCGA-D5-6898	Tumor	51.0	FEMALE	Stage I	MSS	229.0	0.0	COAD
TCGA-D5-6530-01	CIV_assembly	0.6662201656113005	TCGA-D5-6530	Tumor	53.0	MALE	Stage I	MSI-H	621.0	0.0	COAD
TCGA-DM-A28A-01	CIV_assembly	0.6830491962981003	TCGA-DM-A28A	Tumor	78.0	MALE	Stage IIIC	MSS	805.0	1.0	COAD
TCGA-D5-6532-01	CIV_assembly	0.6730150998538724	TCGA-D5-6532	Tumor	61.0	MALE	Stage IIA	MSI-L	555.0	0.0	COAD
TCGA-F4-6703-01	CIV_assembly	0.647491475888943	TCGA-F4-6703	Tumor	64.0	MALE	Stage IIA	MSI-H	1456.0	0.0	COAD
TCGA-DM-A1D0-01	CIV_assembly	0.6923526546517291	TCGA-DM-A1D0	Tumor	79.0	FEMALE	Stage IIA	MSS	3974.0	0.0	COAD
TCGA-D5-6929-01	CIV_assembly	0.7386994641987336	TCGA-D5-6929	Tumor	49.0	FEMALE	Stage IV	MSI-L	408.0	0.0	COAD
TCGA-F4-6704-01	CIV_assembly	0.6764734534827083	TCGA-F4-6704	Tumor	60.0	MALE	Stage IIIC	MSS	47.0	0.0	COAD
TCGA-D5-7000-01	CIV_assembly	0.6780321480759863	TCGA-D5-7000	Tumor	79.0	FEMALE	Stage I	MSS	312.0	0.0	COAD
TCGA-AZ-6601-01	CIV_assembly	0.6415976619581101	TCGA-AZ-6601	Tumor	68.0	MALE	Stage II	MSI-H	3042.0	1.0	COAD
TCGA-AZ-4684-01	CIV_assembly	0.7015099853872382	TCGA-AZ-4684	Tumor	49.0	MALE	Stage IVA	MSI-L	1977.0	0.0	COAD
TCGA-G4-6317-02	CIV_assembly	0.7062347783731125	TCGA-G4-6317	Tumor	51.0	FEMALE	Stage IIIC	MSI-L	1095.0	0.0	COAD
TCGA-AA-3697-11	CIV_assembly	0.7432294203604481	TCGA-AA-3697	Normal	77.0	MALE	Stage II	MSI-L	2587.0	0.0	COAD
TCGA-CM-6165-01	CIV_assembly	0.6687530443253775	TCGA-CM-6165	Tumor	74.0	MALE	Stage IIA	MSS	488.0	0.0	COAD
TCGA-AZ-5403-01	CIV_assembly	0.7610326351680468	TCGA-AZ-5403	Tumor	43.0	MALE	Stage II	MSS	1910.0	1.0	COAD
TCGA-AY-A8YK-01	CIV_assembly	0.7183877252800779	TCGA-AY-A8YK	Tumor	44.0	MALE	Stage IVA	MSS	573.0	0.0	COAD
TCGA-AZ-6603-11	CIV_assembly	0.6506088650754993	TCGA-AZ-6603	Normal	77.0	FEMALE		MSS	899.0	1.0	COAD
TCGA-A6-6653-01	CIV_assembly	0.685849975645397	TCGA-A6-6653	Tumor	82.0	MALE	Stage I	MSI-H	742.0	0.0	COAD
TCGA-G4-6586-01	CIV_assembly	0.7753774963468095	TCGA-G4-6586	Tumor	73.0	FEMALE	Stage IIA	MSI-H	1089.0	0.0	COAD
TCGA-AA-A01P-01	CIV_assembly	0.7314661471018022	TCGA-AA-A01P	Tumor	80.0	FEMALE	Stage III	MSI-H	1158.0	1.0	COAD
TCGA-AA-3502-01	CIV_assembly	0.7031173891865563	TCGA-AA-3502	Tumor	73.0	MALE	Stage I	MSI-L	1065.0	0.0	COAD
TCGA-AA-3697-01	CIV_assembly	0.695007306380906	TCGA-AA-3697	Tumor	77.0	MALE	Stage II	MSI-L	2587.0	0.0	COAD
TCGA-AD-6890-01	CIV_assembly	0.7465172917681442	TCGA-AD-6890	Tumor	65.0	MALE		MSS	746.0	0.0	COAD
TCGA-AZ-4315-01	CIV_assembly	0.7902825133950316	TCGA-AZ-4315	Tumor	61.0	MALE	Stage IIA	MSS	1776.0	0.0	COAD
TCGA-A6-5667-01	CIV_assembly	0.6529469069654165	TCGA-A6-5667	Tumor	40.0	FEMALE	Stage IIIB	MSS	887.0	0.0	COAD
TCGA-G4-6293-01	CIV_assembly	0.7140769605455431	TCGA-G4-6293	Tumor	49.0	FEMALE	Stage III	MSI-L	4051.0	0.0	COAD
TCGA-AA-3712-01	CIV_assembly	0.6997320993667803	TCGA-AA-3712	Tumor	65.0	MALE	Stage III	MSS			COAD
TCGA-AZ-4616-01	CIV_assembly	0.7553823672674136	TCGA-AZ-4616	Tumor	82.0	FEMALE	Stage IV	MSI-L	156.0	1.0	COAD
TCGA-AA-A02K-01	CIV_assembly	0.6811495372625426	TCGA-AA-A02K	Tumor	50.0	MALE	Stage IV	MSS	426.0	1.0	COAD
TCGA-G4-6323-01	CIV_assembly	0.661665854846566	TCGA-G4-6323	Tumor	50.0	MALE	Stage IA	MSS	419.0	0.0	COAD
TCGA-F4-6857-01	CIV_assembly	0.6763760350706284	TCGA-F4-6857	Tumor				MSS			COAD
TCGA-DM-A282-01	CIV_assembly	0.7048952752070141	TCGA-DM-A282	Tumor	60.0	FEMALE	Stage IIA	MSS	4233.0	0.0	COAD
TCGA-DM-A1D8-01	CIV_assembly	0.6858986848514369	TCGA-DM-A1D8	Tumor	50.0	FEMALE		MSS	383.0	1.0	COAD
TCGA-NH-A5IV-01	CIV_assembly	0.67501217730151	TCGA-NH-A5IV	Tumor	90.0	FEMALE	Stage IIA	MSI-H			COAD
TCGA-AZ-6601-11	CIV_assembly	0.7045299561617145	TCGA-AZ-6601	Normal	68.0	MALE	Stage II	MSI-H	3042.0	1.0	COAD
TCGA-AD-6901-01	CIV_assembly	0.663297613248904	TCGA-AD-6901	Tumor	78.0	MALE		MSI-L	682.0	1.0	COAD
TCGA-CK-6748-01	CIV_assembly	0.6542864101315149	TCGA-CK-6748	Tumor	45.0	FEMALE	Stage IV	MSS	61.0	0.0	COAD
TCGA-A6-6141-01	CIV_assembly	0.7193862640038967	TCGA-A6-6141	Tumor	31.0	MALE	Stage IIA	MSS	255.0	0.0	COAD
TCGA-3L-AA1B-01	CIV_assembly	0.6537749634680955	TCGA-3L-AA1B	Tumor	61.0	FEMALE	Stage I	MSS	475.0	0.0	COAD
TCGA-AA-3496-01	CIV_assembly	0.6838528981977594	TCGA-AA-3496	Tumor	83.0	FEMALE	Stage II	MSI-L	31.0	0.0	COAD
TCGA-A6-2678-11	CIV_assembly	0.7143448611787628	TCGA-A6-2678	Normal	43.0	FEMALE	Stage IIIB	MSS	1286.0	0.0	COAD
TCGA-CM-6170-01	CIV_assembly	0.6109108621529469	TCGA-CM-6170	Tumor	73.0	FEMALE	Stage I	MSS	457.0	0.0	COAD
TCGA-AU-3779-01	CIV_assembly	0.6813687286897223	TCGA-AU-3779	Tumor	80.0	FEMALE	Stage IIA	MSS	441.0	0.0	COAD
TCGA-G4-6315-01	CIV_assembly	0.6884315635655139	TCGA-G4-6315	Tumor	66.0	MALE	Stage IV	MSS	1883.0	0.0	COAD
TCGA-G4-6310-01	CIV_assembly	0.6732342912810522	TCGA-G4-6310	Tumor	69.0	MALE	Stage IIIB	MSS	1935.0	0.0	COAD
TCGA-5M-AATA-01	CIV_assembly	0.6892839746712128	TCGA-5M-AATA	Tumor				MSS			COAD
TCGA-A6-5659-01	CIV_assembly	0.672528007793473	TCGA-A6-5659	Tumor	82.0	MALE	Stage I		926.0	0.0	COAD
TCGA-D5-6537-01	CIV_assembly	0.7479298587433025	TCGA-D5-6537	Tumor	64.0	MALE	Stage IIIB	MSS	146.0	1.0	COAD
TCGA-AA-3663-01	CIV_assembly	0.7722113979542133	TCGA-AA-3663	Tumor	42.0	MALE	Stage II	MSI-H	212.0	0.0	COAD
TCGA-D5-6529-01	CIV_assembly	0.6891865562591329	TCGA-D5-6529	Tumor	69.0	MALE	Stage IIA	MSI-L	614.0	0.0	COAD
TCGA-AA-3514-11	CIV_assembly	0.7315148563078422	TCGA-AA-3514	Normal	81.0	FEMALE	Stage I	MSS	31.0	0.0	COAD
TCGA-D5-6927-01	CIV_assembly	0.6507062834875792	TCGA-D5-6927	Tumor	34.0	MALE	Stage IIA	MSI-H	287.0	0.0	COAD
TCGA-AA-3520-11	CIV_assembly	0.7327569410618607	TCGA-AA-3520	Normal	86.0	FEMALE	Stage II	MSI-L	731.0	0.0	COAD
TCGA-A6-A565-01	CIV_assembly	0.6554067218704335	TCGA-A6-A565	Tumor	34.0	FEMALE	Stage IIIC	MSI-L	494.0	1.0	COAD
TCGA-A6-2675-01	CIV_assembly	0.6374330248416951	TCGA-A6-2675	Tumor	78.0	MALE	Stage IIA		1321.0	0.0	COAD
TCGA-G4-6306-01	CIV_assembly	0.69995129079396	TCGA-G4-6306	Tumor	71.0	MALE	[Discrepancy]	MSS	1359.0	0.0	COAD
TCGA-G4-6320-01	CIV_assembly	0.6607403799318071	TCGA-G4-6320	Tumor	73.0	MALE	Stage III	MSI-H	804.0	0.0	COAD
TCGA-DM-A28K-01	CIV_assembly	0.6920603994154896	TCGA-DM-A28K	Tumor	75.0	MALE	Stage IIA	MSS	2988.0	0.0	COAD
TCGA-A6-2671-11	CIV_assembly	0.734096444227959	TCGA-A6-2671	Normal	85.0	MALE	Stage IV	MSS	1331.0	1.0	COAD
TCGA-AZ-6600-01	CIV_assembly	0.6499512907939601	TCGA-AZ-6600	Tumor	64.0	MALE	Stage IV	MSS	368.0	1.0	COAD
TCGA-D5-6926-01	CIV_assembly	0.6267169995129079	TCGA-D5-6926	Tumor	65.0	MALE	Stage IIIB	MSS	275.0	0.0	COAD
TCGA-AD-6964-01	CIV_assembly	0.6805406721870434	TCGA-AD-6964	Tumor	58.0	MALE		MSI-H	331.0	1.0	COAD
TCGA-A6-2686-01	CIV_assembly	0.7459084266926449	TCGA-A6-2686	Tumor	81.0	FEMALE	Stage IIA	MSI-H	1126.0	1.0	COAD
TCGA-AZ-6608-01	CIV_assembly	0.7144179249878228	TCGA-AZ-6608	Tumor	55.0	FEMALE	Stage IIIA	MSI-L	59.0	1.0	COAD
TCGA-5M-AATE-01	CIV_assembly	0.6468339016074038	TCGA-5M-AATE	Tumor	76.0	MALE	Stage IIA	MSS	1200.0	0.0	COAD
TCGA-CK-5915-01	CIV_assembly	0.6719434973209937	TCGA-CK-5915	Tumor	63.0	MALE	Stage I	MSS			COAD
TCGA-D5-6922-01	CIV_assembly	0.6285679493424258	TCGA-D5-6922	Tumor	76.0	MALE	Stage IIIA	MSS	308.0	0.0	COAD
TCGA-G4-6321-01	CIV_assembly	0.7147345348270823	TCGA-G4-6321	Tumor	60.0	FEMALE	Stage III	MSI-L	672.0	0.0	COAD
TCGA-A6-A5ZU-01	CIV_assembly	0.6519970774476376	TCGA-A6-A5ZU	Tumor	59.0	MALE	Stage IIIB	MSS	293.0	0.0	COAD
TCGA-F4-6463-01	CIV_assembly	0.6587676570871894	TCGA-F4-6463	Tumor	51.0	MALE	Stage IIA	MSS	1087.0	0.0	COAD
TCGA-AA-3526-01	CIV_assembly	0.7522406234778373	TCGA-AA-3526	Tumor	57.0	MALE	Stage I	MSI-L	580.0	0.0	COAD
TCGA-AA-3527-11	CIV_assembly	0.7422065270336093	TCGA-AA-3527	Normal	90.0	FEMALE	Stage IIA	MSS			COAD
TCGA-F4-6570-01	CIV_assembly	0.6446176327325864	TCGA-F4-6570	Tumor	78.0	FEMALE	Stage IIA	MSI-H	188.0	1.0	COAD
TCGA-SS-A7HO-01	CIV_assembly	0.692450073063809	TCGA-SS-A7HO	Tumor	44.0	FEMALE	Stage IIB	MSS	1829.0	0.0	COAD
TCGA-4T-AA8H-01	CIV_assembly	0.7096200681928885	TCGA-4T-AA8H	Tumor	42.0	FEMALE	Stage IIA	Indeterminate	385.0	0.0	COAD
TCGA-CM-6162-01	CIV_assembly	0.6169508037018997	TCGA-CM-6162	Tumor	48.0	FEMALE	Stage IIIB	MSI-H	365.0	0.0	COAD
TCGA-AA-3489-11	CIV_assembly	0.7970043838285436	TCGA-AA-3489	Normal	75.0	MALE	Stage II	MSS	214.0	1.0	COAD
TCGA-DM-A1D4-01	CIV_assembly	0.6879201169020945	TCGA-DM-A1D4	Tumor	80.0	MALE	Stage IIA	MSI-L	2821.0	1.0	COAD
TCGA-QG-A5YV-01	CIV_assembly	0.6705552849488553	TCGA-QG-A5YV	Tumor	64.0	FEMALE	Stage IIIC	MSS	1301.0	0.0	COAD
TCGA-CA-5796-01	CIV_assembly	0.7193619094008767	TCGA-CA-5796	Tumor	52.0	FEMALE	Stage IIA	MSS	377.0	0.0	COAD
TCGA-G4-6626-01	CIV_assembly	0.7103263516804676	TCGA-G4-6626	Tumor	90.0	MALE	Stage IIA	MSS	1.0	1.0	COAD
TCGA-CA-5256-01	FeS_biogenesis	0.7703360935216756	TCGA-CA-5256	Tumor	54.0	FEMALE	Stage IIA	MSS	379.0	0.0	COAD
TCGA-AZ-6599-01	FeS_biogenesis	0.6174622503653191	TCGA-AZ-6599	Tumor	72.0	MALE	Stage I	MSS	206.0	1.0	COAD
TCGA-AA-3655-01	FeS_biogenesis	0.6605698977106673	TCGA-AA-3655	Tumor	68.0	MALE	Stage II	MSS	1856.0	0.0	COAD
TCGA-A6-6137-01	FeS_biogenesis	0.6146858256210423	TCGA-A6-6137	Tumor	55.0	MALE	Stage IIIB	MSS	824.0	0.0	COAD
TCGA-CK-4952-01	FeS_biogenesis	0.6283000487092061	TCGA-CK-4952	Tumor	48.0	FEMALE	Stage IIIC	MSS	475.0	0.0	COAD
TCGA-A6-5657-01	FeS_biogenesis	0.621675596687774	TCGA-A6-5657	Tumor	65.0	MALE	Stage IIIB	MSS	962.0	0.0	COAD
TCGA-AD-6963-01	FeS_biogenesis	0.6892839746712128	TCGA-AD-6963	Tumor	58.0	MALE		MSS	834.0	0.0	COAD
TCGA-AA-3663-11	FeS_biogenesis	0.6451534339990258	TCGA-AA-3663	Normal	42.0	MALE	Stage II	MSI-H	212.0	0.0	COAD
TCGA-A6-6138-01	FeS_biogenesis	0.6348270823185582	TCGA-A6-6138	Tumor	61.0	MALE	Stage I	MSS	685.0	0.0	COAD
TCGA-A6-A567-01	FeS_biogenesis	0.6547247929858744	TCGA-A6-A567	Tumor	56.0	MALE	Stage IV	MSS	1881.0	1.0	COAD
TCGA-AA-3712-11	FeS_biogenesis	0.6561617145640526	TCGA-AA-3712	Normal	65.0	MALE	Stage III	MSS			COAD
TCGA-D5-6928-01	FeS_biogenesis	0.5804676083779834	TCGA-D5-6928	Tumor	80.0	MALE	Stage IIA	MSI-H	354.0	0.0	COAD
TCGA-AZ-6598-01	FeS_biogenesis	0.6507306380905992	TCGA-AZ-6598	Tumor	77.0	FEMALE	Stage II	MSI-H	1503.0	1.0	COAD
TCGA-D5-6931-01	FeS_biogenesis	0.6278129566488067	TCGA-D5-6931	Tumor	77.0	MALE	Stage IIIC	MSS	365.0	0.0	COAD
TCGA-G4-6295-01	FeS_biogenesis	0.6801022893326839	TCGA-G4-6295	Tumor	70.0	FEMALE	Stage II	MSI-L	254.0	0.0	COAD
TCGA-AA-A01X-01	FeS_biogenesis	0.6583049196298101	TCGA-AA-A01X	Tumor	80.0	FEMALE	Stage III	MSS	791.0	0.0	COAD
TCGA-AZ-4313-01	FeS_biogenesis	0.7393326838772528	TCGA-AZ-4313	Tumor	51.0	FEMALE	Stage I	MSI-H	2310.0	0.0	COAD
TCGA-DM-A0XD-01	FeS_biogenesis	0.6801266439357039	TCGA-DM-A0XD	Tumor	65.0	MALE	Stage IIA	MSI-L	743.0	1.0	COAD
TCGA-D5-6535-01	FeS_biogenesis	0.6038236726741354	TCGA-D5-6535	Tumor	80.0	FEMALE	Stage IIIB	MSS	460.0	0.0	COAD
TCGA-AA-3509-01	FeS_biogenesis	0.6968095470043838	TCGA-AA-3509	Tumor	54.0	FEMALE	Stage II	MSS	1915.0	0.0	COAD
TCGA-DM-A28E-01	FeS_biogenesis	0.6787871407696054	TCGA-DM-A28E	Tumor	72.0	FEMALE	Stage IIA	MSS	3648.0	0.0	COAD
TCGA-A6-5667-11	FeS_biogenesis	0.6465660009741842	TCGA-A6-5667	Normal	40.0	FEMALE	Stage IIIB	MSS	887.0	0.0	COAD
TCGA-G4-6307-01	FeS_biogenesis	0.6952264978080858	TCGA-G4-6307	Tumor	37.0	FEMALE	Stage IIIB	MSS	1674.0	0.0	COAD
TCGA-A6-2682-01	FeS_biogenesis	0.6285923039454457	TCGA-A6-2682	Tumor	70.0	MALE	Stage IV	MSS	424.0	1.0	COAD
TCGA-CM-5868-01	FeS_biogenesis	0.6235509011203118	TCGA-CM-5868	Tumor	59.0	FEMALE	Stage IVA	MSS	518.0	0.0	COAD
TCGA-CK-4947-01	FeS_biogenesis	0.6368972235752557	TCGA-CK-4947	Tumor	46.0	FEMALE	Stage IIIB	MSS	534.0	0.0	COAD
TCGA-D5-5540-01	FeS_biogenesis	0.739137847053093	TCGA-D5-5540	Tumor	73.0	MALE	Stage IIA	MSI-L	1706.0	0.0	COAD
TCGA-A6-4105-01	FeS_biogenesis	0.6655625913297614	TCGA-A6-4105	Tumor	79.0	MALE	Stage IIA	MSS	442.0	1.0	COAD
TCGA-A6-6651-01	FeS_biogenesis	0.6171456405260595	TCGA-A6-6651	Tumor	55.0	FEMALE	Stage IIIB	MSS	662.0	0.0	COAD
TCGA-G4-6625-01	FeS_biogenesis	0.6560642961519727	TCGA-G4-6625	Tumor	77.0	FEMALE	Stage IIA	MSS	2792.0	0.0	COAD
TCGA-CM-5860-01	FeS_biogenesis	0.6403799318071115	TCGA-CM-5860	Tumor	44.0	MALE	Stage IIA	MSS	974.0	0.0	COAD
TCGA-DM-A28G-01	FeS_biogenesis	0.6544812469556747	TCGA-DM-A28G	Tumor	75.0	MALE	Stage IIA	MSS	1849.0	1.0	COAD
TCGA-A6-5666-01	FeS_biogenesis	0.7564539698002922	TCGA-A6-5666	Tumor	78.0	MALE	Stage IIC	MSI-L	995.0	0.0	COAD
TCGA-A6-2675-11	FeS_biogenesis	0.634997564539698	TCGA-A6-2675	Normal	78.0	MALE	Stage IIA		1321.0	0.0	COAD
TCGA-AA-3516-11	FeS_biogenesis	0.6312956648806625	TCGA-AA-3516	Normal	74.0	FEMALE	Stage III	MSI-H	396.0	1.0	COAD
TCGA-AZ-6605-01	FeS_biogenesis	0.6530443253774963	TCGA-AZ-6605	Tumor	77.0	MALE	Stage IIIB	MSS	159.0	1.0	COAD
TCGA-CA-5797-01	FeS_biogenesis	0.6344374086702387	TCGA-CA-5797	Tumor	56.0	MALE	Stage IIA	MSS	383.0	0.0	COAD
TCGA-D5-6930-01	FeS_biogenesis	0.619191427179737	TCGA-D5-6930	Tumor	67.0	MALE	Stage IIA	MSI-H	406.0	0.0	COAD
TCGA-5M-AAT4-01	FeS_biogenesis	0.694982951777886	TCGA-5M-AAT4	Tumor	74.0	MALE	Stage IV	MSS	49.0	1.0	COAD
TCGA-AA-3685-01	FeS_biogenesis	0.7343399902581588	TCGA-AA-3685	Tumor	69.0	MALE	Stage II	MSS	1127.0	0.0	COAD
TCGA-D5-6924-01	FeS_biogenesis	0.6057720409157331	TCGA-D5-6924	Tumor	68.0	MALE	Stage IIA	MSS	435.0	0.0	COAD
TCGA-CA-6718-01	FeS_biogenesis	0.6192888455918168	TCGA-CA-6718	Tumor	46.0	MALE	Stage IIA	MSS	306.0	1.0	COAD
TCGA-AZ-6603-01	FeS_biogenesis	0.6477593765221626	TCGA-AZ-6603	Tumor	77.0	FEMALE		MSS	899.0	1.0	COAD
TCGA-CM-5862-01	FeS_biogenesis	0.7257428153921092	TCGA-CM-5862	Tumor	80.0	MALE	Stage IVA	MSS	153.0	1.0	COAD
TCGA-AZ-6598-11	FeS_biogenesis	0.65840233804189	TCGA-AZ-6598	Normal	77.0	FEMALE	Stage II	MSI-H	1503.0	1.0	COAD
TCGA-AA-A01Z-01	FeS_biogenesis	0.7201412566975158	TCGA-AA-A01Z	Tumor	68.0	MALE	Stage II	MSS	1126.0	0.0	COAD
TCGA-DM-A0X9-01	FeS_biogenesis	0.6739649293716512	TCGA-DM-A0X9	Tumor	71.0	FEMALE	Stage IIA	MSS	3641.0	0.0	COAD
TCGA-A6-A566-01	FeS_biogenesis	0.6159279103750609	TCGA-A6-A566	Tumor	55.0	FEMALE	Stage IIIB	MSI-L	758.0	1.0	COAD
TCGA-A6-5662-11	FeS_biogenesis	0.6459814905017048	TCGA-A6-5662	Normal	46.0	MALE	Stage IVA	MSS	718.0	0.0	COAD
TCGA-D5-6534-01	FeS_biogenesis	0.5762299074525086	TCGA-D5-6534	Tumor	62.0	FEMALE	Stage IIA	MSS	1316.0	0.0	COAD
TCGA-CK-6746-01	FeS_biogenesis	0.6922795908426692	TCGA-CK-6746	Tumor	84.0	FEMALE	Stage IIB	MSI-H			COAD
TCGA-A6-5656-01	FeS_biogenesis	0.6417924987822698	TCGA-A6-5656	Tumor	74.0	MALE	Stage I		1001.0	0.0	COAD
TCGA-5M-AAT6-01	FeS_biogenesis	0.6565270336093522	TCGA-5M-AAT6	Tumor	40.0	FEMALE	Stage IV	MSI-H	290.0	1.0	COAD
TCGA-QG-A5Z1-01	FeS_biogenesis	0.6393083292742329	TCGA-QG-A5Z1	Tumor	71.0	MALE	Stage IIIB	MSI-L	256.0	1.0	COAD
TCGA-AZ-6605-11	FeS_biogenesis	0.6264978080857282	TCGA-AZ-6605	Normal	77.0	MALE	Stage IIIB	MSS	159.0	1.0	COAD
TCGA-CK-4951-01	FeS_biogenesis	0.657549926936191	TCGA-CK-4951	Tumor	79.0	FEMALE	Stage IIA	MSI-H	2134.0	1.0	COAD
TCGA-CM-6680-01	FeS_biogenesis	0.6381149537262543	TCGA-CM-6680	Tumor	78.0	FEMALE	Stage IIIB	MSS	366.0	0.0	COAD
TCGA-CK-5913-01	FeS_biogenesis	0.685849975645397	TCGA-CK-5913	Tumor	58.0	FEMALE	Stage IIA	MSI-H	1561.0	0.0	COAD
TCGA-CM-6172-01	FeS_biogenesis	0.6261081344374086	TCGA-CM-6172	Tumor	70.0	FEMALE	Stage IIIB	MSS	335.0	0.0	COAD
TCGA-G4-6309-01	FeS_biogenesis	0.6978080857282026	TCGA-G4-6309	Tumor	40.0	FEMALE	Stage IIIB	MSI-H	2600.0	0.0	COAD
TCGA-F4-6461-01	FeS_biogenesis	0.6119581100828057	TCGA-F4-6461	Tumor	41.0	FEMALE	Stage IIIC	MSS	338.0	1.0	COAD
TCGA-G4-6299-01	FeS_biogenesis	0.5855820750121773	TCGA-G4-6299	Tumor	69.0	MALE	Stage IIIC	MSS	2268.0	0.0	COAD
TCGA-CM-6168-01	FeS_biogenesis	0.6586458840720896	TCGA-CM-6168	Tumor	84.0	FEMALE	Stage IIA	MSI-L	395.0	0.0	COAD
TCGA-AD-A5EK-01	FeS_biogenesis	0.6925474914758889	TCGA-AD-A5EK	Tumor	51.0	MALE	Stage I	MSS	500.0	0.0	COAD
TCGA-AM-5820-01	FeS_biogenesis	0.702508524111057	TCGA-AM-5820	Tumor	59.0	FEMALE	Stage IVA	MSS	14.0	0.0	COAD
TCGA-A6-2682-11	FeS_biogenesis	0.6447150511446663	TCGA-A6-2682	Normal	70.0	MALE	Stage IV	MSS	424.0	1.0	COAD
TCGA-A6-6648-01	FeS_biogenesis	0.6252070141256697	TCGA-A6-6648	Tumor	56.0	MALE	Stage IVA	MSS	766.0	0.0	COAD
TCGA-CA-6717-01	FeS_biogenesis	0.5989283974671212	TCGA-CA-6717	Tumor	57.0	MALE	Stage IIA	MSS	388.0	0.0	COAD
TCGA-AU-6004-01	FeS_biogenesis	0.6565270336093522	TCGA-AU-6004	Tumor	69.0	FEMALE	Stage I	MSI-H	824.0	0.0	COAD
TCGA-A6-2684-01	FeS_biogenesis	0.6289819775937652	TCGA-A6-2684	Tumor	75.0	FEMALE	Stage I		1127.0	0.0	COAD
TCGA-AZ-6599-11	FeS_biogenesis	0.646712128592304	TCGA-AZ-6599	Normal	72.0	MALE	Stage I	MSS	206.0	1.0	COAD
TCGA-DM-A1HB-01	FeS_biogenesis	0.6748173404773502	TCGA-DM-A1HB	Tumor	75.0	MALE	Stage IIIB	MSI-H	4126.0	0.0	COAD
TCGA-A6-2685-01	FeS_biogenesis	0.637457379444715	TCGA-A6-2685	Tumor	48.0	FEMALE	Stage IIA	MSS	1133.0	0.0	COAD
TCGA-F4-6704-11	FeS_biogenesis	0.6298343886994642	TCGA-F4-6704	Normal	60.0	MALE	Stage IIIC	MSS	47.0	0.0	COAD
TCGA-F4-6856-01	FeS_biogenesis	0.6365075499269361	TCGA-F4-6856	Tumor	45.0	MALE	Stage I	MSI-H	1074.0	0.0	COAD
TCGA-AA-3492-01	FeS_biogenesis	0.6967364831953239	TCGA-AA-3492	Tumor	90.0	FEMALE	Stage II	MSI-H	1.0	1.0	COAD
TCGA-G4-6294-01	FeS_biogenesis	0.6702143205065757	TCGA-G4-6294	Tumor	75.0	MALE	Stage IV	MSS	858.0	1.0	COAD
TCGA-WS-AB45-01	FeS_biogenesis	0.5940574768631272	TCGA-WS-AB45	Tumor	52.0	FEMALE	Stage IIA	MSI-H	2130.0	0.0	COAD
TCGA-CK-5916-01	FeS_biogenesis	0.6576473453482709	TCGA-CK-5916	Tumor	71.0	FEMALE	Stage I	MSI-H	643.0	1.0	COAD
TCGA-NH-A50V-01	FeS_biogenesis	0.590867023867511	TCGA-NH-A50V	Tumor	69.0	MALE	Stage IIIB	MSI-L	588.0	0.0	COAD
TCGA-NH-A6GA-01	FeS_biogenesis	0.6330004870920604	TCGA-NH-A6GA	Tumor	58.0	MALE	Stage IIIC	MSS	302.0	1.0	COAD
TCGA-F4-6460-01	FeS_biogenesis	0.6201169020944959	TCGA-F4-6460	Tumor	51.0	FEMALE	Stage IIIB	MSS	972.0	1.0	COAD
TCGA-F4-6806-01	FeS_biogenesis	0.6792498782269849	TCGA-F4-6806	Tumor	59.0	FEMALE	Stage I	MSS	1260.0	0.0	COAD
TCGA-G4-6304-01	FeS_biogenesis	0.7125669751583049	TCGA-G4-6304	Tumor	66.0	FEMALE	Stage IIB	MSI-H	1631.0	0.0	COAD
TCGA-QG-A5YW-01	FeS_biogenesis	0.7020944958597175	TCGA-QG-A5YW	Tumor	55.0	FEMALE	Stage IIIC	MSI-L	896.0	0.0	COAD
TCGA-AD-6965-01	FeS_biogenesis	0.6213833414515343	TCGA-AD-6965	Tumor	62.0	MALE	Stage IIIC	MSS	805.0	0.0	COAD
TCGA-D5-6920-01	FeS_biogenesis	0.6301022893326839	TCGA-D5-6920	Tumor	77.0	FEMALE	Stage IIA	MSS	377.0	0.0	COAD
TCGA-DM-A280-01	FeS_biogenesis	0.687530443253775	TCGA-DM-A280	Tumor	70.0	FEMALE	Stage IIA	MSS	236.0	1.0	COAD
TCGA-G4-6297-01	FeS_biogenesis	0.5972479298587433	TCGA-G4-6297	Tumor	55.0	FEMALE	Stage IV	MSS	2506.0	0.0	COAD
TCGA-G4-6302-01	FeS_biogenesis	0.6178275694106186	TCGA-G4-6302	Tumor	90.0	FEMALE	Stage IIA	MSI-H			COAD
TCGA-QL-A97D-01	FeS_biogenesis	0.6235265465172918	TCGA-QL-A97D	Tumor	84.0	FEMALE	Stage I	MSS	666.0	0.0	COAD
TCGA-CA-6716-01	FeS_biogenesis	0.6136872868972236	TCGA-CA-6716	Tumor	65.0	MALE	Stage IIA	MSS	371.0	0.0	COAD
TCGA-AA-3518-11	FeS_biogenesis	0.6243789576229908	TCGA-AA-3518	Normal	81.0	FEMALE	Stage IIA	MSI-H	31.0	0.0	COAD
TCGA-AA-3531-11	FeS_biogenesis	0.6554067218704335	TCGA-AA-3531	Normal	75.0	FEMALE	Stage IIA	MSI-L	1035.0	0.0	COAD
TCGA-CA-6715-01	FeS_biogenesis	0.6453482708231856	TCGA-CA-6715	Tumor	63.0	MALE	Stage IIIB	MSS	383.0	0.0	COAD
TCGA-CM-4743-01	FeS_biogenesis	0.7578178275694106	TCGA-CM-4743	Tumor	69.0	MALE	Stage IIA	MSI-H	701.0	0.0	COAD
TCGA-A6-6654-01	FeS_biogenesis	0.5967851924013639	TCGA-A6-6654	Tumor	65.0	FEMALE	Stage IIIB	MSS	726.0	0.0	COAD
TCGA-5M-AAT5-01	FeS_biogenesis	0.6739162201656113	TCGA-5M-AAT5	Tumor				MSI-L			COAD
TCGA-G4-6627-01	FeS_biogenesis	0.6610569897710667	TCGA-G4-6627	Tumor	84.0	MALE	Stage IIA	MSI-L	2175.0	0.0	COAD
TCGA-A6-5664-01	FeS_biogenesis	0.6269605455431077	TCGA-A6-5664	Tumor	80.0	MALE	Stage IIIC	MSS	672.0	0.0	COAD
TCGA-CM-6167-01	FeS_biogenesis	0.634145153433999	TCGA-CM-6167	Tumor	57.0	FEMALE	Stage IIIC	MSS	456.0	0.0	COAD
TCGA-AA-3534-11	FeS_biogenesis	0.6536775450560156	TCGA-AA-3534	Normal	78.0	FEMALE	Stage IIA	MSS	882.0	0.0	COAD
TCGA-AD-6548-01	FeS_biogenesis	0.6369215781782757	TCGA-AD-6548	Tumor	81.0	FEMALE	Stage I	MSI-L	650.0	0.0	COAD
TCGA-F4-6805-01	FeS_biogenesis	0.6112031173891865	TCGA-F4-6805	Tumor	58.0	FEMALE	Stage IIA	MSS	1047.0	0.0	COAD
TCGA-A6-6780-01	FeS_biogenesis	0.6968339016074038	TCGA-A6-6780	Tumor	74.0	MALE	Stage IIA		612.0	0.0	COAD
TCGA-DM-A1HA-01	FeS_biogenesis	0.6531904529956162	TCGA-DM-A1HA	Tumor	82.0	MALE	Stage IIIC	MSS	2600.0	0.0	COAD
TCGA-CM-6676-01	FeS_biogenesis	0.6472479298587434	TCGA-CM-6676	Tumor	82.0	MALE	Stage I	MSI-L	337.0	0.0	COAD
TCGA-A6-6650-01	FeS_biogenesis	0.6197759376522163	TCGA-A6-6650	Tumor	69.0	FEMALE	Stage IIA		627.0	0.0	COAD
TCGA-AA-3713-11	FeS_biogenesis	0.692498782269849	TCGA-AA-3713	Normal	68.0	MALE	Stage IV	MSI-H	579.0	0.0	COAD
TCGA-NH-A6GB-01	FeS_biogenesis	0.6344861178762786	TCGA-NH-A6GB	Tumor	71.0	FEMALE	Stage IIIC	MSS	476.0	0.0	COAD
TCGA-A6-6652-01	FeS_biogenesis	0.6029225523623964	TCGA-A6-6652	Tumor	59.0	MALE	Stage IVA	MSS	751.0	0.0	COAD
TCGA-CM-6164-01	FeS_biogenesis	0.6720896249391135	TCGA-CM-6164	Tumor	46.0	FEMALE	Stage IIA	MSS	883.0	0.0	COAD
TCGA-D5-6536-01	FeS_biogenesis	0.6068436434486117	TCGA-D5-6536	Tumor	73.0	MALE	Stage IIA	MSS	543.0	0.0	COAD
TCGA-G4-6588-01	FeS_biogenesis	0.6658061373599611	TCGA-G4-6588	Tumor	58.0	FEMALE	Stage IIA	MSI-H	796.0	0.0	COAD
TCGA-4N-A93T-01	FeS_biogenesis	0.6670969313200195	TCGA-4N-A93T	Tumor	67.0	MALE	Stage IIIB	MSS	146.0	0.0	COAD
TCGA-A6-2684-11	FeS_biogenesis	0.6709449585971748	TCGA-A6-2684	Normal	75.0	FEMALE	Stage I		1127.0	0.0	COAD
TCGA-F4-6459-01	FeS_biogenesis	0.5688261081344375	TCGA-F4-6459	Tumor	61.0	FEMALE	Stage IIIB	MSS	262.0	1.0	COAD
TCGA-T9-A92H-01	FeS_biogenesis	0.7264490988796882	TCGA-T9-A92H	Tumor	82.0	MALE	Stage IIA	MSS	362.0	0.0	COAD
TCGA-D5-5538-01	FeS_biogenesis	0.6188504627374574	TCGA-D5-5538	Tumor	60.0	FEMALE	Stage IIIB	MSS	1661.0	1.0	COAD
TCGA-CK-4948-01	FeS_biogenesis	0.6539941548952752	TCGA-CK-4948	Tumor	45.0	FEMALE	Stage III	MSI-L	4502.0	0.0	COAD
TCGA-AA-3506-01	FeS_biogenesis	0.6614953726254262	TCGA-AA-3506	Tumor	77.0	MALE	Stage I	MSS	1765.0	0.0	COAD
TCGA-CM-6166-01	FeS_biogenesis	0.6932050657574281	TCGA-CM-6166	Tumor	48.0	FEMALE	Stage I	MSS	669.0	0.0	COAD
TCGA-CK-5914-01	FeS_biogenesis	0.682464685825621	TCGA-CK-5914	Tumor	81.0	MALE	Stage IIIB	MSS	669.0	0.0	COAD
TCGA-AY-6196-01	FeS_biogenesis	0.5802727715538236	TCGA-AY-6196	Tumor	47.0	MALE	Stage IIIC	MSI-L	6.0	0.0	COAD
TCGA-F4-6809-01	FeS_biogenesis	0.6006332196785192	TCGA-F4-6809	Tumor	52.0	FEMALE	Stage IVA	MSS	403.0	1.0	COAD
TCGA-CM-6171-01	FeS_biogenesis	0.6311251826595227	TCGA-CM-6171	Tumor	77.0	FEMALE	Stage I	MSI-H	427.0	0.0	COAD
TCGA-CM-5863-01	FeS_biogenesis	0.6331222601071602	TCGA-CM-5863	Tumor	60.0	FEMALE	Stage IIIB	MSS	457.0	0.0	COAD
TCGA-D5-6539-01	FeS_biogenesis	0.5998538723818801	TCGA-D5-6539	Tumor	45.0	FEMALE	[Discrepancy]	MSS	380.0	0.0	COAD
TCGA-A6-5665-11	FeS_biogenesis	0.634145153433999	TCGA-A6-5665	Normal	84.0	FEMALE	Stage IIA	MSI-H	671.0	0.0	COAD
TCGA-NH-A8F7-01	FeS_biogenesis	0.6230394544568923	TCGA-NH-A8F7	Tumor	53.0	FEMALE	Stage IIA	Indeterminate	543.0	0.0	COAD
TCGA-D5-5541-01	FeS_biogenesis	0.6684120798830979	TCGA-D5-5541	Tumor	63.0	MALE	Stage IIIB	MSS	1701.0	0.0	COAD
TCGA-F4-6808-01	FeS_biogenesis	0.6877496346809547	TCGA-F4-6808	Tumor	54.0	FEMALE	Stage I	MSS	1024.0	0.0	COAD
TCGA-A6-2680-11	FeS_biogenesis	0.6534583536288359	TCGA-A6-2680	Normal	72.0	FEMALE	Stage II	MSS	1068.0	0.0	COAD
TCGA-AA-3511-11	FeS_biogenesis	0.6124452021432051	TCGA-AA-3511	Normal	64.0	MALE	Stage II	MSS	212.0	0.0	COAD
TCGA-DM-A285-01	FeS_biogenesis	0.6061373599610327	TCGA-DM-A285	Tumor	71.0	FEMALE	Stage IV	MSS	179.0	1.0	COAD
TCGA-AA-3522-11	FeS_biogenesis	0.6400146127618119	TCGA-AA-3522	Normal	67.0	MALE	Stage IIA	MSS	1127.0	0.0	COAD
TCGA-G4-6314-01	FeS_biogenesis	0.6304676083779834	TCGA-G4-6314	Tumor	76.0	FEMALE	Stage IV	MSS	1093.0	0.0	COAD
TCGA-A6-6781-01	FeS_biogenesis	0.6229176814417925	TCGA-A6-6781	Tumor	43.0	MALE	Stage IIIC		598.0	0.0	COAD
TCGA-F4-6807-01	FeS_biogenesis	0.6401363857769118	TCGA-F4-6807	Tumor	51.0	FEMALE	Stage IIIC	MSS	1309.0	0.0	COAD
TCGA-AY-A54L-01	FeS_biogenesis	0.6572333170969313	TCGA-AY-A54L	Tumor	74.0	FEMALE	Stage I	MSI-L	525.0	0.0	COAD
TCGA-A6-5661-01	FeS_biogenesis	0.6684120798830979	TCGA-A6-5661	Tumor	80.0	FEMALE	Stage IIA	MSI-H	1020.0	0.0	COAD
TCGA-DM-A288-01	FeS_biogenesis	0.6947881149537263	TCGA-DM-A288	Tumor	68.0	MALE	Stage IIIC	MSS	427.0	1.0	COAD
TCGA-QG-A5YX-01	FeS_biogenesis	0.7379444715051144	TCGA-QG-A5YX	Tumor	61.0	FEMALE	Stage IIA	MSI-L	1003.0	0.0	COAD
TCGA-A6-2679-11	FeS_biogenesis	0.6181198246468582	TCGA-A6-2679	Normal	73.0	FEMALE	Stage IIB	MSS	1366.0	0.0	COAD
TCGA-AD-A5EJ-01	FeS_biogenesis	0.6705796395518753	TCGA-AD-A5EJ	Tumor	74.0	FEMALE	Stage IIA	MSI-H			COAD
TCGA-G4-6628-01	FeS_biogenesis	0.68336580613736	TCGA-G4-6628	Tumor	78.0	MALE	Stage I	MSI-H	2424.0	0.0	COAD
TCGA-D5-6531-01	FeS_biogenesis	0.6464442279590843	TCGA-D5-6531	Tumor	75.0	MALE	Stage IIA	MSS	540.0	0.0	COAD
TCGA-DM-A28M-01	FeS_biogenesis	0.7396736483195324	TCGA-DM-A28M	Tumor	63.0	MALE	Stage IIA	MSS	2895.0	0.0	COAD
TCGA-CK-6751-01	FeS_biogenesis	0.6779834388699464	TCGA-CK-6751	Tumor	88.0	FEMALE	Stage I	MSS	518.0	0.0	COAD
TCGA-F4-6854-01	FeS_biogenesis	0.6601802240623478	TCGA-F4-6854	Tumor	77.0	FEMALE	Stage IIA	MSS	16.0	0.0	COAD
TCGA-A6-2683-11	FeS_biogenesis	0.6260594252313687	TCGA-A6-2683	Normal	57.0	FEMALE	Stage IV	MSI-L	504.0	1.0	COAD
TCGA-A6-6142-01	FeS_biogenesis	0.6213346322454943	TCGA-A6-6142	Tumor	56.0	FEMALE	Stage IVA	MSS	763.0	0.0	COAD
TCGA-NH-A8F8-01	FeS_biogenesis	0.6131758402338042	TCGA-NH-A8F8	Tumor	79.0	MALE	Stage IV	MSS	511.0	1.0	COAD
TCGA-AM-5821-01	FeS_biogenesis	0.6625426205552849	TCGA-AM-5821	Tumor	68.0	FEMALE	Stage IIA	MSI-H	28.0	0.0	COAD
TCGA-D5-5537-01	FeS_biogenesis	0.6403555772040915	TCGA-D5-5537	Tumor	83.0	MALE	Stage IIA	MSS	1381.0	1.0	COAD
TCGA-CM-6677-01	FeS_biogenesis	0.6865319045299562	TCGA-CM-6677	Tumor	75.0	FEMALE	Stage IIA	MSS	337.0	0.0	COAD
TCGA-AD-6888-01	FeS_biogenesis	0.6657087189478812	TCGA-AD-6888	Tumor	73.0	MALE	Stage IIIB	MSS	472.0	1.0	COAD
TCGA-AZ-4615-01	FeS_biogenesis	0.7005358012664393	TCGA-AZ-4615	Tumor	84.0	MALE	Stage IIIB	MSI-H	1002.0	0.0	COAD
TCGA-AA-3662-01	FeS_biogenesis	0.679980516317584	TCGA-AA-3662	Tumor	80.0	FEMALE	Stage IV	MSS	184.0	0.0	COAD
TCGA-DM-A28C-01	FeS_biogenesis	0.6406721870433512	TCGA-DM-A28C	Tumor	74.0	MALE	Stage IIA	MSS	2475.0	1.0	COAD
TCGA-DM-A1DA-01	FeS_biogenesis	0.7257184607890892	TCGA-DM-A1DA	Tumor	71.0	FEMALE	Stage IIIC	MSI-L	228.0	1.0	COAD
TCGA-F4-6569-01	FeS_biogenesis	0.6148563078421821	TCGA-F4-6569	Tumor	60.0	MALE	Stage I	MSS	1087.0	0.0	COAD
TCGA-AA-3660-11	FeS_biogenesis	0.6586215294690696	TCGA-AA-3660	Normal	51.0	FEMALE	Stage II	MSS	2375.0	0.0	COAD
TCGA-CM-6674-01	FeS_biogenesis	0.664125669751583	TCGA-CM-6674	Tumor	39.0	MALE	Stage IIA	MSI-H	394.0	0.0	COAD
TCGA-CK-4950-01	FeS_biogenesis	0.6563809059912323	TCGA-CK-4950	Tumor	68.0	FEMALE	Stage IIIB	MSS	2599.0	0.0	COAD
TCGA-DM-A1D9-01	FeS_biogenesis	0.6802484169508037	TCGA-DM-A1D9	Tumor	67.0	FEMALE	Stage IIA	MSS	4270.0	0.0	COAD
TCGA-CA-6719-01	FeS_biogenesis	0.6325621042377009	TCGA-CA-6719	Tumor	77.0	MALE	Stage IIA	MSI-L	435.0	0.0	COAD
TCGA-CM-6675-01	FeS_biogenesis	0.6119581100828057	TCGA-CM-6675	Tumor	35.0	MALE	Stage IVB	MSS	397.0	0.0	COAD
TCGA-D5-6533-01	FeS_biogenesis	0.6554310764734534	TCGA-D5-6533	Tumor	68.0	FEMALE	[Discrepancy]	MSS	775.0	0.0	COAD
TCGA-A6-6782-01	FeS_biogenesis	0.6506575742815393	TCGA-A6-6782	Tumor	82.0	MALE	Stage IIB	MSS	617.0	0.0	COAD
TCGA-D5-5539-01	FeS_biogenesis	0.6356307842182173	TCGA-D5-5539	Tumor	60.0	MALE	Stage IIIA	MSS	596.0	0.0	COAD
TCGA-CK-5912-01	FeS_biogenesis	0.6245981490501705	TCGA-CK-5912	Tumor	81.0	MALE	Stage I	MSS	1493.0	1.0	COAD
TCGA-CM-4751-01	FeS_biogenesis	0.6446176327325864	TCGA-CM-4751	Tumor	62.0	MALE	Stage IIIB	MSS	822.0	0.0	COAD
TCGA-AZ-4614-01	FeS_biogenesis	0.659985387238188	TCGA-AZ-4614	Tumor	71.0	FEMALE	Stage IVA	MSI-L	172.0	1.0	COAD
TCGA-A6-6140-01	FeS_biogenesis	0.6593034583536288	TCGA-A6-6140	Tumor	62.0	MALE	Stage IIA	MSS	734.0	0.0	COAD
TCGA-NH-A6GC-01	FeS_biogenesis	0.6302727715538237	TCGA-NH-A6GC	Tumor	66.0	FEMALE	Stage IVB	MSS	389.0	0.0	COAD
TCGA-AA-3495-01	FeS_biogenesis	0.6618363370677058	TCGA-AA-3495	Tumor	79.0	MALE	Stage I	MSS	1127.0	0.0	COAD
TCGA-CM-4744-01	FeS_biogenesis	0.7061130053580127	TCGA-CM-4744	Tumor	69.0	MALE	Stage I	MSS	609.0	0.0	COAD
TCGA-AD-6895-01	FeS_biogenesis	0.6352898197759377	TCGA-AD-6895	Tumor	84.0	MALE	Stage IIIB	MSI-H	763.0	0.0	COAD
TCGA-AD-6889-01	FeS_biogenesis	0.6740379931807111	TCGA-AD-6889	Tumor	76.0	MALE	Stage IIA	MSI-H	2532.0	1.0	COAD
TCGA-AD-5900-01	FeS_biogenesis	0.7019483682415977	TCGA-AD-5900	Tumor	67.0	MALE	Stage I	MSI-H	370.0	0.0	COAD
TCGA-D5-6540-01	FeS_biogenesis	0.6198002922552363	TCGA-D5-6540	Tumor	66.0	MALE	Stage I	MSI-H	491.0	0.0	COAD
TCGA-AZ-5407-01	FeS_biogenesis	0.6840964442279591	TCGA-AZ-5407	Tumor	51.0	FEMALE	Stage I	MSS	2683.0	0.0	COAD
TCGA-A6-2685-11	FeS_biogenesis	0.6634193862640039	TCGA-A6-2685	Normal	48.0	FEMALE	Stage IIA	MSS	1133.0	0.0	COAD
TCGA-G4-6311-01	FeS_biogenesis	0.6131027764247443	TCGA-G4-6311	Tumor	80.0	MALE	Stage III	MSS	1199.0	0.0	COAD
TCGA-D5-6923-01	FeS_biogenesis	0.6398441305406722	TCGA-D5-6923	Tumor	57.0	MALE	Stage I	MSS	378.0	0.0	COAD
TCGA-DM-A1D7-01	FeS_biogenesis	0.6640038967364832	TCGA-DM-A1D7	Tumor	82.0	MALE	Stage IIA	MSS	405.0	1.0	COAD
TCGA-A6-5659-11	FeS_biogenesis	0.6663906478324403	TCGA-A6-5659	Normal	82.0	MALE	Stage I		926.0	0.0	COAD
TCGA-AY-A71X-01	FeS_biogenesis	0.6487579152459815	TCGA-AY-A71X	Tumor	54.0	FEMALE	Stage I	MSS	588.0	0.0	COAD
TCGA-AZ-6600-11	FeS_biogenesis	0.6419629810034096	TCGA-AZ-6600	Normal	64.0	MALE	Stage IV	MSS	368.0	1.0	COAD
TCGA-AA-3655-11	FeS_biogenesis	0.6921821724305893	TCGA-AA-3655	Normal	68.0	MALE	Stage II	MSS	1856.0	0.0	COAD
TCGA-CA-5254-01	FeS_biogenesis	0.6343643448611788	TCGA-CA-5254	Tumor	42.0	FEMALE	Stage IIA	MSI-L	386.0	0.0	COAD
TCGA-CM-5349-01	FeS_biogenesis	0.6698977106673161	TCGA-CM-5349	Tumor	68.0	FEMALE	Stage IIA	MSS	915.0	0.0	COAD
TCGA-A6-2686-11	FeS_biogenesis	0.6381636629322942	TCGA-A6-2686	Normal	81.0	FEMALE	Stage IIA	MSI-H	1126.0	1.0	COAD
TCGA-AZ-4682-01	FeS_biogenesis	0.7386507549926936	TCGA-AZ-4682	Tumor	61.0	MALE	Stage IVA	MSS	680.0	1.0	COAD
TCGA-CM-5344-01	FeS_biogenesis	0.6630540672187043	TCGA-CM-5344	Tumor	39.0	FEMALE	Stage IIIB	MSS	670.0	0.0	COAD
TCGA-NH-A50T-01	FeS_biogenesis	0.6970043838285436	TCGA-NH-A50T	Tumor	68.0	FEMALE	Stage IIA	MSS	553.0	0.0	COAD
TCGA-AY-6386-01	FeS_biogenesis	0.6254262055528494	TCGA-AY-6386	Tumor	66.0	FEMALE	Stage IIIB	MSS	542.0	0.0	COAD
TCGA-CA-5255-01	FeS_biogenesis	0.6577691183633707	TCGA-CA-5255	Tumor	45.0	MALE	Stage IIA	MSS	376.0	0.0	COAD
TCGA-AA-3662-11	FeS_biogenesis	0.6500974184120799	TCGA-AA-3662	Normal	80.0	FEMALE	Stage IV	MSS	184.0	0.0	COAD
TCGA-DM-A1DB-01	FeS_biogenesis	0.6989771066731613	TCGA-DM-A1DB	Tumor	68.0	MALE	Stage IIA	MSS	1348.0	1.0	COAD
TCGA-DM-A28F-01	FeS_biogenesis	0.6404529956161714	TCGA-DM-A28F	Tumor	73.0	MALE	Stage IIIB	MSS	1094.0	1.0	COAD
TCGA-AA-A02Y-01	FeS_biogenesis	0.6690209449585972	TCGA-AA-A02Y	Tumor	73.0	MALE	Stage I	MSS	1216.0	0.0	COAD
TCGA-D5-6932-01	FeS_biogenesis	0.664978080857282	TCGA-D5-6932	Tumor	69.0	MALE	Stage IIA	MSS	346.0	0.0	COAD
TCGA-AD-6899-01	FeS_biogenesis	0.6046030199707745	TCGA-AD-6899	Tumor	84.0	MALE	Stage IIIC	MSS	176.0	1.0	COAD
TCGA-AY-6197-01	FeS_biogenesis	0.6331222601071602	TCGA-AY-6197	Tumor	60.0	MALE	Stage IIA	MSI-H	652.0	0.0	COAD
TCGA-AA-3660-01	FeS_biogenesis	0.649196298100341	TCGA-AA-3660	Tumor	51.0	FEMALE	Stage II	MSS	2375.0	0.0	COAD
TCGA-A6-5660-01	FeS_biogenesis	0.6731855820750122	TCGA-A6-5660	Tumor	73.0	MALE	Stage IIIC	MSS	888.0	0.0	COAD
TCGA-D5-6541-01	FeS_biogenesis	0.6772040915733074	TCGA-D5-6541	Tumor	49.0	MALE	Stage IIA	MSS	474.0	0.0	COAD
TCGA-CM-4747-01	FeS_biogenesis	0.639162201656113	TCGA-CM-4747	Tumor	47.0	MALE	Stage IVA	MSI-L	761.0	0.0	COAD
TCGA-AA-3511-01	FeS_biogenesis	0.6437408670238675	TCGA-AA-3511	Tumor	64.0	MALE	Stage II	MSS	212.0	0.0	COAD
TCGA-DM-A28H-01	FeS_biogenesis	0.6927423283000487	TCGA-DM-A28H	Tumor	50.0	MALE	Stage IIIC	MSI-L	3561.0	0.0	COAD
TCGA-G4-6303-01	FeS_biogenesis	0.6135655138821238	TCGA-G4-6303	Tumor	54.0	FEMALE	Stage IV	MSI-L	2003.0	1.0	COAD
TCGA-CM-5861-01	FeS_biogenesis	0.6688504627374574	TCGA-CM-5861	Tumor	63.0	FEMALE	Stage IIA	MSI-H	457.0	0.0	COAD
TCGA-AA-3525-11	FeS_biogenesis	0.669191427179737	TCGA-AA-3525	Normal	90.0	MALE	Stage IIIB	MSI-H	1.0	0.0	COAD
TCGA-CM-6161-01	FeS_biogenesis	0.6629079396005845	TCGA-CM-6161	Tumor	36.0	FEMALE	Stage I	MSI-L	457.0	0.0	COAD
TCGA-NH-A50U-01	FeS_biogenesis	0.7001948368241597	TCGA-NH-A50U	Tumor	42.0	MALE	Stage IVA	MSS	334.0	1.0	COAD
TCGA-AZ-6607-01	FeS_biogenesis	0.5979055041402825	TCGA-AZ-6607	Tumor	69.0	MALE	Stage IV	MSS	97.0	1.0	COAD
TCGA-G4-6298-01	FeS_biogenesis	0.6576473453482709	TCGA-G4-6298	Tumor	90.0	MALE	Stage IIIB	MSI-L			COAD
TCGA-D5-6538-01	FeS_biogenesis	0.6586458840720896	TCGA-D5-6538	Tumor	79.0	FEMALE	Stage IIIB	MSI-L	521.0	0.0	COAD
TCGA-CM-6679-01	FeS_biogenesis	0.6510716025328788	TCGA-CM-6679	Tumor	58.0	MALE	Stage IIA	MSS	306.0	0.0	COAD
TCGA-AZ-4323-01	FeS_biogenesis	0.5486361422308816	TCGA-AZ-4323	Tumor	37.0	MALE	Stage IV	MSI-L	43.0	1.0	COAD
TCGA-G4-6322-01	FeS_biogenesis	0.6478080857282026	TCGA-G4-6322	Tumor	65.0	MALE	Stage IIIB	MSI-L	792.0	0.0	COAD
TCGA-CM-5864-01	FeS_biogenesis	0.7201899659035558	TCGA-CM-5864	Tumor	60.0	MALE	Stage I	MSS	457.0	0.0	COAD
TCGA-CK-6747-01	FeS_biogenesis	0.6214320506575742	TCGA-CK-6747	Tumor	87.0	FEMALE	Stage IIA	MSI-H	820.0	0.0	COAD
TCGA-CM-6163-01	FeS_biogenesis	0.6697515830491964	TCGA-CM-6163	Tumor	74.0	MALE	Stage I	MSS	427.0	0.0	COAD
TCGA-AA-3713-01	FeS_biogenesis	0.6419142717973697	TCGA-AA-3713	Tumor	68.0	MALE	Stage IV	MSI-H	579.0	0.0	COAD
TCGA-A6-A56B-01	FeS_biogenesis	0.6538236726741354	TCGA-A6-A56B	Tumor	57.0	MALE	Stage IIIB	MSS	1711.0	1.0	COAD
TCGA-CM-5348-01	FeS_biogenesis	0.5742084754018509	TCGA-CM-5348	Tumor	72.0	MALE	Stage IIIB	MSS	699.0	0.0	COAD
TCGA-AY-5543-01	FeS_biogenesis	0.719970774476376	TCGA-AY-5543	Tumor	65.0	FEMALE	Stage IVA	MSS	1004.0	0.0	COAD
TCGA-CM-6169-01	FeS_biogenesis	0.625767169995129	TCGA-CM-6169	Tumor	67.0	MALE	Stage IIA	MSS	396.0	0.0	COAD
TCGA-AZ-6606-01	FeS_biogenesis	0.6334875791524598	TCGA-AZ-6606	Tumor	81.0	MALE	Stage IV	MSS	357.0	1.0	COAD
TCGA-RU-A8FL-01	FeS_biogenesis	0.696614710180224	TCGA-RU-A8FL	Tumor	51.0	MALE	Stage IIIB	MSS	1177.0	0.0	COAD
TCGA-CM-6678-01	FeS_biogenesis	0.6853141743789576	TCGA-CM-6678	Tumor	63.0	FEMALE	Stage IVA	MSS	335.0	0.0	COAD
TCGA-A6-6649-01	FeS_biogenesis	0.5819288845591817	TCGA-A6-6649	Tumor	66.0	MALE	Stage IIIB	MSS	735.0	0.0	COAD
TCGA-AA-3517-11	FeS_biogenesis	0.6389673648319533	TCGA-AA-3517	Normal	60.0	MALE	Stage IIA	MSI-L	1186.0	0.0	COAD
TCGA-AA-3675-01	FeS_biogenesis	0.6885776911836337	TCGA-AA-3675	Tumor	84.0	MALE	Stage II	MSS	1431.0	0.0	COAD
TCGA-A6-5665-01	FeS_biogenesis	0.7072333170969313	TCGA-A6-5665	Tumor	84.0	FEMALE	Stage IIA	MSI-H	671.0	0.0	COAD
TCGA-DM-A0XF-01	FeS_biogenesis	0.614953726254262	TCGA-DM-A0XF	Tumor	68.0	FEMALE	Stage IIIC	MSI-L	1162.0	1.0	COAD
TCGA-F4-6855-01	FeS_biogenesis	0.6502922552362397	TCGA-F4-6855	Tumor	70.0	FEMALE	Stage IIA	MSI-L	1442.0	0.0	COAD
TCGA-AA-3496-11	FeS_biogenesis	0.6523867510959571	TCGA-AA-3496	Normal	83.0	FEMALE	Stage II	MSI-L	31.0	0.0	COAD
TCGA-QG-A5Z2-01	FeS_biogenesis	0.6368485143692157	TCGA-QG-A5Z2	Tumor	61.0	MALE	Stage I	MSI-H	952.0	0.0	COAD
TCGA-AA-3489-01	FeS_biogenesis	0.5850949829517779	TCGA-AA-3489	Tumor	75.0	MALE	Stage II	MSS	214.0	1.0	COAD
TCGA-A6-5662-01	FeS_biogenesis	0.642474427666829	TCGA-A6-5662	Tumor	46.0	MALE	Stage IVA	MSS	718.0	0.0	COAD
TCGA-DM-A1D6-01	FeS_biogenesis	0.6518996590355577	TCGA-DM-A1D6	Tumor	88.0	MALE	Stage IIA	MSS	570.0	1.0	COAD
TCGA-AY-A69D-01	FeS_biogenesis	0.6360448124695568	TCGA-AY-A69D	Tumor	55.0	FEMALE	Stage IIA	MSI-L	543.0	0.0	COAD
TCGA-D5-6898-01	FeS_biogenesis	0.590891378470531	TCGA-D5-6898	Tumor	51.0	FEMALE	Stage I	MSS	229.0	0.0	COAD
TCGA-D5-6530-01	FeS_biogenesis	0.6603994154895275	TCGA-D5-6530	Tumor	53.0	MALE	Stage I	MSI-H	621.0	0.0	COAD
TCGA-DM-A28A-01	FeS_biogenesis	0.6557233317096931	TCGA-DM-A28A	Tumor	78.0	MALE	Stage IIIC	MSS	805.0	1.0	COAD
TCGA-D5-6532-01	FeS_biogenesis	0.6540672187043352	TCGA-D5-6532	Tumor	61.0	MALE	Stage IIA	MSI-L	555.0	0.0	COAD
TCGA-F4-6703-01	FeS_biogenesis	0.5836824159766196	TCGA-F4-6703	Tumor	64.0	MALE	Stage IIA	MSI-H	1456.0	0.0	COAD
TCGA-DM-A1D0-01	FeS_biogenesis	0.642547491475889	TCGA-DM-A1D0	Tumor	79.0	FEMALE	Stage IIA	MSS	3974.0	0.0	COAD
TCGA-D5-6929-01	FeS_biogenesis	0.6879688261081345	TCGA-D5-6929	Tumor	49.0	FEMALE	Stage IV	MSI-L	408.0	0.0	COAD
TCGA-F4-6704-01	FeS_biogenesis	0.6045786653677545	TCGA-F4-6704	Tumor	60.0	MALE	Stage IIIC	MSS	47.0	0.0	COAD
TCGA-D5-7000-01	FeS_biogenesis	0.6574037993180711	TCGA-D5-7000	Tumor	79.0	FEMALE	Stage I	MSS	312.0	0.0	COAD
TCGA-AZ-6601-01	FeS_biogenesis	0.6345591816853385	TCGA-AZ-6601	Tumor	68.0	MALE	Stage II	MSI-H	3042.0	1.0	COAD
TCGA-AZ-4684-01	FeS_biogenesis	0.6830491962981003	TCGA-AZ-4684	Tumor	49.0	MALE	Stage IVA	MSI-L	1977.0	0.0	COAD
TCGA-G4-6317-02	FeS_biogenesis	0.6618606916707258	TCGA-G4-6317	Tumor	51.0	FEMALE	Stage IIIC	MSI-L	1095.0	0.0	COAD
TCGA-AA-3697-11	FeS_biogenesis	0.6555772040915733	TCGA-AA-3697	Normal	77.0	MALE	Stage II	MSI-L	2587.0	0.0	COAD
TCGA-CM-6165-01	FeS_biogenesis	0.6747929858743302	TCGA-CM-6165	Tumor	74.0	MALE	Stage IIA	MSS	488.0	0.0	COAD
TCGA-AZ-5403-01	FeS_biogenesis	0.6717973697028738	TCGA-AZ-5403	Tumor	43.0	MALE	Stage II	MSS	1910.0	1.0	COAD
TCGA-AY-A8YK-01	FeS_biogenesis	0.6190696541646371	TCGA-AY-A8YK	Tumor	44.0	MALE	Stage IVA	MSS	573.0	0.0	COAD
TCGA-AZ-6603-11	FeS_biogenesis	0.5978324403312226	TCGA-AZ-6603	Normal	77.0	FEMALE		MSS	899.0	1.0	COAD
TCGA-A6-6653-01	FeS_biogenesis	0.6556989771066731	TCGA-A6-6653	Tumor	82.0	MALE	Stage I	MSI-H	742.0	0.0	COAD
TCGA-G4-6586-01	FeS_biogenesis	0.6788845591816853	TCGA-G4-6586	Tumor	73.0	FEMALE	Stage IIA	MSI-H	1089.0	0.0	COAD
TCGA-AA-A01P-01	FeS_biogenesis	0.6221139795421334	TCGA-AA-A01P	Tumor	80.0	FEMALE	Stage III	MSI-H	1158.0	1.0	COAD
TCGA-AA-3502-01	FeS_biogenesis	0.6411105698977106	TCGA-AA-3502	Tumor	73.0	MALE	Stage I	MSI-L	1065.0	0.0	COAD
TCGA-AA-3697-01	FeS_biogenesis	0.6627618119824646	TCGA-AA-3697	Tumor	77.0	MALE	Stage II	MSI-L	2587.0	0.0	COAD
TCGA-AD-6890-01	FeS_biogenesis	0.6442523136872869	TCGA-AD-6890	Tumor	65.0	MALE		MSS	746.0	0.0	COAD
TCGA-AZ-4315-01	FeS_biogenesis	0.7544081831466147	TCGA-AZ-4315	Tumor	61.0	MALE	Stage IIA	MSS	1776.0	0.0	COAD
TCGA-A6-5667-01	FeS_biogenesis	0.6435947394057477	TCGA-A6-5667	Tumor	40.0	FEMALE	Stage IIIB	MSS	887.0	0.0	COAD
TCGA-G4-6293-01	FeS_biogenesis	0.6661714564052605	TCGA-G4-6293	Tumor	49.0	FEMALE	Stage III	MSI-L	4051.0	0.0	COAD
TCGA-AA-3712-01	FeS_biogenesis	0.6395275207014126	TCGA-AA-3712	Tumor	65.0	MALE	Stage III	MSS			COAD
TCGA-AZ-4616-01	FeS_biogenesis	0.7198977106673161	TCGA-AZ-4616	Tumor	82.0	FEMALE	Stage IV	MSI-L	156.0	1.0	COAD
TCGA-AA-A02K-01	FeS_biogenesis	0.6798100340964442	TCGA-AA-A02K	Tumor	50.0	MALE	Stage IV	MSS	426.0	1.0	COAD
TCGA-G4-6323-01	FeS_biogenesis	0.6431320019483683	TCGA-G4-6323	Tumor	50.0	MALE	Stage IA	MSS	419.0	0.0	COAD
TCGA-F4-6857-01	FeS_biogenesis	0.613395031660984	TCGA-F4-6857	Tumor				MSS			COAD
TCGA-DM-A282-01	FeS_biogenesis	0.7047247929858743	TCGA-DM-A282	Tumor	60.0	FEMALE	Stage IIA	MSS	4233.0	0.0	COAD
TCGA-DM-A1D8-01	FeS_biogenesis	0.6654895275207015	TCGA-DM-A1D8	Tumor	50.0	FEMALE		MSS	383.0	1.0	COAD
TCGA-NH-A5IV-01	FeS_biogenesis	0.657525572333171	TCGA-NH-A5IV	Tumor	90.0	FEMALE	Stage IIA	MSI-H			COAD
TCGA-AZ-6601-11	FeS_biogenesis	0.6173648319532392	TCGA-AZ-6601	Normal	68.0	MALE	Stage II	MSI-H	3042.0	1.0	COAD
TCGA-AD-6901-01	FeS_biogenesis	0.6410131514856308	TCGA-AD-6901	Tumor	78.0	MALE		MSI-L	682.0	1.0	COAD
TCGA-CK-6748-01	FeS_biogenesis	0.6376522162688748	TCGA-CK-6748	Tumor	45.0	FEMALE	Stage IV	MSS	61.0	0.0	COAD
TCGA-A6-6141-01	FeS_biogenesis	0.5857282026302971	TCGA-A6-6141	Tumor	31.0	MALE	Stage IIA	MSS	255.0	0.0	COAD
TCGA-3L-AA1B-01	FeS_biogenesis	0.6132976132489041	TCGA-3L-AA1B	Tumor	61.0	FEMALE	Stage I	MSS	475.0	0.0	COAD
TCGA-AA-3496-01	FeS_biogenesis	0.6347053093034584	TCGA-AA-3496	Tumor	83.0	FEMALE	Stage II	MSI-L	31.0	0.0	COAD
TCGA-A6-2678-11	FeS_biogenesis	0.635898684851437	TCGA-A6-2678	Normal	43.0	FEMALE	Stage IIIB	MSS	1286.0	0.0	COAD
TCGA-CM-6170-01	FeS_biogenesis	0.6587433024841695	TCGA-CM-6170	Tumor	73.0	FEMALE	Stage I	MSS	457.0	0.0	COAD
TCGA-AU-3779-01	FeS_biogenesis	0.6421578178275694	TCGA-AU-3779	Tumor	80.0	FEMALE	Stage IIA	MSS	441.0	0.0	COAD
TCGA-G4-6315-01	FeS_biogenesis	0.6673161227471992	TCGA-G4-6315	Tumor	66.0	MALE	Stage IV	MSS	1883.0	0.0	COAD
TCGA-G4-6310-01	FeS_biogenesis	0.6916220165611301	TCGA-G4-6310	Tumor	69.0	MALE	Stage IIIB	MSS	1935.0	0.0	COAD
TCGA-5M-AATA-01	FeS_biogenesis	0.634193862640039	TCGA-5M-AATA	Tumor				MSS			COAD
TCGA-A6-5659-01	FeS_biogenesis	0.6626400389673648	TCGA-A6-5659	Tumor	82.0	MALE	Stage I		926.0	0.0	COAD
TCGA-D5-6537-01	FeS_biogenesis	0.7084266926449099	TCGA-D5-6537	Tumor	64.0	MALE	Stage IIIB	MSS	146.0	1.0	COAD
TCGA-AA-3663-01	FeS_biogenesis	0.7421091086215295	TCGA-AA-3663	Tumor	42.0	MALE	Stage II	MSI-H	212.0	0.0	COAD
TCGA-D5-6529-01	FeS_biogenesis	0.6613492450073064	TCGA-D5-6529	Tumor	69.0	MALE	Stage IIA	MSI-L	614.0	0.0	COAD
TCGA-AA-3514-11	FeS_biogenesis	0.6564539698002922	TCGA-AA-3514	Normal	81.0	FEMALE	Stage I	MSS	31.0	0.0	COAD
TCGA-D5-6927-01	FeS_biogenesis	0.6701899659035557	TCGA-D5-6927	Tumor	34.0	MALE	Stage IIA	MSI-H	287.0	0.0	COAD
TCGA-AA-3520-11	FeS_biogenesis	0.6252313687286897	TCGA-AA-3520	Normal	86.0	FEMALE	Stage II	MSI-L	731.0	0.0	COAD
TCGA-A6-A565-01	FeS_biogenesis	0.60837798343887	TCGA-A6-A565	Tumor	34.0	FEMALE	Stage IIIC	MSI-L	494.0	1.0	COAD
TCGA-A6-2675-01	FeS_biogenesis	0.6475401850949829	TCGA-A6-2675	Tumor	78.0	MALE	Stage IIA		1321.0	0.0	COAD
TCGA-G4-6306-01	FeS_biogenesis	0.6787627861665855	TCGA-G4-6306	Tumor	71.0	MALE	[Discrepancy]	MSS	1359.0	0.0	COAD
TCGA-G4-6320-01	FeS_biogenesis	0.6557476863127131	TCGA-G4-6320	Tumor	73.0	MALE	Stage III	MSI-H	804.0	0.0	COAD
TCGA-DM-A28K-01	FeS_biogenesis	0.6794447150511447	TCGA-DM-A28K	Tumor	75.0	MALE	Stage IIA	MSS	2988.0	0.0	COAD
TCGA-A6-2671-11	FeS_biogenesis	0.6411349245007306	TCGA-A6-2671	Normal	85.0	MALE	Stage IV	MSS	1331.0	1.0	COAD
TCGA-AZ-6600-01	FeS_biogenesis	0.6450560155869459	TCGA-AZ-6600	Tumor	64.0	MALE	Stage IV	MSS	368.0	1.0	COAD
TCGA-D5-6926-01	FeS_biogenesis	0.6118119824646858	TCGA-D5-6926	Tumor	65.0	MALE	Stage IIIB	MSS	275.0	0.0	COAD
TCGA-AD-6964-01	FeS_biogenesis	0.6447881149537262	TCGA-AD-6964	Tumor	58.0	MALE		MSI-H	331.0	1.0	COAD
TCGA-A6-2686-01	FeS_biogenesis	0.7233804188991719	TCGA-A6-2686	Tumor	81.0	FEMALE	Stage IIA	MSI-H	1126.0	1.0	COAD
TCGA-AZ-6608-01	FeS_biogenesis	0.635046273745738	TCGA-AZ-6608	Tumor	55.0	FEMALE	Stage IIIA	MSI-L	59.0	1.0	COAD
TCGA-5M-AATE-01	FeS_biogenesis	0.6356307842182173	TCGA-5M-AATE	Tumor	76.0	MALE	Stage IIA	MSS	1200.0	0.0	COAD
TCGA-CK-5915-01	FeS_biogenesis	0.6438382854359473	TCGA-CK-5915	Tumor	63.0	MALE	Stage I	MSS			COAD
TCGA-D5-6922-01	FeS_biogenesis	0.6084023380418899	TCGA-D5-6922	Tumor	76.0	MALE	Stage IIIA	MSS	308.0	0.0	COAD
TCGA-G4-6321-01	FeS_biogenesis	0.6667072576716999	TCGA-G4-6321	Tumor	60.0	FEMALE	Stage III	MSI-L	672.0	0.0	COAD
TCGA-A6-A5ZU-01	FeS_biogenesis	0.6018996590355578	TCGA-A6-A5ZU	Tumor	59.0	MALE	Stage IIIB	MSS	293.0	0.0	COAD
TCGA-F4-6463-01	FeS_biogenesis	0.642474427666829	TCGA-F4-6463	Tumor	51.0	MALE	Stage IIA	MSS	1087.0	0.0	COAD
TCGA-AA-3526-01	FeS_biogenesis	0.6990258158792012	TCGA-AA-3526	Tumor	57.0	MALE	Stage I	MSI-L	580.0	0.0	COAD
TCGA-AA-3527-11	FeS_biogenesis	0.6555528494885533	TCGA-AA-3527	Normal	90.0	FEMALE	Stage IIA	MSS			COAD
TCGA-F4-6570-01	FeS_biogenesis	0.645031660983926	TCGA-F4-6570	Tumor	78.0	FEMALE	Stage IIA	MSI-H	188.0	1.0	COAD
TCGA-SS-A7HO-01	FeS_biogenesis	0.6718704335119338	TCGA-SS-A7HO	Tumor	44.0	FEMALE	Stage IIB	MSS	1829.0	0.0	COAD
TCGA-4T-AA8H-01	FeS_biogenesis	0.6604724792985874	TCGA-4T-AA8H	Tumor	42.0	FEMALE	Stage IIA	Indeterminate	385.0	0.0	COAD
TCGA-CM-6162-01	FeS_biogenesis	0.607452508524111	TCGA-CM-6162	Tumor	48.0	FEMALE	Stage IIIB	MSI-H	365.0	0.0	COAD
TCGA-AA-3489-11	FeS_biogenesis	0.6812226010716025	TCGA-AA-3489	Normal	75.0	MALE	Stage II	MSS	214.0	1.0	COAD
TCGA-DM-A1D4-01	FeS_biogenesis	0.6784218217243059	TCGA-DM-A1D4	Tumor	80.0	MALE	Stage IIA	MSI-L	2821.0	1.0	COAD
TCGA-QG-A5YV-01	FeS_biogenesis	0.6694836824159767	TCGA-QG-A5YV	Tumor	64.0	FEMALE	Stage IIIC	MSS	1301.0	0.0	COAD
TCGA-CA-5796-01	FeS_biogenesis	0.6349488553336581	TCGA-CA-5796	Tumor	52.0	FEMALE	Stage IIA	MSS	377.0	0.0	COAD
TCGA-G4-6626-01	FeS_biogenesis	0.6747199220652703	TCGA-G4-6626	Tumor	90.0	MALE	Stage IIA	MSS	1.0	1.0	COAD
TCGA-DC-6156-01	CI_structural	0.7220165611300535	TCGA-DC-6156	Tumor	62.0	MALE	Stage IVA	MSS	943.0	0.0	READ
TCGA-DC-6160-01	CI_structural	0.8319532391622017	TCGA-DC-6160	Tumor	68.0	MALE	Stage I	MSS	1339.0	0.0	READ
TCGA-EI-6512-01	CI_structural	0.8427666829030687	TCGA-EI-6512	Tumor	64.0	FEMALE	Stage IIIB	MSS	538.0	0.0	READ
TCGA-DC-5869-01	CI_structural	0.8864831953239162	TCGA-DC-5869	Tumor	62.0	FEMALE	Stage IIIB	MSS	943.0	0.0	READ
TCGA-EI-6507-01	CI_structural	0.799171943497321	TCGA-EI-6507	Tumor	60.0	MALE	Stage IIA	MSI-H	607.0	0.0	READ
TCGA-AF-3911-01	CI_structural	0.8491962981003409	TCGA-AF-3911	Tumor	48.0	MALE	Stage IIIC	MSI-L	1148.0	0.0	READ
TCGA-EI-7004-01	CI_structural	0.7937895762299074	TCGA-EI-7004	Tumor	37.0	FEMALE	[Discrepancy]	MSS	257.0	0.0	READ
TCGA-G5-6572-01	CI_structural	0.8209693132001948	TCGA-G5-6572	Tumor	56.0	MALE		MSS	1432.0	1.0	READ
TCGA-EF-5830-01	CI_structural	0.8674378957622991	TCGA-EF-5830	Tumor	54.0	MALE	Stage IIB	MSS	106.0	0.0	READ
TCGA-F5-6812-01	CI_structural	0.8328543594739406	TCGA-F5-6812	Tumor	67.0	MALE	Stage IIA	MSS	1110.0	0.0	READ
TCGA-CI-6624-01	CI_structural	0.8382123721383341	TCGA-CI-6624	Tumor	53.0	FEMALE	Stage I	MSS	1466.0	0.0	READ
TCGA-AG-3902-01	CI_structural	0.8567218704335119	TCGA-AG-3902	Tumor	61.0	MALE	Stage IIA	MSS	974.0	0.0	READ
TCGA-EF-5831-01	CI_structural	0.8311251826595226	TCGA-EF-5831	Tumor	72.0	MALE	Stage IIA	MSS	127.0	0.0	READ
TCGA-AG-3731-01	CI_structural	0.7889673648319533	TCGA-AG-3731	Tumor	65.0	MALE	Stage IV	MSI-L	1126.0	0.0	READ
TCGA-AF-A56L-01	CI_structural	0.857525572333171	TCGA-AF-A56L	Tumor	48.0	FEMALE	Stage IIIC	MSS	2007.0	0.0	READ
TCGA-DT-5265-01	CI_structural	0.8492693619094008	TCGA-DT-5265	Tumor	51.0	MALE	Stage II	MSS	384.0	0.0	READ
TCGA-F5-6465-01	CI_structural	0.79171943497321	TCGA-F5-6465	Tumor	64.0	FEMALE	Stage IIA	MSS	1506.0	0.0	READ
TCGA-AH-6547-01	CI_structural	0.8341938626400389	TCGA-AH-6547	Tumor	79.0	FEMALE		MSS	76.0	1.0	READ
TCGA-F5-6811-01	CI_structural	0.8319775937652216	TCGA-F5-6811	Tumor	72.0	FEMALE	Stage IIA	MSI-L	979.0	0.0	READ
TCGA-F5-6571-01	CI_structural	0.7660009741841208	TCGA-F5-6571	Tumor	62.0	FEMALE	Stage IIA	MSI-L	1288.0	0.0	READ
TCGA-AH-6903-01	CI_structural	0.8415733073550901	TCGA-AH-6903	Tumor	46.0	MALE	Stage IIIB	MSS	592.0	0.0	READ
TCGA-DC-6682-01	CI_structural	0.8426205552849488	TCGA-DC-6682	Tumor	57.0	MALE	Stage IIA	MSS	762.0	0.0	READ
TCGA-AF-6672-01	CI_structural	0.8280321480759864	TCGA-AF-6672	Tumor	43.0	MALE	Stage IV	MSS	748.0	0.0	READ
TCGA-EI-7002-01	CI_structural	0.8357038480272772	TCGA-EI-7002	Tumor	58.0	MALE	Stage IV	MSI-L	364.0	0.0	READ
TCGA-BM-6198-01	CI_structural	0.8580370189965904	TCGA-BM-6198	Tumor	73.0	MALE	Stage IIIB	MSS	646.0	0.0	READ
TCGA-F5-6864-01	CI_structural	0.8288114953726254	TCGA-F5-6864	Tumor	74.0	FEMALE	Stage IIIB	MSI-L	379.0	0.0	READ
TCGA-EI-6881-01	CI_structural	0.8330735509011203	TCGA-EI-6881	Tumor	60.0	MALE	Stage IIIA	MSS	499.0	0.0	READ
TCGA-DC-5337-01	CI_structural	0.9317584023380419	TCGA-DC-5337	Tumor	69.0	MALE	Stage I	MSS	792.0	0.0	READ
TCGA-G5-6235-01	CI_structural	0.8455431076473453	TCGA-G5-6235	Tumor	72.0	MALE	Stage IIIB	MSS	1696.0	0.0	READ
TCGA-DC-6681-01	CI_structural	0.8431076473453483	TCGA-DC-6681	Tumor	70.0	FEMALE	Stage IVA	MSS	790.0	0.0	READ
TCGA-EI-6511-01	CI_structural	0.8415489527520701	TCGA-EI-6511	Tumor	52.0	MALE	Stage IIIB	MSS	482.0	0.0	READ
TCGA-F5-6464-01	CI_structural	0.7900633219678519	TCGA-F5-6464	Tumor	77.0	FEMALE	Stage IIIC	MSS	303.0	1.0	READ
TCGA-EI-6509-01	CI_structural	0.8121773015099853	TCGA-EI-6509	Tumor	53.0	MALE	Stage IIIC	MSS	517.0	0.0	READ
TCGA-AH-6897-01	CI_structural	0.8640282513395031	TCGA-AH-6897	Tumor	48.0	MALE	Stage I	MSI-L	804.0	0.0	READ
TCGA-EI-6508-01	CI_structural	0.8135411592791038	TCGA-EI-6508	Tumor	48.0	FEMALE	Stage IIIB	MSS	636.0	0.0	READ
TCGA-AH-6544-01	CI_structural	0.9065757428153921	TCGA-AH-6544	Tumor	60.0	MALE		MSS	1173.0	0.0	READ
TCGA-DY-A1H8-01	CI_structural	0.9284461763273258	TCGA-DY-A1H8	Tumor	77.0	FEMALE	Stage IIIA	MSS	992.0	1.0	READ
TCGA-AF-2693-01	CI_structural	0.8572820263029712	TCGA-AF-2693	Tumor	75.0	MALE	Stage I	MSS	1155.0	0.0	READ
TCGA-AF-5654-11	CI_structural	0.8764734534827082	TCGA-AF-5654	Normal	73.0	FEMALE	Stage I		512.0	1.0	READ
TCGA-CI-6622-01	CI_structural	0.8576473453482708	TCGA-CI-6622	Tumor	74.0	MALE	Stage IIB	MSS	1362.0	0.0	READ
TCGA-EI-6882-01	CI_structural	0.7433024841695081	TCGA-EI-6882	Tumor	59.0	MALE	Stage IIA	MSI-H	262.0	0.0	READ
TCGA-AH-6643-11	CI_structural	0.8665367754505602	TCGA-AH-6643	Normal	50.0	MALE	Stage IIIC	MSS	1314.0	1.0	READ
TCGA-DY-A1DC-01	CI_structural	0.8811495372625426	TCGA-DY-A1DC	Tumor	72.0	FEMALE	Stage IIA	MSS	1258.0	1.0	READ
TCGA-EI-6884-01	CI_structural	0.8114223088163663	TCGA-EI-6884	Tumor	71.0	MALE	Stage IIIA	MSS	328.0	0.0	READ
TCGA-AF-5654-01	CI_structural	0.8805650267900633	TCGA-AF-5654	Tumor	73.0	FEMALE	Stage I		512.0	1.0	READ
TCGA-AG-3725-11	CI_structural	0.9518996590355577	TCGA-AG-3725	Normal	90.0	FEMALE	Stage III	MSS			READ
TCGA-AG-4021-01	CI_structural	0.813297613248904	TCGA-AG-4021	Tumor	84.0	FEMALE	Stage IV	MSS	121.0	1.0	READ
TCGA-CL-5917-01	CI_structural	0.7977106673161227	TCGA-CL-5917	Tumor	71.0	FEMALE	Stage IIIC	MSS	2376.0	0.0	READ
TCGA-AF-6136-01	CI_structural	0.847491475888943	TCGA-AF-6136	Tumor	72.0	FEMALE	Stage IIIB	MSS	741.0	0.0	READ
TCGA-AG-3742-01	CI_structural	0.8280808572820263	TCGA-AG-3742	Tumor	85.0	FEMALE	Stage I	MSS	30.0	0.0	READ
TCGA-DC-6155-01	CI_structural	0.9382854359473941	TCGA-DC-6155	Tumor	31.0	FEMALE	Stage IIIA	MSS	425.0	0.0	READ
TCGA-F5-6814-01	CI_structural	0.8901120311738918	TCGA-F5-6814	Tumor	57.0	MALE	Stage IIA	MSS	1131.0	0.0	READ
TCGA-F5-6702-01	CI_structural	0.7905017048222114	TCGA-F5-6702	Tumor	71.0	MALE	Stage IVA	MSS	869.0	1.0	READ
TCGA-CI-6623-01	CI_structural	0.8656600097418412	TCGA-CI-6623	Tumor	44.0	MALE	Stage I	MSS	1443.0	0.0	READ
TCGA-AF-A56N-01	CI_structural	0.8383584997564539	TCGA-AF-A56N	Tumor	47.0	FEMALE	Stage IIA	MSS	360.0	0.0	READ
TCGA-G5-6641-01	CI_structural	0.884120798830979	TCGA-G5-6641	Tumor	67.0	MALE	Stage IIIA	MSS	804.0	0.0	READ
TCGA-AF-2690-01	CI_structural	0.8307355090112031	TCGA-AF-2690	Tumor	76.0	FEMALE	Stage IIIC	MSS	524.0	1.0	READ
TCGA-F5-6861-01	CI_structural	0.8543107647345348	TCGA-F5-6861	Tumor	60.0	FEMALE	Stage IIA	MSS	1160.0	0.0	READ
TCGA-AH-6549-01	CI_structural	0.8182172430589382	TCGA-AH-6549	Tumor	66.0	MALE		MSI-L	532.0	0.0	READ
TCGA-EI-6510-01	CI_structural	0.8428641013151486	TCGA-EI-6510	Tumor	77.0	FEMALE	[Discrepancy]	MSI-L	556.0	0.0	READ
TCGA-AF-6655-01	CI_structural	0.8436190940087677	TCGA-AF-6655	Tumor	66.0	MALE	Stage IIIA	MSS	609.0	0.0	READ
TCGA-AH-6644-01	CI_structural	0.794982951777886	TCGA-AH-6644	Tumor	73.0	MALE		MSI-L	838.0	0.0	READ
TCGA-DY-A1DG-01	CI_structural	0.8851680467608378	TCGA-DY-A1DG	Tumor	75.0	MALE	Stage IVA	MSS	1566.0	1.0	READ
TCGA-DC-6158-01	CI_structural	0.7762786166585485	TCGA-DC-6158	Tumor	70.0	MALE	Stage I	MSS	334.0	1.0	READ
TCGA-CL-4957-01	CI_structural	0.88334145153434	TCGA-CL-4957	Tumor	79.0	FEMALE	[Discrepancy]	MSS	425.0	1.0	READ
TCGA-CL-5918-01	CI_structural	0.8869215781782757	TCGA-CL-5918	Tumor	90.0	FEMALE	Stage IIA	MSS			READ
TCGA-CI-6621-01	CI_structural	0.8311738918655626	TCGA-CI-6621	Tumor	63.0	MALE	Stage IIIB	MSS	419.0	0.0	READ
TCGA-AG-3742-11	CI_structural	0.915026790063322	TCGA-AG-3742	Normal	85.0	FEMALE	Stage I	MSS	30.0	0.0	READ
TCGA-DC-4749-01	CI_structural	0.91660983925962	TCGA-DC-4749	Tumor	57.0	MALE	Stage I	MSS	762.0	0.0	READ
TCGA-DC-6683-01	CI_structural	0.8263029712615685	TCGA-DC-6683	Tumor	43.0	MALE	Stage IIIB	MSS	762.0	0.0	READ
TCGA-DC-4745-01	CI_structural	0.9115440818314662	TCGA-DC-4745	Tumor	49.0	FEMALE	Stage IIIB	MSS	639.0	0.0	READ
TCGA-CI-6619-01	CI_structural	0.8460545543107647	TCGA-CI-6619	Tumor	41.0	MALE	Stage IV	MSS	184.0	0.0	READ
TCGA-DY-A1DE-01	CI_structural	0.8688748173404773	TCGA-DY-A1DE	Tumor	56.0	FEMALE	Stage IIA	MSS	3932.0	0.0	READ
TCGA-EI-6885-01	CI_structural	0.7464198733560643	TCGA-EI-6885	Tumor	57.0	FEMALE	Stage IV	MSS	415.0	0.0	READ
TCGA-G5-6233-01	CI_structural	0.854115927910375	TCGA-G5-6233	Tumor	74.0	MALE	[Discrepancy]	MSI-L	556.0	1.0	READ
TCGA-AG-3732-11	CI_structural	0.8324403312226011	TCGA-AG-3732	Normal	78.0	FEMALE	Stage I	MSS	1003.0	0.0	READ
TCGA-AG-3731-11	CI_structural	0.8945932781295665	TCGA-AG-3731	Normal	65.0	MALE	Stage IV	MSI-L	1126.0	0.0	READ
TCGA-DC-6157-01	CI_structural	0.7776424744276669	TCGA-DC-6157	Tumor	48.0	MALE	Stage I	MSS	1581.0	0.0	READ
TCGA-DY-A1DF-01	CI_structural	0.864125669751583	TCGA-DY-A1DF	Tumor	73.0	FEMALE	Stage IIIC	MSI-L	734.0	1.0	READ
TCGA-F5-6813-01	CI_structural	0.8683877252800779	TCGA-F5-6813	Tumor	70.0	MALE	Stage IIIC	MSS	598.0	1.0	READ
TCGA-AF-4110-01	CI_structural	0.8674622503653191	TCGA-AF-4110	Tumor	77.0	MALE	Stage IVA	MSS	912.0	0.0	READ
TCGA-EI-6514-01	CI_structural	0.8436678032148076	TCGA-EI-6514	Tumor	59.0	FEMALE	Stage IIA	MSS	496.0	0.0	READ
TCGA-EI-6513-01	CI_structural	0.8188991719434974	TCGA-EI-6513	Tumor	59.0	MALE	Stage IIIB	MSS	497.0	0.0	READ
TCGA-AF-2689-11	CI_structural	0.8851436921578179	TCGA-AF-2689	Normal	41.0	FEMALE	Stage IV	MSS	1201.0	1.0	READ
TCGA-AF-2687-01	CI_structural	0.8042133463224549	TCGA-AF-2687	Tumor	57.0	MALE	Stage IIIC	MSS	1427.0	0.0	READ
TCGA-DY-A1DD-01	CI_structural	0.8572820263029712	TCGA-DY-A1DD	Tumor	77.0	FEMALE	Stage IIIB	MSI-L	1741.0	1.0	READ
TCGA-F5-6863-01	CI_structural	0.871602532878714	TCGA-F5-6863	Tumor	71.0	FEMALE	Stage IIIB	MSI-L	361.0	1.0	READ
TCGA-F5-6810-01	CI_structural	0.8469313200194837	TCGA-F5-6810	Tumor				MSS			READ
TCGA-AG-3591-01	CI_structural	0.8806137359961033	TCGA-AG-3591	Tumor	66.0	FEMALE	Stage IIA	MSS	1035.0	0.0	READ
TCGA-EI-6917-01	CI_structural	0.8240136385776912	TCGA-EI-6917	Tumor	33.0	MALE	Stage IIIA	MSS	531.0	0.0	READ
TCGA-AF-2691-11	CI_structural	0.8648319532391622	TCGA-AF-2691	Normal	48.0	FEMALE	Stage I	MSS	1309.0	0.0	READ
TCGA-EI-6883-01	CI_structural	0.8774476376035071	TCGA-EI-6883	Tumor	63.0	MALE	Stage IIC	MSS	350.0	0.0	READ
TCGA-AG-4022-01	CI_structural	0.8204091573307355	TCGA-AG-4022	Tumor	59.0	FEMALE	Stage II	MSS	1400.0	0.0	READ
TCGA-AG-3732-01	CI_structural	0.7619824646858256	TCGA-AG-3732	Tumor	78.0	FEMALE	Stage I	MSS	1003.0	0.0	READ
TCGA-CI-6620-01	CI_structural	0.8405747686312713	TCGA-CI-6620	Tumor	41.0	FEMALE	Stage IVA	MSS	1009.0	0.0	READ
TCGA-AG-3725-01	CI_structural	0.8478080857282027	TCGA-AG-3725	Tumor	90.0	FEMALE	Stage III	MSS			READ
TCGA-AH-6643-01	CI_structural	0.8304432537749634	TCGA-AH-6643	Tumor	50.0	MALE	Stage IIIC	MSS	1314.0	1.0	READ
TCGA-DY-A0XA-01	CI_structural	0.8202873843156356	TCGA-DY-A0XA	Tumor	57.0	FEMALE	Stage IIA	MSS	3846.0	0.0	READ
TCGA-AF-3400-11	CI_structural	0.8873356064296152	TCGA-AF-3400	Normal	54.0	MALE	Stage IIA	MSS	1049.0	0.0	READ
TCGA-EI-6506-01	CI_structural	0.8257671699951291	TCGA-EI-6506	Tumor	78.0	FEMALE	Stage IIA	MSS	625.0	0.0	READ
TCGA-AF-2692-11	CI_structural	0.8603750608865075	TCGA-AF-2692	Normal	54.0	FEMALE	Stage IIA	MSS	412.0	0.0	READ
TCGA-AF-A56K-01	CI_structural	0.8201169020944958	TCGA-AF-A56K	Tumor	56.0	MALE	Stage IIA	MSS	2635.0	0.0	READ
TCGA-DC-6154-01	CI_structural	0.8556746225036532	TCGA-DC-6154	Tumor	57.0	FEMALE	Stage IVA	MSI-H	365.0	0.0	READ
TCGA-AG-3592-01	CI_structural	0.8703604481246956	TCGA-AG-3592	Tumor	68.0	MALE	Stage IIA	MSI-L	1035.0	0.0	READ
TCGA-DC-6156-01	CI_assembly	0.6007549926936191	TCGA-DC-6156	Tumor	62.0	MALE	Stage IVA	MSS	943.0	0.0	READ
TCGA-DC-6160-01	CI_assembly	0.6393570384802728	TCGA-DC-6160	Tumor	68.0	MALE	Stage I	MSS	1339.0	0.0	READ
TCGA-EI-6512-01	CI_assembly	0.654968339016074	TCGA-EI-6512	Tumor	64.0	FEMALE	Stage IIIB	MSS	538.0	0.0	READ
TCGA-DC-5869-01	CI_assembly	0.7916220165611301	TCGA-DC-5869	Tumor	62.0	FEMALE	Stage IIIB	MSS	943.0	0.0	READ
TCGA-EI-6507-01	CI_assembly	0.637506088650755	TCGA-EI-6507	Tumor	60.0	MALE	Stage IIA	MSI-H	607.0	0.0	READ
TCGA-AF-3911-01	CI_assembly	0.6576229907452509	TCGA-AF-3911	Tumor	48.0	MALE	Stage IIIC	MSI-L	1148.0	0.0	READ
TCGA-EI-7004-01	CI_assembly	0.5845591816853385	TCGA-EI-7004	Tumor	37.0	FEMALE	[Discrepancy]	MSS	257.0	0.0	READ
TCGA-G5-6572-01	CI_assembly	0.6236483195323916	TCGA-G5-6572	Tumor	56.0	MALE		MSS	1432.0	1.0	READ
TCGA-EF-5830-01	CI_assembly	0.7267169995129079	TCGA-EF-5830	Tumor	54.0	MALE	Stage IIB	MSS	106.0	0.0	READ
TCGA-F5-6812-01	CI_assembly	0.6557233317096931	TCGA-F5-6812	Tumor	67.0	MALE	Stage IIA	MSS	1110.0	0.0	READ
TCGA-CI-6624-01	CI_assembly	0.6476376035070628	TCGA-CI-6624	Tumor	53.0	FEMALE	Stage I	MSS	1466.0	0.0	READ
TCGA-AG-3902-01	CI_assembly	0.6455431076473453	TCGA-AG-3902	Tumor	61.0	MALE	Stage IIA	MSS	974.0	0.0	READ
TCGA-EF-5831-01	CI_assembly	0.6442523136872869	TCGA-EF-5831	Tumor	72.0	MALE	Stage IIA	MSS	127.0	0.0	READ
TCGA-AG-3731-01	CI_assembly	0.6723818801753532	TCGA-AG-3731	Tumor	65.0	MALE	Stage IV	MSI-L	1126.0	0.0	READ
TCGA-AF-A56L-01	CI_assembly	0.6912323429128105	TCGA-AF-A56L	Tumor	48.0	FEMALE	Stage IIIC	MSS	2007.0	0.0	READ
TCGA-DT-5265-01	CI_assembly	0.6184120798830979	TCGA-DT-5265	Tumor	51.0	MALE	Stage II	MSS	384.0	0.0	READ
TCGA-F5-6465-01	CI_assembly	0.6185094982951778	TCGA-F5-6465	Tumor	64.0	FEMALE	Stage IIA	MSS	1506.0	0.0	READ
TCGA-AH-6547-01	CI_assembly	0.6123964929371651	TCGA-AH-6547	Tumor	79.0	FEMALE		MSS	76.0	1.0	READ
TCGA-F5-6811-01	CI_assembly	0.6550657574281539	TCGA-F5-6811	Tumor	72.0	FEMALE	Stage IIA	MSI-L	979.0	0.0	READ
TCGA-F5-6571-01	CI_assembly	0.6155138821237214	TCGA-F5-6571	Tumor	62.0	FEMALE	Stage IIA	MSI-L	1288.0	0.0	READ
TCGA-AH-6903-01	CI_assembly	0.6880175353141744	TCGA-AH-6903	Tumor	46.0	MALE	Stage IIIB	MSS	592.0	0.0	READ
TCGA-DC-6682-01	CI_assembly	0.6386994641987336	TCGA-DC-6682	Tumor	57.0	MALE	Stage IIA	MSS	762.0	0.0	READ
TCGA-AF-6672-01	CI_assembly	0.6214320506575742	TCGA-AF-6672	Tumor	43.0	MALE	Stage IV	MSS	748.0	0.0	READ
TCGA-EI-7002-01	CI_assembly	0.6287871407696054	TCGA-EI-7002	Tumor	58.0	MALE	Stage IV	MSI-L	364.0	0.0	READ
TCGA-BM-6198-01	CI_assembly	0.6475645396980029	TCGA-BM-6198	Tumor	73.0	MALE	Stage IIIB	MSS	646.0	0.0	READ
TCGA-F5-6864-01	CI_assembly	0.5971018022406235	TCGA-F5-6864	Tumor	74.0	FEMALE	Stage IIIB	MSI-L	379.0	0.0	READ
TCGA-EI-6881-01	CI_assembly	0.665879201169021	TCGA-EI-6881	Tumor	60.0	MALE	Stage IIIA	MSS	499.0	0.0	READ
TCGA-DC-5337-01	CI_assembly	0.7972966390647832	TCGA-DC-5337	Tumor	69.0	MALE	Stage I	MSS	792.0	0.0	READ
TCGA-G5-6235-01	CI_assembly	0.6853628835849975	TCGA-G5-6235	Tumor	72.0	MALE	Stage IIIB	MSS	1696.0	0.0	READ
TCGA-DC-6681-01	CI_assembly	0.6543107647345349	TCGA-DC-6681	Tumor	70.0	FEMALE	Stage IVA	MSS	790.0	0.0	READ
TCGA-EI-6511-01	CI_assembly	0.6887481734047735	TCGA-EI-6511	Tumor	52.0	MALE	Stage IIIB	MSS	482.0	0.0	READ
TCGA-F5-6464-01	CI_assembly	0.5521432050657574	TCGA-F5-6464	Tumor	77.0	FEMALE	Stage IIIC	MSS	303.0	1.0	READ
TCGA-EI-6509-01	CI_assembly	0.5912079883097906	TCGA-EI-6509	Tumor	53.0	MALE	Stage IIIC	MSS	517.0	0.0	READ
TCGA-AH-6897-01	CI_assembly	0.7248660496833902	TCGA-AH-6897	Tumor	48.0	MALE	Stage I	MSI-L	804.0	0.0	READ
TCGA-EI-6508-01	CI_assembly	0.6627374573794447	TCGA-EI-6508	Tumor	48.0	FEMALE	Stage IIIB	MSS	636.0	0.0	READ
TCGA-AH-6544-01	CI_assembly	0.673331709693132	TCGA-AH-6544	Tumor	60.0	MALE		MSS	1173.0	0.0	READ
TCGA-DY-A1H8-01	CI_assembly	0.7162445202143205	TCGA-DY-A1H8	Tumor	77.0	FEMALE	Stage IIIA	MSS	992.0	1.0	READ
TCGA-AF-2693-01	CI_assembly	0.6420603994154895	TCGA-AF-2693	Tumor	75.0	MALE	Stage I	MSS	1155.0	0.0	READ
TCGA-AF-5654-11	CI_assembly	0.6573307355090112	TCGA-AF-5654	Normal	73.0	FEMALE	Stage I		512.0	1.0	READ
TCGA-CI-6622-01	CI_assembly	0.665903555772041	TCGA-CI-6622	Tumor	74.0	MALE	Stage IIB	MSS	1362.0	0.0	READ
TCGA-EI-6882-01	CI_assembly	0.6138334145153433	TCGA-EI-6882	Tumor	59.0	MALE	Stage IIA	MSI-H	262.0	0.0	READ
TCGA-AH-6643-11	CI_assembly	0.5745250852411106	TCGA-AH-6643	Normal	50.0	MALE	Stage IIIC	MSS	1314.0	1.0	READ
TCGA-DY-A1DC-01	CI_assembly	0.6889186556259133	TCGA-DY-A1DC	Tumor	72.0	FEMALE	Stage IIA	MSS	1258.0	1.0	READ
TCGA-EI-6884-01	CI_assembly	0.5975888943010229	TCGA-EI-6884	Tumor	71.0	MALE	Stage IIIA	MSS	328.0	0.0	READ
TCGA-AF-5654-01	CI_assembly	0.7140769605455431	TCGA-AF-5654	Tumor	73.0	FEMALE	Stage I		512.0	1.0	READ
TCGA-AG-3725-11	CI_assembly	0.7137359961032635	TCGA-AG-3725	Normal	90.0	FEMALE	Stage III	MSS			READ
TCGA-AG-4021-01	CI_assembly	0.6732586458840721	TCGA-AG-4021	Tumor	84.0	FEMALE	Stage IV	MSS	121.0	1.0	READ
TCGA-CL-5917-01	CI_assembly	0.6188504627374574	TCGA-CL-5917	Tumor	71.0	FEMALE	Stage IIIC	MSS	2376.0	0.0	READ
TCGA-AF-6136-01	CI_assembly	0.6903068679980516	TCGA-AF-6136	Tumor	72.0	FEMALE	Stage IIIB	MSS	741.0	0.0	READ
TCGA-AG-3742-01	CI_assembly	0.6743789576229907	TCGA-AG-3742	Tumor	85.0	FEMALE	Stage I	MSS	30.0	0.0	READ
TCGA-DC-6155-01	CI_assembly	0.7758889430102289	TCGA-DC-6155	Tumor	31.0	FEMALE	Stage IIIA	MSS	425.0	0.0	READ
TCGA-F5-6814-01	CI_assembly	0.6540672187043352	TCGA-F5-6814	Tumor	57.0	MALE	Stage IIA	MSS	1131.0	0.0	READ
TCGA-F5-6702-01	CI_assembly	0.612493911349245	TCGA-F5-6702	Tumor	71.0	MALE	Stage IVA	MSS	869.0	1.0	READ
TCGA-CI-6623-01	CI_assembly	0.7086702386751096	TCGA-CI-6623	Tumor	44.0	MALE	Stage I	MSS	1443.0	0.0	READ
TCGA-AF-A56N-01	CI_assembly	0.6850949829517778	TCGA-AF-A56N	Tumor	47.0	FEMALE	Stage IIA	MSS	360.0	0.0	READ
TCGA-G5-6641-01	CI_assembly	0.7017291768144179	TCGA-G5-6641	Tumor	67.0	MALE	Stage IIIA	MSS	804.0	0.0	READ
TCGA-AF-2690-01	CI_assembly	0.6326595226497808	TCGA-AF-2690	Tumor	76.0	FEMALE	Stage IIIC	MSS	524.0	1.0	READ
TCGA-F5-6861-01	CI_assembly	0.6752800779347297	TCGA-F5-6861	Tumor	60.0	FEMALE	Stage IIA	MSS	1160.0	0.0	READ
TCGA-AH-6549-01	CI_assembly	0.6839746712128593	TCGA-AH-6549	Tumor	66.0	MALE		MSI-L	532.0	0.0	READ
TCGA-EI-6510-01	CI_assembly	0.6430102289332684	TCGA-EI-6510	Tumor	77.0	FEMALE	[Discrepancy]	MSI-L	556.0	0.0	READ
TCGA-AF-6655-01	CI_assembly	0.631660983925962	TCGA-AF-6655	Tumor	66.0	MALE	Stage IIIA	MSS	609.0	0.0	READ
TCGA-AH-6644-01	CI_assembly	0.6459084266926449	TCGA-AH-6644	Tumor	73.0	MALE		MSI-L	838.0	0.0	READ
TCGA-DY-A1DG-01	CI_assembly	0.6807111544081832	TCGA-DY-A1DG	Tumor	75.0	MALE	Stage IVA	MSS	1566.0	1.0	READ
TCGA-DC-6158-01	CI_assembly	0.58336580613736	TCGA-DC-6158	Tumor	70.0	MALE	Stage I	MSS	334.0	1.0	READ
TCGA-CL-4957-01	CI_assembly	0.6508037018996591	TCGA-CL-4957	Tumor	79.0	FEMALE	[Discrepancy]	MSS	425.0	1.0	READ
TCGA-CL-5918-01	CI_assembly	0.7121773015099854	TCGA-CL-5918	Tumor	90.0	FEMALE	Stage IIA	MSS			READ
TCGA-CI-6621-01	CI_assembly	0.6766195811008281	TCGA-CI-6621	Tumor	63.0	MALE	Stage IIIB	MSS	419.0	0.0	READ
TCGA-AG-3742-11	CI_assembly	0.6684120798830979	TCGA-AG-3742	Normal	85.0	FEMALE	Stage I	MSS	30.0	0.0	READ
TCGA-DC-4749-01	CI_assembly	0.7318071115440818	TCGA-DC-4749	Tumor	57.0	MALE	Stage I	MSS	762.0	0.0	READ
TCGA-DC-6683-01	CI_assembly	0.6492693619094009	TCGA-DC-6683	Tumor	43.0	MALE	Stage IIIB	MSS	762.0	0.0	READ
TCGA-DC-4745-01	CI_assembly	0.7503653190452996	TCGA-DC-4745	Tumor	49.0	FEMALE	Stage IIIB	MSS	639.0	0.0	READ
TCGA-CI-6619-01	CI_assembly	0.7027520701412567	TCGA-CI-6619	Tumor	41.0	MALE	Stage IV	MSS	184.0	0.0	READ
TCGA-DY-A1DE-01	CI_assembly	0.6799074525085241	TCGA-DY-A1DE	Tumor	56.0	FEMALE	Stage IIA	MSS	3932.0	0.0	READ
TCGA-EI-6885-01	CI_assembly	0.6500730638090599	TCGA-EI-6885	Tumor	57.0	FEMALE	Stage IV	MSS	415.0	0.0	READ
TCGA-G5-6233-01	CI_assembly	0.5918412079883097	TCGA-G5-6233	Tumor	74.0	MALE	[Discrepancy]	MSI-L	556.0	1.0	READ
TCGA-AG-3732-11	CI_assembly	0.610034096444228	TCGA-AG-3732	Normal	78.0	FEMALE	Stage I	MSS	1003.0	0.0	READ
TCGA-AG-3731-11	CI_assembly	0.6090599123234292	TCGA-AG-3731	Normal	65.0	MALE	Stage IV	MSI-L	1126.0	0.0	READ
TCGA-DC-6157-01	CI_assembly	0.6836824159766196	TCGA-DC-6157	Tumor	48.0	MALE	Stage I	MSS	1581.0	0.0	READ
TCGA-DY-A1DF-01	CI_assembly	0.6120311738918656	TCGA-DY-A1DF	Tumor	73.0	FEMALE	Stage IIIC	MSI-L	734.0	1.0	READ
TCGA-F5-6813-01	CI_assembly	0.6778129566488066	TCGA-F5-6813	Tumor	70.0	MALE	Stage IIIC	MSS	598.0	1.0	READ
TCGA-AF-4110-01	CI_assembly	0.6275694106186069	TCGA-AF-4110	Tumor	77.0	MALE	Stage IVA	MSS	912.0	0.0	READ
TCGA-EI-6514-01	CI_assembly	0.6232342912810521	TCGA-EI-6514	Tumor	59.0	FEMALE	Stage IIA	MSS	496.0	0.0	READ
TCGA-EI-6513-01	CI_assembly	0.6771310277642475	TCGA-EI-6513	Tumor	59.0	MALE	Stage IIIB	MSS	497.0	0.0	READ
TCGA-AF-2689-11	CI_assembly	0.6226254262055528	TCGA-AF-2689	Normal	41.0	FEMALE	Stage IV	MSS	1201.0	1.0	READ
TCGA-AF-2687-01	CI_assembly	0.6379688261081344	TCGA-AF-2687	Tumor	57.0	MALE	Stage IIIC	MSS	1427.0	0.0	READ
TCGA-DY-A1DD-01	CI_assembly	0.6582075012177302	TCGA-DY-A1DD	Tumor	77.0	FEMALE	Stage IIIB	MSI-L	1741.0	1.0	READ
TCGA-F5-6863-01	CI_assembly	0.6277886020457867	TCGA-F5-6863	Tumor	71.0	FEMALE	Stage IIIB	MSI-L	361.0	1.0	READ
TCGA-F5-6810-01	CI_assembly	0.6594739405747686	TCGA-F5-6810	Tumor				MSS			READ
TCGA-AG-3591-01	CI_assembly	0.6913541159279104	TCGA-AG-3591	Tumor	66.0	FEMALE	Stage IIA	MSS	1035.0	0.0	READ
TCGA-EI-6917-01	CI_assembly	0.6280808572820263	TCGA-EI-6917	Tumor	33.0	MALE	Stage IIIA	MSS	531.0	0.0	READ
TCGA-AF-2691-11	CI_assembly	0.613370677057964	TCGA-AF-2691	Normal	48.0	FEMALE	Stage I	MSS	1309.0	0.0	READ
TCGA-EI-6883-01	CI_assembly	0.6332927423283	TCGA-EI-6883	Tumor	63.0	MALE	Stage IIC	MSS	350.0	0.0	READ
TCGA-AG-4022-01	CI_assembly	0.618265952264978	TCGA-AG-4022	Tumor	59.0	FEMALE	Stage II	MSS	1400.0	0.0	READ
TCGA-AG-3732-01	CI_assembly	0.5885046273745738	TCGA-AG-3732	Tumor	78.0	FEMALE	Stage I	MSS	1003.0	0.0	READ
TCGA-CI-6620-01	CI_assembly	0.7011690209449586	TCGA-CI-6620	Tumor	41.0	FEMALE	Stage IVA	MSS	1009.0	0.0	READ
TCGA-AG-3725-01	CI_assembly	0.7026059425231369	TCGA-AG-3725	Tumor	90.0	FEMALE	Stage III	MSS			READ
TCGA-AH-6643-01	CI_assembly	0.6274476376035071	TCGA-AH-6643	Tumor	50.0	MALE	Stage IIIC	MSS	1314.0	1.0	READ
TCGA-DY-A0XA-01	CI_assembly	0.7168533852898198	TCGA-DY-A0XA	Tumor	57.0	FEMALE	Stage IIA	MSS	3846.0	0.0	READ
TCGA-AF-3400-11	CI_assembly	0.6535314174378958	TCGA-AF-3400	Normal	54.0	MALE	Stage IIA	MSS	1049.0	0.0	READ
TCGA-EI-6506-01	CI_assembly	0.6145396980029225	TCGA-EI-6506	Tumor	78.0	FEMALE	Stage IIA	MSS	625.0	0.0	READ
TCGA-AF-2692-11	CI_assembly	0.6241354115927911	TCGA-AF-2692	Normal	54.0	FEMALE	Stage IIA	MSS	412.0	0.0	READ
TCGA-AF-A56K-01	CI_assembly	0.5910131514856308	TCGA-AF-A56K	Tumor	56.0	MALE	Stage IIA	MSS	2635.0	0.0	READ
TCGA-DC-6154-01	CI_assembly	0.6630297126156843	TCGA-DC-6154	Tumor	57.0	FEMALE	Stage IVA	MSI-H	365.0	0.0	READ
TCGA-AG-3592-01	CI_assembly	0.7268631271310277	TCGA-AG-3592	Tumor	68.0	MALE	Stage IIA	MSI-L	1035.0	0.0	READ
TCGA-DC-6156-01	CIV_structural	0.8509254749147589	TCGA-DC-6156	Tumor	62.0	MALE	Stage IVA	MSS	943.0	0.0	READ
TCGA-DC-6160-01	CIV_structural	0.9072089624939114	TCGA-DC-6160	Tumor	68.0	MALE	Stage I	MSS	1339.0	0.0	READ
TCGA-EI-6512-01	CIV_structural	0.899196298100341	TCGA-EI-6512	Tumor	64.0	FEMALE	Stage IIIB	MSS	538.0	0.0	READ
TCGA-DC-5869-01	CIV_structural	0.9384802727715538	TCGA-DC-5869	Tumor	62.0	FEMALE	Stage IIIB	MSS	943.0	0.0	READ
TCGA-EI-6507-01	CIV_structural	0.8559425231368729	TCGA-EI-6507	Tumor	60.0	MALE	Stage IIA	MSI-H	607.0	0.0	READ
TCGA-AF-3911-01	CIV_structural	0.8984900146127618	TCGA-AF-3911	Tumor	48.0	MALE	Stage IIIC	MSI-L	1148.0	0.0	READ
TCGA-EI-7004-01	CIV_structural	0.8344374086702386	TCGA-EI-7004	Tumor	37.0	FEMALE	[Discrepancy]	MSS	257.0	0.0	READ
TCGA-G5-6572-01	CIV_structural	0.9107647345348271	TCGA-G5-6572	Tumor	56.0	MALE		MSS	1432.0	1.0	READ
TCGA-EF-5830-01	CIV_structural	0.9339990258158792	TCGA-EF-5830	Tumor	54.0	MALE	Stage IIB	MSS	106.0	0.0	READ
TCGA-F5-6812-01	CIV_structural	0.8977593765221626	TCGA-F5-6812	Tumor	67.0	MALE	Stage IIA	MSS	1110.0	0.0	READ
TCGA-CI-6624-01	CIV_structural	0.9165124208475401	TCGA-CI-6624	Tumor	53.0	FEMALE	Stage I	MSS	1466.0	0.0	READ
TCGA-AG-3902-01	CIV_structural	0.9069410618606917	TCGA-AG-3902	Tumor	61.0	MALE	Stage IIA	MSS	974.0	0.0	READ
TCGA-EF-5831-01	CIV_structural	0.8819775937652217	TCGA-EF-5831	Tumor	72.0	MALE	Stage IIA	MSS	127.0	0.0	READ
TCGA-AG-3731-01	CIV_structural	0.8660253287871408	TCGA-AG-3731	Tumor	65.0	MALE	Stage IV	MSI-L	1126.0	0.0	READ
TCGA-AF-A56L-01	CIV_structural	0.9081831466147102	TCGA-AF-A56L	Tumor	48.0	FEMALE	Stage IIIC	MSS	2007.0	0.0	READ
TCGA-DT-5265-01	CIV_structural	0.8935703848027278	TCGA-DT-5265	Tumor	51.0	MALE	Stage II	MSS	384.0	0.0	READ
TCGA-F5-6465-01	CIV_structural	0.8732099366780322	TCGA-F5-6465	Tumor	64.0	FEMALE	Stage IIA	MSS	1506.0	0.0	READ
TCGA-AH-6547-01	CIV_structural	0.9115440818314662	TCGA-AH-6547	Tumor	79.0	FEMALE		MSS	76.0	1.0	READ
TCGA-F5-6811-01	CIV_structural	0.910862152946907	TCGA-F5-6811	Tumor	72.0	FEMALE	Stage IIA	MSI-L	979.0	0.0	READ
TCGA-F5-6571-01	CIV_structural	0.8336337067705797	TCGA-F5-6571	Tumor	62.0	FEMALE	Stage IIA	MSI-L	1288.0	0.0	READ
TCGA-AH-6903-01	CIV_structural	0.9138821237213833	TCGA-AH-6903	Tumor	46.0	MALE	Stage IIIB	MSS	592.0	0.0	READ
TCGA-DC-6682-01	CIV_structural	0.9360448124695567	TCGA-DC-6682	Tumor	57.0	MALE	Stage IIA	MSS	762.0	0.0	READ
TCGA-AF-6672-01	CIV_structural	0.9051144666341938	TCGA-AF-6672	Tumor	43.0	MALE	Stage IV	MSS	748.0	0.0	READ
TCGA-EI-7002-01	CIV_structural	0.8946419873356064	TCGA-EI-7002	Tumor	58.0	MALE	Stage IV	MSI-L	364.0	0.0	READ
TCGA-BM-6198-01	CIV_structural	0.9178762786166585	TCGA-BM-6198	Tumor	73.0	MALE	Stage IIIB	MSS	646.0	0.0	READ
TCGA-F5-6864-01	CIV_structural	0.8793229420360448	TCGA-F5-6864	Tumor	74.0	FEMALE	Stage IIIB	MSI-L	379.0	0.0	READ
TCGA-EI-6881-01	CIV_structural	0.8943010228933268	TCGA-EI-6881	Tumor	60.0	MALE	Stage IIIA	MSS	499.0	0.0	READ
TCGA-DC-5337-01	CIV_structural	0.974184120798831	TCGA-DC-5337	Tumor	69.0	MALE	Stage I	MSS	792.0	0.0	READ
TCGA-G5-6235-01	CIV_structural	0.9412566975158305	TCGA-G5-6235	Tumor	72.0	MALE	Stage IIIB	MSS	1696.0	0.0	READ
TCGA-DC-6681-01	CIV_structural	0.9098392596200682	TCGA-DC-6681	Tumor	70.0	FEMALE	Stage IVA	MSS	790.0	0.0	READ
TCGA-EI-6511-01	CIV_structural	0.9205552849488553	TCGA-EI-6511	Tumor	52.0	MALE	Stage IIIB	MSS	482.0	0.0	READ
TCGA-F5-6464-01	CIV_structural	0.8688991719434973	TCGA-F5-6464	Tumor	77.0	FEMALE	Stage IIIC	MSS	303.0	1.0	READ
TCGA-EI-6509-01	CIV_structural	0.8896980029225524	TCGA-EI-6509	Tumor	53.0	MALE	Stage IIIC	MSS	517.0	0.0	READ
TCGA-AH-6897-01	CIV_structural	0.9394544568923526	TCGA-AH-6897	Tumor	48.0	MALE	Stage I	MSI-L	804.0	0.0	READ
TCGA-EI-6508-01	CIV_structural	0.8540185094982952	TCGA-EI-6508	Tumor	48.0	FEMALE	Stage IIIB	MSS	636.0	0.0	READ
TCGA-AH-6544-01	CIV_structural	0.9444715051144666	TCGA-AH-6544	Tumor	60.0	MALE		MSS	1173.0	0.0	READ
TCGA-DY-A1H8-01	CIV_structural	0.9455674622503654	TCGA-DY-A1H8	Tumor	77.0	FEMALE	Stage IIIA	MSS	992.0	1.0	READ
TCGA-AF-2693-01	CIV_structural	0.9077447637603507	TCGA-AF-2693	Tumor	75.0	MALE	Stage I	MSS	1155.0	0.0	READ
TCGA-AF-5654-11	CIV_structural	0.9327569410618607	TCGA-AF-5654	Normal	73.0	FEMALE	Stage I		512.0	1.0	READ
TCGA-CI-6622-01	CIV_structural	0.9043351193375548	TCGA-CI-6622	Tumor	74.0	MALE	Stage IIB	MSS	1362.0	0.0	READ
TCGA-EI-6882-01	CIV_structural	0.8534339990258158	TCGA-EI-6882	Tumor	59.0	MALE	Stage IIA	MSI-H	262.0	0.0	READ
TCGA-AH-6643-11	CIV_structural	0.9229176814417925	TCGA-AH-6643	Normal	50.0	MALE	Stage IIIC	MSS	1314.0	1.0	READ
TCGA-DY-A1DC-01	CIV_structural	0.9249391134924501	TCGA-DY-A1DC	Tumor	72.0	FEMALE	Stage IIA	MSS	1258.0	1.0	READ
TCGA-EI-6884-01	CIV_structural	0.8746225036531905	TCGA-EI-6884	Tumor	71.0	MALE	Stage IIIA	MSS	328.0	0.0	READ
TCGA-AF-5654-01	CIV_structural	0.9470530930345835	TCGA-AF-5654	Tumor	73.0	FEMALE	Stage I		512.0	1.0	READ
TCGA-AG-3725-11	CIV_structural	0.982562104237701	TCGA-AG-3725	Normal	90.0	FEMALE	Stage III	MSS			READ
TCGA-AG-4021-01	CIV_structural	0.9051144666341938	TCGA-AG-4021	Tumor	84.0	FEMALE	Stage IV	MSS	121.0	1.0	READ
TCGA-CL-5917-01	CIV_structural	0.8732830004870921	TCGA-CL-5917	Tumor	71.0	FEMALE	Stage IIIC	MSS	2376.0	0.0	READ
TCGA-AF-6136-01	CIV_structural	0.9155382367267414	TCGA-AF-6136	Tumor	72.0	FEMALE	Stage IIIB	MSS	741.0	0.0	READ
TCGA-AG-3742-01	CIV_structural	0.8940574768631271	TCGA-AG-3742	Tumor	85.0	FEMALE	Stage I	MSS	30.0	0.0	READ
TCGA-DC-6155-01	CIV_structural	0.9493424257184608	TCGA-DC-6155	Tumor	31.0	FEMALE	Stage IIIA	MSS	425.0	0.0	READ
TCGA-F5-6814-01	CIV_structural	0.9252557233317097	TCGA-F5-6814	Tumor	57.0	MALE	Stage IIA	MSS	1131.0	0.0	READ
TCGA-F5-6702-01	CIV_structural	0.8755479785679493	TCGA-F5-6702	Tumor	71.0	MALE	Stage IVA	MSS	869.0	1.0	READ
TCGA-CI-6623-01	CIV_structural	0.918387725280078	TCGA-CI-6623	Tumor	44.0	MALE	Stage I	MSS	1443.0	0.0	READ
TCGA-AF-A56N-01	CIV_structural	0.9151729176814418	TCGA-AF-A56N	Tumor	47.0	FEMALE	Stage IIA	MSS	360.0	0.0	READ
TCGA-G5-6641-01	CIV_structural	0.9417924987822699	TCGA-G5-6641	Tumor	67.0	MALE	Stage IIIA	MSS	804.0	0.0	READ
TCGA-AF-2690-01	CIV_structural	0.9059668777398928	TCGA-AF-2690	Tumor	76.0	FEMALE	Stage IIIC	MSS	524.0	1.0	READ
TCGA-F5-6861-01	CIV_structural	0.9015586945932781	TCGA-F5-6861	Tumor	60.0	FEMALE	Stage IIA	MSS	1160.0	0.0	READ
TCGA-AH-6549-01	CIV_structural	0.9145640526059425	TCGA-AH-6549	Tumor	66.0	MALE		MSI-L	532.0	0.0	READ
TCGA-EI-6510-01	CIV_structural	0.9018022406234778	TCGA-EI-6510	Tumor	77.0	FEMALE	[Discrepancy]	MSI-L	556.0	0.0	READ
TCGA-AF-6655-01	CIV_structural	0.8762542620555285	TCGA-AF-6655	Tumor	66.0	MALE	Stage IIIA	MSS	609.0	0.0	READ
TCGA-AH-6644-01	CIV_structural	0.8507549926936191	TCGA-AH-6644	Tumor	73.0	MALE		MSI-L	838.0	0.0	READ
TCGA-DY-A1DG-01	CIV_structural	0.9484656600097419	TCGA-DY-A1DG	Tumor	75.0	MALE	Stage IVA	MSS	1566.0	1.0	READ
TCGA-DC-6158-01	CIV_structural	0.8490501704822211	TCGA-DC-6158	Tumor	70.0	MALE	Stage I	MSS	334.0	1.0	READ
TCGA-CL-4957-01	CIV_structural	0.9246712128592304	TCGA-CL-4957	Tumor	79.0	FEMALE	[Discrepancy]	MSS	425.0	1.0	READ
TCGA-CL-5918-01	CIV_structural	0.9290306867998052	TCGA-CL-5918	Tumor	90.0	FEMALE	Stage IIA	MSS			READ
TCGA-CI-6621-01	CIV_structural	0.9087189478811495	TCGA-CI-6621	Tumor	63.0	MALE	Stage IIIB	MSS	419.0	0.0	READ
TCGA-AG-3742-11	CIV_structural	0.9617632732586459	TCGA-AG-3742	Normal	85.0	FEMALE	Stage I	MSS	30.0	0.0	READ
TCGA-DC-4749-01	CIV_structural	0.9609352167559668	TCGA-DC-4749	Tumor	57.0	MALE	Stage I	MSS	762.0	0.0	READ
TCGA-DC-6683-01	CIV_structural	0.9139308329274233	TCGA-DC-6683	Tumor	43.0	MALE	Stage IIIB	MSS	762.0	0.0	READ
TCGA-DC-4745-01	CIV_structural	0.9638090599123235	TCGA-DC-4745	Tumor	49.0	FEMALE	Stage IIIB	MSS	639.0	0.0	READ
TCGA-CI-6619-01	CIV_structural	0.9090599123234291	TCGA-CI-6619	Tumor	41.0	MALE	Stage IV	MSS	184.0	0.0	READ
TCGA-DY-A1DE-01	CIV_structural	0.9369215781782757	TCGA-DY-A1DE	Tumor	56.0	FEMALE	Stage IIA	MSS	3932.0	0.0	READ
TCGA-EI-6885-01	CIV_structural	0.8324159766195811	TCGA-EI-6885	Tumor	57.0	FEMALE	Stage IV	MSS	415.0	0.0	READ
TCGA-G5-6233-01	CIV_structural	0.9407208962493911	TCGA-G5-6233	Tumor	74.0	MALE	[Discrepancy]	MSI-L	556.0	1.0	READ
TCGA-AG-3732-11	CIV_structural	0.9077447637603507	TCGA-AG-3732	Normal	78.0	FEMALE	Stage I	MSS	1003.0	0.0	READ
TCGA-AG-3731-11	CIV_structural	0.9492937165124209	TCGA-AG-3731	Normal	65.0	MALE	Stage IV	MSI-L	1126.0	0.0	READ
TCGA-DC-6157-01	CIV_structural	0.8669995129079396	TCGA-DC-6157	Tumor	48.0	MALE	Stage I	MSS	1581.0	0.0	READ
TCGA-DY-A1DF-01	CIV_structural	0.9267900633219679	TCGA-DY-A1DF	Tumor	73.0	FEMALE	Stage IIIC	MSI-L	734.0	1.0	READ
TCGA-F5-6813-01	CIV_structural	0.9127131027764247	TCGA-F5-6813	Tumor	70.0	MALE	Stage IIIC	MSS	598.0	1.0	READ
TCGA-AF-4110-01	CIV_structural	0.9219191427179737	TCGA-AF-4110	Tumor	77.0	MALE	Stage IVA	MSS	912.0	0.0	READ
TCGA-EI-6514-01	CIV_structural	0.8993424257184608	TCGA-EI-6514	Tumor	59.0	FEMALE	Stage IIA	MSS	496.0	0.0	READ
TCGA-EI-6513-01	CIV_structural	0.930053580126644	TCGA-EI-6513	Tumor	59.0	MALE	Stage IIIB	MSS	497.0	0.0	READ
TCGA-AF-2689-11	CIV_structural	0.9419629810034097	TCGA-AF-2689	Normal	41.0	FEMALE	Stage IV	MSS	1201.0	1.0	READ
TCGA-AF-2687-01	CIV_structural	0.8811008280565027	TCGA-AF-2687	Tumor	57.0	MALE	Stage IIIC	MSS	1427.0	0.0	READ
TCGA-DY-A1DD-01	CIV_structural	0.8980516317584023	TCGA-DY-A1DD	Tumor	77.0	FEMALE	Stage IIIB	MSI-L	1741.0	1.0	READ
TCGA-F5-6863-01	CIV_structural	0.9152216268874818	TCGA-F5-6863	Tumor	71.0	FEMALE	Stage IIIB	MSI-L	361.0	1.0	READ
TCGA-F5-6810-01	CIV_structural	0.9172674135411593	TCGA-F5-6810	Tumor				MSS			READ
TCGA-AG-3591-01	CIV_structural	0.936653677545056	TCGA-AG-3591	Tumor	66.0	FEMALE	Stage IIA	MSS	1035.0	0.0	READ
TCGA-EI-6917-01	CIV_structural	0.9046273745737945	TCGA-EI-6917	Tumor	33.0	MALE	Stage IIIA	MSS	531.0	0.0	READ
TCGA-AF-2691-11	CIV_structural	0.9324403312226011	TCGA-AF-2691	Normal	48.0	FEMALE	Stage I	MSS	1309.0	0.0	READ
TCGA-EI-6883-01	CIV_structural	0.9077204091573308	TCGA-EI-6883	Tumor	63.0	MALE	Stage IIC	MSS	350.0	0.0	READ
TCGA-AG-4022-01	CIV_structural	0.8800779347296639	TCGA-AG-4022	Tumor	59.0	FEMALE	Stage II	MSS	1400.0	0.0	READ
TCGA-AG-3732-01	CIV_structural	0.8680224062347783	TCGA-AG-3732	Tumor	78.0	FEMALE	Stage I	MSS	1003.0	0.0	READ
TCGA-CI-6620-01	CIV_structural	0.9244520214320506	TCGA-CI-6620	Tumor	41.0	FEMALE	Stage IVA	MSS	1009.0	0.0	READ
TCGA-AG-3725-01	CIV_structural	0.9021919142717973	TCGA-AG-3725	Tumor	90.0	FEMALE	Stage III	MSS			READ
TCGA-AH-6643-01	CIV_structural	0.8660496833901608	TCGA-AH-6643	Tumor	50.0	MALE	Stage IIIC	MSS	1314.0	1.0	READ
TCGA-DY-A0XA-01	CIV_structural	0.9138090599123234	TCGA-DY-A0XA	Tumor	57.0	FEMALE	Stage IIA	MSS	3846.0	0.0	READ
TCGA-AF-3400-11	CIV_structural	0.9329517778860205	TCGA-AF-3400	Normal	54.0	MALE	Stage IIA	MSS	1049.0	0.0	READ
TCGA-EI-6506-01	CIV_structural	0.8890891378470531	TCGA-EI-6506	Tumor	78.0	FEMALE	Stage IIA	MSS	625.0	0.0	READ
TCGA-AF-2692-11	CIV_structural	0.9305406721870434	TCGA-AF-2692	Normal	54.0	FEMALE	Stage IIA	MSS	412.0	0.0	READ
TCGA-AF-A56K-01	CIV_structural	0.8871407696054554	TCGA-AF-A56K	Tumor	56.0	MALE	Stage IIA	MSS	2635.0	0.0	READ
TCGA-DC-6154-01	CIV_structural	0.9212615684364345	TCGA-DC-6154	Tumor	57.0	FEMALE	Stage IVA	MSI-H	365.0	0.0	READ
TCGA-AG-3592-01	CIV_structural	0.9134924500730638	TCGA-AG-3592	Tumor	68.0	MALE	Stage IIA	MSI-L	1035.0	0.0	READ
TCGA-DC-6156-01	CIV_assembly	0.6163175840233804	TCGA-DC-6156	Tumor	62.0	MALE	Stage IVA	MSS	943.0	0.0	READ
TCGA-DC-6160-01	CIV_assembly	0.6900633219678519	TCGA-DC-6160	Tumor	68.0	MALE	Stage I	MSS	1339.0	0.0	READ
TCGA-EI-6512-01	CIV_assembly	0.6616171456405261	TCGA-EI-6512	Tumor	64.0	FEMALE	Stage IIIB	MSS	538.0	0.0	READ
TCGA-DC-5869-01	CIV_assembly	0.7350462737457379	TCGA-DC-5869	Tumor	62.0	FEMALE	Stage IIIB	MSS	943.0	0.0	READ
TCGA-EI-6507-01	CIV_assembly	0.6363127131027764	TCGA-EI-6507	Tumor	60.0	MALE	Stage IIA	MSI-H	607.0	0.0	READ
TCGA-AF-3911-01	CIV_assembly	0.6918412079883098	TCGA-AF-3911	Tumor	48.0	MALE	Stage IIIC	MSI-L	1148.0	0.0	READ
TCGA-EI-7004-01	CIV_assembly	0.6369702873843156	TCGA-EI-7004	Tumor	37.0	FEMALE	[Discrepancy]	MSS	257.0	0.0	READ
TCGA-G5-6572-01	CIV_assembly	0.6684607890891379	TCGA-G5-6572	Tumor	56.0	MALE		MSS	1432.0	1.0	READ
TCGA-EF-5830-01	CIV_assembly	0.719118363370677	TCGA-EF-5830	Tumor	54.0	MALE	Stage IIB	MSS	106.0	0.0	READ
TCGA-F5-6812-01	CIV_assembly	0.6417437895762299	TCGA-F5-6812	Tumor	67.0	MALE	Stage IIA	MSS	1110.0	0.0	READ
TCGA-CI-6624-01	CIV_assembly	0.6964929371651242	TCGA-CI-6624	Tumor	53.0	FEMALE	Stage I	MSS	1466.0	0.0	READ
TCGA-AG-3902-01	CIV_assembly	0.6354603019970775	TCGA-AG-3902	Tumor	61.0	MALE	Stage IIA	MSS	974.0	0.0	READ
TCGA-EF-5831-01	CIV_assembly	0.6996590355577204	TCGA-EF-5831	Tumor	72.0	MALE	Stage IIA	MSS	127.0	0.0	READ
TCGA-AG-3731-01	CIV_assembly	0.643375547978568	TCGA-AG-3731	Tumor	65.0	MALE	Stage IV	MSI-L	1126.0	0.0	READ
TCGA-AF-A56L-01	CIV_assembly	0.6622990745250853	TCGA-AF-A56L	Tumor	48.0	FEMALE	Stage IIIC	MSS	2007.0	0.0	READ
TCGA-DT-5265-01	CIV_assembly	0.7007306380905991	TCGA-DT-5265	Tumor	51.0	MALE	Stage II	MSS	384.0	0.0	READ
TCGA-F5-6465-01	CIV_assembly	0.5880175353141743	TCGA-F5-6465	Tumor	64.0	FEMALE	Stage IIA	MSS	1506.0	0.0	READ
TCGA-AH-6547-01	CIV_assembly	0.6707014125669751	TCGA-AH-6547	Tumor	79.0	FEMALE		MSS	76.0	1.0	READ
TCGA-F5-6811-01	CIV_assembly	0.6820506575742815	TCGA-F5-6811	Tumor	72.0	FEMALE	Stage IIA	MSI-L	979.0	0.0	READ
TCGA-F5-6571-01	CIV_assembly	0.6373356064296152	TCGA-F5-6571	Tumor	62.0	FEMALE	Stage IIA	MSI-L	1288.0	0.0	READ
TCGA-AH-6903-01	CIV_assembly	0.719970774476376	TCGA-AH-6903	Tumor	46.0	MALE	Stage IIIB	MSS	592.0	0.0	READ
TCGA-DC-6682-01	CIV_assembly	0.6753531417437896	TCGA-DC-6682	Tumor	57.0	MALE	Stage IIA	MSS	762.0	0.0	READ
TCGA-AF-6672-01	CIV_assembly	0.6869946419873356	TCGA-AF-6672	Tumor	43.0	MALE	Stage IV	MSS	748.0	0.0	READ
TCGA-EI-7002-01	CIV_assembly	0.6584997564539699	TCGA-EI-7002	Tumor	58.0	MALE	Stage IV	MSI-L	364.0	0.0	READ
TCGA-BM-6198-01	CIV_assembly	0.7281782756941062	TCGA-BM-6198	Tumor	73.0	MALE	Stage IIIB	MSS	646.0	0.0	READ
TCGA-F5-6864-01	CIV_assembly	0.6532878714076961	TCGA-F5-6864	Tumor	74.0	FEMALE	Stage IIIB	MSI-L	379.0	0.0	READ
TCGA-EI-6881-01	CIV_assembly	0.6826108134437409	TCGA-EI-6881	Tumor	60.0	MALE	Stage IIIA	MSS	499.0	0.0	READ
TCGA-DC-5337-01	CIV_assembly	0.7965903555772041	TCGA-DC-5337	Tumor	69.0	MALE	Stage I	MSS	792.0	0.0	READ
TCGA-G5-6235-01	CIV_assembly	0.678348757915246	TCGA-G5-6235	Tumor	72.0	MALE	Stage IIIB	MSS	1696.0	0.0	READ
TCGA-DC-6681-01	CIV_assembly	0.7078665367754505	TCGA-DC-6681	Tumor	70.0	FEMALE	Stage IVA	MSS	790.0	0.0	READ
TCGA-EI-6511-01	CIV_assembly	0.6782269849001461	TCGA-EI-6511	Tumor	52.0	MALE	Stage IIIB	MSS	482.0	0.0	READ
TCGA-F5-6464-01	CIV_assembly	0.6154164637116415	TCGA-F5-6464	Tumor	77.0	FEMALE	Stage IIIC	MSS	303.0	1.0	READ
TCGA-EI-6509-01	CIV_assembly	0.6353628835849976	TCGA-EI-6509	Tumor	53.0	MALE	Stage IIIC	MSS	517.0	0.0	READ
TCGA-AH-6897-01	CIV_assembly	0.7147101802240623	TCGA-AH-6897	Tumor	48.0	MALE	Stage I	MSI-L	804.0	0.0	READ
TCGA-EI-6508-01	CIV_assembly	0.6406234778373112	TCGA-EI-6508	Tumor	48.0	FEMALE	Stage IIIB	MSS	636.0	0.0	READ
TCGA-AH-6544-01	CIV_assembly	0.7009498295177788	TCGA-AH-6544	Tumor	60.0	MALE		MSS	1173.0	0.0	READ
TCGA-DY-A1H8-01	CIV_assembly	0.749098879688261	TCGA-DY-A1H8	Tumor	77.0	FEMALE	Stage IIIA	MSS	992.0	1.0	READ
TCGA-AF-2693-01	CIV_assembly	0.6729907452508525	TCGA-AF-2693	Tumor	75.0	MALE	Stage I	MSS	1155.0	0.0	READ
TCGA-AF-5654-11	CIV_assembly	0.7398928397467122	TCGA-AF-5654	Normal	73.0	FEMALE	Stage I		512.0	1.0	READ
TCGA-CI-6622-01	CIV_assembly	0.6707014125669751	TCGA-CI-6622	Tumor	74.0	MALE	Stage IIB	MSS	1362.0	0.0	READ
TCGA-EI-6882-01	CIV_assembly	0.6253531417437895	TCGA-EI-6882	Tumor	59.0	MALE	Stage IIA	MSI-H	262.0	0.0	READ
TCGA-AH-6643-11	CIV_assembly	0.6627618119824646	TCGA-AH-6643	Normal	50.0	MALE	Stage IIIC	MSS	1314.0	1.0	READ
TCGA-DY-A1DC-01	CIV_assembly	0.7048222113979542	TCGA-DY-A1DC	Tumor	72.0	FEMALE	Stage IIA	MSS	1258.0	1.0	READ
TCGA-EI-6884-01	CIV_assembly	0.6682415976619581	TCGA-EI-6884	Tumor	71.0	MALE	Stage IIIA	MSS	328.0	0.0	READ
TCGA-AF-5654-01	CIV_assembly	0.7237213833414515	TCGA-AF-5654	Tumor	73.0	FEMALE	Stage I		512.0	1.0	READ
TCGA-AG-3725-11	CIV_assembly	0.843351193375548	TCGA-AG-3725	Normal	90.0	FEMALE	Stage III	MSS			READ
TCGA-AG-4021-01	CIV_assembly	0.632464685825621	TCGA-AG-4021	Tumor	84.0	FEMALE	Stage IV	MSS	121.0	1.0	READ
TCGA-CL-5917-01	CIV_assembly	0.6679736970287384	TCGA-CL-5917	Tumor	71.0	FEMALE	Stage IIIC	MSS	2376.0	0.0	READ
TCGA-AF-6136-01	CIV_assembly	0.6649293716512421	TCGA-AF-6136	Tumor	72.0	FEMALE	Stage IIIB	MSS	741.0	0.0	READ
TCGA-AG-3742-01	CIV_assembly	0.6634924500730638	TCGA-AG-3742	Tumor	85.0	FEMALE	Stage I	MSS	30.0	0.0	READ
TCGA-DC-6155-01	CIV_assembly	0.8399415489527521	TCGA-DC-6155	Tumor	31.0	FEMALE	Stage IIIA	MSS	425.0	0.0	READ
TCGA-F5-6814-01	CIV_assembly	0.6865806137359961	TCGA-F5-6814	Tumor	57.0	MALE	Stage IIA	MSS	1131.0	0.0	READ
TCGA-F5-6702-01	CIV_assembly	0.6124208475401851	TCGA-F5-6702	Tumor	71.0	MALE	Stage IVA	MSS	869.0	1.0	READ
TCGA-CI-6623-01	CIV_assembly	0.6806867998051632	TCGA-CI-6623	Tumor	44.0	MALE	Stage I	MSS	1443.0	0.0	READ
TCGA-AF-A56N-01	CIV_assembly	0.659985387238188	TCGA-AF-A56N	Tumor	47.0	FEMALE	Stage IIA	MSS	360.0	0.0	READ
TCGA-G5-6641-01	CIV_assembly	0.7390647832440331	TCGA-G5-6641	Tumor	67.0	MALE	Stage IIIA	MSS	804.0	0.0	READ
TCGA-AF-2690-01	CIV_assembly	0.6576960545543108	TCGA-AF-2690	Tumor	76.0	FEMALE	Stage IIIC	MSS	524.0	1.0	READ
TCGA-F5-6861-01	CIV_assembly	0.6851193375547978	TCGA-F5-6861	Tumor	60.0	FEMALE	Stage IIA	MSS	1160.0	0.0	READ
TCGA-AH-6549-01	CIV_assembly	0.6196298100340965	TCGA-AH-6549	Tumor	66.0	MALE		MSI-L	532.0	0.0	READ
TCGA-EI-6510-01	CIV_assembly	0.7130540672187043	TCGA-EI-6510	Tumor	77.0	FEMALE	[Discrepancy]	MSI-L	556.0	0.0	READ
TCGA-AF-6655-01	CIV_assembly	0.6386020457866537	TCGA-AF-6655	Tumor	66.0	MALE	Stage IIIA	MSS	609.0	0.0	READ
TCGA-AH-6644-01	CIV_assembly	0.6544568923526547	TCGA-AH-6644	Tumor	73.0	MALE		MSI-L	838.0	0.0	READ
TCGA-DY-A1DG-01	CIV_assembly	0.7740136385776912	TCGA-DY-A1DG	Tumor	75.0	MALE	Stage IVA	MSS	1566.0	1.0	READ
TCGA-DC-6158-01	CIV_assembly	0.6230394544568923	TCGA-DC-6158	Tumor	70.0	MALE	Stage I	MSS	334.0	1.0	READ
TCGA-CL-4957-01	CIV_assembly	0.6946663419386264	TCGA-CL-4957	Tumor	79.0	FEMALE	[Discrepancy]	MSS	425.0	1.0	READ
TCGA-CL-5918-01	CIV_assembly	0.6878470530930346	TCGA-CL-5918	Tumor	90.0	FEMALE	Stage IIA	MSS			READ
TCGA-CI-6621-01	CIV_assembly	0.6780321480759863	TCGA-CI-6621	Tumor	63.0	MALE	Stage IIIB	MSS	419.0	0.0	READ
TCGA-AG-3742-11	CIV_assembly	0.7079152459814905	TCGA-AG-3742	Normal	85.0	FEMALE	Stage I	MSS	30.0	0.0	READ
TCGA-DC-4749-01	CIV_assembly	0.7398928397467122	TCGA-DC-4749	Tumor	57.0	MALE	Stage I	MSS	762.0	0.0	READ
TCGA-DC-6683-01	CIV_assembly	0.6955187530443254	TCGA-DC-6683	Tumor	43.0	MALE	Stage IIIB	MSS	762.0	0.0	READ
TCGA-DC-4745-01	CIV_assembly	0.7342425718460789	TCGA-DC-4745	Tumor	49.0	FEMALE	Stage IIIB	MSS	639.0	0.0	READ
TCGA-CI-6619-01	CIV_assembly	0.6451777886020458	TCGA-CI-6619	Tumor	41.0	MALE	Stage IV	MSS	184.0	0.0	READ
TCGA-DY-A1DE-01	CIV_assembly	0.7165124208475402	TCGA-DY-A1DE	Tumor	56.0	FEMALE	Stage IIA	MSS	3932.0	0.0	READ
TCGA-EI-6885-01	CIV_assembly	0.6528007793472966	TCGA-EI-6885	Tumor	57.0	FEMALE	Stage IV	MSS	415.0	0.0	READ
TCGA-G5-6233-01	CIV_assembly	0.671651242084754	TCGA-G5-6233	Tumor	74.0	MALE	[Discrepancy]	MSI-L	556.0	1.0	READ
TCGA-AG-3732-11	CIV_assembly	0.6402581587920116	TCGA-AG-3732	Normal	78.0	FEMALE	Stage I	MSS	1003.0	0.0	READ
TCGA-AG-3731-11	CIV_assembly	0.6882610813443741	TCGA-AG-3731	Normal	65.0	MALE	Stage IV	MSI-L	1126.0	0.0	READ
TCGA-DC-6157-01	CIV_assembly	0.6682415976619581	TCGA-DC-6157	Tumor	48.0	MALE	Stage I	MSS	1581.0	0.0	READ
TCGA-DY-A1DF-01	CIV_assembly	0.6653190452995617	TCGA-DY-A1DF	Tumor	73.0	FEMALE	Stage IIIC	MSI-L	734.0	1.0	READ
TCGA-F5-6813-01	CIV_assembly	0.6854359473940574	TCGA-F5-6813	Tumor	70.0	MALE	Stage IIIC	MSS	598.0	1.0	READ
TCGA-AF-4110-01	CIV_assembly	0.6563809059912323	TCGA-AF-4110	Tumor	77.0	MALE	Stage IVA	MSS	912.0	0.0	READ
TCGA-EI-6514-01	CIV_assembly	0.6335849975645397	TCGA-EI-6514	Tumor	59.0	FEMALE	Stage IIA	MSS	496.0	0.0	READ
TCGA-EI-6513-01	CIV_assembly	0.6601802240623478	TCGA-EI-6513	Tumor	59.0	MALE	Stage IIIB	MSS	497.0	0.0	READ
TCGA-AF-2689-11	CIV_assembly	0.6942523136872869	TCGA-AF-2689	Normal	41.0	FEMALE	Stage IV	MSS	1201.0	1.0	READ
TCGA-AF-2687-01	CIV_assembly	0.6206039941548953	TCGA-AF-2687	Tumor	57.0	MALE	Stage IIIC	MSS	1427.0	0.0	READ
TCGA-DY-A1DD-01	CIV_assembly	0.6918899171943498	TCGA-DY-A1DD	Tumor	77.0	FEMALE	Stage IIIB	MSI-L	1741.0	1.0	READ
TCGA-F5-6863-01	CIV_assembly	0.6732099366780322	TCGA-F5-6863	Tumor	71.0	FEMALE	Stage IIIB	MSI-L	361.0	1.0	READ
TCGA-F5-6810-01	CIV_assembly	0.6979055041402825	TCGA-F5-6810	Tumor				MSS			READ
TCGA-AG-3591-01	CIV_assembly	0.7288602045786654	TCGA-AG-3591	Tumor	66.0	FEMALE	Stage IIA	MSS	1035.0	0.0	READ
TCGA-EI-6917-01	CIV_assembly	0.6763760350706284	TCGA-EI-6917	Tumor	33.0	MALE	Stage IIIA	MSS	531.0	0.0	READ
TCGA-AF-2691-11	CIV_assembly	0.7247442766682903	TCGA-AF-2691	Normal	48.0	FEMALE	Stage I	MSS	1309.0	0.0	READ
TCGA-EI-6883-01	CIV_assembly	0.6606916707257672	TCGA-EI-6883	Tumor	63.0	MALE	Stage IIC	MSS	350.0	0.0	READ
TCGA-AG-4022-01	CIV_assembly	0.665051144666342	TCGA-AG-4022	Tumor	59.0	FEMALE	Stage II	MSS	1400.0	0.0	READ
TCGA-AG-3732-01	CIV_assembly	0.6599366780321481	TCGA-AG-3732	Tumor	78.0	FEMALE	Stage I	MSS	1003.0	0.0	READ
TCGA-CI-6620-01	CIV_assembly	0.6582075012177302	TCGA-CI-6620	Tumor	41.0	FEMALE	Stage IVA	MSS	1009.0	0.0	READ
TCGA-AG-3725-01	CIV_assembly	0.6656113005358013	TCGA-AG-3725	Tumor	90.0	FEMALE	Stage III	MSS			READ
TCGA-AH-6643-01	CIV_assembly	0.6993667803214808	TCGA-AH-6643	Tumor	50.0	MALE	Stage IIIC	MSS	1314.0	1.0	READ
TCGA-DY-A0XA-01	CIV_assembly	0.6680711154408183	TCGA-DY-A0XA	Tumor	57.0	FEMALE	Stage IIA	MSS	3846.0	0.0	READ
TCGA-AF-3400-11	CIV_assembly	0.7661471018022407	TCGA-AF-3400	Normal	54.0	MALE	Stage IIA	MSS	1049.0	0.0	READ
TCGA-EI-6506-01	CIV_assembly	0.6570628348757915	TCGA-EI-6506	Tumor	78.0	FEMALE	Stage IIA	MSS	625.0	0.0	READ
TCGA-AF-2692-11	CIV_assembly	0.6857038480272771	TCGA-AF-2692	Normal	54.0	FEMALE	Stage IIA	MSS	412.0	0.0	READ
TCGA-AF-A56K-01	CIV_assembly	0.6252557233317096	TCGA-AF-A56K	Tumor	56.0	MALE	Stage IIA	MSS	2635.0	0.0	READ
TCGA-DC-6154-01	CIV_assembly	0.6915245981490502	TCGA-DC-6154	Tumor	57.0	FEMALE	Stage IVA	MSI-H	365.0	0.0	READ
TCGA-AG-3592-01	CIV_assembly	0.6930832927423283	TCGA-AG-3592	Tumor	68.0	MALE	Stage IIA	MSI-L	1035.0	0.0	READ
TCGA-DC-6156-01	FeS_biogenesis	0.579152459814905	TCGA-DC-6156	Tumor	62.0	MALE	Stage IVA	MSS	943.0	0.0	READ
TCGA-DC-6160-01	FeS_biogenesis	0.6534583536288359	TCGA-DC-6160	Tumor	68.0	MALE	Stage I	MSS	1339.0	0.0	READ
TCGA-EI-6512-01	FeS_biogenesis	0.6040672187043351	TCGA-EI-6512	Tumor	64.0	FEMALE	Stage IIIB	MSS	538.0	0.0	READ
TCGA-DC-5869-01	FeS_biogenesis	0.7193862640038967	TCGA-DC-5869	Tumor	62.0	FEMALE	Stage IIIB	MSS	943.0	0.0	READ
TCGA-EI-6507-01	FeS_biogenesis	0.599098879688261	TCGA-EI-6507	Tumor	60.0	MALE	Stage IIA	MSI-H	607.0	0.0	READ
TCGA-AF-3911-01	FeS_biogenesis	0.661714564052606	TCGA-AF-3911	Tumor	48.0	MALE	Stage IIIC	MSI-L	1148.0	0.0	READ
TCGA-EI-7004-01	FeS_biogenesis	0.575888943010229	TCGA-EI-7004	Tumor	37.0	FEMALE	[Discrepancy]	MSS	257.0	0.0	READ
TCGA-G5-6572-01	FeS_biogenesis	0.6303214807598636	TCGA-G5-6572	Tumor	56.0	MALE		MSS	1432.0	1.0	READ
TCGA-EF-5830-01	FeS_biogenesis	0.681636629322942	TCGA-EF-5830	Tumor	54.0	MALE	Stage IIB	MSS	106.0	0.0	READ
TCGA-F5-6812-01	FeS_biogenesis	0.6373843156356551	TCGA-F5-6812	Tumor	67.0	MALE	Stage IIA	MSS	1110.0	0.0	READ
TCGA-CI-6624-01	FeS_biogenesis	0.5671943497320994	TCGA-CI-6624	Tumor	53.0	FEMALE	Stage I	MSS	1466.0	0.0	READ
TCGA-AG-3902-01	FeS_biogenesis	0.6621042377009255	TCGA-AG-3902	Tumor	61.0	MALE	Stage IIA	MSS	974.0	0.0	READ
TCGA-EF-5831-01	FeS_biogenesis	0.6229176814417925	TCGA-EF-5831	Tumor	72.0	MALE	Stage IIA	MSS	127.0	0.0	READ
TCGA-AG-3731-01	FeS_biogenesis	0.5962981003409644	TCGA-AG-3731	Tumor	65.0	MALE	Stage IV	MSI-L	1126.0	0.0	READ
TCGA-AF-A56L-01	FeS_biogenesis	0.6552849488553336	TCGA-AF-A56L	Tumor	48.0	FEMALE	Stage IIIC	MSS	2007.0	0.0	READ
TCGA-DT-5265-01	FeS_biogenesis	0.6204822211397955	TCGA-DT-5265	Tumor	51.0	MALE	Stage II	MSS	384.0	0.0	READ
TCGA-F5-6465-01	FeS_biogenesis	0.6499269361909401	TCGA-F5-6465	Tumor	64.0	FEMALE	Stage IIA	MSS	1506.0	0.0	READ
TCGA-AH-6547-01	FeS_biogenesis	0.6342912810521188	TCGA-AH-6547	Tumor	79.0	FEMALE		MSS	76.0	1.0	READ
TCGA-F5-6811-01	FeS_biogenesis	0.6563565513882124	TCGA-F5-6811	Tumor	72.0	FEMALE	Stage IIA	MSI-L	979.0	0.0	READ
TCGA-F5-6571-01	FeS_biogenesis	0.6327569410618606	TCGA-F5-6571	Tumor	62.0	FEMALE	Stage IIA	MSI-L	1288.0	0.0	READ
TCGA-AH-6903-01	FeS_biogenesis	0.6545299561617146	TCGA-AH-6903	Tumor	46.0	MALE	Stage IIIB	MSS	592.0	0.0	READ
TCGA-DC-6682-01	FeS_biogenesis	0.7152216268874817	TCGA-DC-6682	Tumor	57.0	MALE	Stage IIA	MSS	762.0	0.0	READ
TCGA-AF-6672-01	FeS_biogenesis	0.6026059425231369	TCGA-AF-6672	Tumor	43.0	MALE	Stage IV	MSS	748.0	0.0	READ
TCGA-EI-7002-01	FeS_biogenesis	0.619970774476376	TCGA-EI-7002	Tumor	58.0	MALE	Stage IV	MSI-L	364.0	0.0	READ
TCGA-BM-6198-01	FeS_biogenesis	0.6514369215781782	TCGA-BM-6198	Tumor	73.0	MALE	Stage IIIB	MSS	646.0	0.0	READ
TCGA-F5-6864-01	FeS_biogenesis	0.6081344374086702	TCGA-F5-6864	Tumor	74.0	FEMALE	Stage IIIB	MSI-L	379.0	0.0	READ
TCGA-EI-6881-01	FeS_biogenesis	0.6567705796395519	TCGA-EI-6881	Tumor	60.0	MALE	Stage IIIA	MSS	499.0	0.0	READ
TCGA-DC-5337-01	FeS_biogenesis	0.770068192888456	TCGA-DC-5337	Tumor	69.0	MALE	Stage I	MSS	792.0	0.0	READ
TCGA-G5-6235-01	FeS_biogenesis	0.686702386751096	TCGA-G5-6235	Tumor	72.0	MALE	Stage IIIB	MSS	1696.0	0.0	READ
TCGA-DC-6681-01	FeS_biogenesis	0.6430345835362884	TCGA-DC-6681	Tumor	70.0	FEMALE	Stage IVA	MSS	790.0	0.0	READ
TCGA-EI-6511-01	FeS_biogenesis	0.6571846078908914	TCGA-EI-6511	Tumor	52.0	MALE	Stage IIIB	MSS	482.0	0.0	READ
TCGA-F5-6464-01	FeS_biogenesis	0.6059912323429129	TCGA-F5-6464	Tumor	77.0	FEMALE	Stage IIIC	MSS	303.0	1.0	READ
TCGA-EI-6509-01	FeS_biogenesis	0.6526790063321968	TCGA-EI-6509	Tumor	53.0	MALE	Stage IIIC	MSS	517.0	0.0	READ
TCGA-AH-6897-01	FeS_biogenesis	0.7119094008767657	TCGA-AH-6897	Tumor	48.0	MALE	Stage I	MSI-L	804.0	0.0	READ
TCGA-EI-6508-01	FeS_biogenesis	0.6185825621042377	TCGA-EI-6508	Tumor	48.0	FEMALE	Stage IIIB	MSS	636.0	0.0	READ
TCGA-AH-6544-01	FeS_biogenesis	0.6856551388212372	TCGA-AH-6544	Tumor	60.0	MALE		MSS	1173.0	0.0	READ
TCGA-DY-A1H8-01	FeS_biogenesis	0.7604237700925475	TCGA-DY-A1H8	Tumor	77.0	FEMALE	Stage IIIA	MSS	992.0	1.0	READ
TCGA-AF-2693-01	FeS_biogenesis	0.6437408670238675	TCGA-AF-2693	Tumor	75.0	MALE	Stage I	MSS	1155.0	0.0	READ
TCGA-AF-5654-11	FeS_biogenesis	0.6595470043838285	TCGA-AF-5654	Normal	73.0	FEMALE	Stage I		512.0	1.0	READ
TCGA-CI-6622-01	FeS_biogenesis	0.6515830491962981	TCGA-CI-6622	Tumor	74.0	MALE	Stage IIB	MSS	1362.0	0.0	READ
TCGA-EI-6882-01	FeS_biogenesis	0.615830491962981	TCGA-EI-6882	Tumor	59.0	MALE	Stage IIA	MSI-H	262.0	0.0	READ
TCGA-AH-6643-11	FeS_biogenesis	0.6295908426692645	TCGA-AH-6643	Normal	50.0	MALE	Stage IIIC	MSS	1314.0	1.0	READ
TCGA-DY-A1DC-01	FeS_biogenesis	0.6932050657574281	TCGA-DY-A1DC	Tumor	72.0	FEMALE	Stage IIA	MSS	1258.0	1.0	READ
TCGA-EI-6884-01	FeS_biogenesis	0.604188991719435	TCGA-EI-6884	Tumor	71.0	MALE	Stage IIIA	MSS	328.0	0.0	READ
TCGA-AF-5654-01	FeS_biogenesis	0.738309790550414	TCGA-AF-5654	Tumor	73.0	FEMALE	Stage I		512.0	1.0	READ
TCGA-AG-3725-11	FeS_biogenesis	0.7485630784218217	TCGA-AG-3725	Normal	90.0	FEMALE	Stage III	MSS			READ
TCGA-AG-4021-01	FeS_biogenesis	0.644982951777886	TCGA-AG-4021	Tumor	84.0	FEMALE	Stage IV	MSS	121.0	1.0	READ
TCGA-CL-5917-01	FeS_biogenesis	0.6014856307842182	TCGA-CL-5917	Tumor	71.0	FEMALE	Stage IIIC	MSS	2376.0	0.0	READ
TCGA-AF-6136-01	FeS_biogenesis	0.6605942523136873	TCGA-AF-6136	Tumor	72.0	FEMALE	Stage IIIB	MSS	741.0	0.0	READ
TCGA-AG-3742-01	FeS_biogenesis	0.6305893813930833	TCGA-AG-3742	Tumor	85.0	FEMALE	Stage I	MSS	30.0	0.0	READ
TCGA-DC-6155-01	FeS_biogenesis	0.7321237213833415	TCGA-DC-6155	Tumor	31.0	FEMALE	Stage IIIA	MSS	425.0	0.0	READ
TCGA-F5-6814-01	FeS_biogenesis	0.656624452021432	TCGA-F5-6814	Tumor	57.0	MALE	Stage IIA	MSS	1131.0	0.0	READ
TCGA-F5-6702-01	FeS_biogenesis	0.596614710180224	TCGA-F5-6702	Tumor	71.0	MALE	Stage IVA	MSS	869.0	1.0	READ
TCGA-CI-6623-01	FeS_biogenesis	0.680881636629323	TCGA-CI-6623	Tumor	44.0	MALE	Stage I	MSS	1443.0	0.0	READ
TCGA-AF-A56N-01	FeS_biogenesis	0.6375791524598149	TCGA-AF-A56N	Tumor	47.0	FEMALE	Stage IIA	MSS	360.0	0.0	READ
TCGA-G5-6641-01	FeS_biogenesis	0.6405260594252313	TCGA-G5-6641	Tumor	67.0	MALE	Stage IIIA	MSS	804.0	0.0	READ
TCGA-AF-2690-01	FeS_biogenesis	0.6439844130540672	TCGA-AF-2690	Tumor	76.0	FEMALE	Stage IIIC	MSS	524.0	1.0	READ
TCGA-F5-6861-01	FeS_biogenesis	0.6510228933268388	TCGA-F5-6861	Tumor	60.0	FEMALE	Stage IIA	MSS	1160.0	0.0	READ
TCGA-AH-6549-01	FeS_biogenesis	0.665903555772041	TCGA-AH-6549	Tumor	66.0	MALE		MSI-L	532.0	0.0	READ
TCGA-EI-6510-01	FeS_biogenesis	0.6384559181685339	TCGA-EI-6510	Tumor	77.0	FEMALE	[Discrepancy]	MSI-L	556.0	0.0	READ
TCGA-AF-6655-01	FeS_biogenesis	0.661738918655626	TCGA-AF-6655	Tumor	66.0	MALE	Stage IIIA	MSS	609.0	0.0	READ
TCGA-AH-6644-01	FeS_biogenesis	0.6270823185582075	TCGA-AH-6644	Tumor	73.0	MALE		MSI-L	838.0	0.0	READ
TCGA-DY-A1DG-01	FeS_biogenesis	0.6804919629810035	TCGA-DY-A1DG	Tumor	75.0	MALE	Stage IVA	MSS	1566.0	1.0	READ
TCGA-DC-6158-01	FeS_biogenesis	0.6184364344861178	TCGA-DC-6158	Tumor	70.0	MALE	Stage I	MSS	334.0	1.0	READ
TCGA-CL-4957-01	FeS_biogenesis	0.6672187043351193	TCGA-CL-4957	Tumor	79.0	FEMALE	[Discrepancy]	MSS	425.0	1.0	READ
TCGA-CL-5918-01	FeS_biogenesis	0.693278129566488	TCGA-CL-5918	Tumor	90.0	FEMALE	Stage IIA	MSS			READ
TCGA-CI-6621-01	FeS_biogenesis	0.644179249878227	TCGA-CI-6621	Tumor	63.0	MALE	Stage IIIB	MSS	419.0	0.0	READ
TCGA-AG-3742-11	FeS_biogenesis	0.6582805650267901	TCGA-AG-3742	Normal	85.0	FEMALE	Stage I	MSS	30.0	0.0	READ
TCGA-DC-4749-01	FeS_biogenesis	0.667510959571359	TCGA-DC-4749	Tumor	57.0	MALE	Stage I	MSS	762.0	0.0	READ
TCGA-DC-6683-01	FeS_biogenesis	0.6017778860204579	TCGA-DC-6683	Tumor	43.0	MALE	Stage IIIB	MSS	762.0	0.0	READ
TCGA-DC-4745-01	FeS_biogenesis	0.7104724792985875	TCGA-DC-4745	Tumor	49.0	FEMALE	Stage IIIB	MSS	639.0	0.0	READ
TCGA-CI-6619-01	FeS_biogenesis	0.628373112518266	TCGA-CI-6619	Tumor	41.0	MALE	Stage IV	MSS	184.0	0.0	READ
TCGA-DY-A1DE-01	FeS_biogenesis	0.7084266926449099	TCGA-DY-A1DE	Tumor	56.0	FEMALE	Stage IIA	MSS	3932.0	0.0	READ
TCGA-EI-6885-01	FeS_biogenesis	0.6277155382367268	TCGA-EI-6885	Tumor	57.0	FEMALE	Stage IV	MSS	415.0	0.0	READ
TCGA-G5-6233-01	FeS_biogenesis	0.6518509498295177	TCGA-G5-6233	Tumor	74.0	MALE	[Discrepancy]	MSI-L	556.0	1.0	READ
TCGA-AG-3732-11	FeS_biogenesis	0.6428641013151486	TCGA-AG-3732	Normal	78.0	FEMALE	Stage I	MSS	1003.0	0.0	READ
TCGA-AG-3731-11	FeS_biogenesis	0.6365075499269361	TCGA-AG-3731	Normal	65.0	MALE	Stage IV	MSI-L	1126.0	0.0	READ
TCGA-DC-6157-01	FeS_biogenesis	0.6574281539210911	TCGA-DC-6157	Tumor	48.0	MALE	Stage I	MSS	1581.0	0.0	READ
TCGA-DY-A1DF-01	FeS_biogenesis	0.6521188504627374	TCGA-DY-A1DF	Tumor	73.0	FEMALE	Stage IIIC	MSI-L	734.0	1.0	READ
TCGA-F5-6813-01	FeS_biogenesis	0.6419629810034096	TCGA-F5-6813	Tumor	70.0	MALE	Stage IIIC	MSS	598.0	1.0	READ
TCGA-AF-4110-01	FeS_biogenesis	0.6526546517291768	TCGA-AF-4110	Tumor	77.0	MALE	Stage IVA	MSS	912.0	0.0	READ
TCGA-EI-6514-01	FeS_biogenesis	0.6087920116902095	TCGA-EI-6514	Tumor	59.0	FEMALE	Stage IIA	MSS	496.0	0.0	READ
TCGA-EI-6513-01	FeS_biogenesis	0.6285679493424258	TCGA-EI-6513	Tumor	59.0	MALE	Stage IIIB	MSS	497.0	0.0	READ
TCGA-AF-2689-11	FeS_biogenesis	0.6149050170482221	TCGA-AF-2689	Normal	41.0	FEMALE	Stage IV	MSS	1201.0	1.0	READ
TCGA-AF-2687-01	FeS_biogenesis	0.645884072089625	TCGA-AF-2687	Tumor	57.0	MALE	Stage IIIC	MSS	1427.0	0.0	READ
TCGA-DY-A1DD-01	FeS_biogenesis	0.6572576716999513	TCGA-DY-A1DD	Tumor	77.0	FEMALE	Stage IIIB	MSI-L	1741.0	1.0	READ
TCGA-F5-6863-01	FeS_biogenesis	0.6297856794934242	TCGA-F5-6863	Tumor	71.0	FEMALE	Stage IIIB	MSI-L	361.0	1.0	READ
TCGA-F5-6810-01	FeS_biogenesis	0.6349245007306381	TCGA-F5-6810	Tumor				MSS			READ
TCGA-AG-3591-01	FeS_biogenesis	0.653385289819776	TCGA-AG-3591	Tumor	66.0	FEMALE	Stage IIA	MSS	1035.0	0.0	READ
TCGA-EI-6917-01	FeS_biogenesis	0.6353628835849976	TCGA-EI-6917	Tumor	33.0	MALE	Stage IIIA	MSS	531.0	0.0	READ
TCGA-AF-2691-11	FeS_biogenesis	0.6194349732099367	TCGA-AF-2691	Normal	48.0	FEMALE	Stage I	MSS	1309.0	0.0	READ
TCGA-EI-6883-01	FeS_biogenesis	0.6613005358012665	TCGA-EI-6883	Tumor	63.0	MALE	Stage IIC	MSS	350.0	0.0	READ
TCGA-AG-4022-01	FeS_biogenesis	0.6552362396492937	TCGA-AG-4022	Tumor	59.0	FEMALE	Stage II	MSS	1400.0	0.0	READ
TCGA-AG-3732-01	FeS_biogenesis	0.653312226010716	TCGA-AG-3732	Tumor	78.0	FEMALE	Stage I	MSS	1003.0	0.0	READ
TCGA-CI-6620-01	FeS_biogenesis	0.6690696541646372	TCGA-CI-6620	Tumor	41.0	FEMALE	Stage IVA	MSS	1009.0	0.0	READ
TCGA-AG-3725-01	FeS_biogenesis	0.6675596687773989	TCGA-AG-3725	Tumor	90.0	FEMALE	Stage III	MSS			READ
TCGA-AH-6643-01	FeS_biogenesis	0.6257428153921091	TCGA-AH-6643	Tumor	50.0	MALE	Stage IIIC	MSS	1314.0	1.0	READ
TCGA-DY-A0XA-01	FeS_biogenesis	0.6705065757428154	TCGA-DY-A0XA	Tumor	57.0	FEMALE	Stage IIA	MSS	3846.0	0.0	READ
TCGA-AF-3400-11	FeS_biogenesis	0.655845104724793	TCGA-AF-3400	Normal	54.0	MALE	Stage IIA	MSS	1049.0	0.0	READ
TCGA-EI-6506-01	FeS_biogenesis	0.6211154408183147	TCGA-EI-6506	Tumor	78.0	FEMALE	Stage IIA	MSS	625.0	0.0	READ
TCGA-AF-2692-11	FeS_biogenesis	0.6409644422795908	TCGA-AF-2692	Normal	54.0	FEMALE	Stage IIA	MSS	412.0	0.0	READ
TCGA-AF-A56K-01	FeS_biogenesis	0.6385289819775938	TCGA-AF-A56K	Tumor	56.0	MALE	Stage IIA	MSS	2635.0	0.0	READ
TCGA-DC-6154-01	FeS_biogenesis	0.6421821724305894	TCGA-DC-6154	Tumor	57.0	FEMALE	Stage IVA	MSI-H	365.0	0.0	READ
TCGA-AG-3592-01	FeS_biogenesis	0.6440331222601071	TCGA-AG-3592	Tumor	68.0	MALE	Stage IIA	MSI-L	1035.0	0.0	READ
